url,live,silo,parent_hub,page_type,role,keyword,intent,sources
/,True,,,,Primary,private chef and catering dubai,,keyword-map-md
/,True,,,,Secondary,fine dining at home dubai,,keyword-map-md
/,True,,,,Secondary,luxury catering dubai,,keyword-map-md
/,True,,,,Secondary,mychef dubai,,keyword-map-md
/about,True,,,,Primary,private chef company dubai,,keyword-map-md|seo-pages-json
/about,True,,,,Secondary,about mychef dubai,,keyword-map-md
/about,True,,,,Secondary,best private chef company dubai,,seo-pages-json
/about,True,,,,Secondary,full time private chef dubai,,seo-pages-json
/about,True,,,,Secondary,how much does a private chef cost for a meal?,,seo-pages-json
/about,True,,,,Secondary,how much does a private chef cost in dubai?,,seo-pages-json
/about,True,,,,Secondary,luxury catering company dubai,,keyword-map-md
/about,True,,,,Secondary,private chef agency dubai,,keyword-map-md
/about,True,,,,Secondary,private chef at home dubai,,seo-pages-json
/about,True,,,,Secondary,private chef company dubai reviews,,seo-pages-json
/afternoon-tea-catering-dubai,True,Private Events,/events,Commercial landing page,Primary,afternoon tea catering dubai,Transactional / commercial,architecture-500|keyword-map-md|seo-pages-json
/afternoon-tea-catering-dubai,True,Private Events,/events,Commercial landing page,Secondary,afternoon tea at home dubai,,keyword-map-md
/afternoon-tea-catering-dubai,True,Private Events,/events,Commercial landing page,Secondary,afternoon tea catering dubai price,,keyword-map-md|seo-pages-json
/afternoon-tea-catering-dubai,True,Private Events,/events,Commercial landing page,Secondary,afternoon tea catering menu dubai,,keyword-map-md
/afternoon-tea-catering-dubai,True,Private Events,/events,Commercial landing page,Secondary,afternoon tea catering packages dubai,,keyword-map-md
/afternoon-tea-catering-dubai,True,Private Events,/events,Commercial landing page,Secondary,afternoon tea catering price per person dubai,,keyword-map-md
/afternoon-tea-catering-dubai,True,Private Events,/events,Commercial landing page,Secondary,best afternoon tea catering dubai,,keyword-map-md|seo-pages-json
/afternoon-tea-catering-dubai,True,Private Events,/events,Commercial landing page,Secondary,halal afternoon tea catering dubai,,keyword-map-md
/afternoon-tea-catering-dubai,True,Private Events,/events,Commercial landing page,Secondary,high tea catering dubai,Transactional / commercial,architecture-500|keyword-map-md|seo-pages-json
/allergen-aware-catering-dubai,False,,,,Primary,allergen-aware catering dubai,,seo-pages-json
/allergen-aware-catering-dubai,False,,,,Secondary,are caterers exempt from providing allergy information?,,seo-pages-json
/allergen-aware-catering-dubai,False,,,,Secondary,can you refuse to cater for allergies?,,seo-pages-json
/allergen-aware-catering-dubai,False,,,,Secondary,how to cater for people with allergies?,,seo-pages-json
/allergen-aware-catering-dubai,False,,,,Secondary,what 8 foods are 90% of allergies?,,seo-pages-json
/allergy-safe-catering-dubai,True,Cuisines and Dietary,/cuisines-dubai,Commercial landing page,Secondary,allergy aware catering dubai,Transactional / commercial,architecture-500
/allergy-safe-catering-dubai,True,Cuisines and Dietary,/cuisines-dubai,Commercial landing page,Primary,allergy safe catering dubai,,keyword-map-md
/allergy-safe-catering-dubai,True,Cuisines and Dietary,/cuisines-dubai,Commercial landing page,Secondary,allergy safe catering cost per person dubai,,keyword-map-md
/allergy-safe-catering-dubai,True,Cuisines and Dietary,/cuisines-dubai,Commercial landing page,Secondary,allergy safe catering dubai price,,keyword-map-md
/allergy-safe-catering-dubai,True,Cuisines and Dietary,/cuisines-dubai,Commercial landing page,Secondary,allergy safe catering menu dubai,,keyword-map-md
/allergy-safe-catering-dubai,True,Cuisines and Dietary,/cuisines-dubai,Commercial landing page,Secondary,allergy safe catering packages dubai,,keyword-map-md
/allergy-safe-catering-dubai,True,Cuisines and Dietary,/cuisines-dubai,Commercial landing page,Secondary,best allergy safe catering dubai,,keyword-map-md
/allergy-safe-catering-dubai,True,Cuisines and Dietary,/cuisines-dubai,Commercial landing page,Secondary,catering for guests with food allergies dubai,,keyword-map-md
/allergy-safe-catering-dubai,True,Cuisines and Dietary,/cuisines-dubai,Commercial landing page,Secondary,food allergy catering dubai,Transactional / commercial,architecture-500
/anniversary-catering-dubai,True,Private Events,/events,Commercial landing page,Primary,anniversary catering dubai,Transactional / commercial,architecture-500|keyword-map-md|seo-pages-json
/anniversary-catering-dubai,True,Private Events,/events,Commercial landing page,Secondary,anniversary catering dubai cost,,seo-pages-json
/anniversary-catering-dubai,True,Private Events,/events,Commercial landing page,Secondary,anniversary catering dubai price,,keyword-map-md
/anniversary-catering-dubai,True,Private Events,/events,Commercial landing page,Secondary,anniversary catering menu dubai,,keyword-map-md
/anniversary-catering-dubai,True,Private Events,/events,Commercial landing page,Secondary,anniversary catering packages dubai,,keyword-map-md
/anniversary-catering-dubai,True,Private Events,/events,Commercial landing page,Secondary,anniversary dinner at home dubai,,keyword-map-md
/anniversary-catering-dubai,True,Private Events,/events,Commercial landing page,Secondary,anniversary dinner catering dubai,Transactional / commercial,architecture-500
/anniversary-catering-dubai,True,Private Events,/events,Commercial landing page,Secondary,anniversary dinner for two dubai,,keyword-map-md
/anniversary-catering-dubai,True,Private Events,/events,Commercial landing page,Secondary,anniversary restaurant dubai,,seo-pages-json
/anniversary-catering-dubai,True,Private Events,/events,Commercial landing page,Secondary,best anniversary catering dubai,,keyword-map-md|seo-pages-json
/anniversary-catering-dubai,True,Private Events,/events,Commercial landing page,Secondary,best anniversary restaurant dubai,,seo-pages-json
/anniversary-catering-dubai,True,Private Events,/events,Commercial landing page,Secondary,birthday catering dubai,,seo-pages-json
/anniversary-catering-dubai,True,Private Events,/events,Commercial landing page,Secondary,buffet catering dubai,,seo-pages-json
/anniversary-catering-dubai,True,Private Events,/events,Commercial landing page,Secondary,cheap anniversary catering dubai,,seo-pages-json
/anniversary-catering-dubai,True,Private Events,/events,Commercial landing page,Secondary,halal anniversary catering dubai,,keyword-map-md
/anniversary-catering-dubai,True,Private Events,/events,Commercial landing page,Secondary,home catering dubai,,seo-pages-json
/anniversary-catering-dubai,True,Private Events,/events,Commercial landing page,Secondary,how much does catering cost in dubai?,,seo-pages-json
/anniversary-catering-dubai,True,Private Events,/events,Commercial landing page,Secondary,how much will it cost to feed 40 guests?,,seo-pages-json
/anniversary-catering-dubai,True,Private Events,/events,Commercial landing page,Secondary,outdoor catering dubai,,seo-pages-json
/anniversary-catering-dubai,True,Private Events,/events,Commercial landing page,Secondary,private chef anniversary dinner dubai,,keyword-map-md
/anniversary-catering-dubai,True,Private Events,/events,Commercial landing page,Secondary,small party catering dubai,,seo-pages-json
/anniversary-catering-dubai,True,Private Events,/events,Commercial landing page,Secondary,where can i celebrate my anniversary in dubai?,,seo-pages-json
/apartment-private-dining-dubai,True,Dining Experiences,/luxury-dining-experiences,Commercial landing page,Secondary,apartment private dining catering dubai,,seo-pages-json
/apartment-private-dining-dubai,True,Dining Experiences,/luxury-dining-experiences,Commercial landing page,Secondary,apartment private dining dubai,Transactional / commercial,architecture-500
/apartment-private-dining-dubai,True,Dining Experiences,/luxury-dining-experiences,Commercial landing page,Primary,private chef for apartment dubai,,keyword-map-md
/apartment-private-dining-dubai,True,Dining Experiences,/luxury-dining-experiences,Commercial landing page,Secondary,apartment dinner party dubai,,keyword-map-md
/apartment-private-dining-dubai,True,Dining Experiences,/luxury-dining-experiences,Commercial landing page,Secondary,apartment private dining catering dubai price,,seo-pages-json
/apartment-private-dining-dubai,True,Dining Experiences,/luxury-dining-experiences,Commercial landing page,Secondary,apartment private dining packages dubai,,keyword-map-md
/apartment-private-dining-dubai,True,Dining Experiences,/luxury-dining-experiences,Commercial landing page,Secondary,arabic catering dubai,,seo-pages-json
/apartment-private-dining-dubai,True,Dining Experiences,/luxury-dining-experiences,Commercial landing page,Secondary,best private chef for apartment dubai,,keyword-map-md
/apartment-private-dining-dubai,True,Dining Experiences,/luxury-dining-experiences,Commercial landing page,Secondary,cheap apartment private dining catering dubai,,seo-pages-json
/apartment-private-dining-dubai,True,Dining Experiences,/luxury-dining-experiences,Commercial landing page,Secondary,home catering dubai,,seo-pages-json
/apartment-private-dining-dubai,True,Dining Experiences,/luxury-dining-experiences,Commercial landing page,Secondary,private chef apartment dubai,Transactional / commercial,architecture-500
/apartment-private-dining-dubai,True,Dining Experiences,/luxury-dining-experiences,Commercial landing page,Secondary,private chef apartment dubai price,,keyword-map-md
/apartment-private-dining-dubai,True,Dining Experiences,/luxury-dining-experiences,Commercial landing page,Secondary,private dinner in dubai,,seo-pages-json
/apartment-private-dining-dubai,True,Dining Experiences,/luxury-dining-experiences,Commercial landing page,Secondary,romantic private dining dubai,,seo-pages-json
/apartment-private-dining-dubai,True,Dining Experiences,/luxury-dining-experiences,Commercial landing page,Secondary,small party catering dubai,,seo-pages-json
/apartment-private-dining-dubai,True,Dining Experiences,/luxury-dining-experiences,Commercial landing page,Secondary,small party catering dubai indian,,seo-pages-json
/arabic-catering-dubai,True,Cuisines and Dietary,/cuisines-dubai,Commercial landing page,Primary,arabic catering dubai,Transactional / commercial,architecture-500|keyword-map-md|seo-pages-json
/arabic-catering-dubai,True,Cuisines and Dietary,/cuisines-dubai,Commercial landing page,Secondary,arabic catering cost per person dubai,,keyword-map-md
/arabic-catering-dubai,True,Cuisines and Dietary,/cuisines-dubai,Commercial landing page,Secondary,arabic catering dubai price,,keyword-map-md|seo-pages-json
/arabic-catering-dubai,True,Cuisines and Dietary,/cuisines-dubai,Commercial landing page,Secondary,arabic catering dubai price list,,seo-pages-json
/arabic-catering-dubai,True,Cuisines and Dietary,/cuisines-dubai,Commercial landing page,Secondary,arabic catering menu dubai,,keyword-map-md
/arabic-catering-dubai,True,Cuisines and Dietary,/cuisines-dubai,Commercial landing page,Secondary,arabic catering packages dubai,,keyword-map-md
/arabic-catering-dubai,True,Cuisines and Dietary,/cuisines-dubai,Commercial landing page,Secondary,arabic food catering dubai,Transactional / commercial,architecture-500
/arabic-catering-dubai,True,Cuisines and Dietary,/cuisines-dubai,Commercial landing page,Secondary,arabic food names in dubai,,seo-pages-json
/arabic-catering-dubai,True,Cuisines and Dietary,/cuisines-dubai,Commercial landing page,Secondary,arabic restaurant bur dubai,,seo-pages-json
/arabic-catering-dubai,True,Cuisines and Dietary,/cuisines-dubai,Commercial landing page,Secondary,arabic restaurant dubai,,seo-pages-json
/arabic-catering-dubai,True,Cuisines and Dietary,/cuisines-dubai,Commercial landing page,Secondary,arabic restaurant dubai creek harbour,,seo-pages-json
/arabic-catering-dubai,True,Cuisines and Dietary,/cuisines-dubai,Commercial landing page,Secondary,arabic restaurant dubai hills,,seo-pages-json
/arabic-catering-dubai,True,Cuisines and Dietary,/cuisines-dubai,Commercial landing page,Secondary,arabic restaurant dubai hills mall,,seo-pages-json
/arabic-catering-dubai,True,Cuisines and Dietary,/cuisines-dubai,Commercial landing page,Secondary,arabic restaurant names in dubai,,seo-pages-json
/arabic-catering-dubai,True,Cuisines and Dietary,/cuisines-dubai,Commercial landing page,Secondary,best arabic catering dubai,,keyword-map-md
/arabic-catering-dubai,True,Cuisines and Dietary,/cuisines-dubai,Commercial landing page,Secondary,catering arabic food dubai,,seo-pages-json
/arabic-catering-dubai,True,Cuisines and Dietary,/cuisines-dubai,Commercial landing page,Secondary,dubai catering company list,,seo-pages-json
/arabic-catering-dubai,True,Cuisines and Dietary,/cuisines-dubai,Commercial landing page,Secondary,emirati catering dubai,Transactional / commercial,architecture-500
/arabic-catering-dubai,True,Cuisines and Dietary,/cuisines-dubai,Commercial landing page,Secondary,italian catering dubai,,seo-pages-json
/arabic-catering-dubai,True,Cuisines and Dietary,/cuisines-dubai,Commercial landing page,Secondary,lebanese catering dubai,,keyword-map-md|seo-pages-json
/arabic-catering-dubai,True,Cuisines and Dietary,/cuisines-dubai,Commercial landing page,Secondary,mezze catering dubai,,keyword-map-md
/arabic-catering-dubai,True,Cuisines and Dietary,/cuisines-dubai,Commercial landing page,Secondary,middle eastern catering dubai,Transactional / commercial,architecture-500|keyword-map-md
/arabic-catering-dubai,True,Cuisines and Dietary,/cuisines-dubai,Commercial landing page,Secondary,pakistani catering dubai,,seo-pages-json
/arabic-catering-dubai,True,Cuisines and Dietary,/cuisines-dubai,Commercial landing page,Secondary,small party catering dubai,,seo-pages-json
/arabic-catering-dubai,True,Cuisines and Dietary,/cuisines-dubai,Commercial landing page,Secondary,top arabic restaurant dubai,,seo-pages-json
/asian-catering-dubai,True,Cuisines and Dietary,/cuisines-dubai,Commercial landing page,Primary,asian catering dubai,Transactional / commercial,architecture-500|keyword-map-md|seo-pages-json
/asian-catering-dubai,True,Cuisines and Dietary,/cuisines-dubai,Commercial landing page,Secondary,asian catering cost per person dubai,,keyword-map-md
/asian-catering-dubai,True,Cuisines and Dietary,/cuisines-dubai,Commercial landing page,Secondary,asian catering dubai menu,,seo-pages-json
/asian-catering-dubai,True,Cuisines and Dietary,/cuisines-dubai,Commercial landing page,Secondary,asian catering dubai near me,,seo-pages-json
/asian-catering-dubai,True,Cuisines and Dietary,/cuisines-dubai,Commercial landing page,Secondary,asian catering dubai price,,keyword-map-md|seo-pages-json
/asian-catering-dubai,True,Cuisines and Dietary,/cuisines-dubai,Commercial landing page,Secondary,asian catering dubai price list,,seo-pages-json
/asian-catering-dubai,True,Cuisines and Dietary,/cuisines-dubai,Commercial landing page,Secondary,asian catering menu dubai,,keyword-map-md
/asian-catering-dubai,True,Cuisines and Dietary,/cuisines-dubai,Commercial landing page,Secondary,asian catering packages dubai,,keyword-map-md
/asian-catering-dubai,True,Cuisines and Dietary,/cuisines-dubai,Commercial landing page,Secondary,asian food catering dubai,Transactional / commercial,architecture-500|seo-pages-json
/asian-catering-dubai,True,Cuisines and Dietary,/cuisines-dubai,Commercial landing page,Secondary,asian restaurant near me halal,,seo-pages-json
/asian-catering-dubai,True,Cuisines and Dietary,/cuisines-dubai,Commercial landing page,Secondary,best asian catering dubai,,keyword-map-md|seo-pages-json
/asian-catering-dubai,True,Cuisines and Dietary,/cuisines-dubai,Commercial landing page,Secondary,chinese catering dubai,,keyword-map-md
/asian-catering-dubai,True,Cuisines and Dietary,/cuisines-dubai,Commercial landing page,Secondary,chinese food catering dubai,,seo-pages-json
/asian-catering-dubai,True,Cuisines and Dietary,/cuisines-dubai,Commercial landing page,Secondary,halal asian catering dubai,,keyword-map-md
/asian-catering-dubai,True,Cuisines and Dietary,/cuisines-dubai,Commercial landing page,Secondary,indian catering dubai,,seo-pages-json
/asian-catering-dubai,True,Cuisines and Dietary,/cuisines-dubai,Commercial landing page,Secondary,pan asian catering dubai,Transactional / commercial,architecture-500|keyword-map-md
/asian-catering-dubai,True,Cuisines and Dietary,/cuisines-dubai,Commercial landing page,Secondary,small party catering dubai,,seo-pages-json
/baby-shower-catering-dubai,True,Private Events,/events,Commercial landing page,Primary,baby shower catering dubai,Transactional / commercial,architecture-500|keyword-map-md|seo-pages-json
/baby-shower-catering-dubai,True,Private Events,/events,Commercial landing page,Secondary,baby shower catering cost per person dubai,,keyword-map-md
/baby-shower-catering-dubai,True,Private Events,/events,Commercial landing page,Secondary,baby shower catering dubai price,,keyword-map-md|seo-pages-json
/baby-shower-catering-dubai,True,Private Events,/events,Commercial landing page,Secondary,baby shower catering menu dubai,,keyword-map-md
/baby-shower-catering-dubai,True,Private Events,/events,Commercial landing page,Secondary,baby shower catering packages dubai,,keyword-map-md
/baby-shower-catering-dubai,True,Private Events,/events,Commercial landing page,Secondary,baby shower dubai,,seo-pages-json
/baby-shower-catering-dubai,True,Private Events,/events,Commercial landing page,Secondary,baby shower food dubai,Transactional / commercial,architecture-500
/baby-shower-catering-dubai,True,Private Events,/events,Commercial landing page,Secondary,baby shower grazing table dubai,,keyword-map-md
/baby-shower-catering-dubai,True,Private Events,/events,Commercial landing page,Secondary,baby shower packages dubai,,seo-pages-json
/baby-shower-catering-dubai,True,Private Events,/events,Commercial landing page,Secondary,best baby shower catering dubai,,keyword-map-md|seo-pages-json
/baby-shower-catering-dubai,True,Private Events,/events,Commercial landing page,Secondary,catering menu dubai,,seo-pages-json
/baby-shower-catering-dubai,True,Private Events,/events,Commercial landing page,Secondary,cheap baby shower catering dubai,,seo-pages-json
/baby-shower-catering-dubai,True,Private Events,/events,Commercial landing page,Secondary,halal baby shower catering dubai,,keyword-map-md
/baby-shower-catering-dubai,True,Private Events,/events,Commercial landing page,Secondary,small baby shower catering dubai,,seo-pages-json
/bachelor-party-catering-dubai,True,Private Events,/events,Commercial landing page,Primary,bachelor party catering dubai,Transactional / commercial,architecture-500|keyword-map-md|seo-pages-json
/bachelor-party-catering-dubai,True,Private Events,/events,Commercial landing page,Secondary,bachelor party catering cost per person dubai,,keyword-map-md
/bachelor-party-catering-dubai,True,Private Events,/events,Commercial landing page,Secondary,bachelor party catering dubai packages,,seo-pages-json
/bachelor-party-catering-dubai,True,Private Events,/events,Commercial landing page,Secondary,bachelor party catering dubai price,,keyword-map-md
/bachelor-party-catering-dubai,True,Private Events,/events,Commercial landing page,Secondary,bachelor party catering menu dubai,,keyword-map-md
/bachelor-party-catering-dubai,True,Private Events,/events,Commercial landing page,Secondary,bachelor party catering packages dubai,,keyword-map-md
/bachelor-party-catering-dubai,True,Private Events,/events,Commercial landing page,Secondary,bachelor party private chef dubai,,keyword-map-md
/bachelor-party-catering-dubai,True,Private Events,/events,Commercial landing page,Secondary,best bachelor party catering dubai,,keyword-map-md|seo-pages-json
/bachelor-party-catering-dubai,True,Private Events,/events,Commercial landing page,Secondary,catering services dubai,,seo-pages-json
/bachelor-party-catering-dubai,True,Private Events,/events,Commercial landing page,Secondary,cheap bachelor party catering dubai,,seo-pages-json
/bachelor-party-catering-dubai,True,Private Events,/events,Commercial landing page,Secondary,home catering dubai,,seo-pages-json
/bachelor-party-catering-dubai,True,Private Events,/events,Commercial landing page,Secondary,small party catering dubai,,seo-pages-json
/bachelor-party-catering-dubai,True,Private Events,/events,Commercial landing page,Secondary,small party catering dubai indian,,seo-pages-json
/bachelor-party-catering-dubai,True,Private Events,/events,Commercial landing page,Secondary,yacht bachelor party catering dubai,,keyword-map-md
/bachelorette-party-catering-dubai,True,Private Events,/events,Commercial landing page,Primary,bachelorette party catering dubai,Transactional / commercial,architecture-500|keyword-map-md|seo-pages-json
/bachelorette-party-catering-dubai,True,Private Events,/events,Commercial landing page,Secondary,bachelorette party catering cost per person dubai,,keyword-map-md
/bachelorette-party-catering-dubai,True,Private Events,/events,Commercial landing page,Secondary,bachelorette party catering dubai price,,keyword-map-md|seo-pages-json
/bachelorette-party-catering-dubai,True,Private Events,/events,Commercial landing page,Secondary,bachelorette party catering menu dubai,,keyword-map-md
/bachelorette-party-catering-dubai,True,Private Events,/events,Commercial landing page,Secondary,bachelorette party catering packages dubai,,keyword-map-md
/bachelorette-party-catering-dubai,True,Private Events,/events,Commercial landing page,Secondary,best bachelorette party catering dubai,,keyword-map-md|seo-pages-json
/bachelorette-party-catering-dubai,True,Private Events,/events,Commercial landing page,Secondary,bridal shower catering dubai,,keyword-map-md
/bachelorette-party-catering-dubai,True,Private Events,/events,Commercial landing page,Secondary,cheap bachelorette party catering dubai,,seo-pages-json
/bachelorette-party-catering-dubai,True,Private Events,/events,Commercial landing page,Secondary,finger food catering dubai,,seo-pages-json
/bachelorette-party-catering-dubai,True,Private Events,/events,Commercial landing page,Secondary,hen party catering dubai,,keyword-map-md
/bachelorette-party-catering-dubai,True,Private Events,/events,Commercial landing page,Secondary,home party catering dubai,,seo-pages-json
/bachelorette-party-catering-dubai,True,Private Events,/events,Commercial landing page,Secondary,small party catering dubai,,seo-pages-json
/bachelorette-party-catering-dubai,True,Private Events,/events,Commercial landing page,Secondary,small party catering dubai indian,,seo-pages-json
/bar-services-dubai,True,Catering,/catering-dubai,Commercial landing page,Secondary,bar services catering dubai,,seo-pages-json
/bar-services-dubai,True,Catering,/catering-dubai,Commercial landing page,Primary,bar services dubai,,keyword-map-md
/bar-services-dubai,True,Catering,/catering-dubai,Commercial landing page,Secondary,bar services dubai events,Transactional / commercial,architecture-500
/bar-services-dubai,True,Catering,/catering-dubai,Commercial landing page,Secondary,bar catering dubai,,seo-pages-json
/bar-services-dubai,True,Catering,/catering-dubai,Commercial landing page,Secondary,bar hire packages dubai,,keyword-map-md
/bar-services-dubai,True,Catering,/catering-dubai,Commercial landing page,Secondary,bar rental dubai,,seo-pages-json
/bar-services-dubai,True,Catering,/catering-dubai,Commercial landing page,Secondary,bar services catering dubai price,,seo-pages-json
/bar-services-dubai,True,Catering,/catering-dubai,Commercial landing page,Secondary,bartender hire dubai,,keyword-map-md
/bar-services-dubai,True,Catering,/catering-dubai,Commercial landing page,Secondary,best bar services catering dubai,,seo-pages-json
/bar-services-dubai,True,Catering,/catering-dubai,Commercial landing page,Secondary,cheap bar services catering dubai,,seo-pages-json
/bar-services-dubai,True,Catering,/catering-dubai,Commercial landing page,Secondary,event bartender dubai,Transactional / commercial,architecture-500
/bar-services-dubai,True,Catering,/catering-dubai,Commercial landing page,Secondary,hire a bar for a party,,seo-pages-json
/bar-services-dubai,True,Catering,/catering-dubai,Commercial landing page,Secondary,mobile bar dubai,,seo-pages-json
/bar-services-dubai,True,Catering,/catering-dubai,Commercial landing page,Secondary,mobile bar hire dubai price,,keyword-map-md
/bar-services-dubai,True,Catering,/catering-dubai,Commercial landing page,Secondary,pro bar catering services dubai,,seo-pages-json
/bbq-catering-dubai,True,Catering,/catering-dubai,Commercial landing page,Primary,bbq catering dubai,Transactional / commercial,architecture-500|keyword-map-md|seo-pages-json
/bbq-catering-dubai,True,Catering,/catering-dubai,Commercial landing page,Secondary,barbecue catering dubai,Transactional / commercial,architecture-500
/bbq-catering-dubai,True,Catering,/catering-dubai,Commercial landing page,Secondary,bbq at home catering,,seo-pages-json
/bbq-catering-dubai,True,Catering,/catering-dubai,Commercial landing page,Secondary,bbq catering at home dubai,,seo-pages-json
/bbq-catering-dubai,True,Catering,/catering-dubai,Commercial landing page,Secondary,bbq catering dubai price,,keyword-map-md|seo-pages-json
/bbq-catering-dubai,True,Catering,/catering-dubai,Commercial landing page,Secondary,bbq catering menu dubai,,keyword-map-md
/bbq-catering-dubai,True,Catering,/catering-dubai,Commercial landing page,Secondary,bbq catering packages dubai,,keyword-map-md
/bbq-catering-dubai,True,Catering,/catering-dubai,Commercial landing page,Secondary,bbq catering price per person dubai,,keyword-map-md
/bbq-catering-dubai,True,Catering,/catering-dubai,Commercial landing page,Secondary,bbq catering services dubai,,seo-pages-json
/bbq-catering-dubai,True,Catering,/catering-dubai,Commercial landing page,Secondary,bbq chef at home dubai,,keyword-map-md
/bbq-catering-dubai,True,Catering,/catering-dubai,Commercial landing page,Secondary,bbq restaurant dubai,,seo-pages-json
/bbq-catering-dubai,True,Catering,/catering-dubai,Commercial landing page,Secondary,bbq restaurant dubai mall,,seo-pages-json
/bbq-catering-dubai,True,Catering,/catering-dubai,Commercial landing page,Secondary,bbq restaurant dubai marina,,seo-pages-json
/bbq-catering-dubai,True,Catering,/catering-dubai,Commercial landing page,Secondary,best bbq catering dubai,,keyword-map-md|seo-pages-json
/bbq-catering-dubai,True,Catering,/catering-dubai,Commercial landing page,Secondary,best bbq restaurant dubai,,seo-pages-json
/bbq-catering-dubai,True,Catering,/catering-dubai,Commercial landing page,Secondary,best korean bbq restaurant dubai,,seo-pages-json
/bbq-catering-dubai,True,Catering,/catering-dubai,Commercial landing page,Secondary,best outdoor bbq catering dubai,,seo-pages-json
/bbq-catering-dubai,True,Catering,/catering-dubai,Commercial landing page,Secondary,cheap bbq catering dubai,,seo-pages-json
/bbq-catering-dubai,True,Catering,/catering-dubai,Commercial landing page,Secondary,desert bbq catering dubai,,seo-pages-json
/bbq-catering-dubai,True,Catering,/catering-dubai,Commercial landing page,Secondary,halal bbq catering dubai,,keyword-map-md
/bbq-catering-dubai,True,Catering,/catering-dubai,Commercial landing page,Secondary,home bbq catering dubai,,seo-pages-json
/bbq-catering-dubai,True,Catering,/catering-dubai,Commercial landing page,Secondary,indoor bbq catering dubai,,seo-pages-json
/bbq-catering-dubai,True,Catering,/catering-dubai,Commercial landing page,Secondary,live bbq catering dubai,Transactional / commercial,architecture-500|seo-pages-json
/bbq-catering-dubai,True,Catering,/catering-dubai,Commercial landing page,Secondary,outdoor bbq catering dubai,,seo-pages-json
/bbq-catering-dubai,True,Catering,/catering-dubai,Commercial landing page,Secondary,outdoor bbq catering services,,seo-pages-json
/bbq-catering-dubai,True,Catering,/catering-dubai,Commercial landing page,Secondary,villa bbq catering dubai,,keyword-map-md
/beach-catering-dubai,True,Private Events,/events,Commercial landing page,Primary,beach catering dubai,Transactional / commercial,architecture-500|keyword-map-md|seo-pages-json
/beach-catering-dubai,True,Private Events,/events,Commercial landing page,Secondary,beach bbq catering dubai,,keyword-map-md
/beach-catering-dubai,True,Private Events,/events,Commercial landing page,Secondary,beach catering dubai menu,,seo-pages-json
/beach-catering-dubai,True,Private Events,/events,Commercial landing page,Secondary,beach catering dubai price,,keyword-map-md|seo-pages-json
/beach-catering-dubai,True,Private Events,/events,Commercial landing page,Secondary,beach catering menu dubai,,keyword-map-md
/beach-catering-dubai,True,Private Events,/events,Commercial landing page,Secondary,beach catering packages dubai,,keyword-map-md
/beach-catering-dubai,True,Private Events,/events,Commercial landing page,Secondary,beach catering price per person dubai,,keyword-map-md
/beach-catering-dubai,True,Private Events,/events,Commercial landing page,Secondary,beach party catering dubai,Transactional / commercial,architecture-500
/beach-catering-dubai,True,Private Events,/events,Commercial landing page,Secondary,beach restaurant dubai,,seo-pages-json
/beach-catering-dubai,True,Private Events,/events,Commercial landing page,Secondary,beach restaurant dubai jumeirah,,seo-pages-json
/beach-catering-dubai,True,Private Events,/events,Commercial landing page,Secondary,beach restaurant dubai marina,,seo-pages-json
/beach-catering-dubai,True,Private Events,/events,Commercial landing page,Secondary,beach restaurant dubai palm,,seo-pages-json
/beach-catering-dubai,True,Private Events,/events,Commercial landing page,Secondary,best beach catering dubai,,keyword-map-md|seo-pages-json
/beach-catering-dubai,True,Private Events,/events,Commercial landing page,Secondary,best beach club restaurant dubai,,seo-pages-json
/beach-catering-dubai,True,Private Events,/events,Commercial landing page,Secondary,best beach restaurant dubai,,seo-pages-json
/beach-catering-dubai,True,Private Events,/events,Commercial landing page,Secondary,best beach side restaurant dubai,,seo-pages-json
/beach-catering-dubai,True,Private Events,/events,Commercial landing page,Secondary,halal beach catering dubai,,keyword-map-md
/beach-catering-dubai,True,Private Events,/events,Commercial landing page,Secondary,luxury beach catering dubai,,seo-pages-json
/beach-catering-dubai,True,Private Events,/events,Commercial landing page,Secondary,restaurant beach club dubai,,seo-pages-json
/become-a-mychef,True,,,,Primary,private chef jobs dubai,,keyword-map-md
/become-a-mychef,True,,,,Secondary,become a private chef in dubai,,keyword-map-md
/become-a-mychef,True,,,,Secondary,catering jobs dubai,,keyword-map-md
/become-a-mychef,True,,,,Secondary,chef jobs dubai,,keyword-map-md
/become-a-mychef,True,,,,Secondary,freelance chef work dubai,,keyword-map-md
/become-a-mychef,True,,,,Secondary,private chef vacancies dubai,,keyword-map-md
/become-a-mychef,True,,,,Secondary,work as a private chef dubai,,keyword-map-md
/best-catering-companies-dubai,True,Blog and Guides,/catering-dubai,Blog / Guide / Tool,Primary,best catering companies dubai,Informational / commercial research,architecture-500|keyword-map-md|seo-pages-json
/best-catering-companies-dubai,True,Blog and Guides,/catering-dubai,Blog / Guide / Tool,Secondary,best caterers dubai,,keyword-map-md
/best-catering-companies-dubai,True,Blog and Guides,/catering-dubai,Blog / Guide / Tool,Secondary,best catering company dubai,,seo-pages-json
/best-catering-companies-dubai,True,Blog and Guides,/catering-dubai,Blog / Guide / Tool,Secondary,best catering packages dubai,,seo-pages-json
/best-catering-companies-dubai,True,Blog and Guides,/catering-dubai,Blog / Guide / Tool,Secondary,best catering services dubai,,seo-pages-json
/best-catering-companies-dubai,True,Blog and Guides,/catering-dubai,Blog / Guide / Tool,Secondary,catering companies dubai,,seo-pages-json
/best-catering-companies-dubai,True,Blog and Guides,/catering-dubai,Blog / Guide / Tool,Secondary,catering companies in dubai price,,seo-pages-json
/best-catering-companies-dubai,True,Blog and Guides,/catering-dubai,Blog / Guide / Tool,Secondary,catering companies in dubai with prices,,keyword-map-md
/best-catering-companies-dubai,True,Blog and Guides,/catering-dubai,Blog / Guide / Tool,Secondary,corporate catering companies,,seo-pages-json
/best-catering-companies-dubai,True,Blog and Guides,/catering-dubai,Blog / Guide / Tool,Secondary,how to choose a caterer in dubai,,seo-pages-json
/best-catering-companies-dubai,True,Blog and Guides,/catering-dubai,Blog / Guide / Tool,Secondary,leading catering company in dubai,,seo-pages-json
/best-catering-companies-dubai,True,Blog and Guides,/catering-dubai,Blog / Guide / Tool,Secondary,list of catering companies in dubai,,keyword-map-md
/best-catering-companies-dubai,True,Blog and Guides,/catering-dubai,Blog / Guide / Tool,Secondary,red flags with catering companies,,seo-pages-json
/best-catering-companies-dubai,True,Blog and Guides,/catering-dubai,Blog / Guide / Tool,Secondary,top 10 catering companies in dubai,,keyword-map-md|seo-pages-json
/best-catering-companies-dubai,True,Blog and Guides,/catering-dubai,Blog / Guide / Tool,Secondary,top catering companies dubai,,keyword-map-md
/birthday-catering-dubai,True,Private Events,/events,Commercial landing page,Primary,birthday catering dubai,Transactional / commercial,architecture-500|birthday-seo-plan|code-locks|keyword-map-md|seo-pages-json
/birthday-catering-dubai,True,Private Events,/events,Commercial landing page,Secondary,adult birthday catering dubai,,birthday-seo-plan|code-locks
/birthday-catering-dubai,True,Private Events,/events,Commercial landing page,Secondary,best birthday catering dubai,,birthday-seo-plan|keyword-map-md|seo-pages-json
/birthday-catering-dubai,True,Private Events,/events,Commercial landing page,Secondary,best party catering dubai,,seo-pages-json
/birthday-catering-dubai,True,Private Events,/events,Commercial landing page,Secondary,best small party catering dubai,,seo-pages-json
/birthday-catering-dubai,True,Private Events,/events,Commercial landing page,Secondary,birthday buffet catering dubai,,birthday-seo-plan|code-locks
/birthday-catering-dubai,True,Private Events,/events,Commercial landing page,Secondary,birthday caterers dubai,,birthday-seo-plan|code-locks
/birthday-catering-dubai,True,Private Events,/events,Commercial landing page,Secondary,birthday catering at home dubai,,birthday-seo-plan|code-locks
/birthday-catering-dubai,True,Private Events,/events,Commercial landing page,Secondary,birthday catering cost per person dubai,,keyword-map-md
/birthday-catering-dubai,True,Private Events,/events,Commercial landing page,Secondary,birthday catering dubai for adults,,seo-pages-json
/birthday-catering-dubai,True,Private Events,/events,Commercial landing page,Secondary,birthday catering dubai price,,keyword-map-md|seo-pages-json
/birthday-catering-dubai,True,Private Events,/events,Commercial landing page,Secondary,birthday catering menu dubai,,keyword-map-md
/birthday-catering-dubai,True,Private Events,/events,Commercial landing page,Secondary,birthday catering prices dubai,,birthday-seo-plan|code-locks
/birthday-catering-dubai,True,Private Events,/events,Commercial landing page,Secondary,birthday catering services dubai,,birthday-seo-plan|code-locks
/birthday-catering-dubai,True,Private Events,/events,Commercial landing page,Secondary,birthday food catering dubai,Transactional / commercial,architecture-500|birthday-seo-plan
/birthday-catering-dubai,True,Private Events,/events,Commercial landing page,Secondary,birthday party catering dubai,Transactional / commercial,architecture-500|birthday-seo-plan|code-locks|keyword-map-md|seo-pages-json
/birthday-catering-dubai,True,Private Events,/events,Commercial landing page,Secondary,birthday party food catering dubai,,birthday-seo-plan|code-locks
/birthday-catering-dubai,True,Private Events,/events,Commercial landing page,Secondary,buffet catering dubai,,seo-pages-json
/birthday-catering-dubai,True,Private Events,/events,Commercial landing page,Secondary,cheap birthday catering dubai,,seo-pages-json
/birthday-catering-dubai,True,Private Events,/events,Commercial landing page,Secondary,halal birthday catering dubai,,birthday-seo-plan|code-locks|keyword-map-md
/birthday-catering-dubai,True,Private Events,/events,Commercial landing page,Secondary,home party catering dubai,,seo-pages-json
/birthday-catering-dubai,True,Private Events,/events,Commercial landing page,Secondary,kids birthday catering dubai,,birthday-seo-plan|seo-pages-json
/birthday-catering-dubai,True,Private Events,/events,Commercial landing page,Secondary,milestone birthday catering dubai,,birthday-seo-plan|code-locks
/birthday-catering-dubai,True,Private Events,/events,Commercial landing page,Secondary,party catering dubai,,seo-pages-json
/birthday-catering-dubai,True,Private Events,/events,Commercial landing page,Secondary,small party catering dubai,,seo-pages-json
/birthday-catering-dubai,True,Private Events,/events,Commercial landing page,Secondary,small party catering dubai indian,,seo-pages-json
/birthday-catering-dubai,True,Private Events,/events,Commercial landing page,Secondary,surprise birthday catering dubai,,birthday-seo-plan|code-locks
/birthday-catering-dubai,True,Private Events,/events,Commercial landing page,Secondary,villa birthday catering dubai,,birthday-seo-plan|code-locks
/birthday-catering-dubai,True,Private Events,/events,Commercial landing page,Research,allergy-aware birthday catering dubai,,birthday-seo-plan
/birthday-catering-dubai,True,Private Events,/events,Commercial landing page,Research,apartment birthday catering dubai,,birthday-seo-plan
/birthday-catering-dubai,True,Private Events,/events,Commercial landing page,Research,bartender for birthday party dubai,,birthday-seo-plan
/birthday-catering-dubai,True,Private Events,/events,Commercial landing page,Research,bespoke birthday catering dubai,,birthday-seo-plan
/birthday-catering-dubai,True,Private Events,/events,Commercial landing page,Research,birthday afternoon tea catering dubai,,birthday-seo-plan
/birthday-catering-dubai,True,Private Events,/events,Commercial landing page,Research,birthday afternoon tea dubai,,birthday-seo-plan
/birthday-catering-dubai,True,Private Events,/events,Commercial landing page,Research,birthday bbq catering dubai,,birthday-seo-plan
/birthday-catering-dubai,True,Private Events,/events,Commercial landing page,Research,birthday brunch catering dubai,,birthday-seo-plan
/birthday-catering-dubai,True,Private Events,/events,Commercial landing page,Research,birthday cake and catering dubai,,birthday-seo-plan
/birthday-catering-dubai,True,Private Events,/events,Commercial landing page,Research,birthday cake table dubai,,birthday-seo-plan
/birthday-catering-dubai,True,Private Events,/events,Commercial landing page,Research,birthday canape catering dubai,,birthday-seo-plan
/birthday-catering-dubai,True,Private Events,/events,Commercial landing page,Research,birthday catering company dubai,,birthday-seo-plan
/birthday-catering-dubai,True,Private Events,/events,Commercial landing page,Research,birthday catering cost dubai,,birthday-seo-plan
/birthday-catering-dubai,True,Private Events,/events,Commercial landing page,Research,birthday catering for 10 people dubai,,birthday-seo-plan
/birthday-catering-dubai,True,Private Events,/events,Commercial landing page,Research,birthday catering for 100 guests dubai,,birthday-seo-plan
/birthday-catering-dubai,True,Private Events,/events,Commercial landing page,Research,birthday catering for 20 people dubai,,birthday-seo-plan
/birthday-catering-dubai,True,Private Events,/events,Commercial landing page,Research,birthday catering for 30 people dubai,,birthday-seo-plan
/birthday-catering-dubai,True,Private Events,/events,Commercial landing page,Research,birthday catering for 50 people dubai,,birthday-seo-plan
/birthday-catering-dubai,True,Private Events,/events,Commercial landing page,Research,birthday catering for adults dubai,,birthday-seo-plan
/birthday-catering-dubai,True,Private Events,/events,Commercial landing page,Research,birthday catering for villa party dubai,,birthday-seo-plan
/birthday-catering-dubai,True,Private Events,/events,Commercial landing page,Research,birthday catering packages dubai,,birthday-seo-plan
/birthday-catering-dubai,True,Private Events,/events,Commercial landing page,Research,birthday cocktail catering dubai,,birthday-seo-plan
/birthday-catering-dubai,True,Private Events,/events,Commercial landing page,Research,birthday cupcakes catering dubai,,birthday-seo-plan
/birthday-catering-dubai,True,Private Events,/events,Commercial landing page,Research,birthday dessert cart dubai,,birthday-seo-plan
/birthday-catering-dubai,True,Private Events,/events,Commercial landing page,Research,birthday dessert table dubai,,birthday-seo-plan
/birthday-catering-dubai,True,Private Events,/events,Commercial landing page,Research,birthday dinner party catering dubai,,birthday-seo-plan
/birthday-catering-dubai,True,Private Events,/events,Commercial landing page,Research,birthday drinks catering dubai,,birthday-seo-plan
/birthday-catering-dubai,True,Private Events,/events,Commercial landing page,Research,birthday drop-off catering dubai,,birthday-seo-plan
/birthday-catering-dubai,True,Private Events,/events,Commercial landing page,Research,birthday event catering dubai,,birthday-seo-plan
/birthday-catering-dubai,True,Private Events,/events,Commercial landing page,Research,birthday family-style catering dubai,,birthday-seo-plan
/birthday-catering-dubai,True,Private Events,/events,Commercial landing page,Research,birthday finger food catering dubai,,birthday-seo-plan
/birthday-catering-dubai,True,Private Events,/events,Commercial landing page,Research,birthday food stations dubai,,birthday-seo-plan
/birthday-catering-dubai,True,Private Events,/events,Commercial landing page,Research,birthday grazing table dubai,,birthday-seo-plan
/birthday-catering-dubai,True,Private Events,/events,Commercial landing page,Research,birthday live cooking stations dubai,,birthday-seo-plan
/birthday-catering-dubai,True,Private Events,/events,Commercial landing page,Research,birthday party boxes dubai,,birthday-seo-plan
/birthday-catering-dubai,True,Private Events,/events,Commercial landing page,Research,birthday party caterers dubai,,birthday-seo-plan
/birthday-catering-dubai,True,Private Events,/events,Commercial landing page,Research,birthday party catering packages dubai,,birthday-seo-plan
/birthday-catering-dubai,True,Private Events,/events,Commercial landing page,Research,birthday party catering price dubai,,birthday-seo-plan
/birthday-catering-dubai,True,Private Events,/events,Commercial landing page,Research,birthday pasta station dubai,,birthday-seo-plan
/birthday-catering-dubai,True,Private Events,/events,Commercial landing page,Research,birthday picnic catering dubai,,birthday-seo-plan
/birthday-catering-dubai,True,Private Events,/events,Commercial landing page,Research,birthday pizza station dubai,,birthday-seo-plan
/birthday-catering-dubai,True,Private Events,/events,Commercial landing page,Research,birthday plated dinner dubai,,birthday-seo-plan
/birthday-catering-dubai,True,Private Events,/events,Commercial landing page,Research,birthday sharing menu dubai,,birthday-seo-plan
/birthday-catering-dubai,True,Private Events,/events,Commercial landing page,Research,birthday sushi catering dubai,,birthday-seo-plan
/birthday-catering-dubai,True,Private Events,/events,Commercial landing page,Research,birthday sweet table dubai,,birthday-seo-plan
/birthday-catering-dubai,True,Private Events,/events,Commercial landing page,Research,birthday taco station dubai,,birthday-seo-plan
/birthday-catering-dubai,True,Private Events,/events,Commercial landing page,Research,birthday venue catering dubai,,birthday-seo-plan
/birthday-catering-dubai,True,Private Events,/events,Commercial landing page,Research,catering for birthday party dubai,,birthday-seo-plan
/birthday-catering-dubai,True,Private Events,/events,Commercial landing page,Research,cocktail birthday party catering dubai,,birthday-seo-plan
/birthday-catering-dubai,True,Private Events,/events,Commercial landing page,Research,custom birthday cake dubai,,birthday-seo-plan
/birthday-catering-dubai,True,Private Events,/events,Commercial landing page,Research,customized birthday catering dubai,,birthday-seo-plan
/birthday-catering-dubai,True,Private Events,/events,Commercial landing page,Research,dairy-free birthday catering dubai,,birthday-seo-plan
/birthday-catering-dubai,True,Private Events,/events,Commercial landing page,Research,elegant birthday party catering dubai,,birthday-seo-plan
/birthday-catering-dubai,True,Private Events,/events,Commercial landing page,Research,family birthday celebration catering dubai,,birthday-seo-plan
/birthday-catering-dubai,True,Private Events,/events,Commercial landing page,Research,full-service birthday catering dubai,,birthday-seo-plan
/birthday-catering-dubai,True,Private Events,/events,Commercial landing page,Research,garden birthday party catering dubai,,birthday-seo-plan
/birthday-catering-dubai,True,Private Events,/events,Commercial landing page,Research,gluten-free birthday catering dubai,,birthday-seo-plan
/birthday-catering-dubai,True,Private Events,/events,Commercial landing page,Research,gourmet birthday catering dubai,,birthday-seo-plan
/birthday-catering-dubai,True,Private Events,/events,Commercial landing page,Research,healthy birthday catering dubai,,birthday-seo-plan
/birthday-catering-dubai,True,Private Events,/events,Commercial landing page,Research,home birthday party catering dubai,,birthday-seo-plan
/birthday-catering-dubai,True,Private Events,/events,Commercial landing page,Research,how much is birthday catering in dubai,,birthday-seo-plan
/birthday-catering-dubai,True,Private Events,/events,Commercial landing page,Research,how to choose birthday caterer dubai,,birthday-seo-plan
/birthday-catering-dubai,True,Private Events,/events,Commercial landing page,Research,international birthday buffet dubai,,birthday-seo-plan
/birthday-catering-dubai,True,Private Events,/events,Commercial landing page,Research,intimate birthday celebration dubai,,birthday-seo-plan
/birthday-catering-dubai,True,Private Events,/events,Commercial landing page,Research,ladies birthday party catering dubai,,birthday-seo-plan
/birthday-catering-dubai,True,Private Events,/events,Commercial landing page,Research,last-minute birthday catering dubai,,birthday-seo-plan
/birthday-catering-dubai,True,Private Events,/events,Commercial landing page,Research,luxury birthday catering dubai,,birthday-seo-plan
/birthday-catering-dubai,True,Private Events,/events,Commercial landing page,Research,luxury milestone birthday dubai,,birthday-seo-plan
/birthday-catering-dubai,True,Private Events,/events,Commercial landing page,Research,mobile bar birthday dubai,,birthday-seo-plan
/birthday-catering-dubai,True,Private Events,/events,Commercial landing page,Research,mocktail bar birthday party dubai,,birthday-seo-plan
/birthday-catering-dubai,True,Private Events,/events,Commercial landing page,Research,non-alcoholic birthday drinks dubai,,birthday-seo-plan
/birthday-catering-dubai,True,Private Events,/events,Commercial landing page,Research,office birthday catering dubai,,birthday-seo-plan
/birthday-catering-dubai,True,Private Events,/events,Commercial landing page,Research,outdoor birthday catering dubai,,birthday-seo-plan
/birthday-catering-dubai,True,Private Events,/events,Commercial landing page,Research,pool party birthday catering dubai,,birthday-seo-plan
/birthday-catering-dubai,True,Private Events,/events,Commercial landing page,Research,poolside birthday catering dubai,,birthday-seo-plan
/birthday-catering-dubai,True,Private Events,/events,Commercial landing page,Research,premium birthday catering dubai,,birthday-seo-plan
/birthday-catering-dubai,True,Private Events,/events,Commercial landing page,Research,private chef birthday dubai,,birthday-seo-plan
/birthday-catering-dubai,True,Private Events,/events,Commercial landing page,Research,rooftop birthday catering dubai,,birthday-seo-plan
/birthday-catering-dubai,True,Private Events,/events,Commercial landing page,Research,small birthday party catering dubai,,birthday-seo-plan
/birthday-catering-dubai,True,Private Events,/events,Commercial landing page,Research,themed birthday desserts dubai,,birthday-seo-plan
/birthday-catering-dubai,True,Private Events,/events,Commercial landing page,Research,vegan birthday catering dubai,,birthday-seo-plan
/birthday-catering-dubai,True,Private Events,/events,Commercial landing page,Research,vegetarian birthday catering dubai,,birthday-seo-plan
/birthday-catering-dubai,True,Private Events,/events,Commercial landing page,Research,welcome drinks birthday party dubai,,birthday-seo-plan
/birthday-catering-package-dubai,True,Packages,/catering-packages-dubai,Commercial landing page,Primary,birthday catering package dubai,Transactional / commercial,architecture-500|code-locks
/birthday-catering-package-dubai,True,Packages,/catering-packages-dubai,Commercial landing page,Secondary,birthday catering packages dubai,,keyword-map-md
/birthday-catering-package-dubai,True,Packages,/catering-packages-dubai,Commercial landing page,Secondary,birthday package catering dubai,,seo-pages-json
/birthday-catering-package-dubai,True,Packages,/catering-packages-dubai,Commercial landing page,Secondary,affordable catering services in dubai,,seo-pages-json
/birthday-catering-package-dubai,True,Packages,/catering-packages-dubai,Commercial landing page,Secondary,best birthday catering package dubai,,keyword-map-md
/birthday-catering-package-dubai,True,Packages,/catering-packages-dubai,Commercial landing page,Secondary,birthday catering package cost per person dubai,,keyword-map-md
/birthday-catering-package-dubai,True,Packages,/catering-packages-dubai,Commercial landing page,Secondary,birthday catering package dubai price,,keyword-map-md
/birthday-catering-package-dubai,True,Packages,/catering-packages-dubai,Commercial landing page,Secondary,birthday dinner package dubai,Transactional / commercial,architecture-500
/birthday-catering-package-dubai,True,Packages,/catering-packages-dubai,Commercial landing page,Secondary,birthday food package dubai,Transactional / commercial,architecture-500
/birthday-catering-package-dubai,True,Packages,/catering-packages-dubai,Commercial landing page,Secondary,birthday package catering dubai price,,seo-pages-json
/birthday-catering-package-dubai,True,Packages,/catering-packages-dubai,Commercial landing page,Secondary,birthday party catering dubai,,seo-pages-json
/birthday-catering-package-dubai,True,Packages,/catering-packages-dubai,Commercial landing page,Secondary,birthday party package dubai catering,Transactional / commercial,architecture-500
/birthday-catering-package-dubai,True,Packages,/catering-packages-dubai,Commercial landing page,Secondary,birthday party restaurant dubai,,seo-pages-json
/birthday-catering-package-dubai,True,Packages,/catering-packages-dubai,Commercial landing page,Secondary,buffet catering dubai,,seo-pages-json
/birthday-catering-package-dubai,True,Packages,/catering-packages-dubai,Commercial landing page,Secondary,catering menu for birthday party,,seo-pages-json
/birthday-catering-package-dubai,True,Packages,/catering-packages-dubai,Commercial landing page,Secondary,catering services dubai,,seo-pages-json
/birthday-catering-package-dubai,True,Packages,/catering-packages-dubai,Commercial landing page,Secondary,cheap birthday package catering dubai,,seo-pages-json
/birthday-catering-package-dubai,True,Packages,/catering-packages-dubai,Commercial landing page,Secondary,halal birthday catering package dubai,,keyword-map-md
/birthday-catering-package-dubai,True,Packages,/catering-packages-dubai,Commercial landing page,Secondary,home party catering dubai,,seo-pages-json
/birthday-catering-package-dubai,True,Packages,/catering-packages-dubai,Commercial landing page,Secondary,how much does catering cost in dubai?,,seo-pages-json
/birthday-catering-package-dubai,True,Packages,/catering-packages-dubai,Commercial landing page,Secondary,how much does it cost to celebrate a birthday on burj khalifa?,,seo-pages-json
/birthday-catering-package-dubai,True,Packages,/catering-packages-dubai,Commercial landing page,Secondary,kids birthday food package dubai,Transactional / commercial,architecture-500
/birthday-catering-package-dubai,True,Packages,/catering-packages-dubai,Commercial landing page,Secondary,kids birthday party catering dubai,,seo-pages-json
/birthday-catering-package-dubai,True,Packages,/catering-packages-dubai,Commercial landing page,Secondary,small party catering dubai,,seo-pages-json
/birthday-catering-package-dubai,True,Packages,/catering-packages-dubai,Commercial landing page,Secondary,small party catering dubai indian,,seo-pages-json
/birthday-catering-package-dubai,True,Packages,/catering-packages-dubai,Commercial landing page,Secondary,what can i get free on my birthday in the uae?,,seo-pages-json
/birthday-catering-package-dubai,True,Packages,/catering-packages-dubai,Commercial landing page,Secondary,what is included in birthday catering package dubai,,keyword-map-md
/birthday-catering-package-dubai,True,Packages,/catering-packages-dubai,Commercial landing page,Secondary,where to celebrate birthday in dubai is affordable?,,seo-pages-json
/blog,True,,,,Primary,catering blog dubai,,seo-pages-json
/blog,True,,,,Secondary,affordable catering services in dubai,,seo-pages-json
/blog,True,,,,Secondary,best catering blog dubai,,seo-pages-json
/blog,True,,,,Secondary,birthday catering blog dubai,,seo-pages-json
/blog,True,,,,Secondary,food catering blog dubai,,seo-pages-json
/blog,True,,,,Secondary,private catering dubai,,seo-pages-json
/blog,True,,,,Secondary,wedding catering blog dubai,,seo-pages-json
/blog/best-private-chef-birthday-dinner-dubai,True,Blog and Guides,/guides,Blog / Guide / Tool,Secondary,best private chef birthday dinner dubai,Transactional / commercial,architecture-500|keyword-map-md
/blog/best-private-chef-birthday-dinner-dubai,True,Blog and Guides,/guides,Blog / Guide / Tool,Secondary,private chef birthday dinner,,seo-pages-json
/blog/best-private-chef-birthday-dinner-dubai,True,Blog and Guides,/guides,Blog / Guide / Tool,Primary,private chef birthday dinner dubai,,code-locks
/blog/best-private-chef-birthday-dinner-dubai,True,Blog and Guides,/guides,Blog / Guide / Tool,Secondary,private chef for birthday dinner dubai,,birthday-seo-plan|keyword-map-md
/blog/best-private-chef-birthday-dinner-dubai,True,Blog and Guides,/guides,Blog / Guide / Tool,Secondary,birthday dinner ideas at home dubai,,keyword-map-md
/blog/best-private-chef-birthday-dinner-dubai,True,Blog and Guides,/guides,Blog / Guide / Tool,Secondary,birthday dinner party at home dubai,,keyword-map-md
/blog/best-private-chef-birthday-dinner-dubai,True,Blog and Guides,/guides,Blog / Guide / Tool,Secondary,chef dubai restaurant,,seo-pages-json
/blog/best-private-chef-birthday-dinner-dubai,True,Blog and Guides,/guides,Blog / Guide / Tool,Secondary,full time private chef dubai,,seo-pages-json
/blog/best-private-chef-birthday-dinner-dubai,True,Blog and Guides,/guides,Blog / Guide / Tool,Secondary,hire private chef for birthday dinner,,seo-pages-json
/blog/best-private-chef-birthday-dinner-dubai,True,Blog and Guides,/guides,Blog / Guide / Tool,Secondary,how much does a private chef cost in dubai?,,seo-pages-json
/blog/best-private-chef-birthday-dinner-dubai,True,Blog and Guides,/guides,Blog / Guide / Tool,Secondary,how much does it cost to hire a private chef,,seo-pages-json
/blog/best-private-chef-birthday-dinner-dubai,True,Blog and Guides,/guides,Blog / Guide / Tool,Secondary,private birthday dinner near me,,seo-pages-json
/blog/best-private-chef-birthday-dinner-dubai,True,Blog and Guides,/guides,Blog / Guide / Tool,Secondary,private chef at home dubai,,seo-pages-json
/blog/best-private-chef-birthday-dinner-dubai,True,Blog and Guides,/guides,Blog / Guide / Tool,Secondary,private chef birthday dinner cost,,seo-pages-json
/blog/best-private-chef-birthday-dinner-dubai,True,Blog and Guides,/guides,Blog / Guide / Tool,Secondary,private chef birthday dinner cost dubai,,keyword-map-md
/blog/best-private-chef-birthday-dinner-dubai,True,Blog and Guides,/guides,Blog / Guide / Tool,Secondary,private chef birthday dinner menu,,seo-pages-json
/blog/best-private-chef-birthday-dinner-dubai,True,Blog and Guides,/guides,Blog / Guide / Tool,Secondary,private chef dinner ideas,,seo-pages-json
/blog/best-private-chef-birthday-dinner-dubai,True,Blog and Guides,/guides,Blog / Guide / Tool,Secondary,private chef dinner menu,,seo-pages-json
/blog/best-private-chef-birthday-dinner-dubai,True,Blog and Guides,/guides,Blog / Guide / Tool,Secondary,private chef dinner near me,,seo-pages-json
/blog/best-private-chef-birthday-dinner-dubai,True,Blog and Guides,/guides,Blog / Guide / Tool,Secondary,private chef dinner party near me,,seo-pages-json
/blog/best-private-chef-birthday-dinner-dubai,True,Blog and Guides,/guides,Blog / Guide / Tool,Secondary,private chef for birthday dinner,,seo-pages-json
/blog/best-private-chef-birthday-dinner-dubai,True,Blog and Guides,/guides,Blog / Guide / Tool,Secondary,private chef for birthday dinner near me,,seo-pages-json
/blog/best-private-chef-birthday-dinner-dubai,True,Blog and Guides,/guides,Blog / Guide / Tool,Secondary,private dining chef near me,,seo-pages-json
/blog/best-private-chef-birthday-dinner-dubai,True,Blog and Guides,/guides,Blog / Guide / Tool,Secondary,where to go for birthday dinner in dubai?,,seo-pages-json
/blog/best-private-chef-birthday-dinner-dubai,True,Blog and Guides,/guides,Blog / Guide / Tool,Research,birthday chef experience dubai,,birthday-seo-plan
/blog/best-private-chef-birthday-dinner-dubai,True,Blog and Guides,/guides,Blog / Guide / Tool,Research,birthday dinner at villa dubai,,birthday-seo-plan
/blog/best-private-chef-birthday-dinner-dubai,True,Blog and Guides,/guides,Blog / Guide / Tool,Research,birthday dinner chef at home dubai,,birthday-seo-plan
/blog/best-private-chef-birthday-dinner-dubai,True,Blog and Guides,/guides,Blog / Guide / Tool,Research,birthday private chef dubai,,birthday-seo-plan
/blog/best-private-chef-birthday-dinner-dubai,True,Blog and Guides,/guides,Blog / Guide / Tool,Research,chef for birthday party dubai,,birthday-seo-plan
/blog/best-private-chef-birthday-dinner-dubai,True,Blog and Guides,/guides,Blog / Guide / Tool,Research,fine dining birthday at home dubai,,birthday-seo-plan
/blog/best-private-chef-birthday-dinner-dubai,True,Blog and Guides,/guides,Blog / Guide / Tool,Research,intimate birthday dinner dubai,,birthday-seo-plan
/blog/best-private-chef-birthday-dinner-dubai,True,Blog and Guides,/guides,Blog / Guide / Tool,Research,luxury birthday dinner dubai,,birthday-seo-plan
/blog/best-private-chef-birthday-dinner-dubai,True,Blog and Guides,/guides,Blog / Guide / Tool,Research,personal chef birthday party dubai,,birthday-seo-plan
/blog/best-private-chef-birthday-dinner-dubai,True,Blog and Guides,/guides,Blog / Guide / Tool,Research,private chef birthday dubai,,birthday-seo-plan
/blog/best-private-chef-birthday-dinner-dubai,True,Blog and Guides,/guides,Blog / Guide / Tool,Research,private dining birthday dubai,,birthday-seo-plan
/blog/best-private-chef-birthday-dinner-dubai,True,Blog and Guides,/guides,Blog / Guide / Tool,Research,surprise birthday dinner dubai,,birthday-seo-plan
/blog/best-private-chef-birthday-dinner-dubai,True,Blog and Guides,/guides,Blog / Guide / Tool,Research,tasting menu birthday dubai,,birthday-seo-plan
/blog/brunch-at-home-dubai,True,Blog and Guides,/catering-dubai,Blog / Guide / Tool,Primary,brunch at home dubai,Transactional / commercial,architecture-500|keyword-map-md|seo-pages-json
/blog/brunch-at-home-dubai,True,Blog and Guides,/catering-dubai,Blog / Guide / Tool,Secondary,afternoon brunch dubai,,seo-pages-json
/blog/brunch-at-home-dubai,True,Blog and Guides,/catering-dubai,Blog / Guide / Tool,Secondary,at home dubai chocolate,,seo-pages-json
/blog/brunch-at-home-dubai,True,Blog and Guides,/catering-dubai,Blog / Guide / Tool,Secondary,at home dubai chocolate bar,,seo-pages-json
/blog/brunch-at-home-dubai,True,Blog and Guides,/catering-dubai,Blog / Guide / Tool,Secondary,at home dubai chocolate kit,,seo-pages-json
/blog/brunch-at-home-dubai,True,Blog and Guides,/catering-dubai,Blog / Guide / Tool,Secondary,at home dubai chocolate strawberries,,seo-pages-json
/blog/brunch-at-home-dubai,True,Blog and Guides,/catering-dubai,Blog / Guide / Tool,Secondary,best brunch in dubai with a view,,seo-pages-json
/blog/brunch-at-home-dubai,True,Blog and Guides,/catering-dubai,Blog / Guide / Tool,Secondary,best family brunch in dubai,,seo-pages-json
/blog/brunch-at-home-dubai,True,Blog and Guides,/catering-dubai,Blog / Guide / Tool,Secondary,breakfast at home dubai,,seo-pages-json
/blog/brunch-at-home-dubai,True,Blog and Guides,/catering-dubai,Blog / Guide / Tool,Secondary,breakfast brunch in dubai,,seo-pages-json
/blog/brunch-at-home-dubai,True,Blog and Guides,/catering-dubai,Blog / Guide / Tool,Secondary,brunch at home cost dubai,,keyword-map-md
/blog/brunch-at-home-dubai,True,Blog and Guides,/catering-dubai,Blog / Guide / Tool,Secondary,brunch ideas at home dubai,,keyword-map-md
/blog/brunch-at-home-dubai,True,Blog and Guides,/catering-dubai,Blog / Guide / Tool,Secondary,brunch ideas at home easy,,seo-pages-json
/blog/brunch-at-home-dubai,True,Blog and Guides,/catering-dubai,Blog / Guide / Tool,Secondary,brunch party dubai,,seo-pages-json
/blog/brunch-at-home-dubai,True,Blog and Guides,/catering-dubai,Blog / Guide / Tool,Secondary,how much does brunch typically cost in dubai?,,seo-pages-json
/blog/brunch-at-home-dubai,True,Blog and Guides,/catering-dubai,Blog / Guide / Tool,Secondary,how to host brunch at home dubai,,keyword-map-md
/blog/brunch-at-home-dubai,True,Blog and Guides,/catering-dubai,Blog / Guide / Tool,Secondary,private chef brunch dubai,,keyword-map-md
/blog/brunch-at-home-dubai,True,Blog and Guides,/catering-dubai,Blog / Guide / Tool,Secondary,saturday brunch dubai,,seo-pages-json
/blog/brunch-at-home-dubai,True,Blog and Guides,/catering-dubai,Blog / Guide / Tool,Secondary,sunday brunch dubai,,seo-pages-json
/blog/brunch-at-home-dubai,True,Blog and Guides,/catering-dubai,Blog / Guide / Tool,Secondary,unlimited brunch dubai,,seo-pages-json
/blog/brunch-at-home-dubai,True,Blog and Guides,/catering-dubai,Blog / Guide / Tool,Secondary,what is a dubai style brunch?,,seo-pages-json
/blog/brunch-at-home-dubai,True,Blog and Guides,/catering-dubai,Blog / Guide / Tool,Secondary,what is a good at-home brunch menu?,,seo-pages-json
/blog/brunch-at-home-dubai,True,Blog and Guides,/catering-dubai,Blog / Guide / Tool,Secondary,where to go for brunch in dubai?,,seo-pages-json
/blog/corporate-catering-full-service-vs-drop-off,True,Blog and Guides,/guides,Blog / Guide / Tool,Secondary,corporate catering,,seo-pages-json
/blog/corporate-catering-full-service-vs-drop-off,True,Blog and Guides,/guides,Blog / Guide / Tool,Secondary,corporate catering full service vs drop off,Informational / commercial research,architecture-500
/blog/corporate-catering-full-service-vs-drop-off,True,Blog and Guides,/guides,Blog / Guide / Tool,Primary,full service vs drop off catering dubai,,keyword-map-md
/blog/corporate-catering-full-service-vs-drop-off,True,Blog and Guides,/guides,Blog / Guide / Tool,Secondary,buffet catering dubai,,seo-pages-json
/blog/corporate-catering-full-service-vs-drop-off,True,Blog and Guides,/guides,Blog / Guide / Tool,Secondary,catering services al quoz,,seo-pages-json
/blog/corporate-catering-full-service-vs-drop-off,True,Blog and Guides,/guides,Blog / Guide / Tool,Secondary,corporate catering companies,,seo-pages-json
/blog/corporate-catering-full-service-vs-drop-off,True,Blog and Guides,/guides,Blog / Guide / Tool,Secondary,corporate catering dc,,seo-pages-json
/blog/corporate-catering-full-service-vs-drop-off,True,Blog and Guides,/guides,Blog / Guide / Tool,Secondary,corporate catering dubai,,seo-pages-json
/blog/corporate-catering-full-service-vs-drop-off,True,Blog and Guides,/guides,Blog / Guide / Tool,Secondary,corporate catering food,,seo-pages-json
/blog/corporate-catering-full-service-vs-drop-off,True,Blog and Guides,/guides,Blog / Guide / Tool,Secondary,corporate catering halal,,seo-pages-json
/blog/corporate-catering-full-service-vs-drop-off,True,Blog and Guides,/guides,Blog / Guide / Tool,Secondary,corporate catering near me,,seo-pages-json
/blog/corporate-catering-full-service-vs-drop-off,True,Blog and Guides,/guides,Blog / Guide / Tool,Secondary,corporate catering services,,seo-pages-json
/blog/corporate-catering-full-service-vs-drop-off,True,Blog and Guides,/guides,Blog / Guide / Tool,Secondary,do i need serving staff for office catering dubai,,keyword-map-md
/blog/corporate-catering-full-service-vs-drop-off,True,Blog and Guides,/guides,Blog / Guide / Tool,Secondary,hire catering company,,seo-pages-json
/blog/corporate-catering-full-service-vs-drop-off,True,Blog and Guides,/guides,Blog / Guide / Tool,Secondary,small party catering dubai,,seo-pages-json
/blog/corporate-catering-full-service-vs-drop-off,True,Blog and Guides,/guides,Blog / Guide / Tool,Secondary,what is drop off catering dubai,,keyword-map-md
/blog/corporate-catering-full-service-vs-drop-off,True,Blog and Guides,/guides,Blog / Guide / Tool,Long-tail,best catering format for corporate event dubai,Transactional / commercial,architecture-500
/blog/corporate-event-catering-ideas-dubai,True,Blog and Guides,/guides,Blog / Guide / Tool,Primary,corporate event catering ideas dubai,Informational / commercial research,architecture-500|keyword-map-md|seo-pages-json
/blog/corporate-event-catering-ideas-dubai,True,Blog and Guides,/guides,Blog / Guide / Tool,Secondary,buffet catering dubai,,seo-pages-json
/blog/corporate-event-catering-ideas-dubai,True,Blog and Guides,/guides,Blog / Guide / Tool,Secondary,cheap corporate event catering ideas dubai,,seo-pages-json
/blog/corporate-event-catering-ideas-dubai,True,Blog and Guides,/guides,Blog / Guide / Tool,Secondary,corporate catering dubai,,seo-pages-json
/blog/corporate-event-catering-ideas-dubai,True,Blog and Guides,/guides,Blog / Guide / Tool,Secondary,corporate lunch ideas dubai,,keyword-map-md
/blog/corporate-event-catering-ideas-dubai,True,Blog and Guides,/guides,Blog / Guide / Tool,Secondary,finger food catering dubai,,seo-pages-json
/blog/corporate-event-catering-ideas-dubai,True,Blog and Guides,/guides,Blog / Guide / Tool,Secondary,office party food ideas dubai,,keyword-map-md
/blog/corporate-event-catering-ideas-dubai,True,Blog and Guides,/guides,Blog / Guide / Tool,Secondary,small corporate event catering ideas dubai,,seo-pages-json
/blog/corporate-event-catering-ideas-dubai,True,Blog and Guides,/guides,Blog / Guide / Tool,Secondary,small party catering dubai,,seo-pages-json
/blog/desert-dinner-party-dubai,True,Blog and Guides,/guides,Blog / Guide / Tool,Primary,desert dinner party dubai,Transactional / commercial,architecture-500|seo-pages-json
/blog/desert-dinner-party-dubai,True,Blog and Guides,/guides,Blog / Guide / Tool,Secondary,desert bbq catering dubai,,seo-pages-json
/blog/desert-dinner-party-dubai,True,Blog and Guides,/guides,Blog / Guide / Tool,Secondary,luxury desert dinner dubai,,seo-pages-json
/blog/desert-dinner-party-dubai,True,Blog and Guides,/guides,Blog / Guide / Tool,Secondary,private dinner in the desert dubai,,seo-pages-json
/blog/dinner-party-menu-ideas-dubai,True,Blog and Guides,/guides,Blog / Guide / Tool,Primary,dinner party menu ideas dubai,Informational / commercial research,architecture-500|keyword-map-md|seo-pages-json
/blog/dinner-party-menu-ideas-dubai,True,Blog and Guides,/guides,Blog / Guide / Tool,Secondary,3 course dinner party menu dubai,,keyword-map-md
/blog/dinner-party-menu-ideas-dubai,True,Blog and Guides,/guides,Blog / Guide / Tool,Secondary,casual dinner party menu ideas,,seo-pages-json
/blog/dinner-party-menu-ideas-dubai,True,Blog and Guides,/guides,Blog / Guide / Tool,Secondary,dinner party menu ideas dubai indian,,seo-pages-json
/blog/dinner-party-menu-ideas-dubai,True,Blog and Guides,/guides,Blog / Guide / Tool,Secondary,dinner party menu ideas dubai vegetarian,,seo-pages-json
/blog/dinner-party-menu-ideas-dubai,True,Blog and Guides,/guides,Blog / Guide / Tool,Secondary,simple but elegant dinner party menu,,seo-pages-json
/blog/dinner-party-menu-ideas-dubai,True,Blog and Guides,/guides,Blog / Guide / Tool,Secondary,themed dinner party menu ideas,,seo-pages-json
/blog/dinner-party-menu-ideas-dubai,True,Blog and Guides,/guides,Blog / Guide / Tool,Secondary,what to serve at a dinner party dubai,,keyword-map-md
/blog/grazing-table-vs-buffet-dubai,True,Blog and Guides,/guides,Blog / Guide / Tool,Primary,grazing table vs buffet dubai,Informational / commercial research,architecture-500|keyword-map-md|seo-pages-json
/blog/grazing-table-vs-buffet-dubai,True,Blog and Guides,/guides,Blog / Guide / Tool,Secondary,grazing table catering,,seo-pages-json
/blog/grazing-table-vs-buffet-dubai,True,Blog and Guides,/guides,Blog / Guide / Tool,Secondary,grazing table dubai,,seo-pages-json
/blog/grazing-table-vs-buffet-dubai,True,Blog and Guides,/guides,Blog / Guide / Tool,Secondary,grazing table meaning,,seo-pages-json
/blog/grazing-table-vs-buffet-dubai,True,Blog and Guides,/guides,Blog / Guide / Tool,Secondary,grazing table vs buffet dubai price,,seo-pages-json
/blog/grazing-table-vs-buffet-dubai,True,Blog and Guides,/guides,Blog / Guide / Tool,Secondary,what is a grazing table dubai,,keyword-map-md
/blog/halal-private-dining-dubai-what-to-ask,True,Blog and Guides,/guides,Blog / Guide / Tool,Secondary,halal private dining,,seo-pages-json
/blog/halal-private-dining-dubai-what-to-ask,True,Blog and Guides,/guides,Blog / Guide / Tool,Secondary,halal private dining dubai guide,Informational / commercial research,architecture-500
/blog/halal-private-dining-dubai-what-to-ask,True,Blog and Guides,/guides,Blog / Guide / Tool,Primary,what to ask a halal caterer dubai,,keyword-map-md
/blog/halal-private-dining-dubai-what-to-ask,True,Blog and Guides,/guides,Blog / Guide / Tool,Secondary,affordable private dining dubai,,seo-pages-json
/blog/halal-private-dining-dubai-what-to-ask,True,Blog and Guides,/guides,Blog / Guide / Tool,Secondary,cafe with private room dubai,,seo-pages-json
/blog/halal-private-dining-dubai-what-to-ask,True,Blog and Guides,/guides,Blog / Guide / Tool,Secondary,g private dining halal,,seo-pages-json
/blog/halal-private-dining-dubai-what-to-ask,True,Blog and Guides,/guides,Blog / Guide / Tool,Secondary,halal dine in restaurants,,seo-pages-json
/blog/halal-private-dining-dubai-what-to-ask,True,Blog and Guides,/guides,Blog / Guide / Tool,Secondary,halal private dining menu,,seo-pages-json
/blog/halal-private-dining-dubai-what-to-ask,True,Blog and Guides,/guides,Blog / Guide / Tool,Secondary,halal private dining near me,,seo-pages-json
/blog/halal-private-dining-dubai-what-to-ask,True,Blog and Guides,/guides,Blog / Guide / Tool,Secondary,halal private dining room,,seo-pages-json
/blog/halal-private-dining-dubai-what-to-ask,True,Blog and Guides,/guides,Blog / Guide / Tool,Secondary,halal private fine dining,,seo-pages-json
/blog/halal-private-dining-dubai-what-to-ask,True,Blog and Guides,/guides,Blog / Guide / Tool,Secondary,indian restaurants with private dining,,seo-pages-json
/blog/halal-private-dining-dubai-what-to-ask,True,Blog and Guides,/guides,Blog / Guide / Tool,Secondary,is dove halal,,seo-pages-json
/blog/halal-private-dining-dubai-what-to-ask,True,Blog and Guides,/guides,Blog / Guide / Tool,Secondary,is no5 dining halal,,seo-pages-json
/blog/halal-private-dining-dubai-what-to-ask,True,Blog and Guides,/guides,Blog / Guide / Tool,Secondary,is social hideout halal,,seo-pages-json
/blog/halal-private-dining-dubai-what-to-ask,True,Blog and Guides,/guides,Blog / Guide / Tool,Secondary,restaurants with private cabins in dubai,,seo-pages-json
/blog/halal-private-dining-dubai-what-to-ask,True,Blog and Guides,/guides,Blog / Guide / Tool,Secondary,romantic private dining dubai,,seo-pages-json
/blog/how-far-ahead-book-caterer-dubai,True,Blog and Guides,/guides,Blog / Guide / Tool,Secondary,how far ahead book caterer dubai,Informational / commercial research,architecture-500
/blog/how-far-ahead-book-caterer-dubai,True,Blog and Guides,/guides,Blog / Guide / Tool,Secondary,how far ahead to book a caterer dubai,,seo-pages-json
/blog/how-far-ahead-book-caterer-dubai,True,Blog and Guides,/guides,Blog / Guide / Tool,Primary,how far in advance to book a caterer dubai,,keyword-map-md
/blog/how-far-ahead-book-caterer-dubai,True,Blog and Guides,/guides,Blog / Guide / Tool,Secondary,how early to book a private chef dubai,,keyword-map-md
/blog/how-far-ahead-book-caterer-dubai,True,Blog and Guides,/guides,Blog / Guide / Tool,Secondary,how long before a wedding should you book a caterer?,,seo-pages-json
/blog/how-far-ahead-book-caterer-dubai,True,Blog and Guides,/guides,Blog / Guide / Tool,Secondary,how much does catering cost in dubai?,,seo-pages-json
/blog/how-far-ahead-book-caterer-dubai,True,Blog and Guides,/guides,Blog / Guide / Tool,Secondary,what are common red flags with catering companies?,,seo-pages-json
/blog/how-far-ahead-book-caterer-dubai,True,Blog and Guides,/guides,Blog / Guide / Tool,Secondary,when should you confirm your availability for a catering order?,,seo-pages-json
/blog/how-much-does-private-chef-cost-dubai,True,Blog and Guides,/guides,Blog / Guide / Tool,Secondary,how much does a private chef cost dubai,Informational / commercial research,architecture-500
/blog/how-much-does-private-chef-cost-dubai,True,Blog and Guides,/guides,Blog / Guide / Tool,Primary,how much does private chef cost dubai,,keyword-map-md
/blog/how-much-does-private-chef-cost-dubai,True,Blog and Guides,/guides,Blog / Guide / Tool,Secondary,how much is a private chef in dubai,Informational / commercial research,architecture-500
/blog/how-much-does-private-chef-cost-dubai,True,Blog and Guides,/guides,Blog / Guide / Tool,Secondary,private chef cost,,seo-pages-json
/blog/how-much-does-private-chef-cost-dubai,True,Blog and Guides,/guides,Blog / Guide / Tool,Secondary,full time private chef dubai,,seo-pages-json
/blog/how-much-does-private-chef-cost-dubai,True,Blog and Guides,/guides,Blog / Guide / Tool,Secondary,how much do private chef cost,,seo-pages-json
/blog/how-much-does-private-chef-cost-dubai,True,Blog and Guides,/guides,Blog / Guide / Tool,Secondary,how much does a private chef cost per day,,seo-pages-json
/blog/how-much-does-private-chef-cost-dubai,True,Blog and Guides,/guides,Blog / Guide / Tool,Secondary,how much does it cost to hire a private chef,,seo-pages-json
/blog/how-much-does-private-chef-cost-dubai,True,Blog and Guides,/guides,Blog / Guide / Tool,Secondary,how much does it usually cost to have a private chef?,,seo-pages-json
/blog/how-much-does-private-chef-cost-dubai,True,Blog and Guides,/guides,Blog / Guide / Tool,Secondary,how much is a private chef for a night dubai,,keyword-map-md
/blog/how-much-does-private-chef-cost-dubai,True,Blog and Guides,/guides,Blog / Guide / Tool,Secondary,is 500 aed enough for food in dubai?,,seo-pages-json
/blog/how-much-does-private-chef-cost-dubai,True,Blog and Guides,/guides,Blog / Guide / Tool,Secondary,is a private chef worth it dubai,,keyword-map-md
/blog/how-much-does-private-chef-cost-dubai,True,Blog and Guides,/guides,Blog / Guide / Tool,Secondary,private chef cost aus,,seo-pages-json
/blog/how-much-does-private-chef-cost-dubai,True,Blog and Guides,/guides,Blog / Guide / Tool,Secondary,private chef cost dc,,seo-pages-json
/blog/how-much-does-private-chef-cost-dubai,True,Blog and Guides,/guides,Blog / Guide / Tool,Secondary,private chef cost for 6 people dubai,,keyword-map-md
/blog/how-much-does-private-chef-cost-dubai,True,Blog and Guides,/guides,Blog / Guide / Tool,Secondary,private chef cost for dinner party,,seo-pages-json
/blog/how-much-does-private-chef-cost-dubai,True,Blog and Guides,/guides,Blog / Guide / Tool,Secondary,private chef cost near me,,seo-pages-json
/blog/how-much-does-private-chef-cost-dubai,True,Blog and Guides,/guides,Blog / Guide / Tool,Secondary,private chef cost per day,,seo-pages-json
/blog/how-much-does-private-chef-cost-dubai,True,Blog and Guides,/guides,Blog / Guide / Tool,Secondary,private chef cost per person dubai,,keyword-map-md
/blog/how-much-does-private-chef-cost-dubai,True,Blog and Guides,/guides,Blog / Guide / Tool,Secondary,what is a reasonable budget for a chef?,,seo-pages-json
/blog/how-much-does-private-chef-cost-dubai,True,Blog and Guides,/guides,Blog / Guide / Tool,Secondary,what to charge as a private chef?,,seo-pages-json
/blog/how-to-hire-a-private-chef-dubai,True,Blog and Guides,/guides,Blog / Guide / Tool,Primary,how to hire a private chef dubai,Informational / commercial research,architecture-500|keyword-map-md|seo-pages-json
/blog/how-to-hire-a-private-chef-dubai,True,Blog and Guides,/guides,Blog / Guide / Tool,Secondary,do private chefs bring their own equipment dubai,,keyword-map-md
/blog/how-to-hire-a-private-chef-dubai,True,Blog and Guides,/guides,Blog / Guide / Tool,Secondary,full time private chef dubai,,seo-pages-json
/blog/how-to-hire-a-private-chef-dubai,True,Blog and Guides,/guides,Blog / Guide / Tool,Secondary,hire a private chef dubai,,seo-pages-json
/blog/how-to-hire-a-private-chef-dubai,True,Blog and Guides,/guides,Blog / Guide / Tool,Secondary,how do you hire a private chef,,seo-pages-json
/blog/how-to-hire-a-private-chef-dubai,True,Blog and Guides,/guides,Blog / Guide / Tool,Secondary,how much does it cost to hire a private chef,,seo-pages-json
/blog/how-to-hire-a-private-chef-dubai,True,Blog and Guides,/guides,Blog / Guide / Tool,Secondary,how much to hire a private chef for a day,,seo-pages-json
/blog/how-to-hire-a-private-chef-dubai,True,Blog and Guides,/guides,Blog / Guide / Tool,Secondary,how to find a private chef in dubai,,keyword-map-md
/blog/how-to-hire-a-private-chef-dubai,True,Blog and Guides,/guides,Blog / Guide / Tool,Secondary,how to hire a private chef dubai price,,seo-pages-json
/blog/how-to-hire-a-private-chef-dubai,True,Blog and Guides,/guides,Blog / Guide / Tool,Secondary,live in chef dubai,,seo-pages-json
/blog/how-to-hire-a-private-chef-dubai,True,Blog and Guides,/guides,Blog / Guide / Tool,Secondary,private chef hire near me,,seo-pages-json
/blog/how-to-hire-a-private-chef-dubai,True,Blog and Guides,/guides,Blog / Guide / Tool,Secondary,what does it cost to hire a private chef,,seo-pages-json
/blog/iftar-at-home-dubai,True,Blog and Guides,/catering-dubai,Blog / Guide / Tool,Primary,iftar at home dubai,Transactional / commercial,architecture-500|keyword-map-md|seo-pages-json
/blog/iftar-at-home-dubai,True,Blog and Guides,/catering-dubai,Blog / Guide / Tool,Secondary,best iftar at home dubai,,seo-pages-json
/blog/iftar-at-home-dubai,True,Blog and Guides,/catering-dubai,Blog / Guide / Tool,Secondary,family iftar at home dubai,,keyword-map-md
/blog/iftar-at-home-dubai,True,Blog and Guides,/catering-dubai,Blog / Guide / Tool,Secondary,how to host iftar at home dubai,,keyword-map-md
/blog/iftar-at-home-dubai,True,Blog and Guides,/catering-dubai,Blog / Guide / Tool,Secondary,iftar at home cost dubai,,keyword-map-md
/blog/iftar-at-home-dubai,True,Blog and Guides,/catering-dubai,Blog / Guide / Tool,Secondary,iftar at home dubai near me,,seo-pages-json
/blog/iftar-at-home-dubai,True,Blog and Guides,/catering-dubai,Blog / Guide / Tool,Secondary,iftar at home dubai offers,,seo-pages-json
/blog/iftar-at-home-dubai,True,Blog and Guides,/catering-dubai,Blog / Guide / Tool,Secondary,iftar at home dubai price,,seo-pages-json
/blog/iftar-at-home-dubai,True,Blog and Guides,/catering-dubai,Blog / Guide / Tool,Secondary,iftar box dubai,,seo-pages-json
/blog/iftar-at-home-dubai,True,Blog and Guides,/catering-dubai,Blog / Guide / Tool,Secondary,iftar ideas at home dubai,,keyword-map-md
/blog/iftar-at-home-dubai,True,Blog and Guides,/catering-dubai,Blog / Guide / Tool,Secondary,iftar meal box,,seo-pages-json
/blog/iftar-at-home-dubai,True,Blog and Guides,/catering-dubai,Blog / Guide / Tool,Secondary,iftar meal box near me,,seo-pages-json
/blog/iftar-at-home-dubai,True,Blog and Guides,/catering-dubai,Blog / Guide / Tool,Secondary,iftar meal distribution dubai,,seo-pages-json
/blog/iftar-at-home-dubai,True,Blog and Guides,/catering-dubai,Blog / Guide / Tool,Secondary,iftar menu at home dubai,,keyword-map-md
/blog/nye-party-catering-dubai,True,Blog and Guides,/catering-dubai,Blog / Guide / Tool,Primary,nye party catering dubai,Transactional / commercial,architecture-500|keyword-map-md|seo-pages-json
/blog/nye-party-catering-dubai,True,Blog and Guides,/catering-dubai,Blog / Guide / Tool,Secondary,bbq at home catering,,seo-pages-json
/blog/nye-party-catering-dubai,True,Blog and Guides,/catering-dubai,Blog / Guide / Tool,Secondary,bbq catering dubai,,seo-pages-json
/blog/nye-party-catering-dubai,True,Blog and Guides,/catering-dubai,Blog / Guide / Tool,Secondary,best nye party catering dubai,,seo-pages-json
/blog/nye-party-catering-dubai,True,Blog and Guides,/catering-dubai,Blog / Guide / Tool,Secondary,catering new years eve,,seo-pages-json
/blog/nye-party-catering-dubai,True,Blog and Guides,/catering-dubai,Blog / Guide / Tool,Secondary,new year catering dubai,,seo-pages-json
/blog/nye-party-catering-dubai,True,Blog and Guides,/catering-dubai,Blog / Guide / Tool,Secondary,new years eve at home dubai,,keyword-map-md
/blog/nye-party-catering-dubai,True,Blog and Guides,/catering-dubai,Blog / Guide / Tool,Secondary,new years eve catering dubai,,seo-pages-json
/blog/nye-party-catering-dubai,True,Blog and Guides,/catering-dubai,Blog / Guide / Tool,Secondary,new years eve dinner at home dubai,,keyword-map-md
/blog/nye-party-catering-dubai,True,Blog and Guides,/catering-dubai,Blog / Guide / Tool,Secondary,new years eve party food ideas dubai,,keyword-map-md
/blog/nye-party-catering-dubai,True,Blog and Guides,/catering-dubai,Blog / Guide / Tool,Secondary,nye party catering cost dubai,,keyword-map-md
/blog/nye-party-catering-dubai,True,Blog and Guides,/catering-dubai,Blog / Guide / Tool,Secondary,nye party catering dubai offers,,seo-pages-json
/blog/nye-party-catering-dubai,True,Blog and Guides,/catering-dubai,Blog / Guide / Tool,Secondary,private chef new years eve dubai,,keyword-map-md
/blog/private-chef-date-night-dubai,True,Blog and Guides,/guides,Blog / Guide / Tool,Primary,private chef date night dubai,Transactional / commercial,architecture-500|keyword-map-md|seo-pages-json
/blog/private-chef-date-night-dubai,True,Blog and Guides,/guides,Blog / Guide / Tool,Secondary,best private chef date night dubai,,seo-pages-json
/blog/private-chef-date-night-dubai,True,Blog and Guides,/guides,Blog / Guide / Tool,Secondary,full time private chef dubai,,seo-pages-json
/blog/private-chef-date-night-dubai,True,Blog and Guides,/guides,Blog / Guide / Tool,Secondary,private chef at home dubai,,seo-pages-json
/blog/private-chef-date-night-dubai,True,Blog and Guides,/guides,Blog / Guide / Tool,Secondary,private chef date night cost dubai,,keyword-map-md
/blog/private-chef-date-night-dubai,True,Blog and Guides,/guides,Blog / Guide / Tool,Secondary,private chef for two dubai,,keyword-map-md
/blog/private-chef-date-night-dubai,True,Blog and Guides,/guides,Blog / Guide / Tool,Secondary,romantic dinner ideas at home dubai,,keyword-map-md
/blog/private-chef-palm-jumeirah-guide,True,Blog and Guides,/guides,Blog / Guide / Tool,Secondary,palm jumeirah villa dining,,seo-pages-json
/blog/private-chef-palm-jumeirah-guide,True,Blog and Guides,/guides,Blog / Guide / Tool,Secondary,private chef palm jumeirah guide,Informational / commercial research,architecture-500
/blog/private-chef-palm-jumeirah-guide,True,Blog and Guides,/guides,Blog / Guide / Tool,Primary,private dining palm jumeirah dubai,,keyword-map-md
/blog/private-chef-palm-jumeirah-guide,True,Blog and Guides,/guides,Blog / Guide / Tool,Secondary,palm jumeirah villa dining menu,,seo-pages-json
/blog/private-chef-vs-restaurant-dubai,True,Blog and Guides,/guides,Blog / Guide / Tool,Primary,private chef vs restaurant dubai,Informational / commercial research,architecture-500|keyword-map-md|seo-pages-json
/blog/private-chef-vs-restaurant-dubai,True,Blog and Guides,/guides,Blog / Guide / Tool,Secondary,chef restaurant dubai,,seo-pages-json
/blog/private-chef-vs-restaurant-dubai,True,Blog and Guides,/guides,Blog / Guide / Tool,Secondary,do private chefs also do the dishes?,,seo-pages-json
/blog/private-chef-vs-restaurant-dubai,True,Blog and Guides,/guides,Blog / Guide / Tool,Secondary,full time private chef dubai,,seo-pages-json
/blog/private-chef-vs-restaurant-dubai,True,Blog and Guides,/guides,Blog / Guide / Tool,Secondary,how much does a private chef cost in dubai?,,seo-pages-json
/blog/private-chef-vs-restaurant-dubai,True,Blog and Guides,/guides,Blog / Guide / Tool,Secondary,private chef vs restaurant cost dubai,,keyword-map-md
/blog/private-chef-vs-restaurant-dubai,True,Blog and Guides,/guides,Blog / Guide / Tool,Secondary,private chef vs restaurant dubai cost,,seo-pages-json
/blog/private-chef-vs-restaurant-dubai,True,Blog and Guides,/guides,Blog / Guide / Tool,Secondary,private chef vs restaurant dubai price,,seo-pages-json
/blog/private-chef-vs-restaurant-dubai,True,Blog and Guides,/guides,Blog / Guide / Tool,Secondary,what is the difference between a chef and a private chef?,,seo-pages-json
/blog/ramadan-iftar-catering-trends-2026,True,Blog and Guides,/catering-dubai,Blog / Guide / Tool,Secondary,iftar catering trends,,seo-pages-json
/blog/ramadan-iftar-catering-trends-2026,True,Blog and Guides,/catering-dubai,Blog / Guide / Tool,Primary,ramadan catering trends dubai 2026,,keyword-map-md
/blog/ramadan-iftar-catering-trends-2026,True,Blog and Guides,/catering-dubai,Blog / Guide / Tool,Secondary,ramadan iftar catering trends 2026,Informational / commercial research,architecture-500
/blog/ramadan-iftar-catering-trends-2026,True,Blog and Guides,/catering-dubai,Blog / Guide / Tool,Secondary,ramadan iftar catering trends dubai,Informational / commercial research,architecture-500
/blog/ramadan-iftar-catering-trends-2026,True,Blog and Guides,/catering-dubai,Blog / Guide / Tool,Secondary,catering for ramadan,,seo-pages-json
/blog/ramadan-iftar-catering-trends-2026,True,Blog and Guides,/catering-dubai,Blog / Guide / Tool,Secondary,christmas catering dubai,,seo-pages-json
/blog/ramadan-iftar-catering-trends-2026,True,Blog and Guides,/catering-dubai,Blog / Guide / Tool,Secondary,how to arrange an iftar party?,,seo-pages-json
/blog/ramadan-iftar-catering-trends-2026,True,Blog and Guides,/catering-dubai,Blog / Guide / Tool,Secondary,iftar catering ideas dubai,,keyword-map-md
/blog/ramadan-iftar-catering-trends-2026,True,Blog and Guides,/catering-dubai,Blog / Guide / Tool,Secondary,iftar catering trends near me,,seo-pages-json
/blog/ramadan-iftar-catering-trends-2026,True,Blog and Guides,/catering-dubai,Blog / Guide / Tool,Secondary,iftar home catering,,seo-pages-json
/blog/ramadan-iftar-catering-trends-2026,True,Blog and Guides,/catering-dubai,Blog / Guide / Tool,Secondary,what are current trends in the catering industry?,,seo-pages-json
/blog/ramadan-iftar-catering-trends-2026,True,Blog and Guides,/catering-dubai,Blog / Guide / Tool,Secondary,what are the event catering trends in 2026?,,seo-pages-json
/blog/ramadan-iftar-catering-trends-2026,True,Blog and Guides,/catering-dubai,Blog / Guide / Tool,Secondary,what is the most popular food for iftar?,,seo-pages-json
/blog/vegan-catering-dubai-guide,True,Blog and Guides,/guides,Blog / Guide / Tool,Secondary,plant based catering dubai,,seo-pages-json
/blog/vegan-catering-dubai-guide,True,Blog and Guides,/guides,Blog / Guide / Tool,Secondary,vegan catering dubai guide,Informational / commercial research,architecture-500
/blog/vegan-catering-dubai-guide,True,Blog and Guides,/guides,Blog / Guide / Tool,Primary,vegan menu ideas dubai,,keyword-map-md
/blog/vegan-catering-dubai-guide,True,Blog and Guides,/guides,Blog / Guide / Tool,Secondary,best plant based catering dubai,,seo-pages-json
/blog/vegan-catering-dubai-guide,True,Blog and Guides,/guides,Blog / Guide / Tool,Secondary,does dubai cater for vegans?,,seo-pages-json
/blog/vegan-catering-dubai-guide,True,Blog and Guides,/guides,Blog / Guide / Tool,Secondary,how much does catering cost in dubai?,,seo-pages-json
/blog/vegan-catering-dubai-guide,True,Blog and Guides,/guides,Blog / Guide / Tool,Secondary,how to cater for vegan guests dubai,,keyword-map-md
/blog/vegan-catering-dubai-guide,True,Blog and Guides,/guides,Blog / Guide / Tool,Secondary,is dubai vegan friendly,,seo-pages-json
/blog/vegan-catering-dubai-guide,True,Blog and Guides,/guides,Blog / Guide / Tool,Secondary,plant based catering dubai near me,,seo-pages-json
/blog/vegan-catering-dubai-guide,True,Blog and Guides,/guides,Blog / Guide / Tool,Secondary,plant based catering dubai price,,seo-pages-json
/blog/vegan-catering-dubai-guide,True,Blog and Guides,/guides,Blog / Guide / Tool,Secondary,plant based catering near me,,seo-pages-json
/blog/vegan-catering-dubai-guide,True,Blog and Guides,/guides,Blog / Guide / Tool,Secondary,plant based restaurant dubai,,seo-pages-json
/blog/vegan-catering-dubai-guide,True,Blog and Guides,/guides,Blog / Guide / Tool,Secondary,vegan party food ideas dubai,,keyword-map-md
/blog/wedding-catering-cost-dubai,True,Blog and Guides,/guides,Blog / Guide / Tool,Primary,wedding catering cost dubai,Informational / commercial research,architecture-500|keyword-map-md|seo-pages-json
/blog/wedding-catering-cost-dubai,True,Blog and Guides,/guides,Blog / Guide / Tool,Secondary,cheap wedding catering cost dubai,,seo-pages-json
/blog/wedding-catering-cost-dubai,True,Blog and Guides,/guides,Blog / Guide / Tool,Secondary,how much does catering cost in dubai?,,seo-pages-json
/blog/wedding-catering-cost-dubai,True,Blog and Guides,/guides,Blog / Guide / Tool,Secondary,how much does the average wedding cost in dubai?,,seo-pages-json
/blog/wedding-catering-cost-dubai,True,Blog and Guides,/guides,Blog / Guide / Tool,Secondary,how much does wedding food cost in dubai,,keyword-map-md
/blog/wedding-catering-cost-dubai,True,Blog and Guides,/guides,Blog / Guide / Tool,Secondary,small wedding catering cost dubai,,seo-pages-json
/blog/wedding-catering-cost-dubai,True,Blog and Guides,/guides,Blog / Guide / Tool,Secondary,wedding catering cost dubai 2026,,keyword-map-md
/blog/wedding-catering-cost-dubai,True,Blog and Guides,/guides,Blog / Guide / Tool,Secondary,wedding catering cost dubai per person,,seo-pages-json
/blog/wedding-catering-cost-dubai,True,Blog and Guides,/guides,Blog / Guide / Tool,Secondary,wedding catering cost for 100 guests dubai,,keyword-map-md
/blog/wedding-catering-cost-dubai,True,Blog and Guides,/guides,Blog / Guide / Tool,Secondary,wedding catering cost per person dubai,,keyword-map-md
/blog/weekly-meal-prep-vs-full-time-chef-dubai,True,Blog and Guides,/guides,Blog / Guide / Tool,Primary,meal prep vs private chef dubai,,keyword-map-md
/blog/weekly-meal-prep-vs-full-time-chef-dubai,True,Blog and Guides,/guides,Blog / Guide / Tool,Secondary,weekly meal prep,,seo-pages-json
/blog/weekly-meal-prep-vs-full-time-chef-dubai,True,Blog and Guides,/guides,Blog / Guide / Tool,Secondary,weekly meal prep vs private chef dubai,Informational / commercial research,architecture-500
/blog/weekly-meal-prep-vs-full-time-chef-dubai,True,Blog and Guides,/guides,Blog / Guide / Tool,Secondary,7-day meal prep for weight loss,,seo-pages-json
/blog/weekly-meal-prep-vs-full-time-chef-dubai,True,Blog and Guides,/guides,Blog / Guide / Tool,Secondary,can meal prep last a week,,seo-pages-json
/blog/weekly-meal-prep-vs-full-time-chef-dubai,True,Blog and Guides,/guides,Blog / Guide / Tool,Secondary,healthy meal prep ideas for the week,,seo-pages-json
/blog/weekly-meal-prep-vs-full-time-chef-dubai,True,Blog and Guides,/guides,Blog / Guide / Tool,Secondary,is a full time private chef worth it dubai,,keyword-map-md
/blog/weekly-meal-prep-vs-full-time-chef-dubai,True,Blog and Guides,/guides,Blog / Guide / Tool,Secondary,is it okay to meal prep for a week?,,seo-pages-json
/blog/weekly-meal-prep-vs-full-time-chef-dubai,True,Blog and Guides,/guides,Blog / Guide / Tool,Secondary,is weekly meal prep healthy,,seo-pages-json
/blog/weekly-meal-prep-vs-full-time-chef-dubai,True,Blog and Guides,/guides,Blog / Guide / Tool,Secondary,lunch meal prep ideas high-protein,,seo-pages-json
/blog/weekly-meal-prep-vs-full-time-chef-dubai,True,Blog and Guides,/guides,Blog / Guide / Tool,Secondary,meal prep ideas for weight loss,,seo-pages-json
/blog/weekly-meal-prep-vs-full-time-chef-dubai,True,Blog and Guides,/guides,Blog / Guide / Tool,Secondary,week meal prep on a budget,,seo-pages-json
/blog/weekly-meal-prep-vs-full-time-chef-dubai,True,Blog and Guides,/guides,Blog / Guide / Tool,Secondary,weekly meal prep app,,seo-pages-json
/blog/weekly-meal-prep-vs-full-time-chef-dubai,True,Blog and Guides,/guides,Blog / Guide / Tool,Secondary,weekly meal prep com,,seo-pages-json
/blog/weekly-meal-prep-vs-full-time-chef-dubai,True,Blog and Guides,/guides,Blog / Guide / Tool,Secondary,weekly meal prep containers,,seo-pages-json
/blog/weekly-meal-prep-vs-full-time-chef-dubai,True,Blog and Guides,/guides,Blog / Guide / Tool,Secondary,weekly meal prep for weight loss,,seo-pages-json
/blog/weekly-meal-prep-vs-full-time-chef-dubai,True,Blog and Guides,/guides,Blog / Guide / Tool,Secondary,weekly meal prep schedule,,seo-pages-json
/blog/weekly-meal-prep-vs-full-time-chef-dubai,True,Blog and Guides,/guides,Blog / Guide / Tool,Secondary,what is a good weekly meal prep?,,seo-pages-json
/blog/weekly-meal-prep-vs-full-time-chef-dubai,True,Blog and Guides,/guides,Blog / Guide / Tool,Secondary,what is a healthy 7 day meal plan?,,seo-pages-json
/blog/weekly-meal-prep-vs-full-time-chef-dubai,True,Blog and Guides,/guides,Blog / Guide / Tool,Secondary,what is the 3 3 3 rule for meal prep?,,seo-pages-json
/blog/weekly-meal-prep-vs-full-time-chef-dubai,True,Blog and Guides,/guides,Blog / Guide / Tool,Secondary,why meal prep is bad,,seo-pages-json
/blog/yacht-party-menu-ideas-dubai,True,Blog and Guides,/guides,Blog / Guide / Tool,Secondary,yacht party menu ideas,,seo-pages-json
/blog/yacht-party-menu-ideas-dubai,True,Blog and Guides,/guides,Blog / Guide / Tool,Primary,yacht party menu ideas dubai,Informational / commercial research,architecture-500|keyword-map-md
/blog/yacht-party-menu-ideas-dubai,True,Blog and Guides,/guides,Blog / Guide / Tool,Secondary,boat party food dubai,,keyword-map-md
/blog/yacht-party-menu-ideas-dubai,True,Blog and Guides,/guides,Blog / Guide / Tool,Secondary,boat party food ideas,,seo-pages-json
/blog/yacht-party-menu-ideas-dubai,True,Blog and Guides,/guides,Blog / Guide / Tool,Secondary,boat party menu ideas,,seo-pages-json
/blog/yacht-party-menu-ideas-dubai,True,Blog and Guides,/guides,Blog / Guide / Tool,Secondary,catering for yacht party,,seo-pages-json
/blog/yacht-party-menu-ideas-dubai,True,Blog and Guides,/guides,Blog / Guide / Tool,Secondary,food to bring on a yacht party,,seo-pages-json
/blog/yacht-party-menu-ideas-dubai,True,Blog and Guides,/guides,Blog / Guide / Tool,Secondary,simple yacht party menu ideas,,seo-pages-json
/blog/yacht-party-menu-ideas-dubai,True,Blog and Guides,/guides,Blog / Guide / Tool,Secondary,what food to bring on a yacht dubai,,keyword-map-md
/blog/yacht-party-menu-ideas-dubai,True,Blog and Guides,/guides,Blog / Guide / Tool,Secondary,what food to bring to a boat party,,seo-pages-json
/blog/yacht-party-menu-ideas-dubai,True,Blog and Guides,/guides,Blog / Guide / Tool,Secondary,what to bring for yacht party,,seo-pages-json
/blog/yacht-party-menu-ideas-dubai,True,Blog and Guides,/guides,Blog / Guide / Tool,Secondary,yacht catering menu,,seo-pages-json
/blog/yacht-party-menu-ideas-dubai,True,Blog and Guides,/guides,Blog / Guide / Tool,Secondary,yacht menu ideas,,seo-pages-json
/blog/yacht-party-menu-ideas-dubai,True,Blog and Guides,/guides,Blog / Guide / Tool,Secondary,yacht party food ideas,,seo-pages-json
/blog/yacht-party-menu-ideas-dubai,True,Blog and Guides,/guides,Blog / Guide / Tool,Secondary,yacht party food ideas dubai,,keyword-map-md
/blog/yacht-party-menu-ideas-dubai,True,Blog and Guides,/guides,Blog / Guide / Tool,Secondary,yacht party food ideas for adults,,seo-pages-json
/blog/yacht-party-menu-ideas-dubai,True,Blog and Guides,/guides,Blog / Guide / Tool,Secondary,yacht party menu ideas for adults,,seo-pages-json
/blog/yacht-party-menu-ideas-dubai,True,Blog and Guides,/guides,Blog / Guide / Tool,Secondary,yacht party theme ideas,,seo-pages-json
/blog/yacht-party-menu-ideas-dubai,True,Blog and Guides,/guides,Blog / Guide / Tool,Secondary,yacht rock party food ideas,,seo-pages-json
/booking-protection-insurance,True,,,,Primary,catering cancellation policy dubai,,keyword-map-md
/booking-protection-insurance,True,,,,Secondary,caterer liability insurance dubai,,keyword-map-md
/booking-protection-insurance,True,,,,Secondary,catering deposit refund dubai,,keyword-map-md
/booking-protection-insurance,True,,,,Secondary,event catering insurance dubai,,keyword-map-md
/booking-protection-insurance,True,,,,Secondary,what happens if my chef cancels dubai,,keyword-map-md
/brand-activation-catering-dubai,True,Corporate Catering,/corporate,Commercial landing page,Primary,brand activation catering dubai,Transactional / commercial,architecture-500|code-locks|keyword-map-md|seo-pages-json
/brand-activation-catering-dubai,True,Corporate Catering,/corporate,Commercial landing page,Secondary,best brand activation catering dubai,,seo-pages-json
/brand-activation-catering-dubai,True,Corporate Catering,/corporate,Commercial landing page,Secondary,brand activation catering company dubai,,keyword-map-md
/brand-activation-catering-dubai,True,Corporate Catering,/corporate,Commercial landing page,Secondary,brand activation catering dubai cost per person,,keyword-map-md
/brand-activation-catering-dubai,True,Corporate Catering,/corporate,Commercial landing page,Secondary,brand activation catering dubai price,,keyword-map-md
/brand-activation-catering-dubai,True,Corporate Catering,/corporate,Commercial landing page,Secondary,brand activation catering menu dubai,,keyword-map-md
/brand-activation-catering-dubai,True,Corporate Catering,/corporate,Commercial landing page,Secondary,brand activation catering packages dubai,,keyword-map-md
/brand-activation-catering-dubai,True,Corporate Catering,/corporate,Commercial landing page,Secondary,brand event catering dubai,Transactional / commercial,architecture-500
/brand-activation-catering-dubai,True,Corporate Catering,/corporate,Commercial landing page,Secondary,pop up catering dubai,,keyword-map-md
/breakfast-catering-dubai,True,Seasonal and Occasions,/catering-dubai,Commercial landing page,Primary,breakfast catering dubai,Transactional / commercial,architecture-500|keyword-map-md|seo-pages-json
/breakfast-catering-dubai,True,Seasonal and Occasions,/catering-dubai,Commercial landing page,Secondary,arabic breakfast catering dubai,,keyword-map-md
/breakfast-catering-dubai,True,Seasonal and Occasions,/catering-dubai,Commercial landing page,Secondary,best breakfast catering dubai,,keyword-map-md|seo-pages-json
/breakfast-catering-dubai,True,Seasonal and Occasions,/catering-dubai,Commercial landing page,Secondary,breakfast buffet catering dubai,,seo-pages-json
/breakfast-catering-dubai,True,Seasonal and Occasions,/catering-dubai,Commercial landing page,Secondary,breakfast catering dubai menu,,seo-pages-json
/breakfast-catering-dubai,True,Seasonal and Occasions,/catering-dubai,Commercial landing page,Secondary,breakfast catering dubai near me,,seo-pages-json
/breakfast-catering-dubai,True,Seasonal and Occasions,/catering-dubai,Commercial landing page,Secondary,breakfast catering dubai price,,keyword-map-md|seo-pages-json
/breakfast-catering-dubai,True,Seasonal and Occasions,/catering-dubai,Commercial landing page,Secondary,breakfast catering menu dubai,,keyword-map-md
/breakfast-catering-dubai,True,Seasonal and Occasions,/catering-dubai,Commercial landing page,Secondary,breakfast catering packages dubai,,keyword-map-md
/breakfast-catering-dubai,True,Seasonal and Occasions,/catering-dubai,Commercial landing page,Secondary,breakfast catering price per person dubai,,keyword-map-md
/breakfast-catering-dubai,True,Seasonal and Occasions,/catering-dubai,Commercial landing page,Secondary,breakfast delivery catering dubai,Transactional / commercial,architecture-500
/breakfast-catering-dubai,True,Seasonal and Occasions,/catering-dubai,Commercial landing page,Secondary,breakfast platters dubai,,seo-pages-json
/breakfast-catering-dubai,True,Seasonal and Occasions,/catering-dubai,Commercial landing page,Secondary,brunch catering dubai,,seo-pages-json
/breakfast-catering-dubai,True,Seasonal and Occasions,/catering-dubai,Commercial landing page,Secondary,cheap breakfast catering dubai,,seo-pages-json
/breakfast-catering-dubai,True,Seasonal and Occasions,/catering-dubai,Commercial landing page,Secondary,finger food catering dubai,,seo-pages-json
/breakfast-catering-dubai,True,Seasonal and Occasions,/catering-dubai,Commercial landing page,Secondary,halal breakfast catering dubai,,keyword-map-md
/breakfast-catering-dubai,True,Seasonal and Occasions,/catering-dubai,Commercial landing page,Secondary,how much is breakfast in dubai,,seo-pages-json
/breakfast-catering-dubai,True,Seasonal and Occasions,/catering-dubai,Commercial landing page,Secondary,lunch catering dubai,,seo-pages-json
/breakfast-catering-dubai,True,Seasonal and Occasions,/catering-dubai,Commercial landing page,Secondary,office breakfast catering dubai,,seo-pages-json
/breakfast-catering-dubai,True,Seasonal and Occasions,/catering-dubai,Commercial landing page,Secondary,small party catering dubai,,seo-pages-json
/brunch-catering-dubai,True,Seasonal and Occasions,/catering-dubai,Commercial landing page,Primary,brunch catering dubai,Transactional / commercial,architecture-500|keyword-map-md|seo-pages-json
/brunch-catering-dubai,True,Seasonal and Occasions,/catering-dubai,Commercial landing page,Secondary,best brunch catering dubai,,keyword-map-md|seo-pages-json
/brunch-catering-dubai,True,Seasonal and Occasions,/catering-dubai,Commercial landing page,Secondary,breakfast catering dubai,,seo-pages-json
/brunch-catering-dubai,True,Seasonal and Occasions,/catering-dubai,Commercial landing page,Secondary,brunch catering dubai price,,keyword-map-md|seo-pages-json
/brunch-catering-dubai,True,Seasonal and Occasions,/catering-dubai,Commercial landing page,Secondary,brunch catering menu dubai,,keyword-map-md
/brunch-catering-dubai,True,Seasonal and Occasions,/catering-dubai,Commercial landing page,Secondary,brunch catering packages dubai,,keyword-map-md
/brunch-catering-dubai,True,Seasonal and Occasions,/catering-dubai,Commercial landing page,Secondary,brunch catering price per person dubai,,keyword-map-md
/brunch-catering-dubai,True,Seasonal and Occasions,/catering-dubai,Commercial landing page,Secondary,cheap brunch catering dubai,,seo-pages-json
/brunch-catering-dubai,True,Seasonal and Occasions,/catering-dubai,Commercial landing page,Secondary,finger food catering dubai,,seo-pages-json
/brunch-catering-dubai,True,Seasonal and Occasions,/catering-dubai,Commercial landing page,Secondary,halal brunch catering dubai,,keyword-map-md
/brunch-catering-dubai,True,Seasonal and Occasions,/catering-dubai,Commercial landing page,Secondary,safadi catering,,seo-pages-json
/brunch-catering-dubai,True,Seasonal and Occasions,/catering-dubai,Commercial landing page,Secondary,sandwich catering dubai,,seo-pages-json
/brunch-catering-dubai,True,Seasonal and Occasions,/catering-dubai,Commercial landing page,Secondary,small party catering dubai,,seo-pages-json
/brunch-catering-dubai,True,Seasonal and Occasions,/catering-dubai,Commercial landing page,Secondary,villa brunch catering dubai,,keyword-map-md
/buffet-catering-dubai,True,Catering,/catering-dubai,Commercial landing page,Primary,buffet catering dubai,Transactional / commercial,architecture-500|keyword-map-md|seo-pages-json
/buffet-catering-dubai,True,Catering,/catering-dubai,Commercial landing page,Secondary,best buffet catering dubai,,keyword-map-md|seo-pages-json
/buffet-catering-dubai,True,Catering,/catering-dubai,Commercial landing page,Secondary,best buffet dinner dubai,,seo-pages-json
/buffet-catering-dubai,True,Catering,/catering-dubai,Commercial landing page,Secondary,best finger food catering dubai,,seo-pages-json
/buffet-catering-dubai,True,Catering,/catering-dubai,Commercial landing page,Secondary,best food catering in dubai,,seo-pages-json
/buffet-catering-dubai,True,Catering,/catering-dubai,Commercial landing page,Secondary,best indian buffet dinner dubai,,seo-pages-json
/buffet-catering-dubai,True,Catering,/catering-dubai,Commercial landing page,Secondary,best indian food catering dubai,,seo-pages-json
/buffet-catering-dubai,True,Catering,/catering-dubai,Commercial landing page,Secondary,best party catering dubai,,seo-pages-json
/buffet-catering-dubai,True,Catering,/catering-dubai,Commercial landing page,Secondary,best small party catering dubai,,seo-pages-json
/buffet-catering-dubai,True,Catering,/catering-dubai,Commercial landing page,Secondary,breakfast buffet catering dubai,,seo-pages-json
/buffet-catering-dubai,True,Catering,/catering-dubai,Commercial landing page,Secondary,buffet catering dubai price,,keyword-map-md
/buffet-catering-dubai,True,Catering,/catering-dubai,Commercial landing page,Secondary,buffet catering menu dubai,,keyword-map-md
/buffet-catering-dubai,True,Catering,/catering-dubai,Commercial landing page,Secondary,buffet catering packages dubai,,keyword-map-md
/buffet-catering-dubai,True,Catering,/catering-dubai,Commercial landing page,Secondary,buffet catering price per person dubai,,keyword-map-md
/buffet-catering-dubai,True,Catering,/catering-dubai,Commercial landing page,Secondary,buffet service dubai,Transactional / commercial,architecture-500
/buffet-catering-dubai,True,Catering,/catering-dubai,Commercial landing page,Secondary,buffet style catering menu ideas,,seo-pages-json
/buffet-catering-dubai,True,Catering,/catering-dubai,Commercial landing page,Secondary,cheap buffet catering dubai,,seo-pages-json
/buffet-catering-dubai,True,Catering,/catering-dubai,Commercial landing page,Secondary,finger food catering dubai,,seo-pages-json
/buffet-catering-dubai,True,Catering,/catering-dubai,Commercial landing page,Secondary,food catering dubai,,seo-pages-json
/buffet-catering-dubai,True,Catering,/catering-dubai,Commercial landing page,Secondary,halal buffet catering dubai,,keyword-map-md
/buffet-catering-dubai,True,Catering,/catering-dubai,Commercial landing page,Secondary,international buffet catering dubai,Transactional / commercial,architecture-500
/buffet-catering-dubai,True,Catering,/catering-dubai,Commercial landing page,Secondary,international buffet dubai,Transactional / commercial,architecture-500
/buffet-catering-dubai,True,Catering,/catering-dubai,Commercial landing page,Secondary,italian catering dubai,,seo-pages-json
/buffet-catering-dubai,True,Catering,/catering-dubai,Commercial landing page,Secondary,lebanese catering dubai,,seo-pages-json
/buffet-catering-dubai,True,Catering,/catering-dubai,Commercial landing page,Secondary,party catering dubai,,seo-pages-json
/buffet-catering-dubai,True,Catering,/catering-dubai,Commercial landing page,Secondary,small party catering dubai,,seo-pages-json
/buffet-catering-dubai,True,Catering,/catering-dubai,Commercial landing page,Secondary,what is buffet catering,,seo-pages-json
/buffet-vs-plated-dubai,True,Blog and Guides,/guides,Blog / Guide / Tool,Secondary,buffet vs plated catering dubai,Informational / commercial research,architecture-500
/buffet-vs-plated-dubai,True,Blog and Guides,/guides,Blog / Guide / Tool,Primary,buffet vs plated dubai,,keyword-map-md|seo-pages-json
/buffet-vs-plated-dubai,True,Blog and Guides,/guides,Blog / Guide / Tool,Secondary,buffet or plated wedding dubai,,keyword-map-md
/buffet-vs-plated-dubai,True,Blog and Guides,/guides,Blog / Guide / Tool,Secondary,buffet vs plated dubai cost,,seo-pages-json
/buffet-vs-plated-dubai,True,Blog and Guides,/guides,Blog / Guide / Tool,Secondary,buffet vs plated service pros and cons,,keyword-map-md
/buffet-vs-plated-dubai,True,Blog and Guides,/guides,Blog / Guide / Tool,Secondary,difference between buffet and plated service,,keyword-map-md
/buffet-vs-plated-dubai,True,Blog and Guides,/guides,Blog / Guide / Tool,Secondary,is buffet or plated dinner better?,,seo-pages-json
/buffet-vs-plated-dubai,True,Blog and Guides,/guides,Blog / Guide / Tool,Secondary,wedding buffet vs plated dubai,Informational / commercial research,architecture-500|seo-pages-json
/buffet-vs-plated-dubai,True,Blog and Guides,/guides,Blog / Guide / Tool,Secondary,what is the difference between a buffet plate and a dinner plate?,,seo-pages-json
/buffet-vs-plated-dubai,True,Blog and Guides,/guides,Blog / Guide / Tool,Secondary,which is better buffet or plated,,keyword-map-md
/buffet-vs-plated-dubai,True,Blog and Guides,/guides,Blog / Guide / Tool,Secondary,"which is better, ala carte or buffet?",,seo-pages-json
/buffet-vs-plated-dubai,True,Blog and Guides,/guides,Blog / Guide / Tool,Secondary,"which is cheaper, buffet or plated?",,seo-pages-json
/business-lunch-catering-dubai,True,Corporate Catering,/catering-packages-dubai,Commercial landing page,Primary,business lunch catering dubai,Transactional / commercial,architecture-500|code-locks|keyword-map-md|seo-pages-json
/business-lunch-catering-dubai,True,Corporate Catering,/catering-packages-dubai,Commercial landing page,Secondary,best business lunch catering dubai,,seo-pages-json
/business-lunch-catering-dubai,True,Corporate Catering,/catering-packages-dubai,Commercial landing page,Secondary,boardroom catering dubai,Transactional / commercial,architecture-500
/business-lunch-catering-dubai,True,Corporate Catering,/catering-packages-dubai,Commercial landing page,Secondary,buffet catering dubai,,seo-pages-json
/business-lunch-catering-dubai,True,Corporate Catering,/catering-packages-dubai,Commercial landing page,Secondary,business lunch catering dubai cost per person,,keyword-map-md
/business-lunch-catering-dubai,True,Corporate Catering,/catering-packages-dubai,Commercial landing page,Secondary,business lunch catering dubai price,,keyword-map-md
/business-lunch-catering-dubai,True,Corporate Catering,/catering-packages-dubai,Commercial landing page,Secondary,business lunch catering ideas,,seo-pages-json
/business-lunch-catering-dubai,True,Corporate Catering,/catering-packages-dubai,Commercial landing page,Secondary,business lunch catering menu dubai,,keyword-map-md
/business-lunch-catering-dubai,True,Corporate Catering,/catering-packages-dubai,Commercial landing page,Secondary,business lunch catering packages dubai,,keyword-map-md
/business-lunch-catering-dubai,True,Corporate Catering,/catering-packages-dubai,Commercial landing page,Secondary,business lunch deals dubai,,seo-pages-json
/business-lunch-catering-dubai,True,Corporate Catering,/catering-packages-dubai,Commercial landing page,Secondary,business lunch delivery dubai,,keyword-map-md
/business-lunch-catering-dubai,True,Corporate Catering,/catering-packages-dubai,Commercial landing page,Secondary,business lunch meaning,,seo-pages-json
/business-lunch-catering-dubai,True,Corporate Catering,/catering-packages-dubai,Commercial landing page,Secondary,business lunches in dubai,,seo-pages-json
/business-lunch-catering-dubai,True,Corporate Catering,/catering-packages-dubai,Commercial landing page,Secondary,catering services dubai,,seo-pages-json
/business-lunch-catering-dubai,True,Corporate Catering,/catering-packages-dubai,Commercial landing page,Secondary,cheap business lunch catering dubai,,seo-pages-json
/business-lunch-catering-dubai,True,Corporate Catering,/catering-packages-dubai,Commercial landing page,Secondary,corporate lunch catering dubai,Transactional / commercial,architecture-500
/business-lunch-catering-dubai,True,Corporate Catering,/catering-packages-dubai,Commercial landing page,Secondary,corporate lunch packages dubai,Transactional / commercial,architecture-500
/business-lunch-catering-dubai,True,Corporate Catering,/catering-packages-dubai,Commercial landing page,Secondary,executive lunch catering dubai,Transactional / commercial,architecture-500
/business-lunch-catering-dubai,True,Corporate Catering,/catering-packages-dubai,Commercial landing page,Secondary,meeting catering dubai,Transactional / commercial,architecture-500
/business-lunch-catering-dubai,True,Corporate Catering,/catering-packages-dubai,Commercial landing page,Secondary,office lunch catering dubai,,seo-pages-json
/business-lunch-catering-dubai,True,Corporate Catering,/catering-packages-dubai,Commercial landing page,Secondary,office lunch delivery dubai,,seo-pages-json
/business-lunch-catering-dubai,True,Corporate Catering,/catering-packages-dubai,Commercial landing page,Secondary,small business lunch catering dubai,,seo-pages-json
/business-lunch-catering-dubai,True,Corporate Catering,/catering-packages-dubai,Commercial landing page,Secondary,small party catering dubai,,seo-pages-json
/business-lunch-catering-dubai,True,Corporate Catering,/catering-packages-dubai,Commercial landing page,Secondary,working lunch catering dubai,,keyword-map-md
/business-lunch-catering-dubai,True,Corporate Catering,/catering-packages-dubai,Commercial landing page,Long-tail,catering for office meeting dubai,Transactional / commercial,architecture-500
/canape-catering-dubai,True,Catering,/catering-dubai,Commercial landing page,Primary,canape catering dubai,Transactional / commercial,architecture-500|keyword-map-md|seo-pages-json
/canape-catering-dubai,True,Catering,/catering-dubai,Commercial landing page,Secondary,best canape catering dubai,,keyword-map-md
/canape-catering-dubai,True,Catering,/catering-dubai,Commercial landing page,Secondary,buffet catering dubai,,seo-pages-json
/canape-catering-dubai,True,Catering,/catering-dubai,Commercial landing page,Secondary,canape catering dubai price,,keyword-map-md
/canape-catering-dubai,True,Catering,/catering-dubai,Commercial landing page,Secondary,canape catering menu dubai,,keyword-map-md
/canape-catering-dubai,True,Catering,/catering-dubai,Commercial landing page,Secondary,canape catering packages dubai,,keyword-map-md
/canape-catering-dubai,True,Catering,/catering-dubai,Commercial landing page,Secondary,canape catering price per person dubai,,keyword-map-md
/canape-catering-dubai,True,Catering,/catering-dubai,Commercial landing page,Secondary,canapes dubai catering,Transactional / commercial,architecture-500
/canape-catering-dubai,True,Catering,/catering-dubai,Commercial landing page,Secondary,finger food catering dubai,,seo-pages-json
/canape-catering-dubai,True,Catering,/catering-dubai,Commercial landing page,Secondary,halal canape catering dubai,,keyword-map-md
/canape-catering-dubai,True,Catering,/catering-dubai,Commercial landing page,Secondary,how many canapes per person,,keyword-map-md
/canape-catering-dubai,True,Catering,/catering-dubai,Commercial landing page,Secondary,small party catering dubai,,seo-pages-json
/case-studies,True,,,,Primary,catering case studies dubai,,keyword-map-md
/case-studies,True,,,,Secondary,dubai event catering examples,,keyword-map-md
/case-studies,True,,,,Secondary,private chef event portfolio dubai,,keyword-map-md
/catering-cost-calculator-dubai,True,Blog and Guides,/catering-dubai,Blog / Guide / Tool,Primary,catering cost calculator dubai,Informational / commercial research,architecture-500|keyword-map-md|seo-pages-json
/catering-cost-calculator-dubai,True,Blog and Guides,/catering-dubai,Blog / Guide / Tool,Secondary,birthday catering cost calculator dubai,,seo-pages-json
/catering-cost-calculator-dubai,True,Blog and Guides,/catering-dubai,Blog / Guide / Tool,Secondary,catering budget calculator dubai,,keyword-map-md
/catering-cost-calculator-dubai,True,Blog and Guides,/catering-dubai,Blog / Guide / Tool,Secondary,estimate catering cost dubai,,keyword-map-md
/catering-cost-calculator-dubai,True,Blog and Guides,/catering-dubai,Blog / Guide / Tool,Secondary,how much catering do i need for 50 guests dubai,,keyword-map-md
/catering-cost-calculator-dubai,True,Blog and Guides,/catering-dubai,Blog / Guide / Tool,Secondary,how much does catering cost in dubai?,,seo-pages-json
/catering-cost-calculator-dubai,True,Blog and Guides,/catering-dubai,Blog / Guide / Tool,Secondary,how much is the average cost of catering?,,seo-pages-json
/catering-cost-calculator-dubai,True,Blog and Guides,/catering-dubai,Blog / Guide / Tool,Secondary,how much will catering cost dubai,,keyword-map-md
/catering-cost-calculator-dubai,True,Blog and Guides,/catering-dubai,Blog / Guide / Tool,Secondary,how much will it cost to feed 40 guests?,,seo-pages-json
/catering-cost-calculator-dubai,True,Blog and Guides,/catering-dubai,Blog / Guide / Tool,Secondary,how to calculate catering per person?,,seo-pages-json
/catering-cost-calculator-dubai,True,Blog and Guides,/catering-dubai,Blog / Guide / Tool,Secondary,small catering cost calculator dubai,,seo-pages-json
/catering-cost-calculator-dubai,True,Blog and Guides,/catering-dubai,Blog / Guide / Tool,Secondary,wedding catering cost calculator dubai,,seo-pages-json
/catering-dubai,True,Catering,/catering-dubai,Commercial landing page,Primary,catering dubai,Transactional / commercial,architecture-500|keyword-map-md|seo-pages-json
/catering-dubai,True,Catering,/catering-dubai,Commercial landing page,Secondary,bespoke catering dubai,Transactional / commercial,architecture-500
/catering-dubai,True,Catering,/catering-dubai,Commercial landing page,Secondary,best catering dubai,Transactional / commercial,architecture-500|seo-pages-json
/catering-dubai,True,Catering,/catering-dubai,Commercial landing page,Secondary,buffet catering dubai,,seo-pages-json
/catering-dubai,True,Catering,/catering-dubai,Commercial landing page,Secondary,catering bbq dubai,,seo-pages-json
/catering-dubai,True,Catering,/catering-dubai,Commercial landing page,Secondary,catering companies dubai,Transactional / commercial,architecture-500
/catering-dubai,True,Catering,/catering-dubai,Commercial landing page,Secondary,catering company dubai,Transactional / commercial,architecture-500|keyword-map-md
/catering-dubai,True,Catering,/catering-dubai,Commercial landing page,Secondary,catering dubai home,,seo-pages-json
/catering-dubai,True,Catering,/catering-dubai,Commercial landing page,Secondary,catering dubai party,,seo-pages-json
/catering-dubai,True,Catering,/catering-dubai,Commercial landing page,Secondary,catering en dubai,,seo-pages-json
/catering-dubai,True,Catering,/catering-dubai,Commercial landing page,Secondary,catering event dubai,,seo-pages-json
/catering-dubai,True,Catering,/catering-dubai,Commercial landing page,Secondary,catering food dubai,,seo-pages-json
/catering-dubai,True,Catering,/catering-dubai,Commercial landing page,Secondary,catering for private events dubai,Transactional / commercial,architecture-500
/catering-dubai,True,Catering,/catering-dubai,Commercial landing page,Secondary,catering near me dubai,Local transactional,architecture-500
/catering-dubai,True,Catering,/catering-dubai,Commercial landing page,Secondary,catering services dubai,Transactional / commercial,architecture-500|keyword-map-md
/catering-dubai,True,Catering,/catering-dubai,Commercial landing page,Secondary,cheap catering dubai,,seo-pages-json
/catering-dubai,True,Catering,/catering-dubai,Commercial landing page,Secondary,dish catering dubai,,seo-pages-json
/catering-dubai,True,Catering,/catering-dubai,Commercial landing page,Secondary,dubai catering food,,seo-pages-json
/catering-dubai,True,Catering,/catering-dubai,Commercial landing page,Secondary,event catering dubai,Transactional / commercial,architecture-500
/catering-dubai,True,Catering,/catering-dubai,Commercial landing page,Secondary,finger food catering dubai,,seo-pages-json
/catering-dubai,True,Catering,/catering-dubai,Commercial landing page,Secondary,food catering dubai,,keyword-map-md|seo-pages-json
/catering-dubai,True,Catering,/catering-dubai,Commercial landing page,Secondary,full service catering dubai,Transactional / commercial,architecture-500
/catering-dubai,True,Catering,/catering-dubai,Commercial landing page,Secondary,home catering dubai,Transactional / commercial,architecture-500|keyword-map-md|seo-pages-json
/catering-dubai,True,Catering,/catering-dubai,Commercial landing page,Secondary,lebanese catering dubai,,seo-pages-json
/catering-dubai,True,Catering,/catering-dubai,Commercial landing page,Secondary,luxury catering dubai,Transactional / commercial,architecture-500
/catering-dubai,True,Catering,/catering-dubai,Commercial landing page,Secondary,outdoor catering dubai,Transactional / commercial,architecture-500
/catering-dubai,True,Catering,/catering-dubai,Commercial landing page,Secondary,premium catering dubai,Transactional / commercial,architecture-500
/catering-dubai,True,Catering,/catering-dubai,Commercial landing page,Secondary,private catering dubai,Transactional / commercial,architecture-500
/catering-dubai,True,Catering,/catering-dubai,Commercial landing page,Secondary,small party catering dubai,,seo-pages-json
/catering-dubai,True,Catering,/catering-dubai,Commercial landing page,Secondary,top catering dubai,,seo-pages-json
/catering-packages-dubai,True,Packages,/catering-packages-dubai,Commercial landing page,Primary,catering packages dubai,Transactional / commercial,architecture-500|keyword-map-md|seo-pages-json
/catering-packages-dubai,True,Packages,/catering-packages-dubai,Commercial landing page,Secondary,all inclusive catering dubai,Transactional / commercial,architecture-500
/catering-packages-dubai,True,Packages,/catering-packages-dubai,Commercial landing page,Secondary,all inclusive catering package dubai,,keyword-map-md
/catering-packages-dubai,True,Packages,/catering-packages-dubai,Commercial landing page,Secondary,bbq catering package dubai,Transactional / commercial,architecture-500
/catering-packages-dubai,True,Packages,/catering-packages-dubai,Commercial landing page,Secondary,best catering in dubai,,seo-pages-json
/catering-packages-dubai,True,Packages,/catering-packages-dubai,Commercial landing page,Secondary,best catering packages dubai,,keyword-map-md|seo-pages-json
/catering-packages-dubai,True,Packages,/catering-packages-dubai,Commercial landing page,Secondary,best catering services dubai,,seo-pages-json
/catering-packages-dubai,True,Packages,/catering-packages-dubai,Commercial landing page,Secondary,best food catering in dubai,,seo-pages-json
/catering-packages-dubai,True,Packages,/catering-packages-dubai,Commercial landing page,Secondary,best indian catering in dubai,,seo-pages-json
/catering-packages-dubai,True,Packages,/catering-packages-dubai,Commercial landing page,Secondary,buffet catering dubai,,seo-pages-json
/catering-packages-dubai,True,Packages,/catering-packages-dubai,Commercial landing page,Secondary,buffet catering package dubai,Transactional / commercial,architecture-500
/catering-packages-dubai,True,Packages,/catering-packages-dubai,Commercial landing page,Secondary,canape package dubai,Transactional / commercial,architecture-500
/catering-packages-dubai,True,Packages,/catering-packages-dubai,Commercial landing page,Secondary,catering deals dubai,Transactional / commercial,architecture-500
/catering-packages-dubai,True,Packages,/catering-packages-dubai,Commercial landing page,Secondary,catering in dubai,,seo-pages-json
/catering-packages-dubai,True,Packages,/catering-packages-dubai,Commercial landing page,Secondary,catering menu dubai,,seo-pages-json
/catering-packages-dubai,True,Packages,/catering-packages-dubai,Commercial landing page,Secondary,catering offers dubai,Transactional / commercial,architecture-500
/catering-packages-dubai,True,Packages,/catering-packages-dubai,Commercial landing page,Secondary,catering package cost per person dubai,,keyword-map-md
/catering-packages-dubai,True,Packages,/catering-packages-dubai,Commercial landing page,Secondary,catering package dubai,Transactional / commercial,architecture-500
/catering-packages-dubai,True,Packages,/catering-packages-dubai,Commercial landing page,Secondary,catering packages dubai price,,keyword-map-md
/catering-packages-dubai,True,Packages,/catering-packages-dubai,Commercial landing page,Secondary,catering services dubai,,seo-pages-json
/catering-packages-dubai,True,Packages,/catering-packages-dubai,Commercial landing page,Secondary,catering services dubai price,,seo-pages-json
/catering-packages-dubai,True,Packages,/catering-packages-dubai,Commercial landing page,Secondary,cheap catering packages dubai,,seo-pages-json
/catering-packages-dubai,True,Packages,/catering-packages-dubai,Commercial landing page,Secondary,event catering packages dubai,Transactional / commercial,architecture-500
/catering-packages-dubai,True,Packages,/catering-packages-dubai,Commercial landing page,Secondary,finger food catering dubai,,seo-pages-json
/catering-packages-dubai,True,Packages,/catering-packages-dubai,Commercial landing page,Secondary,food catering packages dubai,Transactional / commercial,architecture-500
/catering-packages-dubai,True,Packages,/catering-packages-dubai,Commercial landing page,Secondary,halal catering packages dubai,,keyword-map-md
/catering-packages-dubai,True,Packages,/catering-packages-dubai,Commercial landing page,Secondary,how much do catering cost,,seo-pages-json
/catering-packages-dubai,True,Packages,/catering-packages-dubai,Commercial landing page,Secondary,party catering packages dubai,Transactional / commercial,architecture-500
/catering-packages-dubai,True,Packages,/catering-packages-dubai,Commercial landing page,Secondary,party package with food dubai,Transactional / commercial,architecture-500
/catering-packages-dubai,True,Packages,/catering-packages-dubai,Commercial landing page,Secondary,small catering packages dubai,,seo-pages-json
/catering-packages-dubai,True,Packages,/catering-packages-dubai,Commercial landing page,Secondary,small party catering dubai,,seo-pages-json
/catering-packages-dubai,True,Packages,/catering-packages-dubai,Commercial landing page,Secondary,top catering in dubai,,seo-pages-json
/catering-packages-dubai,True,Packages,/catering-packages-dubai,Commercial landing page,Secondary,villa catering package dubai,Transactional / commercial,architecture-500
/catering-packages-dubai,True,Packages,/catering-packages-dubai,Commercial landing page,Secondary,wedding packages dubai,,seo-pages-json
/catering-packages-dubai,True,Packages,/catering-packages-dubai,Commercial landing page,Secondary,wedding packages dubai hotels,,seo-pages-json
/catering-packages-dubai,True,Packages,/catering-packages-dubai,Commercial landing page,Long-tail,affordable catering packages dubai,Transactional / commercial,architecture-500
/catering-packages-dubai,True,Packages,/catering-packages-dubai,Commercial landing page,Long-tail,catering package per person dubai,Transactional / commercial,architecture-500
/chef-training-academy,True,,,,Secondary,chef training academy catering dubai,,seo-pages-json
/chef-training-academy,True,,,,Primary,chef training dubai,,keyword-map-md
/chef-training-academy,True,,,,Secondary,chef apprenticeship dubai,,keyword-map-md
/chef-training-academy,True,,,,Secondary,chef training courses dubai,,keyword-map-md
/chef-training-academy,True,,,,Secondary,culinary academy dubai,,keyword-map-md
/chef-training-academy,True,,,,Secondary,culinary training dubai,,keyword-map-md
/chef-training-academy,True,,,,Secondary,private chef academy dubai,,keyword-map-md
/chefs-table-dubai,True,Dining Experiences,/luxury-dining-experiences,Commercial landing page,Secondary,chefs table catering dubai,,seo-pages-json
/chefs-table-dubai,True,Dining Experiences,/luxury-dining-experiences,Commercial landing page,Primary,chefs table dubai,Transactional / commercial,architecture-500|keyword-map-md
/chefs-table-dubai,True,Dining Experiences,/luxury-dining-experiences,Commercial landing page,Secondary,chef table experience dubai,Transactional / commercial,architecture-500
/chefs-table-dubai,True,Dining Experiences,/luxury-dining-experiences,Commercial landing page,Secondary,chefs table packages dubai,,keyword-map-md
/chefs-table-dubai,True,Dining Experiences,/luxury-dining-experiences,Commercial landing page,Secondary,halal chefs table dubai,,keyword-map-md
/chefs-table-dubai,True,Dining Experiences,/luxury-dining-experiences,Commercial landing page,Secondary,private chefs table dubai,Transactional / commercial,architecture-500
/chefs-table-dubai,True,Dining Experiences,/luxury-dining-experiences,Commercial landing page,Secondary,private chefs table dubai price,,keyword-map-md
/chefs-table-dubai,True,Dining Experiences,/luxury-dining-experiences,Commercial landing page,Secondary,private chefs table price per person dubai,,keyword-map-md
/chefs/layla-middle-eastern-chef,True,,,,Primary,arabic private chef dubai,,keyword-map-md
/chefs/layla-middle-eastern-chef,True,,,,Secondary,arabic chef for home dinner dubai,,keyword-map-md
/chefs/layla-middle-eastern-chef,True,,,,Secondary,middle eastern private chef dubai,,keyword-map-md
/chefs/layla-middle-eastern-chef,True,,,,Secondary,private chef arabic food dubai,,keyword-map-md
/chefs/marco-italian-chef,True,,,,Primary,italian private chef dubai,,keyword-map-md
/chefs/marco-italian-chef,True,,,,Secondary,italian chef at home dubai,,keyword-map-md
/chefs/marco-italian-chef,True,,,,Secondary,italian chef for dinner party dubai,,keyword-map-md
/chefs/marco-italian-chef,True,,,,Secondary,private chef italian food dubai,,keyword-map-md
/chefs/matteo-pastry-chef,True,,,,Primary,private pastry chef dubai,,assigned-2026-08-25
/chefs/matteo-pastry-chef,True,,,,Proposed,dessert chef dubai,,assigned-2026-08-25
/chefs/matteo-pastry-chef,True,,,,Proposed,pastry chef for events dubai,,assigned-2026-08-25
/chefs/sofia-pastry-chef,False,,,,Primary,private pastry chef dubai,,keyword-map-md
/chefs/sofia-pastry-chef,False,,,,Secondary,dessert chef for private event dubai,,keyword-map-md
/chefs/sofia-pastry-chef,False,,,,Secondary,hire a pastry chef dubai,,keyword-map-md
/chinese-new-year-catering-dubai,True,Private Events,/events,Commercial landing page,Primary,chinese new year catering dubai,Transactional / commercial,architecture-500|keyword-map-md|seo-pages-json
/chinese-new-year-catering-dubai,True,Private Events,/events,Commercial landing page,Secondary,affordable chinese restaurant in dubai,,seo-pages-json
/chinese-new-year-catering-dubai,True,Private Events,/events,Commercial landing page,Secondary,best chinese new year catering dubai,,keyword-map-md|seo-pages-json
/chinese-new-year-catering-dubai,True,Private Events,/events,Commercial landing page,Secondary,chinese new year activities in dubai,,seo-pages-json
/chinese-new-year-catering-dubai,True,Private Events,/events,Commercial landing page,Secondary,chinese new year catering cost per person dubai,,keyword-map-md
/chinese-new-year-catering-dubai,True,Private Events,/events,Commercial landing page,Secondary,chinese new year catering dubai buffet,,seo-pages-json
/chinese-new-year-catering-dubai,True,Private Events,/events,Commercial landing page,Secondary,chinese new year catering dubai price,,keyword-map-md|seo-pages-json
/chinese-new-year-catering-dubai,True,Private Events,/events,Commercial landing page,Secondary,chinese new year catering menu dubai,,keyword-map-md
/chinese-new-year-catering-dubai,True,Private Events,/events,Commercial landing page,Secondary,chinese new year catering packages dubai,,keyword-map-md
/chinese-new-year-catering-dubai,True,Private Events,/events,Commercial landing page,Secondary,chinese new year dinner at home dubai,,keyword-map-md
/chinese-new-year-catering-dubai,True,Private Events,/events,Commercial landing page,Secondary,chinese new year dubai 2026,,seo-pages-json
/chinese-new-year-catering-dubai,True,Private Events,/events,Commercial landing page,Secondary,chinese new year dubai fireworks,,seo-pages-json
/chinese-new-year-catering-dubai,True,Private Events,/events,Commercial landing page,Secondary,chinese new year restaurant dubai,,seo-pages-json
/chinese-new-year-catering-dubai,True,Private Events,/events,Commercial landing page,Secondary,chinese new year set menu dubai,,keyword-map-md
/chinese-new-year-catering-dubai,True,Private Events,/events,Commercial landing page,Secondary,global village chinese new year,,seo-pages-json
/chinese-new-year-catering-dubai,True,Private Events,/events,Commercial landing page,Secondary,halal chinese new year catering dubai,,keyword-map-md
/christmas-catering-dubai,True,Packages,/catering-dubai,Commercial landing page,Primary,christmas catering dubai,Transactional / commercial,architecture-500|keyword-map-md|seo-pages-json
/christmas-catering-dubai,True,Packages,/catering-dubai,Commercial landing page,Secondary,best christmas catering dubai,,keyword-map-md|seo-pages-json
/christmas-catering-dubai,True,Packages,/catering-dubai,Commercial landing page,Secondary,cheap christmas catering dubai,,seo-pages-json
/christmas-catering-dubai,True,Packages,/catering-dubai,Commercial landing page,Secondary,christmas buffet catering dubai,Transactional / commercial,architecture-500
/christmas-catering-dubai,True,Packages,/catering-dubai,Commercial landing page,Secondary,christmas catering cost per person dubai,,keyword-map-md
/christmas-catering-dubai,True,Packages,/catering-dubai,Commercial landing page,Secondary,christmas catering dubai packages,,seo-pages-json
/christmas-catering-dubai,True,Packages,/catering-dubai,Commercial landing page,Secondary,christmas catering dubai price,,keyword-map-md
/christmas-catering-dubai,True,Packages,/catering-dubai,Commercial landing page,Secondary,christmas catering menu dubai,,keyword-map-md
/christmas-catering-dubai,True,Packages,/catering-dubai,Commercial landing page,Secondary,christmas catering packages dubai,Transactional / commercial,architecture-500|keyword-map-md
/christmas-catering-dubai,True,Packages,/catering-dubai,Commercial landing page,Secondary,christmas day catering dubai,,seo-pages-json
/christmas-catering-dubai,True,Packages,/catering-dubai,Commercial landing page,Secondary,christmas dinner catering dubai,Transactional / commercial,architecture-500|keyword-map-md|seo-pages-json
/christmas-catering-dubai,True,Packages,/catering-dubai,Commercial landing page,Secondary,christmas dinner delivery dubai,,seo-pages-json
/christmas-catering-dubai,True,Packages,/catering-dubai,Commercial landing page,Secondary,christmas lunch catering dubai,Transactional / commercial,architecture-500|seo-pages-json
/christmas-catering-dubai,True,Packages,/catering-dubai,Commercial landing page,Secondary,christmas meals dubai,,seo-pages-json
/christmas-catering-dubai,True,Packages,/catering-dubai,Commercial landing page,Secondary,christmas party catering dubai,Transactional / commercial,architecture-500|seo-pages-json
/christmas-catering-dubai,True,Packages,/catering-dubai,Commercial landing page,Secondary,christmas turkey catering dubai,,keyword-map-md
/christmas-catering-dubai,True,Packages,/catering-dubai,Commercial landing page,Secondary,festive catering,,seo-pages-json
/christmas-catering-dubai,True,Packages,/catering-dubai,Commercial landing page,Secondary,halal christmas catering dubai,,keyword-map-md
/christmas-catering-dubai,True,Packages,/catering-dubai,Commercial landing page,Secondary,home catering dubai,,seo-pages-json
/christmas-catering-dubai,True,Packages,/catering-dubai,Commercial landing page,Secondary,how much does a full christmas dinner cost?,,seo-pages-json
/christmas-catering-dubai,True,Packages,/catering-dubai,Commercial landing page,Secondary,how much does catering cost in dubai?,,seo-pages-json
/christmas-catering-dubai,True,Packages,/catering-dubai,Commercial landing page,Secondary,where is the best place to celebrate christmas in dubai?,,seo-pages-json
/christmas-catering-dubai,True,Packages,/catering-dubai,Commercial landing page,Secondary,where to eat on christmas day in dubai?,,seo-pages-json
/cocktail-party-catering-dubai,True,Catering,/catering-dubai,Commercial landing page,Primary,cocktail party catering dubai,Transactional / commercial,architecture-500|keyword-map-md|seo-pages-json
/cocktail-party-catering-dubai,True,Catering,/catering-dubai,Commercial landing page,Secondary,best cocktail party catering dubai,,keyword-map-md|seo-pages-json
/cocktail-party-catering-dubai,True,Catering,/catering-dubai,Commercial landing page,Secondary,cocktail party catering dubai price,,keyword-map-md|seo-pages-json
/cocktail-party-catering-dubai,True,Catering,/catering-dubai,Commercial landing page,Secondary,cocktail party catering menu dubai,,keyword-map-md
/cocktail-party-catering-dubai,True,Catering,/catering-dubai,Commercial landing page,Secondary,cocktail party catering packages dubai,,keyword-map-md
/cocktail-party-catering-dubai,True,Catering,/catering-dubai,Commercial landing page,Secondary,cocktail party catering price per person dubai,,keyword-map-md
/cocktail-party-catering-dubai,True,Catering,/catering-dubai,Commercial landing page,Secondary,cocktail reception catering dubai,Transactional / commercial,architecture-500|keyword-map-md
/cocktail-party-catering-dubai,True,Catering,/catering-dubai,Commercial landing page,Secondary,small cocktail party catering dubai,,seo-pages-json
/coffee-tea-service-dubai,True,Catering,/catering-dubai,Commercial landing page,Secondary,coffee and tea service dubai,Transactional / commercial,architecture-500
/coffee-tea-service-dubai,True,Catering,/catering-dubai,Commercial landing page,Secondary,coffee tea service catering dubai,,seo-pages-json
/coffee-tea-service-dubai,True,Catering,/catering-dubai,Commercial landing page,Primary,coffee tea service dubai,,keyword-map-md
/coffee-tea-service-dubai,True,Catering,/catering-dubai,Commercial landing page,Secondary,barista hire dubai,,keyword-map-md
/coffee-tea-service-dubai,True,Catering,/catering-dubai,Commercial landing page,Secondary,best coffee tea service catering dubai,,seo-pages-json
/coffee-tea-service-dubai,True,Catering,/catering-dubai,Commercial landing page,Secondary,coffee and tea catering dubai price,,keyword-map-md
/coffee-tea-service-dubai,True,Catering,/catering-dubai,Commercial landing page,Secondary,coffee cart dubai,,seo-pages-json
/coffee-tea-service-dubai,True,Catering,/catering-dubai,Commercial landing page,Secondary,coffee cart hire dubai,,keyword-map-md
/coffee-tea-service-dubai,True,Catering,/catering-dubai,Commercial landing page,Secondary,coffee catering dubai,Transactional / commercial,architecture-500|seo-pages-json
/coffee-tea-service-dubai,True,Catering,/catering-dubai,Commercial landing page,Secondary,coffee catering for events,,seo-pages-json
/coffee-tea-service-dubai,True,Catering,/catering-dubai,Commercial landing page,Secondary,coffee tea service catering dubai menu,,seo-pages-json
/coffee-tea-service-dubai,True,Catering,/catering-dubai,Commercial landing page,Secondary,coffee tea service catering dubai near me,,seo-pages-json
/coffee-tea-service-dubai,True,Catering,/catering-dubai,Commercial landing page,Secondary,coffee tea service catering dubai price,,seo-pages-json
/coffee-tea-service-dubai,True,Catering,/catering-dubai,Commercial landing page,Secondary,gahwa service dubai,,keyword-map-md
/conference-catering-dubai,True,Corporate Catering,/corporate,Commercial landing page,Primary,conference catering dubai,Transactional / commercial,architecture-500|code-locks|keyword-map-md|seo-pages-json
/conference-catering-dubai,True,Corporate Catering,/corporate,Commercial landing page,Secondary,buffet catering dubai,,seo-pages-json
/conference-catering-dubai,True,Corporate Catering,/corporate,Commercial landing page,Secondary,conference catering companies dubai,,keyword-map-md
/conference-catering-dubai,True,Corporate Catering,/corporate,Commercial landing page,Secondary,conference catering dubai address,,seo-pages-json
/conference-catering-dubai,True,Corporate Catering,/corporate,Commercial landing page,Secondary,conference catering dubai contact number,,seo-pages-json
/conference-catering-dubai,True,Corporate Catering,/corporate,Commercial landing page,Secondary,conference catering dubai cost per person,,keyword-map-md
/conference-catering-dubai,True,Corporate Catering,/corporate,Commercial landing page,Secondary,conference catering dubai price,,keyword-map-md
/conference-catering-dubai,True,Corporate Catering,/corporate,Commercial landing page,Secondary,conference catering dubai reviews,,seo-pages-json
/conference-catering-dubai,True,Corporate Catering,/corporate,Commercial landing page,Secondary,conference catering menu dubai,,keyword-map-md
/conference-catering-dubai,True,Corporate Catering,/corporate,Commercial landing page,Secondary,conference catering packages dubai,,keyword-map-md
/conference-catering-dubai,True,Corporate Catering,/corporate,Commercial landing page,Secondary,conference food catering dubai,Transactional / commercial,architecture-500
/conference-catering-dubai,True,Corporate Catering,/corporate,Commercial landing page,Secondary,conference lunch catering dubai,,keyword-map-md
/conference-catering-dubai,True,Corporate Catering,/corporate,Commercial landing page,Secondary,event catering dubai,,seo-pages-json
/conference-catering-dubai,True,Corporate Catering,/corporate,Commercial landing page,Secondary,home catering dubai,,seo-pages-json
/conference-catering-dubai,True,Corporate Catering,/corporate,Commercial landing page,Secondary,small party catering dubai,,seo-pages-json
/corporate,True,Corporate Catering,/corporate,Commercial landing page,Primary,corporate catering dubai,Transactional / commercial,architecture-500|code-locks|keyword-map-md|seo-pages-json
/corporate,True,Corporate Catering,/corporate,Commercial landing page,Secondary,best corporate catering dubai,,seo-pages-json
/corporate,True,Corporate Catering,/corporate,Commercial landing page,Secondary,boardroom catering dubai,,keyword-map-md
/corporate,True,Corporate Catering,/corporate,Commercial landing page,Secondary,buffet catering dubai,,seo-pages-json
/corporate,True,Corporate Catering,/corporate,Commercial landing page,Secondary,business catering dubai,Transactional / commercial,architecture-500
/corporate,True,Corporate Catering,/corporate,Commercial landing page,Secondary,catering business dubai,,seo-pages-json
/corporate,True,Corporate Catering,/corporate,Commercial landing page,Secondary,catering company dubai,,seo-pages-json
/corporate,True,Corporate Catering,/corporate,Commercial landing page,Secondary,catering company dubai uae,,seo-pages-json
/corporate,True,Corporate Catering,/corporate,Commercial landing page,Secondary,company catering dubai,Transactional / commercial,architecture-500
/corporate,True,Corporate Catering,/corporate,Commercial landing page,Secondary,company lunch catering dubai,,keyword-map-md
/corporate,True,Corporate Catering,/corporate,Commercial landing page,Secondary,corporate breakfast catering dubai,Transactional / commercial,architecture-500
/corporate,True,Corporate Catering,/corporate,Commercial landing page,Secondary,corporate buffet catering dubai,Transactional / commercial,architecture-500
/corporate,True,Corporate Catering,/corporate,Commercial landing page,Secondary,corporate canape catering dubai,Transactional / commercial,architecture-500
/corporate,True,Corporate Catering,/corporate,Commercial landing page,Secondary,corporate catering companies dubai,,keyword-map-md
/corporate,True,Corporate Catering,/corporate,Commercial landing page,Secondary,corporate catering companies in dubai,,seo-pages-json
/corporate,True,Corporate Catering,/corporate,Commercial landing page,Secondary,corporate catering dubai contact number,,seo-pages-json
/corporate,True,Corporate Catering,/corporate,Commercial landing page,Secondary,corporate catering dubai reviews,,seo-pages-json
/corporate,True,Corporate Catering,/corporate,Commercial landing page,Secondary,corporate catering price per head dubai,,keyword-map-md
/corporate,True,Corporate Catering,/corporate,Commercial landing page,Secondary,corporate catering services dubai,Transactional / commercial,architecture-500|keyword-map-md|seo-pages-json
/corporate,True,Corporate Catering,/corporate,Commercial landing page,Secondary,corporate hospitality catering dubai,Transactional / commercial,architecture-500
/corporate,True,Corporate Catering,/corporate,Commercial landing page,Secondary,small corporate catering dubai,,seo-pages-json
/corporate,True,Corporate Catering,/corporate,Commercial landing page,Secondary,small party catering dubai,,seo-pages-json
/corporate,True,Corporate Catering,/corporate,Commercial landing page,Secondary,vip corporate catering dubai,Transactional / commercial,architecture-500
/corporate-catering-checklist-dubai,True,Blog and Guides,/guides,Commercial landing page,Primary,corporate catering checklist dubai,Informational / commercial research,architecture-500|keyword-map-md
/corporate-catering-checklist-dubai,True,Blog and Guides,/guides,Commercial landing page,Secondary,corporate event catering checklist,,keyword-map-md
/corporate-catering-checklist-dubai,True,Blog and Guides,/guides,Commercial landing page,Secondary,how to plan corporate catering dubai,,keyword-map-md
/corporate-catering-checklist-dubai,True,Blog and Guides,/guides,Commercial landing page,Secondary,what to ask a corporate caterer dubai,,keyword-map-md
/corporate-dinner-package-dubai,True,Corporate Catering,/catering-packages-dubai,Commercial landing page,Secondary,corporate dinner package catering dubai,,seo-pages-json
/corporate-dinner-package-dubai,True,Corporate Catering,/catering-packages-dubai,Commercial landing page,Primary,corporate dinner package dubai,Transactional / commercial,architecture-500|code-locks|keyword-map-md
/corporate-dinner-package-dubai,True,Corporate Catering,/catering-packages-dubai,Commercial landing page,Secondary,best corporate dinner package catering dubai,,seo-pages-json
/corporate-dinner-package-dubai,True,Corporate Catering,/catering-packages-dubai,Commercial landing page,Secondary,buffet catering dubai,,seo-pages-json
/corporate-dinner-package-dubai,True,Corporate Catering,/catering-packages-dubai,Commercial landing page,Secondary,business dinner package dubai,Transactional / commercial,architecture-500
/corporate-dinner-package-dubai,True,Corporate Catering,/catering-packages-dubai,Commercial landing page,Secondary,company dinner package dubai,Transactional / commercial,architecture-500
/corporate-dinner-package-dubai,True,Corporate Catering,/catering-packages-dubai,Commercial landing page,Secondary,corporate catering package dubai,Transactional / commercial,architecture-500
/corporate-dinner-package-dubai,True,Corporate Catering,/catering-packages-dubai,Commercial landing page,Secondary,corporate catering packages dubai,Transactional / commercial,architecture-500
/corporate-dinner-package-dubai,True,Corporate Catering,/catering-packages-dubai,Commercial landing page,Secondary,corporate dinner package catering dubai menu,,seo-pages-json
/corporate-dinner-package-dubai,True,Corporate Catering,/catering-packages-dubai,Commercial landing page,Secondary,corporate dinner package catering dubai reviews,,seo-pages-json
/corporate-dinner-package-dubai,True,Corporate Catering,/catering-packages-dubai,Commercial landing page,Secondary,corporate dinner package dubai cost per person,,keyword-map-md
/corporate-dinner-package-dubai,True,Corporate Catering,/catering-packages-dubai,Commercial landing page,Secondary,corporate dinner package dubai price,,keyword-map-md
/corporate-dinner-package-dubai,True,Corporate Catering,/catering-packages-dubai,Commercial landing page,Secondary,corporate dinner package menu dubai,,keyword-map-md
/corporate-dinner-package-dubai,True,Corporate Catering,/catering-packages-dubai,Commercial landing page,Secondary,office dinner catering package dubai,Transactional / commercial,architecture-500
/corporate-dinner-package-dubai,True,Corporate Catering,/catering-packages-dubai,Commercial landing page,Secondary,private chef corporate dinner dubai,,keyword-map-md
/corporate-dinner-package-dubai,True,Corporate Catering,/catering-packages-dubai,Commercial landing page,Secondary,small party catering dubai,,seo-pages-json
/corporate-dinner-package-dubai,True,Corporate Catering,/catering-packages-dubai,Commercial landing page,Secondary,team dinner catering dubai,,keyword-map-md
/corporate-event-catering-dubai,True,Corporate Catering,/corporate,Commercial landing page,Primary,corporate event catering dubai,Transactional / commercial,architecture-500|code-locks|keyword-map-md|seo-pages-json
/corporate-event-catering-dubai,True,Corporate Catering,/corporate,Commercial landing page,Secondary,annual company party catering dubai,,code-locks
/corporate-event-catering-dubai,True,Corporate Catering,/corporate,Commercial landing page,Secondary,awards night catering dubai,,code-locks
/corporate-event-catering-dubai,True,Corporate Catering,/corporate,Commercial landing page,Secondary,best corporate event catering dubai,,keyword-map-md|seo-pages-json
/corporate-event-catering-dubai,True,Corporate Catering,/corporate,Commercial landing page,Secondary,buffet catering dubai,,seo-pages-json
/corporate-event-catering-dubai,True,Corporate Catering,/corporate,Commercial landing page,Secondary,business event catering dubai,Transactional / commercial,architecture-500|code-locks
/corporate-event-catering-dubai,True,Corporate Catering,/corporate,Commercial landing page,Secondary,catering services dubai,,seo-pages-json
/corporate-event-catering-dubai,True,Corporate Catering,/corporate,Commercial landing page,Secondary,client dinner catering dubai,Transactional / commercial,architecture-500
/corporate-event-catering-dubai,True,Corporate Catering,/corporate,Commercial landing page,Secondary,company event catering dubai,Transactional / commercial,architecture-500|code-locks
/corporate-event-catering-dubai,True,Corporate Catering,/corporate,Commercial landing page,Secondary,company party catering dubai,,code-locks
/corporate-event-catering-dubai,True,Corporate Catering,/corporate,Commercial landing page,Secondary,corporate buffet catering dubai,,code-locks
/corporate-event-catering-dubai,True,Corporate Catering,/corporate,Commercial landing page,Secondary,corporate canape catering dubai,,code-locks
/corporate-event-catering-dubai,True,Corporate Catering,/corporate,Commercial landing page,Secondary,corporate event caterers dubai,,code-locks
/corporate-event-catering-dubai,True,Corporate Catering,/corporate,Commercial landing page,Secondary,corporate event catering cost dubai,,code-locks
/corporate-event-catering-dubai,True,Corporate Catering,/corporate,Commercial landing page,Secondary,corporate event catering dubai cost per person,,keyword-map-md
/corporate-event-catering-dubai,True,Corporate Catering,/corporate,Commercial landing page,Secondary,corporate event catering dubai price,,keyword-map-md
/corporate-event-catering-dubai,True,Corporate Catering,/corporate,Commercial landing page,Secondary,corporate event catering dubai reviews,,seo-pages-json
/corporate-event-catering-dubai,True,Corporate Catering,/corporate,Commercial landing page,Secondary,corporate event catering menu dubai,,keyword-map-md
/corporate-event-catering-dubai,True,Corporate Catering,/corporate,Commercial landing page,Secondary,corporate event catering packages dubai,,code-locks|keyword-map-md
/corporate-event-catering-dubai,True,Corporate Catering,/corporate,Commercial landing page,Secondary,corporate event catering services dubai,,code-locks
/corporate-event-catering-dubai,True,Corporate Catering,/corporate,Commercial landing page,Secondary,corporate function catering dubai,,code-locks
/corporate-event-catering-dubai,True,Corporate Catering,/corporate,Commercial landing page,Secondary,corporate holiday party catering dubai,,code-locks
/corporate-event-catering-dubai,True,Corporate Catering,/corporate,Commercial landing page,Secondary,corporate party catering dubai,,code-locks
/corporate-event-catering-dubai,True,Corporate Catering,/corporate,Commercial landing page,Secondary,employee party catering dubai,,code-locks
/corporate-event-catering-dubai,True,Corporate Catering,/corporate,Commercial landing page,Secondary,halal corporate event catering dubai,,code-locks|keyword-map-md
/corporate-event-catering-dubai,True,Corporate Catering,/corporate,Commercial landing page,Secondary,how much does catering cost in dubai?,,seo-pages-json
/corporate-event-catering-dubai,True,Corporate Catering,/corporate,Commercial landing page,Secondary,how much will it cost to feed 40 guests?,,seo-pages-json
/corporate-event-catering-dubai,True,Corporate Catering,/corporate,Commercial landing page,Secondary,networking event catering dubai,,code-locks
/corporate-event-catering-dubai,True,Corporate Catering,/corporate,Commercial landing page,Secondary,office christmas party catering dubai,,code-locks
/corporate-event-catering-dubai,True,Corporate Catering,/corporate,Commercial landing page,Secondary,office party catering dubai,,code-locks
/corporate-event-catering-dubai,True,Corporate Catering,/corporate,Commercial landing page,Secondary,small corporate event catering dubai,,seo-pages-json
/corporate-event-catering-dubai,True,Corporate Catering,/corporate,Commercial landing page,Secondary,small party catering dubai,,seo-pages-json
/corporate-event-catering-dubai,True,Corporate Catering,/corporate,Commercial landing page,Secondary,staff party catering dubai,,code-locks
/corporate-event-catering-dubai,True,Corporate Catering,/corporate,Commercial landing page,Secondary,what kind of events can i run as a catering company?,,seo-pages-json
/corporate-event-catering-dubai,True,Corporate Catering,/corporate,Commercial landing page,Long-tail,catering for company event dubai,Transactional / commercial,architecture-500
/corporate-meal-prep-dubai,True,Corporate Catering,/corporate,Commercial landing page,Secondary,corporate meal prep catering dubai,,seo-pages-json
/corporate-meal-prep-dubai,True,Corporate Catering,/corporate,Commercial landing page,Primary,corporate meal prep dubai,Transactional / commercial,architecture-500|code-locks|keyword-map-md
/corporate-meal-prep-dubai,True,Corporate Catering,/corporate,Commercial landing page,Secondary,best corporate meal prep catering dubai,,seo-pages-json
/corporate-meal-prep-dubai,True,Corporate Catering,/corporate,Commercial landing page,Secondary,best meal plans dubai,,seo-pages-json
/corporate-meal-prep-dubai,True,Corporate Catering,/corporate,Commercial landing page,Secondary,corporate meal prep catering dubai reviews,,seo-pages-json
/corporate-meal-prep-dubai,True,Corporate Catering,/corporate,Commercial landing page,Secondary,corporate meal prep dubai price,,keyword-map-md
/corporate-meal-prep-dubai,True,Corporate Catering,/corporate,Commercial landing page,Secondary,corporate meal prep dubai price per meal,,keyword-map-md
/corporate-meal-prep-dubai,True,Corporate Catering,/corporate,Commercial landing page,Secondary,corporate meal prep menu dubai,,keyword-map-md
/corporate-meal-prep-dubai,True,Corporate Catering,/corporate,Commercial landing page,Secondary,corporate meal prep packages dubai,,keyword-map-md
/corporate-meal-prep-dubai,True,Corporate Catering,/corporate,Commercial landing page,Secondary,employee meal plan dubai,,keyword-map-md
/corporate-meal-prep-dubai,True,Corporate Catering,/corporate,Commercial landing page,Secondary,employee meal prep dubai,Transactional / commercial,architecture-500
/corporate-meal-prep-dubai,True,Corporate Catering,/corporate,Commercial landing page,Secondary,meal plans dubai,,seo-pages-json
/corporate-retainer-dubai,True,Corporate Catering,/corporate,Commercial landing page,Secondary,corporate catering contract dubai,,keyword-map-md
/corporate-retainer-dubai,True,Corporate Catering,/corporate,Commercial landing page,Primary,corporate catering retainer dubai,,code-locks
/corporate-retainer-dubai,True,Corporate Catering,/corporate,Commercial landing page,Secondary,corporate retainer catering dubai,Transactional / commercial,architecture-500|seo-pages-json
/corporate-retainer-dubai,True,Corporate Catering,/corporate,Commercial landing page,Secondary,catering services company in dubai,,seo-pages-json
/corporate-retainer-dubai,True,Corporate Catering,/corporate,Commercial landing page,Secondary,corporate catering contract dubai cost,,keyword-map-md
/corporate-retainer-dubai,True,Corporate Catering,/corporate,Commercial landing page,Secondary,corporate catering supplier dubai,,keyword-map-md
/corporate-retainer-dubai,True,Corporate Catering,/corporate,Commercial landing page,Secondary,corporate retainer catering dubai contact number,,seo-pages-json
/corporate-retainer-dubai,True,Corporate Catering,/corporate,Commercial landing page,Secondary,corporate retainer catering dubai reviews,,seo-pages-json
/corporate-retainer-dubai,True,Corporate Catering,/corporate,Commercial landing page,Secondary,daily office catering dubai,Transactional / commercial,architecture-500
/corporate-retainer-dubai,True,Corporate Catering,/corporate,Commercial landing page,Secondary,finger food catering dubai,,seo-pages-json
/corporate-retainer-dubai,True,Corporate Catering,/corporate,Commercial landing page,Secondary,hospitality catering dubai,,seo-pages-json
/corporate-retainer-dubai,True,Corporate Catering,/corporate,Commercial landing page,Secondary,monthly corporate catering dubai,,keyword-map-md
/corporate-retainer-dubai,True,Corporate Catering,/corporate,Commercial landing page,Secondary,outdoor catering dubai,,seo-pages-json
/corporate-retainer-dubai,True,Corporate Catering,/corporate,Commercial landing page,Secondary,private catering dubai,,seo-pages-json
/corporate-retainer-dubai,True,Corporate Catering,/corporate,Commercial landing page,Secondary,recurring corporate catering dubai,Transactional / commercial,architecture-500
/corporate-retainer-dubai,True,Corporate Catering,/corporate,Commercial landing page,Secondary,weekly office catering dubai,Transactional / commercial,architecture-500
/cuisines-dubai,True,Cuisines and Dietary,/cuisines-dubai,Commercial landing page,Secondary,cuisines catering dubai,,seo-pages-json
/cuisines-dubai,True,Cuisines and Dietary,/cuisines-dubai,Commercial landing page,Secondary,cuisines dubai catering,Transactional / commercial,architecture-500
/cuisines-dubai,True,Cuisines and Dietary,/cuisines-dubai,Commercial landing page,Primary,multi cuisine catering dubai,Transactional / commercial,architecture-500|keyword-map-md
/cuisines-dubai,True,Cuisines and Dietary,/cuisines-dubai,Commercial landing page,Secondary,best cuisines catering dubai,,seo-pages-json
/cuisines-dubai,True,Cuisines and Dietary,/cuisines-dubai,Commercial landing page,Secondary,best food catering in dubai,,seo-pages-json
/cuisines-dubai,True,Cuisines and Dietary,/cuisines-dubai,Commercial landing page,Secondary,cuisines catering dubai menu,,seo-pages-json
/cuisines-dubai,True,Cuisines and Dietary,/cuisines-dubai,Commercial landing page,Secondary,cuisines catering dubai price,,seo-pages-json
/cuisines-dubai,True,Cuisines and Dietary,/cuisines-dubai,Commercial landing page,Secondary,cuisines catering dubai price list,,seo-pages-json
/cuisines-dubai,True,Cuisines and Dietary,/cuisines-dubai,Commercial landing page,Secondary,cuisines catering dubai reviews,,seo-pages-json
/cuisines-dubai,True,Cuisines and Dietary,/cuisines-dubai,Commercial landing page,Secondary,cuisines restaurant dubai,,seo-pages-json
/cuisines-dubai,True,Cuisines and Dietary,/cuisines-dubai,Commercial landing page,Secondary,dietary requirements catering dubai,Transactional / commercial,architecture-500
/cuisines-dubai,True,Cuisines and Dietary,/cuisines-dubai,Commercial landing page,Secondary,different cuisines in dubai,,seo-pages-json
/cuisines-dubai,True,Cuisines and Dietary,/cuisines-dubai,Commercial landing page,Secondary,finger food catering dubai,,seo-pages-json
/cuisines-dubai,True,Cuisines and Dietary,/cuisines-dubai,Commercial landing page,Secondary,food catering company dubai,,seo-pages-json
/cuisines-dubai,True,Cuisines and Dietary,/cuisines-dubai,Commercial landing page,Secondary,food catering dubai,,seo-pages-json
/cuisines-dubai,True,Cuisines and Dietary,/cuisines-dubai,Commercial landing page,Secondary,fusion catering dubai,,keyword-map-md
/cuisines-dubai,True,Cuisines and Dietary,/cuisines-dubai,Commercial landing page,Secondary,how much do catering cost,,seo-pages-json
/cuisines-dubai,True,Cuisines and Dietary,/cuisines-dubai,Commercial landing page,Secondary,how much does catering cost in dubai?,,seo-pages-json
/cuisines-dubai,True,Cuisines and Dietary,/cuisines-dubai,Commercial landing page,Secondary,how much will it cost to feed 40 guests?,,seo-pages-json
/cuisines-dubai,True,Cuisines and Dietary,/cuisines-dubai,Commercial landing page,Secondary,international catering dubai,Transactional / commercial,architecture-500|keyword-map-md
/cuisines-dubai,True,Cuisines and Dietary,/cuisines-dubai,Commercial landing page,Secondary,multi cuisine catering packages dubai,,keyword-map-md
/cuisines-dubai,True,Cuisines and Dietary,/cuisines-dubai,Commercial landing page,Secondary,small party catering dubai,,seo-pages-json
/cuisines-dubai,True,Cuisines and Dietary,/cuisines-dubai,Commercial landing page,Secondary,special diet catering dubai,Transactional / commercial,architecture-500
/cuisines-dubai,True,Cuisines and Dietary,/cuisines-dubai,Commercial landing page,Secondary,what cuisine is famous in dubai?,,seo-pages-json
/cuisines-dubai,True,Cuisines and Dietary,/cuisines-dubai,Commercial landing page,Secondary,world cuisine catering dubai,Transactional / commercial,architecture-500
/dairy-free-catering-dubai,True,Cuisines and Dietary,/cuisines-dubai,Commercial landing page,Primary,dairy free catering dubai,Transactional / commercial,architecture-500|keyword-map-md|seo-pages-json
/dairy-free-catering-dubai,True,Cuisines and Dietary,/cuisines-dubai,Commercial landing page,Secondary,best dairy free catering dubai,,keyword-map-md
/dairy-free-catering-dubai,True,Cuisines and Dietary,/cuisines-dubai,Commercial landing page,Secondary,dairy free and more dubai,,seo-pages-json
/dairy-free-catering-dubai,True,Cuisines and Dietary,/cuisines-dubai,Commercial landing page,Secondary,dairy free catering dubai menu,,seo-pages-json
/dairy-free-catering-dubai,True,Cuisines and Dietary,/cuisines-dubai,Commercial landing page,Secondary,dairy free catering dubai near me,,seo-pages-json
/dairy-free-catering-dubai,True,Cuisines and Dietary,/cuisines-dubai,Commercial landing page,Secondary,dairy free catering dubai price,,keyword-map-md
/dairy-free-catering-dubai,True,Cuisines and Dietary,/cuisines-dubai,Commercial landing page,Secondary,dairy free catering menu dubai,,keyword-map-md
/dairy-free-catering-dubai,True,Cuisines and Dietary,/cuisines-dubai,Commercial landing page,Secondary,dairy free food catering dubai,Transactional / commercial,architecture-500
/dairy-free-catering-dubai,True,Cuisines and Dietary,/cuisines-dubai,Commercial landing page,Secondary,lactose free catering dubai,,keyword-map-md
/date-night-package-dubai,True,Dining Experiences,/catering-packages-dubai,Commercial landing page,Secondary,date night package catering dubai,,seo-pages-json
/date-night-package-dubai,True,Dining Experiences,/catering-packages-dubai,Commercial landing page,Primary,date night package dubai,Transactional / commercial,architecture-500|keyword-map-md
/date-night-package-dubai,True,Dining Experiences,/catering-packages-dubai,Commercial landing page,Secondary,best date night package catering dubai,,seo-pages-json
/date-night-package-dubai,True,Dining Experiences,/catering-packages-dubai,Commercial landing page,Secondary,best date night package dubai,,keyword-map-md
/date-night-package-dubai,True,Dining Experiences,/catering-packages-dubai,Commercial landing page,Secondary,best date night restaurant dubai,,seo-pages-json
/date-night-package-dubai,True,Dining Experiences,/catering-packages-dubai,Commercial landing page,Secondary,buffet catering dubai,,seo-pages-json
/date-night-package-dubai,True,Dining Experiences,/catering-packages-dubai,Commercial landing page,Secondary,cheap date night package catering dubai,,seo-pages-json
/date-night-package-dubai,True,Dining Experiences,/catering-packages-dubai,Commercial landing page,Secondary,couples dinner package dubai,Transactional / commercial,architecture-500
/date-night-package-dubai,True,Dining Experiences,/catering-packages-dubai,Commercial landing page,Secondary,date night at home dubai,,keyword-map-md
/date-night-package-dubai,True,Dining Experiences,/catering-packages-dubai,Commercial landing page,Secondary,date night dinner menu dubai,,keyword-map-md
/date-night-package-dubai,True,Dining Experiences,/catering-packages-dubai,Commercial landing page,Secondary,date night dubai private dinner,Transactional / commercial,architecture-500
/date-night-package-dubai,True,Dining Experiences,/catering-packages-dubai,Commercial landing page,Secondary,date night package catering dubai menu,,seo-pages-json
/date-night-package-dubai,True,Dining Experiences,/catering-packages-dubai,Commercial landing page,Secondary,date night package catering dubai price,,seo-pages-json
/date-night-package-dubai,True,Dining Experiences,/catering-packages-dubai,Commercial landing page,Secondary,date night package catering dubai price list,,seo-pages-json
/date-night-package-dubai,True,Dining Experiences,/catering-packages-dubai,Commercial landing page,Secondary,date night package dubai price,,keyword-map-md
/date-night-package-dubai,True,Dining Experiences,/catering-packages-dubai,Commercial landing page,Secondary,dinner experience for couples dubai,Transactional / commercial,architecture-500
/date-night-package-dubai,True,Dining Experiences,/catering-packages-dubai,Commercial landing page,Secondary,dinner package for two dubai,Transactional / commercial,architecture-500
/date-night-package-dubai,True,Dining Experiences,/catering-packages-dubai,Commercial landing page,Secondary,halal date night dubai,,keyword-map-md
/date-night-package-dubai,True,Dining Experiences,/catering-packages-dubai,Commercial landing page,Secondary,private dinner package dubai,Transactional / commercial,architecture-500
/date-night-package-dubai,True,Dining Experiences,/catering-packages-dubai,Commercial landing page,Secondary,romantic dinner package dubai,Transactional / commercial,architecture-500
/date-night-package-dubai,True,Dining Experiences,/catering-packages-dubai,Commercial landing page,Secondary,small party catering dubai,,seo-pages-json
/date-night-package-dubai,True,Dining Experiences,/catering-packages-dubai,Commercial landing page,Secondary,what is included in a date night package dubai,,keyword-map-md
/desert-dining-dubai,True,Dining Experiences,/luxury-dining-experiences,Commercial landing page,Secondary,desert dining catering dubai,,seo-pages-json
/desert-dining-dubai,True,Dining Experiences,/luxury-dining-experiences,Commercial landing page,Primary,desert dining dubai,Transactional / commercial,architecture-500|keyword-map-md|seo-pages-json
/desert-dining-dubai,True,Dining Experiences,/luxury-dining-experiences,Commercial landing page,Secondary,best desert dining catering dubai,,seo-pages-json
/desert-dining-dubai,True,Dining Experiences,/luxury-dining-experiences,Commercial landing page,Secondary,best desert dining dubai,,keyword-map-md
/desert-dining-dubai,True,Dining Experiences,/luxury-dining-experiences,Commercial landing page,Secondary,cheap desert dining catering dubai,,seo-pages-json
/desert-dining-dubai,True,Dining Experiences,/luxury-dining-experiences,Commercial landing page,Secondary,desert dining catering dubai buffet price,,seo-pages-json
/desert-dining-dubai,True,Dining Experiences,/luxury-dining-experiences,Commercial landing page,Secondary,desert dining catering dubai menu,,seo-pages-json
/desert-dining-dubai,True,Dining Experiences,/luxury-dining-experiences,Commercial landing page,Secondary,desert dining catering dubai price,,seo-pages-json
/desert-dining-dubai,True,Dining Experiences,/luxury-dining-experiences,Commercial landing page,Secondary,desert dining dubai price,,keyword-map-md
/desert-dining-dubai,True,Dining Experiences,/luxury-dining-experiences,Commercial landing page,Secondary,desert dining menu dubai,,keyword-map-md
/desert-dining-dubai,True,Dining Experiences,/luxury-dining-experiences,Commercial landing page,Secondary,desert dining packages dubai,,keyword-map-md
/desert-dining-dubai,True,Dining Experiences,/luxury-dining-experiences,Commercial landing page,Secondary,desert dining price per person dubai,,keyword-map-md
/desert-dining-dubai,True,Dining Experiences,/luxury-dining-experiences,Commercial landing page,Secondary,desert dinner experience dubai,Transactional / commercial,architecture-500
/desert-dining-dubai,True,Dining Experiences,/luxury-dining-experiences,Commercial landing page,Secondary,halal desert dining dubai,,keyword-map-md
/desert-dining-dubai,True,Dining Experiences,/luxury-dining-experiences,Commercial landing page,Secondary,luxury desert dining dubai,Transactional / commercial,architecture-500
/desert-dining-dubai,True,Dining Experiences,/luxury-dining-experiences,Commercial landing page,Secondary,luxury desert dinner dubai,,seo-pages-json
/desert-dining-dubai,True,Dining Experiences,/luxury-dining-experiences,Commercial landing page,Secondary,private desert dinner dubai,Transactional / commercial,architecture-500
/desert-dining-dubai,True,Dining Experiences,/luxury-dining-experiences,Commercial landing page,Secondary,private dinner in the desert dubai,,seo-pages-json
/dessert-cart-dubai,True,Catering,/catering-dubai,Commercial landing page,Secondary,dessert cart catering dubai,,seo-pages-json
/dessert-cart-dubai,True,Catering,/catering-dubai,Commercial landing page,Primary,dessert cart dubai,Transactional / commercial,architecture-500|keyword-map-md
/dessert-cart-dubai,True,Catering,/catering-dubai,Commercial landing page,Secondary,best dessert cart dubai,,keyword-map-md
/dessert-cart-dubai,True,Catering,/catering-dubai,Commercial landing page,Secondary,candy cart hire dubai,,keyword-map-md
/dessert-cart-dubai,True,Catering,/catering-dubai,Commercial landing page,Secondary,coffee cart catering for events,,seo-pages-json
/dessert-cart-dubai,True,Catering,/catering-dubai,Commercial landing page,Secondary,coffee cart in dubai,,seo-pages-json
/dessert-cart-dubai,True,Catering,/catering-dubai,Commercial landing page,Secondary,dessert cart catering dubai menu,,seo-pages-json
/dessert-cart-dubai,True,Catering,/catering-dubai,Commercial landing page,Secondary,dessert cart catering dubai offers,,seo-pages-json
/dessert-cart-dubai,True,Catering,/catering-dubai,Commercial landing page,Secondary,dessert cart catering dubai price,,seo-pages-json
/dessert-cart-dubai,True,Catering,/catering-dubai,Commercial landing page,Secondary,dessert cart hire dubai price,,keyword-map-md
/dessert-cart-dubai,True,Catering,/catering-dubai,Commercial landing page,Secondary,dessert cart menu dubai,,keyword-map-md
/dessert-cart-dubai,True,Catering,/catering-dubai,Commercial landing page,Secondary,dessert cart packages dubai,,keyword-map-md
/dessert-cart-dubai,True,Catering,/catering-dubai,Commercial landing page,Secondary,event coffee cart,,seo-pages-json
/dessert-cart-dubai,True,Catering,/catering-dubai,Commercial landing page,Secondary,halal dessert cart dubai,,keyword-map-md
/dessert-cart-dubai,True,Catering,/catering-dubai,Commercial landing page,Secondary,specialty coffee catering,,seo-pages-json
/dessert-table-catering-dubai,True,Catering,/catering-dubai,Commercial landing page,Primary,dessert table catering dubai,,keyword-map-md|seo-pages-json
/dessert-table-catering-dubai,True,Catering,/catering-dubai,Commercial landing page,Secondary,dessert table dubai,Transactional / commercial,architecture-500
/dessert-table-catering-dubai,True,Catering,/catering-dubai,Commercial landing page,Secondary,afternoon tea catering dubai,,seo-pages-json
/dessert-table-catering-dubai,True,Catering,/catering-dubai,Commercial landing page,Secondary,best dessert table catering dubai,,keyword-map-md|seo-pages-json
/dessert-table-catering-dubai,True,Catering,/catering-dubai,Commercial landing page,Secondary,cheap dessert table catering dubai,,seo-pages-json
/dessert-table-catering-dubai,True,Catering,/catering-dubai,Commercial landing page,Secondary,dessert catering dubai,Transactional / commercial,architecture-500
/dessert-table-catering-dubai,True,Catering,/catering-dubai,Commercial landing page,Secondary,dessert table catering dubai near me,,seo-pages-json
/dessert-table-catering-dubai,True,Catering,/catering-dubai,Commercial landing page,Secondary,dessert table catering dubai price,,keyword-map-md|seo-pages-json
/dessert-table-catering-dubai,True,Catering,/catering-dubai,Commercial landing page,Secondary,dessert table catering menu dubai,,keyword-map-md
/dessert-table-catering-dubai,True,Catering,/catering-dubai,Commercial landing page,Secondary,dessert table catering packages dubai,,keyword-map-md
/dessert-table-catering-dubai,True,Catering,/catering-dubai,Commercial landing page,Secondary,dessert table catering price per person dubai,,keyword-map-md
/dessert-table-catering-dubai,True,Catering,/catering-dubai,Commercial landing page,Secondary,dessert table setup dubai,,keyword-map-md
/dessert-table-catering-dubai,True,Catering,/catering-dubai,Commercial landing page,Secondary,finger food catering dubai,,seo-pages-json
/dessert-table-catering-dubai,True,Catering,/catering-dubai,Commercial landing page,Secondary,halal dessert table catering dubai,,keyword-map-md
/dessert-table-catering-dubai,True,Catering,/catering-dubai,Commercial landing page,Secondary,small dessert table catering dubai,,seo-pages-json
/dessert-table-catering-dubai,True,Catering,/catering-dubai,Commercial landing page,Secondary,sweet table dubai,,keyword-map-md
/diwali-catering-dubai,True,Seasonal and Occasions,/catering-dubai,Commercial landing page,Primary,diwali catering dubai,Transactional / commercial,architecture-500|keyword-map-md|seo-pages-json
/diwali-catering-dubai,True,Seasonal and Occasions,/catering-dubai,Commercial landing page,Secondary,best diwali catering dubai,,keyword-map-md|seo-pages-json
/diwali-catering-dubai,True,Seasonal and Occasions,/catering-dubai,Commercial landing page,Secondary,cheap diwali catering dubai,,seo-pages-json
/diwali-catering-dubai,True,Seasonal and Occasions,/catering-dubai,Commercial landing page,Secondary,diwali catering cost per person dubai,,keyword-map-md
/diwali-catering-dubai,True,Seasonal and Occasions,/catering-dubai,Commercial landing page,Secondary,diwali catering dubai menu,,seo-pages-json
/diwali-catering-dubai,True,Seasonal and Occasions,/catering-dubai,Commercial landing page,Secondary,diwali catering dubai near me,,seo-pages-json
/diwali-catering-dubai,True,Seasonal and Occasions,/catering-dubai,Commercial landing page,Secondary,diwali catering dubai price,,keyword-map-md|seo-pages-json
/diwali-catering-dubai,True,Seasonal and Occasions,/catering-dubai,Commercial landing page,Secondary,diwali catering dubai price list,,seo-pages-json
/diwali-catering-dubai,True,Seasonal and Occasions,/catering-dubai,Commercial landing page,Secondary,diwali catering menu dubai,,keyword-map-md
/diwali-catering-dubai,True,Seasonal and Occasions,/catering-dubai,Commercial landing page,Secondary,diwali catering packages dubai,,keyword-map-md
/diwali-catering-dubai,True,Seasonal and Occasions,/catering-dubai,Commercial landing page,Secondary,diwali corporate catering dubai,Transactional / commercial,architecture-500
/diwali-catering-dubai,True,Seasonal and Occasions,/catering-dubai,Commercial landing page,Secondary,diwali food items,,seo-pages-json
/diwali-catering-dubai,True,Seasonal and Occasions,/catering-dubai,Commercial landing page,Secondary,diwali party catering dubai,Transactional / commercial,architecture-500
/diwali-catering-dubai,True,Seasonal and Occasions,/catering-dubai,Commercial landing page,Secondary,diwali restaurant dubai,,seo-pages-json
/diwali-catering-dubai,True,Seasonal and Occasions,/catering-dubai,Commercial landing page,Secondary,small party catering dubai,,seo-pages-json
/diwali-catering-dubai,True,Seasonal and Occasions,/catering-dubai,Commercial landing page,Secondary,small party catering dubai indian,,seo-pages-json
/diwali-catering-dubai,True,Seasonal and Occasions,/catering-dubai,Commercial landing page,Secondary,vegetarian diwali catering dubai,,keyword-map-md
/drop-off-catering-dubai,True,Catering,/catering-dubai,Commercial landing page,Primary,drop off catering dubai,Transactional / commercial,architecture-500|keyword-map-md|seo-pages-json
/drop-off-catering-dubai,True,Catering,/catering-dubai,Commercial landing page,Secondary,best drop off catering dubai,,keyword-map-md|seo-pages-json
/drop-off-catering-dubai,True,Catering,/catering-dubai,Commercial landing page,Secondary,buffet catering dubai,,seo-pages-json
/drop-off-catering-dubai,True,Catering,/catering-dubai,Commercial landing page,Secondary,catering delivery dubai,,keyword-map-md
/drop-off-catering-dubai,True,Catering,/catering-dubai,Commercial landing page,Secondary,cheap drop off catering dubai,,seo-pages-json
/drop-off-catering-dubai,True,Catering,/catering-dubai,Commercial landing page,Secondary,drop off catering dubai price,,keyword-map-md
/drop-off-catering-dubai,True,Catering,/catering-dubai,Commercial landing page,Secondary,drop off catering menu dubai,,keyword-map-md
/drop-off-catering-dubai,True,Catering,/catering-dubai,Commercial landing page,Secondary,drop off catering packages dubai,,keyword-map-md
/drop-off-catering-dubai,True,Catering,/catering-dubai,Commercial landing page,Secondary,drop off catering price per person dubai,,keyword-map-md
/drop-off-catering-dubai,True,Catering,/catering-dubai,Commercial landing page,Secondary,finger food catering dubai,,seo-pages-json
/drop-off-catering-dubai,True,Catering,/catering-dubai,Commercial landing page,Secondary,food delivery catering dubai,Transactional / commercial,architecture-500
/drop-off-catering-dubai,True,Catering,/catering-dubai,Commercial landing page,Secondary,free drop off catering dubai,,seo-pages-json
/drop-off-catering-dubai,True,Catering,/catering-dubai,Commercial landing page,Secondary,halal drop off catering dubai,,keyword-map-md
/drop-off-catering-dubai,True,Catering,/catering-dubai,Commercial landing page,Secondary,small party catering dubai,,seo-pages-json
/dubai-catering-prices-guide,True,Blog and Guides,/catering-dubai,Blog / Guide / Tool,Primary,catering prices dubai,Informational / commercial research,architecture-500|keyword-map-md
/dubai-catering-prices-guide,True,Blog and Guides,/catering-dubai,Blog / Guide / Tool,Secondary,catering prices in dubai,,seo-pages-json
/dubai-catering-prices-guide,True,Blog and Guides,/catering-dubai,Blog / Guide / Tool,Secondary,dubai catering prices,Informational / commercial research,architecture-500
/dubai-catering-prices-guide,True,Blog and Guides,/catering-dubai,Blog / Guide / Tool,Secondary,affordable catering in dubai,,seo-pages-json
/dubai-catering-prices-guide,True,Blog and Guides,/catering-dubai,Blog / Guide / Tool,Secondary,best affordable catering services in dubai,,seo-pages-json
/dubai-catering-prices-guide,True,Blog and Guides,/catering-dubai,Blog / Guide / Tool,Secondary,birthday catering prices in dubai,,seo-pages-json
/dubai-catering-prices-guide,True,Blog and Guides,/catering-dubai,Blog / Guide / Tool,Secondary,buffet catering dubai,,seo-pages-json
/dubai-catering-prices-guide,True,Blog and Guides,/catering-dubai,Blog / Guide / Tool,Secondary,catering cost dubai,Informational / commercial research,architecture-500
/dubai-catering-prices-guide,True,Blog and Guides,/catering-dubai,Blog / Guide / Tool,Secondary,catering cost per person dubai,,keyword-map-md
/dubai-catering-prices-guide,True,Blog and Guides,/catering-dubai,Blog / Guide / Tool,Secondary,catering food price list,,seo-pages-json
/dubai-catering-prices-guide,True,Blog and Guides,/catering-dubai,Blog / Guide / Tool,Secondary,catering price list,,seo-pages-json
/dubai-catering-prices-guide,True,Blog and Guides,/catering-dubai,Blog / Guide / Tool,Secondary,catering price list dubai,,keyword-map-md
/dubai-catering-prices-guide,True,Blog and Guides,/catering-dubai,Blog / Guide / Tool,Secondary,catering prices dubai guide,Informational / commercial research,architecture-500
/dubai-catering-prices-guide,True,Blog and Guides,/catering-dubai,Blog / Guide / Tool,Secondary,catering prices in dubai for birthday party,,seo-pages-json
/dubai-catering-prices-guide,True,Blog and Guides,/catering-dubai,Blog / Guide / Tool,Secondary,catering services dubai,,seo-pages-json
/dubai-catering-prices-guide,True,Blog and Guides,/catering-dubai,Blog / Guide / Tool,Secondary,cheap catering in dubai,,seo-pages-json
/dubai-catering-prices-guide,True,Blog and Guides,/catering-dubai,Blog / Guide / Tool,Secondary,event catering cost dubai,,keyword-map-md
/dubai-catering-prices-guide,True,Blog and Guides,/catering-dubai,Blog / Guide / Tool,Secondary,how much do catering cost,,seo-pages-json
/dubai-catering-prices-guide,True,Blog and Guides,/catering-dubai,Blog / Guide / Tool,Secondary,how much does catering cost for 50 guests dubai,,keyword-map-md
/dubai-catering-prices-guide,True,Blog and Guides,/catering-dubai,Blog / Guide / Tool,Secondary,how much does catering cost in dubai,,keyword-map-md
/dubai-catering-prices-guide,True,Blog and Guides,/catering-dubai,Blog / Guide / Tool,Secondary,how much is catering per person dubai,Informational / commercial research,architecture-500
/dubai-catering-prices-guide,True,Blog and Guides,/catering-dubai,Blog / Guide / Tool,Secondary,how much is dinner for 2 in dubai?,,seo-pages-json
/dubai-catering-prices-guide,True,Blog and Guides,/catering-dubai,Blog / Guide / Tool,Secondary,how much is the average cost of catering?,,seo-pages-json
/dubai-catering-prices-guide,True,Blog and Guides,/catering-dubai,Blog / Guide / Tool,Secondary,is 500 aed enough for food in dubai?,,seo-pages-json
/dubai-catering-prices-guide,True,Blog and Guides,/catering-dubai,Blog / Guide / Tool,Secondary,small catering prices in dubai,,seo-pages-json
/dubai-catering-prices-guide,True,Blog and Guides,/catering-dubai,Blog / Guide / Tool,Secondary,small party catering dubai,,seo-pages-json
/dubai-catering-prices-guide,True,Blog and Guides,/catering-dubai,Blog / Guide / Tool,Secondary,wedding catering prices in dubai,,seo-pages-json
/dubai-event-catering-price-guide-2026,True,Blog and Guides,/guides,Blog / Guide / Tool,Primary,event catering price guide dubai 2026,,keyword-map-md
/dubai-event-catering-price-guide-2026,True,Blog and Guides,/guides,Blog / Guide / Tool,Secondary,event catering prices dubai 2026,Informational / commercial research,architecture-500
/dubai-event-catering-price-guide-2026,True,Blog and Guides,/guides,Blog / Guide / Tool,Secondary,average catering cost per person dubai 2026,,keyword-map-md
/dubai-event-catering-price-guide-2026,True,Blog and Guides,/guides,Blog / Guide / Tool,Secondary,dubai catering prices 2026,,keyword-map-md
/dubai-event-catering-price-guide-2026,True,Blog and Guides,/guides,Blog / Guide / Tool,Secondary,event catering cost dubai 2026,,keyword-map-md
/dubai-event-catering-price-guide-2026,True,Blog and Guides,/guides,Blog / Guide / Tool,Secondary,how much does catering cost in dubai 2026,,keyword-map-md
/dubai-event-catering-price-guide-2026,True,Blog and Guides,/guides,Blog / Guide / Tool,Long-tail,catering for 50 people cost dubai,Informational / commercial research,architecture-500
/dubai-food-trends-report-2026,True,Blog and Guides,/guides,Commercial landing page,Secondary,catering trends 2026,,seo-pages-json
/dubai-food-trends-report-2026,True,Blog and Guides,/guides,Commercial landing page,Primary,dubai food trends 2026,Informational / commercial research,architecture-500|keyword-map-md
/dubai-food-trends-report-2026,True,Blog and Guides,/guides,Commercial landing page,Secondary,catering food trends 2026,,seo-pages-json
/dubai-food-trends-report-2026,True,Blog and Guides,/guides,Commercial landing page,Secondary,catering trends 2025,,seo-pages-json
/dubai-food-trends-report-2026,True,Blog and Guides,/guides,Commercial landing page,Secondary,catering trends for 2026,,seo-pages-json
/dubai-food-trends-report-2026,True,Blog and Guides,/guides,Commercial landing page,Secondary,corporate catering trends 2026,,seo-pages-json
/dubai-food-trends-report-2026,True,Blog and Guides,/guides,Commercial landing page,Secondary,current coffee market trends,,seo-pages-json
/dubai-food-trends-report-2026,True,Blog and Guides,/guides,Commercial landing page,Secondary,dubai catering trends 2026,,keyword-map-md
/dubai-food-trends-report-2026,True,Blog and Guides,/guides,Commercial landing page,Secondary,dubai food trends report,,keyword-map-md
/dubai-food-trends-report-2026,True,Blog and Guides,/guides,Commercial landing page,Secondary,food trends by year,,seo-pages-json
/dubai-food-trends-report-2026,True,Blog and Guides,/guides,Commercial landing page,Secondary,food trends last 10 years,,seo-pages-json
/dubai-food-trends-report-2026,True,Blog and Guides,/guides,Commercial landing page,Secondary,food trends summer 2026,,seo-pages-json
/dubai-food-trends-report-2026,True,Blog and Guides,/guides,Commercial landing page,Secondary,new catering trends,,seo-pages-json
/dubai-food-trends-report-2026,True,Blog and Guides,/guides,Commercial landing page,Secondary,private dining trends dubai 2026,,keyword-map-md
/dubai-food-trends-report-2026,True,Blog and Guides,/guides,Commercial landing page,Secondary,small catering trends 2026,,seo-pages-json
/dubai-food-trends-report-2026,True,Blog and Guides,/guides,Commercial landing page,Secondary,uae food trends 2026,,keyword-map-md
/dubai-food-trends-report-2026,True,Blog and Guides,/guides,Commercial landing page,Secondary,wedding catering trends 2026,,seo-pages-json
/dubai-food-trends-report-2026,True,Blog and Guides,/guides,Commercial landing page,Secondary,what are current trends in the catering industry?,,seo-pages-json
/dubai-food-trends-report-2026,True,Blog and Guides,/guides,Commercial landing page,Secondary,what are the big food trends for 2026?,,seo-pages-json
/dubai-food-trends-report-2026,True,Blog and Guides,/guides,Commercial landing page,Secondary,what are the event catering trends in 2026?,,seo-pages-json
/dubai-food-trends-report-2026,True,Blog and Guides,/guides,Commercial landing page,Secondary,what are the food design trends in 2026?,,seo-pages-json
/easter-catering-dubai,True,Seasonal and Occasions,/catering-dubai,Commercial landing page,Primary,easter catering dubai,Transactional / commercial,architecture-500|keyword-map-md|seo-pages-json
/easter-catering-dubai,True,Seasonal and Occasions,/catering-dubai,Commercial landing page,Secondary,best easter catering dubai,,keyword-map-md|seo-pages-json
/easter-catering-dubai,True,Seasonal and Occasions,/catering-dubai,Commercial landing page,Secondary,cheap easter catering dubai,,seo-pages-json
/easter-catering-dubai,True,Seasonal and Occasions,/catering-dubai,Commercial landing page,Secondary,easter brunch catering dubai,Transactional / commercial,architecture-500|keyword-map-md
/easter-catering-dubai,True,Seasonal and Occasions,/catering-dubai,Commercial landing page,Secondary,easter brunch dubai 2026,,seo-pages-json
/easter-catering-dubai,True,Seasonal and Occasions,/catering-dubai,Commercial landing page,Secondary,easter buffet dubai,,seo-pages-json
/easter-catering-dubai,True,Seasonal and Occasions,/catering-dubai,Commercial landing page,Secondary,easter catering cost per person dubai,,keyword-map-md
/easter-catering-dubai,True,Seasonal and Occasions,/catering-dubai,Commercial landing page,Secondary,easter catering dubai menu,,seo-pages-json
/easter-catering-dubai,True,Seasonal and Occasions,/catering-dubai,Commercial landing page,Secondary,easter catering dubai price,,keyword-map-md|seo-pages-json
/easter-catering-dubai,True,Seasonal and Occasions,/catering-dubai,Commercial landing page,Secondary,easter catering menu dubai,,keyword-map-md
/easter-catering-dubai,True,Seasonal and Occasions,/catering-dubai,Commercial landing page,Secondary,easter catering packages dubai,,keyword-map-md
/easter-catering-dubai,True,Seasonal and Occasions,/catering-dubai,Commercial landing page,Secondary,easter dinner dubai,,seo-pages-json
/easter-catering-dubai,True,Seasonal and Occasions,/catering-dubai,Commercial landing page,Secondary,easter dubai restaurant,,seo-pages-json
/easter-catering-dubai,True,Seasonal and Occasions,/catering-dubai,Commercial landing page,Secondary,easter in dubai 2026,,seo-pages-json
/easter-catering-dubai,True,Seasonal and Occasions,/catering-dubai,Commercial landing page,Secondary,easter sunday lunch catering dubai,,keyword-map-md
/easter-catering-dubai,True,Seasonal and Occasions,/catering-dubai,Commercial landing page,Secondary,halal easter catering dubai,,keyword-map-md
/easter-catering-dubai,True,Seasonal and Occasions,/catering-dubai,Commercial landing page,Secondary,orthodox easter brunch dubai,,seo-pages-json
/eid-catering-dubai,True,Seasonal and Occasions,/catering-dubai,Commercial landing page,Primary,eid catering dubai,Transactional / commercial,architecture-500|keyword-map-md|seo-pages-json
/eid-catering-dubai,True,Seasonal and Occasions,/catering-dubai,Commercial landing page,Secondary,best eid catering dubai,,keyword-map-md|seo-pages-json
/eid-catering-dubai,True,Seasonal and Occasions,/catering-dubai,Commercial landing page,Secondary,eid al adha catering dubai,,keyword-map-md
/eid-catering-dubai,True,Seasonal and Occasions,/catering-dubai,Commercial landing page,Secondary,eid al fitr catering dubai,,keyword-map-md
/eid-catering-dubai,True,Seasonal and Occasions,/catering-dubai,Commercial landing page,Secondary,eid buffet catering dubai,Transactional / commercial,architecture-500
/eid-catering-dubai,True,Seasonal and Occasions,/catering-dubai,Commercial landing page,Secondary,eid catering cost per person dubai,,keyword-map-md
/eid-catering-dubai,True,Seasonal and Occasions,/catering-dubai,Commercial landing page,Secondary,eid catering dubai menu,,seo-pages-json
/eid-catering-dubai,True,Seasonal and Occasions,/catering-dubai,Commercial landing page,Secondary,eid catering dubai price,,keyword-map-md|seo-pages-json
/eid-catering-dubai,True,Seasonal and Occasions,/catering-dubai,Commercial landing page,Secondary,eid catering menu dubai,,keyword-map-md
/eid-catering-dubai,True,Seasonal and Occasions,/catering-dubai,Commercial landing page,Secondary,eid catering packages dubai,,keyword-map-md
/eid-catering-dubai,True,Seasonal and Occasions,/catering-dubai,Commercial landing page,Secondary,eid lunch offers in dubai,,seo-pages-json
/eid-catering-dubai,True,Seasonal and Occasions,/catering-dubai,Commercial landing page,Secondary,eid party catering dubai,Transactional / commercial,architecture-500
/eid-catering-dubai,True,Seasonal and Occasions,/catering-dubai,Commercial landing page,Secondary,eid restaurant dubai,,seo-pages-json
/eid-catering-dubai,True,Seasonal and Occasions,/catering-dubai,Commercial landing page,Long-tail,eid family gathering catering dubai,Transactional / commercial,architecture-500
/engagement-catering-dubai,True,Private Events,/events,Commercial landing page,Secondary,engagement catering dubai,Transactional / commercial,architecture-500|seo-pages-json
/engagement-catering-dubai,True,Private Events,/events,Commercial landing page,Primary,engagement party catering dubai,Transactional / commercial,architecture-500|keyword-map-md
/engagement-catering-dubai,True,Private Events,/events,Commercial landing page,Secondary,affordable engagement catering dubai,,seo-pages-json
/engagement-catering-dubai,True,Private Events,/events,Commercial landing page,Secondary,best engagement catering dubai,,keyword-map-md|seo-pages-json
/engagement-catering-dubai,True,Private Events,/events,Commercial landing page,Secondary,buffet catering dubai,,seo-pages-json
/engagement-catering-dubai,True,Private Events,/events,Commercial landing page,Secondary,engagement catering dubai packages,,seo-pages-json
/engagement-catering-dubai,True,Private Events,/events,Commercial landing page,Secondary,engagement catering dubai price,,keyword-map-md
/engagement-catering-dubai,True,Private Events,/events,Commercial landing page,Secondary,engagement catering menu dubai,,keyword-map-md
/engagement-catering-dubai,True,Private Events,/events,Commercial landing page,Secondary,engagement catering packages dubai,,keyword-map-md
/engagement-catering-dubai,True,Private Events,/events,Commercial landing page,Secondary,engagement dinner catering dubai,,keyword-map-md
/engagement-catering-dubai,True,Private Events,/events,Commercial landing page,Secondary,engagement party catering cost per person dubai,,keyword-map-md
/engagement-catering-dubai,True,Private Events,/events,Commercial landing page,Secondary,finger food catering dubai,,seo-pages-json
/engagement-catering-dubai,True,Private Events,/events,Commercial landing page,Secondary,halal engagement catering dubai,,keyword-map-md
/engagement-catering-dubai,True,Private Events,/events,Commercial landing page,Secondary,small engagement catering dubai,,seo-pages-json
/engagement-catering-dubai,True,Private Events,/events,Commercial landing page,Secondary,small party catering dubai,,seo-pages-json
/events,True,Private Events,/events,Commercial landing page,Primary,event catering dubai,Transactional / commercial,architecture-500|keyword-map-md|seo-pages-json
/events,True,Private Events,/events,Commercial landing page,Secondary,affordable catering services in dubai,,seo-pages-json
/events,True,Private Events,/events,Commercial landing page,Secondary,best party catering dubai,,seo-pages-json
/events,True,Private Events,/events,Commercial landing page,Secondary,best small party catering dubai,,seo-pages-json
/events,True,Private Events,/events,Commercial landing page,Secondary,buffet catering dubai,,seo-pages-json
/events,True,Private Events,/events,Commercial landing page,Secondary,cheap event catering dubai,,seo-pages-json
/events,True,Private Events,/events,Commercial landing page,Secondary,cheapest way to cater an event,,seo-pages-json
/events,True,Private Events,/events,Commercial landing page,Secondary,event caterers dubai,,keyword-map-md
/events,True,Private Events,/events,Commercial landing page,Secondary,event catering menu ideas,,seo-pages-json
/events,True,Private Events,/events,Commercial landing page,Secondary,event catering packages dubai,,keyword-map-md
/events,True,Private Events,/events,Commercial landing page,Secondary,finger food catering dubai,,seo-pages-json
/events,True,Private Events,/events,Commercial landing page,Secondary,how much does it cost to cater an event,,seo-pages-json
/events,True,Private Events,/events,Commercial landing page,Secondary,how to cater an event,,seo-pages-json
/events,True,Private Events,/events,Commercial landing page,Secondary,outdoor event catering dubai,,keyword-map-md
/events,True,Private Events,/events,Commercial landing page,Secondary,party catering dubai,,seo-pages-json
/events,True,Private Events,/events,Commercial landing page,Secondary,private event catering dubai,Transactional / commercial,architecture-500|keyword-map-md
/events,True,Private Events,/events,Commercial landing page,Secondary,private events dubai catering,Transactional / commercial,architecture-500
/events,True,Private Events,/events,Commercial landing page,Secondary,small event catering dubai,,keyword-map-md|seo-pages-json
/events,True,Private Events,/events,Commercial landing page,Secondary,wedding event catering dubai,,seo-pages-json
/events,True,Private Events,/events,Commercial landing page,Secondary,what is event catering,,seo-pages-json
/events,True,Private Events,/events,Commercial landing page,Long-tail,last minute party catering dubai,Transactional / commercial,architecture-500
/exhibition-catering-dubai,True,Corporate Catering,/corporate,Commercial landing page,Primary,exhibition catering dubai,Transactional / commercial,architecture-500|code-locks|keyword-map-md|seo-pages-json
/exhibition-catering-dubai,True,Corporate Catering,/corporate,Commercial landing page,Secondary,best exhibition catering dubai,,seo-pages-json
/exhibition-catering-dubai,True,Corporate Catering,/corporate,Commercial landing page,Secondary,buffet catering dubai,,seo-pages-json
/exhibition-catering-dubai,True,Corporate Catering,/corporate,Commercial landing page,Secondary,dubai catering company list,,seo-pages-json
/exhibition-catering-dubai,True,Corporate Catering,/corporate,Commercial landing page,Secondary,event catering dubai,,seo-pages-json
/exhibition-catering-dubai,True,Corporate Catering,/corporate,Commercial landing page,Secondary,exhibition catering dubai cost per person,,keyword-map-md
/exhibition-catering-dubai,True,Corporate Catering,/corporate,Commercial landing page,Secondary,exhibition catering dubai price,,keyword-map-md
/exhibition-catering-dubai,True,Corporate Catering,/corporate,Commercial landing page,Secondary,exhibition catering menu dubai,,keyword-map-md
/exhibition-catering-dubai,True,Corporate Catering,/corporate,Commercial landing page,Secondary,exhibition catering packages dubai,,keyword-map-md
/exhibition-catering-dubai,True,Corporate Catering,/corporate,Commercial landing page,Secondary,exhibition stand catering dubai,,keyword-map-md
/exhibition-catering-dubai,True,Corporate Catering,/corporate,Commercial landing page,Secondary,expo catering dubai,Transactional / commercial,architecture-500
/exhibition-catering-dubai,True,Corporate Catering,/corporate,Commercial landing page,Secondary,finger food catering dubai,,seo-pages-json
/exhibition-catering-dubai,True,Corporate Catering,/corporate,Commercial landing page,Secondary,food exhibition catering dubai,,seo-pages-json
/exhibition-catering-dubai,True,Corporate Catering,/corporate,Commercial landing page,Secondary,luxury catering dubai,,seo-pages-json
/exhibition-catering-dubai,True,Corporate Catering,/corporate,Commercial landing page,Secondary,small party catering dubai,,seo-pages-json
/exhibition-catering-dubai,True,Corporate Catering,/corporate,Commercial landing page,Secondary,trade show catering dubai,Informational / commercial research,architecture-500|keyword-map-md
/family-feast-package-dubai,True,Packages,/catering-packages-dubai,Commercial landing page,Primary,family catering dubai,,keyword-map-md
/family-feast-package-dubai,True,Packages,/catering-packages-dubai,Commercial landing page,Secondary,family feast package dubai,Transactional / commercial,architecture-500|seo-pages-json
/family-feast-package-dubai,True,Packages,/catering-packages-dubai,Commercial landing page,Secondary,best family catering dubai,,keyword-map-md
/family-feast-package-dubai,True,Packages,/catering-packages-dubai,Commercial landing page,Secondary,catering for family gathering dubai,,keyword-map-md
/family-feast-package-dubai,True,Packages,/catering-packages-dubai,Commercial landing page,Secondary,dubai family package price,,seo-pages-json
/family-feast-package-dubai,True,Packages,/catering-packages-dubai,Commercial landing page,Secondary,family catering cost per person dubai,,keyword-map-md
/family-feast-package-dubai,True,Packages,/catering-packages-dubai,Commercial landing page,Secondary,family catering dubai price,,keyword-map-md
/family-feast-package-dubai,True,Packages,/catering-packages-dubai,Commercial landing page,Secondary,family catering menu dubai,,keyword-map-md
/family-feast-package-dubai,True,Packages,/catering-packages-dubai,Commercial landing page,Secondary,family catering package dubai,Transactional / commercial,architecture-500
/family-feast-package-dubai,True,Packages,/catering-packages-dubai,Commercial landing page,Secondary,family dinner package dubai,Transactional / commercial,architecture-500
/family-feast-package-dubai,True,Packages,/catering-packages-dubai,Commercial landing page,Secondary,family feast price,,seo-pages-json
/family-feast-package-dubai,True,Packages,/catering-packages-dubai,Commercial landing page,Secondary,family gathering catering package dubai,Transactional / commercial,architecture-500
/family-feast-package-dubai,True,Packages,/catering-packages-dubai,Commercial landing page,Secondary,family meal package dubai,Transactional / commercial,architecture-500
/family-feast-package-dubai,True,Packages,/catering-packages-dubai,Commercial landing page,Secondary,halal family catering dubai,,keyword-map-md
/family-feast-package-dubai,True,Packages,/catering-packages-dubai,Commercial landing page,Secondary,how much is a family meal in dubai,,seo-pages-json
/faq,True,,,,Primary,catering faq dubai,,keyword-map-md|seo-pages-json
/faq,True,,,,Secondary,buffet catering dubai,,seo-pages-json
/faq,True,,,,Secondary,catering minimum order dubai,,keyword-map-md
/faq,True,,,,Secondary,corporate catering dubai,,seo-pages-json
/faq,True,,,,Secondary,does a private chef clean up dubai,,keyword-map-md
/faq,True,,,,Secondary,faq catering dubai menu,,seo-pages-json
/faq,True,,,,Secondary,faq catering dubai price list,,seo-pages-json
/faq,True,,,,Secondary,faq catering dubai reviews,,seo-pages-json
/faq,True,,,,Secondary,how much notice does a caterer need dubai,,keyword-map-md
/faq,True,,,,Secondary,is catering in dubai halal,,keyword-map-md
/faq,True,,,,Secondary,small party catering dubai,,seo-pages-json
/faq,True,,,,Secondary,what are common red flags with catering companies?,,seo-pages-json
/faq,True,,,,Secondary,what are the 7 functions of catering?,,seo-pages-json
/faq,True,,,,Secondary,what questions to ask for a catering service?,,seo-pages-json
/farewell-catering-dubai,True,Private Events,/events,Commercial landing page,Secondary,farewell catering dubai,Transactional / commercial,architecture-500|seo-pages-json
/farewell-catering-dubai,True,Private Events,/events,Commercial landing page,Primary,farewell party catering dubai,Transactional / commercial,architecture-500|keyword-map-md
/farewell-catering-dubai,True,Private Events,/events,Commercial landing page,Secondary,best farewell catering dubai,,keyword-map-md
/farewell-catering-dubai,True,Private Events,/events,Commercial landing page,Secondary,farewell catering dubai menu,,seo-pages-json
/farewell-catering-dubai,True,Private Events,/events,Commercial landing page,Secondary,farewell catering dubai price,,keyword-map-md|seo-pages-json
/farewell-catering-dubai,True,Private Events,/events,Commercial landing page,Secondary,farewell catering menu dubai,,keyword-map-md
/farewell-catering-dubai,True,Private Events,/events,Commercial landing page,Secondary,farewell catering packages dubai,,keyword-map-md
/farewell-catering-dubai,True,Private Events,/events,Commercial landing page,Secondary,farewell lunch catering dubai,,keyword-map-md
/farewell-catering-dubai,True,Private Events,/events,Commercial landing page,Secondary,farewell party catering cost per person dubai,,keyword-map-md
/farewell-catering-dubai,True,Private Events,/events,Commercial landing page,Secondary,halal farewell catering dubai,,keyword-map-md
/farewell-catering-dubai,True,Private Events,/events,Commercial landing page,Secondary,home catering dubai,,seo-pages-json
/farewell-catering-dubai,True,Private Events,/events,Commercial landing page,Secondary,small party catering dubai,,seo-pages-json
/fathers-day-catering-dubai,True,Private Events,/catering-dubai,Commercial landing page,Primary,fathers day catering dubai,Transactional / commercial,architecture-500|keyword-map-md|seo-pages-json
/fathers-day-catering-dubai,True,Private Events,/catering-dubai,Commercial landing page,Secondary,best fathers day catering dubai,,keyword-map-md
/fathers-day-catering-dubai,True,Private Events,/catering-dubai,Commercial landing page,Secondary,father's day brunch dubai,,seo-pages-json
/fathers-day-catering-dubai,True,Private Events,/catering-dubai,Commercial landing page,Secondary,father's day gift,,seo-pages-json
/fathers-day-catering-dubai,True,Private Events,/catering-dubai,Commercial landing page,Secondary,father's day uae,,seo-pages-json
/fathers-day-catering-dubai,True,Private Events,/catering-dubai,Commercial landing page,Secondary,fathers day bbq catering dubai,,keyword-map-md
/fathers-day-catering-dubai,True,Private Events,/catering-dubai,Commercial landing page,Secondary,fathers day catering cost per person dubai,,keyword-map-md
/fathers-day-catering-dubai,True,Private Events,/catering-dubai,Commercial landing page,Secondary,fathers day catering dubai price,,keyword-map-md
/fathers-day-catering-dubai,True,Private Events,/catering-dubai,Commercial landing page,Secondary,fathers day catering menu dubai,,keyword-map-md
/fathers-day-catering-dubai,True,Private Events,/catering-dubai,Commercial landing page,Secondary,fathers day catering packages dubai,,keyword-map-md
/fathers-day-catering-dubai,True,Private Events,/catering-dubai,Commercial landing page,Secondary,fathers day lunch catering dubai,,keyword-map-md
/fathers-day-catering-dubai,True,Private Events,/catering-dubai,Commercial landing page,Secondary,halal fathers day catering dubai,,keyword-map-md
/festive-catering-dubai,True,Seasonal and Occasions,/catering-dubai,Commercial landing page,Primary,festive catering dubai,Transactional / commercial,architecture-500|keyword-map-md|seo-pages-json
/festive-catering-dubai,True,Seasonal and Occasions,/catering-dubai,Commercial landing page,Secondary,best christmas catering dubai,,seo-pages-json
/festive-catering-dubai,True,Seasonal and Occasions,/catering-dubai,Commercial landing page,Secondary,best festive catering dubai,,keyword-map-md
/festive-catering-dubai,True,Seasonal and Occasions,/catering-dubai,Commercial landing page,Secondary,christmas catering dubai,,seo-pages-json
/festive-catering-dubai,True,Seasonal and Occasions,/catering-dubai,Commercial landing page,Secondary,dinner catering dubai,,seo-pages-json
/festive-catering-dubai,True,Seasonal and Occasions,/catering-dubai,Commercial landing page,Secondary,festive best dress code,,seo-pages-json
/festive-catering-dubai,True,Seasonal and Occasions,/catering-dubai,Commercial landing page,Secondary,festive catering cost per person dubai,,keyword-map-md
/festive-catering-dubai,True,Seasonal and Occasions,/catering-dubai,Commercial landing page,Secondary,festive catering dubai menu,,seo-pages-json
/festive-catering-dubai,True,Seasonal and Occasions,/catering-dubai,Commercial landing page,Secondary,festive catering dubai packages,,seo-pages-json
/festive-catering-dubai,True,Seasonal and Occasions,/catering-dubai,Commercial landing page,Secondary,festive catering dubai price,,keyword-map-md|seo-pages-json
/festive-catering-dubai,True,Seasonal and Occasions,/catering-dubai,Commercial landing page,Secondary,festive catering menu dubai,,keyword-map-md
/festive-catering-dubai,True,Seasonal and Occasions,/catering-dubai,Commercial landing page,Secondary,festive catering packages dubai,,keyword-map-md
/festive-catering-dubai,True,Seasonal and Occasions,/catering-dubai,Commercial landing page,Secondary,festive party catering dubai,Transactional / commercial,architecture-500
/festive-catering-dubai,True,Seasonal and Occasions,/catering-dubai,Commercial landing page,Secondary,festive season catering dubai,,keyword-map-md
/festive-catering-dubai,True,Seasonal and Occasions,/catering-dubai,Commercial landing page,Secondary,halal festive catering dubai,,keyword-map-md
/festive-catering-dubai,True,Seasonal and Occasions,/catering-dubai,Commercial landing page,Secondary,holiday catering dubai,Transactional / commercial,architecture-500
/festive-catering-dubai,True,Seasonal and Occasions,/catering-dubai,Commercial landing page,Secondary,holiday party catering dubai,Transactional / commercial,architecture-500
/festive-catering-dubai,True,Seasonal and Occasions,/catering-dubai,Commercial landing page,Secondary,hospitality catering dubai,,seo-pages-json
/festive-catering-dubai,True,Seasonal and Occasions,/catering-dubai,Commercial landing page,Secondary,new year catering dubai,,seo-pages-json
/festive-catering-dubai,True,Seasonal and Occasions,/catering-dubai,Commercial landing page,Secondary,ramadan catering dubai,,seo-pages-json
/festive-catering-dubai,True,Seasonal and Occasions,/catering-dubai,Commercial landing page,Secondary,seasonal catering dubai,Transactional / commercial,architecture-500
/film-crew-catering-dubai,True,Corporate Catering,/corporate,Commercial landing page,Primary,film crew catering dubai,Transactional / commercial,architecture-500|code-locks|keyword-map-md|seo-pages-json
/film-crew-catering-dubai,True,Corporate Catering,/corporate,Commercial landing page,Secondary,best film crew catering dubai,,seo-pages-json
/film-crew-catering-dubai,True,Corporate Catering,/corporate,Commercial landing page,Secondary,catering for film shoots dubai,,keyword-map-md
/film-crew-catering-dubai,True,Corporate Catering,/corporate,Commercial landing page,Secondary,craft services dubai,,keyword-map-md
/film-crew-catering-dubai,True,Corporate Catering,/corporate,Commercial landing page,Secondary,film crew catering dubai contact number,,seo-pages-json
/film-crew-catering-dubai,True,Corporate Catering,/corporate,Commercial landing page,Secondary,film crew catering dubai cost per person,,keyword-map-md
/film-crew-catering-dubai,True,Corporate Catering,/corporate,Commercial landing page,Secondary,film crew catering dubai price,,keyword-map-md
/film-crew-catering-dubai,True,Corporate Catering,/corporate,Commercial landing page,Secondary,film crew catering menu dubai,,keyword-map-md
/film-crew-catering-dubai,True,Corporate Catering,/corporate,Commercial landing page,Secondary,film crew catering packages dubai,,keyword-map-md
/film-crew-catering-dubai,True,Corporate Catering,/corporate,Commercial landing page,Secondary,film production catering dubai,Transactional / commercial,architecture-500
/film-crew-catering-dubai,True,Corporate Catering,/corporate,Commercial landing page,Secondary,film set catering dubai,,keyword-map-md
/film-crew-catering-dubai,True,Corporate Catering,/corporate,Commercial landing page,Secondary,small party catering dubai,,seo-pages-json
/finger-food-catering-dubai,True,Catering,/catering-dubai,Commercial landing page,Primary,finger food catering dubai,Transactional / commercial,architecture-500|keyword-map-md|seo-pages-json
/finger-food-catering-dubai,True,Catering,/catering-dubai,Commercial landing page,Secondary,arabic finger food ideas,,seo-pages-json
/finger-food-catering-dubai,True,Catering,/catering-dubai,Commercial landing page,Secondary,best finger food catering dubai,,keyword-map-md|seo-pages-json
/finger-food-catering-dubai,True,Catering,/catering-dubai,Commercial landing page,Secondary,catering finger food menu,,seo-pages-json
/finger-food-catering-dubai,True,Catering,/catering-dubai,Commercial landing page,Secondary,cheap finger food catering dubai,,seo-pages-json
/finger-food-catering-dubai,True,Catering,/catering-dubai,Commercial landing page,Secondary,cheap finger food catering near me,,seo-pages-json
/finger-food-catering-dubai,True,Catering,/catering-dubai,Commercial landing page,Secondary,finger food catering dubai near me,,seo-pages-json
/finger-food-catering-dubai,True,Catering,/catering-dubai,Commercial landing page,Secondary,finger food catering dubai price,,keyword-map-md|seo-pages-json
/finger-food-catering-dubai,True,Catering,/catering-dubai,Commercial landing page,Secondary,finger food catering dubai price list,,seo-pages-json
/finger-food-catering-dubai,True,Catering,/catering-dubai,Commercial landing page,Secondary,finger food catering menu dubai,,keyword-map-md
/finger-food-catering-dubai,True,Catering,/catering-dubai,Commercial landing page,Secondary,finger food catering menu ideas,,seo-pages-json
/finger-food-catering-dubai,True,Catering,/catering-dubai,Commercial landing page,Secondary,finger food catering packages dubai,,keyword-map-md
/finger-food-catering-dubai,True,Catering,/catering-dubai,Commercial landing page,Secondary,finger food catering price per person dubai,,keyword-map-md
/finger-food-catering-dubai,True,Catering,/catering-dubai,Commercial landing page,Secondary,finger food for party dubai,,keyword-map-md
/finger-food-catering-dubai,True,Catering,/catering-dubai,Commercial landing page,Secondary,finger food platters dubai,,keyword-map-md
/finger-food-catering-dubai,True,Catering,/catering-dubai,Commercial landing page,Secondary,finger foods dubai catering,Transactional / commercial,architecture-500
/finger-food-catering-dubai,True,Catering,/catering-dubai,Commercial landing page,Secondary,finger foods to cater,,seo-pages-json
/finger-food-catering-dubai,True,Catering,/catering-dubai,Commercial landing page,Secondary,halal finger food catering dubai,,keyword-map-md
/finger-food-catering-dubai,True,Catering,/catering-dubai,Commercial landing page,Secondary,party food catering dubai,,seo-pages-json
/finger-food-catering-dubai,True,Catering,/catering-dubai,Commercial landing page,Secondary,small party catering dubai,,seo-pages-json
/fitness-meal-prep-dubai,True,Private Chef,/private-chef-dubai,Commercial landing page,Primary,fitness meal prep dubai,Transactional / commercial,architecture-500|keyword-map-md|seo-pages-json
/fitness-meal-prep-dubai,True,Private Chef,/private-chef-dubai,Commercial landing page,Secondary,best fitness meal prep dubai,,keyword-map-md
/fitness-meal-prep-dubai,True,Private Chef,/private-chef-dubai,Commercial landing page,Secondary,best meal plans dubai,,seo-pages-json
/fitness-meal-prep-dubai,True,Private Chef,/private-chef-dubai,Commercial landing page,Secondary,bodybuilding meal prep dubai,,keyword-map-md
/fitness-meal-prep-dubai,True,Private Chef,/private-chef-dubai,Commercial landing page,Secondary,fit prep meals,,seo-pages-json
/fitness-meal-prep-dubai,True,Private Chef,/private-chef-dubai,Commercial landing page,Secondary,fitness meal plan dubai,,seo-pages-json
/fitness-meal-prep-dubai,True,Private Chef,/private-chef-dubai,Commercial landing page,Secondary,fitness meal prep dubai price,,keyword-map-md
/fitness-meal-prep-dubai,True,Private Chef,/private-chef-dubai,Commercial landing page,Secondary,fitness meal prep dubai price per meal,,keyword-map-md
/fitness-meal-prep-dubai,True,Private Chef,/private-chef-dubai,Commercial landing page,Secondary,fitness meal prep dubai reviews,,seo-pages-json
/fitness-meal-prep-dubai,True,Private Chef,/private-chef-dubai,Commercial landing page,Secondary,fitness meal prep menu dubai,,keyword-map-md
/fitness-meal-prep-dubai,True,Private Chef,/private-chef-dubai,Commercial landing page,Secondary,fitness meal prep packages dubai,,keyword-map-md
/fitness-meal-prep-dubai,True,Private Chef,/private-chef-dubai,Commercial landing page,Secondary,gym meal plan dubai,,seo-pages-json
/fitness-meal-prep-dubai,True,Private Chef,/private-chef-dubai,Commercial landing page,Secondary,gym meal prep dubai,,seo-pages-json
/fitness-meal-prep-dubai,True,Private Chef,/private-chef-dubai,Commercial landing page,Secondary,halal fitness meal prep dubai,,keyword-map-md
/fitness-meal-prep-dubai,True,Private Chef,/private-chef-dubai,Commercial landing page,Secondary,high protein meal prep chef dubai,Transactional / commercial,architecture-500
/fitness-meal-prep-dubai,True,Private Chef,/private-chef-dubai,Commercial landing page,Secondary,high protein meal prep dubai,,keyword-map-md
/fitness-meal-prep-dubai,True,Private Chef,/private-chef-dubai,Commercial landing page,Secondary,meal plans dubai,,seo-pages-json
/fitness-meal-prep-dubai,True,Private Chef,/private-chef-dubai,Commercial landing page,Secondary,meal prep in dubai,,seo-pages-json
/fitness-meal-prep-dubai,True,Private Chef,/private-chef-dubai,Commercial landing page,Secondary,the meal plan,,seo-pages-json
/fitness-meal-prep-dubai,True,Private Chef,/private-chef-dubai,Commercial landing page,Secondary,what is the best meal plan in the uae?,,seo-pages-json
/fitness-meal-prep-dubai,True,Private Chef,/private-chef-dubai,Commercial landing page,Secondary,what's a good meal prep for working out?,,seo-pages-json
/fodmap-catering-dubai,True,Cuisines and Dietary,/cuisines-dubai,Commercial landing page,Primary,fodmap catering dubai,,keyword-map-md|seo-pages-json
/fodmap-catering-dubai,True,Cuisines and Dietary,/cuisines-dubai,Commercial landing page,Secondary,low fodmap catering dubai,Transactional / commercial,architecture-500
/fodmap-catering-dubai,True,Cuisines and Dietary,/cuisines-dubai,Commercial landing page,Secondary,best low fodmap catering dubai,,keyword-map-md
/fodmap-catering-dubai,True,Cuisines and Dietary,/cuisines-dubai,Commercial landing page,Secondary,low fodmap catering dubai price,,keyword-map-md
/fodmap-catering-dubai,True,Cuisines and Dietary,/cuisines-dubai,Commercial landing page,Secondary,low fodmap meal prep dubai,,keyword-map-md
/fodmap-catering-dubai,True,Cuisines and Dietary,/cuisines-dubai,Commercial landing page,Secondary,low fodmap menu dubai,,keyword-map-md
/founding-customer-offer,True,,,,Primary,mychef founding customer offer,,keyword-map-md
/founding-customer-offer,True,,,,Secondary,mychef dubai offer,,keyword-map-md
/full-time-private-chef-dubai,True,Private Chef,/private-chef-dubai,Commercial landing page,Secondary,full time private chef catering dubai,,seo-pages-json
/full-time-private-chef-dubai,True,Private Chef,/private-chef-dubai,Commercial landing page,Primary,full time private chef dubai,Transactional / commercial,architecture-500|keyword-map-md|seo-pages-json
/full-time-private-chef-dubai,True,Private Chef,/private-chef-dubai,Commercial landing page,Secondary,best full time private chef catering dubai,,seo-pages-json
/full-time-private-chef-dubai,True,Private Chef,/private-chef-dubai,Commercial landing page,Secondary,can you rent a private chef?,,seo-pages-json
/full-time-private-chef-dubai,True,Private Chef,/private-chef-dubai,Commercial landing page,Secondary,family chef dubai full time,Transactional / commercial,architecture-500
/full-time-private-chef-dubai,True,Private Chef,/private-chef-dubai,Commercial landing page,Secondary,full time chef dubai,Transactional / commercial,architecture-500
/full-time-private-chef-dubai,True,Private Chef,/private-chef-dubai,Commercial landing page,Secondary,full time private chef catering dubai cost,,seo-pages-json
/full-time-private-chef-dubai,True,Private Chef,/private-chef-dubai,Commercial landing page,Secondary,full time private chef catering dubai price,,seo-pages-json
/full-time-private-chef-dubai,True,Private Chef,/private-chef-dubai,Commercial landing page,Secondary,full time private chef catering dubai reviews,,seo-pages-json
/full-time-private-chef-dubai,True,Private Chef,/private-chef-dubai,Commercial landing page,Secondary,full time private chef cost dubai,,keyword-map-md
/full-time-private-chef-dubai,True,Private Chef,/private-chef-dubai,Commercial landing page,Secondary,hire a full time chef dubai,,keyword-map-md
/full-time-private-chef-dubai,True,Private Chef,/private-chef-dubai,Commercial landing page,Secondary,household chef dubai,,keyword-map-md
/full-time-private-chef-dubai,True,Private Chef,/private-chef-dubai,Commercial landing page,Secondary,how much does a private chef cost for a meal?,,seo-pages-json
/full-time-private-chef-dubai,True,Private Chef,/private-chef-dubai,Commercial landing page,Secondary,how much does a private chef cost in dubai?,,seo-pages-json
/full-time-private-chef-dubai,True,Private Chef,/private-chef-dubai,Commercial landing page,Secondary,how much does a private chef earn in dubai?,,seo-pages-json
/full-time-private-chef-dubai,True,Private Chef,/private-chef-dubai,Commercial landing page,Secondary,live in chef dubai,Transactional / commercial,architecture-500|keyword-map-md
/full-time-private-chef-dubai,True,Private Chef,/private-chef-dubai,Commercial landing page,Secondary,monthly private chef dubai,Transactional / commercial,architecture-500|keyword-map-md
/full-time-private-chef-dubai,True,Private Chef,/private-chef-dubai,Commercial landing page,Secondary,private chef at home dubai,,seo-pages-json
/gala-dinner-catering-dubai,True,Corporate Catering,/corporate,Commercial landing page,Primary,gala dinner catering dubai,Transactional / commercial,architecture-500|code-locks|keyword-map-md|seo-pages-json
/gala-dinner-catering-dubai,True,Corporate Catering,/corporate,Commercial landing page,Secondary,awards dinner catering dubai,,keyword-map-md
/gala-dinner-catering-dubai,True,Corporate Catering,/corporate,Commercial landing page,Secondary,best gala dinner catering dubai,,keyword-map-md
/gala-dinner-catering-dubai,True,Corporate Catering,/corporate,Commercial landing page,Secondary,corporate dinner catering dubai,Transactional / commercial,architecture-500
/gala-dinner-catering-dubai,True,Corporate Catering,/corporate,Commercial landing page,Secondary,corporate gala catering dubai,Transactional / commercial,architecture-500
/gala-dinner-catering-dubai,True,Corporate Catering,/corporate,Commercial landing page,Secondary,gala dinner catering cost per person dubai,,keyword-map-md
/gala-dinner-catering-dubai,True,Corporate Catering,/corporate,Commercial landing page,Secondary,gala dinner catering dubai menu,,seo-pages-json
/gala-dinner-catering-dubai,True,Corporate Catering,/corporate,Commercial landing page,Secondary,gala dinner catering dubai price,,keyword-map-md
/gala-dinner-catering-dubai,True,Corporate Catering,/corporate,Commercial landing page,Secondary,gala dinner catering dubai reviews,,seo-pages-json
/gala-dinner-catering-dubai,True,Corporate Catering,/corporate,Commercial landing page,Secondary,gala dinner catering menu dubai,,keyword-map-md
/gala-dinner-catering-dubai,True,Corporate Catering,/corporate,Commercial landing page,Secondary,gala dinner catering packages dubai,,keyword-map-md
/gala-dinner-catering-dubai,True,Corporate Catering,/corporate,Commercial landing page,Secondary,halal gala dinner catering dubai,,keyword-map-md
/gift-cards,True,Dining Experiences,/luxury-dining-experiences,Commercial landing page,Secondary,dining gift card dubai,Transactional / commercial,architecture-500
/gift-cards,True,Dining Experiences,/luxury-dining-experiences,Commercial landing page,Secondary,gift vouchers dubai,,seo-pages-json
/gift-cards,True,Dining Experiences,/luxury-dining-experiences,Commercial landing page,Primary,mychef gift cards,,keyword-map-md
/gift-cards,True,Dining Experiences,/luxury-dining-experiences,Commercial landing page,Secondary,best gift cards catering dubai,,seo-pages-json
/gift-cards,True,Dining Experiences,/luxury-dining-experiences,Commercial landing page,Secondary,birthday gift cards catering dubai,,seo-pages-json
/gift-cards,True,Dining Experiences,/luxury-dining-experiences,Commercial landing page,Secondary,catering gift voucher dubai,,keyword-map-md
/gift-cards,True,Dining Experiences,/luxury-dining-experiences,Commercial landing page,Secondary,does dubai have gift card,,seo-pages-json
/gift-cards,True,Dining Experiences,/luxury-dining-experiences,Commercial landing page,Secondary,does dubai sell gift cards,,seo-pages-json
/gift-cards,True,Dining Experiences,/luxury-dining-experiences,Commercial landing page,Secondary,gift card private dining dubai,Transactional / commercial,architecture-500
/gift-cards,True,Dining Experiences,/luxury-dining-experiences,Commercial landing page,Secondary,gift card restaurant dubai,,seo-pages-json
/gift-cards,True,Dining Experiences,/luxury-dining-experiences,Commercial landing page,Secondary,gift cards catering dubai price,,seo-pages-json
/gift-cards,True,Dining Experiences,/luxury-dining-experiences,Commercial landing page,Secondary,gift voucher restaurant dubai,,seo-pages-json
/gift-cards,True,Dining Experiences,/luxury-dining-experiences,Commercial landing page,Secondary,is there gift cards in dubai,,seo-pages-json
/gift-cards,True,Dining Experiences,/luxury-dining-experiences,Commercial landing page,Secondary,jumeirah gift voucher,,seo-pages-json
/gift-cards,True,Dining Experiences,/luxury-dining-experiences,Commercial landing page,Secondary,private chef gift card dubai,Transactional / commercial,architecture-500
/gift-cards,True,Dining Experiences,/luxury-dining-experiences,Commercial landing page,Secondary,what gift card does dubai use,,seo-pages-json
/gift-cards,True,Dining Experiences,/luxury-dining-experiences,Commercial landing page,Secondary,which gift card available in dubai,,seo-pages-json
/gluten-free-catering-dubai,True,Cuisines and Dietary,/cuisines-dubai,Commercial landing page,Primary,gluten free catering dubai,Transactional / commercial,architecture-500|keyword-map-md|seo-pages-json
/gluten-free-catering-dubai,True,Cuisines and Dietary,/cuisines-dubai,Commercial landing page,Secondary,best gluten free catering dubai,,keyword-map-md|seo-pages-json
/gluten-free-catering-dubai,True,Cuisines and Dietary,/cuisines-dubai,Commercial landing page,Secondary,coeliac friendly catering dubai,,keyword-map-md
/gluten-free-catering-dubai,True,Cuisines and Dietary,/cuisines-dubai,Commercial landing page,Secondary,gluten free and more dubai,,seo-pages-json
/gluten-free-catering-dubai,True,Cuisines and Dietary,/cuisines-dubai,Commercial landing page,Secondary,gluten free and more restaurant,,seo-pages-json
/gluten-free-catering-dubai,True,Cuisines and Dietary,/cuisines-dubai,Commercial landing page,Secondary,gluten free bakery dubai,,seo-pages-json
/gluten-free-catering-dubai,True,Cuisines and Dietary,/cuisines-dubai,Commercial landing page,Secondary,gluten free caterers dubai,,keyword-map-md
/gluten-free-catering-dubai,True,Cuisines and Dietary,/cuisines-dubai,Commercial landing page,Secondary,gluten free catering dubai price,,keyword-map-md
/gluten-free-catering-dubai,True,Cuisines and Dietary,/cuisines-dubai,Commercial landing page,Secondary,gluten free catering menu dubai,,keyword-map-md
/gluten-free-catering-dubai,True,Cuisines and Dietary,/cuisines-dubai,Commercial landing page,Secondary,gluten free dubai mall,,seo-pages-json
/gluten-free-catering-dubai,True,Cuisines and Dietary,/cuisines-dubai,Commercial landing page,Secondary,gluten free food catering dubai,Transactional / commercial,architecture-500
/gluten-free-catering-dubai,True,Cuisines and Dietary,/cuisines-dubai,Commercial landing page,Secondary,gluten free party food dubai,,keyword-map-md
/gluten-free-catering-dubai,True,Cuisines and Dietary,/cuisines-dubai,Commercial landing page,Secondary,gluten free private chef dubai,,keyword-map-md
/gluten-free-catering-dubai,True,Cuisines and Dietary,/cuisines-dubai,Commercial landing page,Secondary,gluten free restaurants dubai mall,,seo-pages-json
/gluten-free-catering-dubai,True,Cuisines and Dietary,/cuisines-dubai,Commercial landing page,Secondary,gluten-free restaurant dubai,,seo-pages-json
/government-event-catering-dubai,True,,,,Primary,government event catering dubai,,assigned-2026-08-25
/government-event-catering-dubai,True,,,,Proposed,government catering dubai,,assigned-2026-08-25
/government-event-catering-dubai,True,,,,Proposed,official event catering dubai,,assigned-2026-08-25
/government-event-catering-dubai,True,,,,Proposed,protocol catering dubai,,assigned-2026-08-25
/government-event-catering-dubai,True,,,,Proposed,vip government dining dubai,,assigned-2026-08-25
/graduation-catering-dubai,True,Private Events,/events,Commercial landing page,Primary,graduation catering dubai,Transactional / commercial,architecture-500|keyword-map-md|seo-pages-json
/graduation-catering-dubai,True,Private Events,/events,Commercial landing page,Secondary,graduation party catering dubai,Transactional / commercial,architecture-500|keyword-map-md
/graduation-catering-dubai,True,Private Events,/events,Commercial landing page,Secondary,best graduation catering dubai,,keyword-map-md|seo-pages-json
/graduation-catering-dubai,True,Private Events,/events,Commercial landing page,Secondary,buffet catering dubai,,seo-pages-json
/graduation-catering-dubai,True,Private Events,/events,Commercial landing page,Secondary,finger food catering dubai,,seo-pages-json
/graduation-catering-dubai,True,Private Events,/events,Commercial landing page,Secondary,graduation catering cost per person dubai,,keyword-map-md
/graduation-catering-dubai,True,Private Events,/events,Commercial landing page,Secondary,graduation catering dubai price,,keyword-map-md
/graduation-catering-dubai,True,Private Events,/events,Commercial landing page,Secondary,graduation catering menu dubai,,keyword-map-md
/graduation-catering-dubai,True,Private Events,/events,Commercial landing page,Secondary,graduation catering packages dubai,,keyword-map-md
/graduation-catering-dubai,True,Private Events,/events,Commercial landing page,Secondary,halal graduation catering dubai,,keyword-map-md
/graduation-catering-dubai,True,Private Events,/events,Commercial landing page,Secondary,home catering dubai,,seo-pages-json
/graduation-catering-dubai,True,Private Events,/events,Commercial landing page,Secondary,how much does catering cost in dubai?,,seo-pages-json
/graduation-catering-dubai,True,Private Events,/events,Commercial landing page,Secondary,how to cater a graduation party?,,seo-pages-json
/graduation-catering-dubai,True,Private Events,/events,Commercial landing page,Secondary,small party catering dubai,,seo-pages-json
/graduation-catering-dubai,True,Private Events,/events,Commercial landing page,Secondary,what is graduation catering?,,seo-pages-json
/grazing-table-dubai,True,Catering,/catering-dubai,Commercial landing page,Secondary,grazing table catering dubai,Transactional / commercial,architecture-500|seo-pages-json
/grazing-table-dubai,True,Catering,/catering-dubai,Commercial landing page,Primary,grazing table dubai,Transactional / commercial,architecture-500|keyword-map-md
/grazing-table-dubai,True,Catering,/catering-dubai,Commercial landing page,Secondary,afternoon tea grazing table,,seo-pages-json
/grazing-table-dubai,True,Catering,/catering-dubai,Commercial landing page,Secondary,average cost of grazing table,,seo-pages-json
/grazing-table-dubai,True,Catering,/catering-dubai,Commercial landing page,Secondary,best grazing table dubai,,keyword-map-md
/grazing-table-dubai,True,Catering,/catering-dubai,Commercial landing page,Secondary,cost of grazing table for wedding,,seo-pages-json
/grazing-table-dubai,True,Catering,/catering-dubai,Commercial landing page,Secondary,grazing board,,seo-pages-json
/grazing-table-dubai,True,Catering,/catering-dubai,Commercial landing page,Secondary,grazing platter dubai,,keyword-map-md
/grazing-table-dubai,True,Catering,/catering-dubai,Commercial landing page,Secondary,grazing table catering dubai price,,seo-pages-json
/grazing-table-dubai,True,Catering,/catering-dubai,Commercial landing page,Secondary,grazing table delivery dubai,,keyword-map-md
/grazing-table-dubai,True,Catering,/catering-dubai,Commercial landing page,Secondary,grazing table dubai price,,keyword-map-md
/grazing-table-dubai,True,Catering,/catering-dubai,Commercial landing page,Secondary,grazing table for 20 guests dubai,,keyword-map-md
/grazing-table-dubai,True,Catering,/catering-dubai,Commercial landing page,Secondary,grazing table ideas,,seo-pages-json
/grazing-table-dubai,True,Catering,/catering-dubai,Commercial landing page,Secondary,grazing table meaning,,seo-pages-json
/grazing-table-dubai,True,Catering,/catering-dubai,Commercial landing page,Secondary,grazing table menu dubai,,keyword-map-md
/grazing-table-dubai,True,Catering,/catering-dubai,Commercial landing page,Secondary,grazing table packages dubai,,keyword-map-md
/grazing-table-dubai,True,Catering,/catering-dubai,Commercial landing page,Secondary,halal grazing table dubai,,keyword-map-md
/grazing-table-dubai,True,Catering,/catering-dubai,Commercial landing page,Secondary,how much does it cost for a grazing table,,seo-pages-json
/guide/private-dining-dubai,True,Blog and Guides,/guides,Blog / Guide / Tool,Primary,private dining dubai,,keyword-map-md
/guide/private-dining-dubai,True,Blog and Guides,/guides,Blog / Guide / Tool,Secondary,private dining dubai guide,Informational / commercial research,architecture-500
/guide/private-dining-dubai,True,Blog and Guides,/guides,Blog / Guide / Tool,Secondary,private dining in dubai,,seo-pages-json
/guide/private-dining-dubai,True,Blog and Guides,/guides,Blog / Guide / Tool,Secondary,best group dining dubai,,seo-pages-json
/guide/private-dining-dubai,True,Blog and Guides,/guides,Blog / Guide / Tool,Secondary,best private dining in dubai,,seo-pages-json
/guide/private-dining-dubai,True,Blog and Guides,/guides,Blog / Guide / Tool,Secondary,best private dining rooms in dubai,,seo-pages-json
/guide/private-dining-dubai,True,Blog and Guides,/guides,Blog / Guide / Tool,Secondary,private dining area dubai,,seo-pages-json
/guide/private-dining-dubai,True,Blog and Guides,/guides,Blog / Guide / Tool,Secondary,private dining at home dubai,,keyword-map-md
/guide/private-dining-dubai,True,Blog and Guides,/guides,Blog / Guide / Tool,Secondary,private dining dubai for couples,,seo-pages-json
/guide/private-dining-dubai,True,Blog and Guides,/guides,Blog / Guide / Tool,Secondary,private dining experience dubai,,keyword-map-md
/guide/private-dining-dubai,True,Blog and Guides,/guides,Blog / Guide / Tool,Secondary,private dining ideas dubai,,keyword-map-md
/guide/private-dining-dubai,True,Blog and Guides,/guides,Blog / Guide / Tool,Secondary,private dining in dubai for couples,,seo-pages-json
/guide/private-dining-dubai,True,Blog and Guides,/guides,Blog / Guide / Tool,Secondary,private dining in dubai with a view,,seo-pages-json
/guide/private-dining-dubai,True,Blog and Guides,/guides,Blog / Guide / Tool,Secondary,private dinner in dubai,,seo-pages-json
/guide/private-dining-dubai,True,Blog and Guides,/guides,Blog / Guide / Tool,Secondary,private dinner in dubai desert,,seo-pages-json
/guide/private-dining-dubai,True,Blog and Guides,/guides,Blog / Guide / Tool,Secondary,private dinner party dubai,,keyword-map-md
/guide/private-dining-dubai,True,Blog and Guides,/guides,Blog / Guide / Tool,Secondary,private restaurant in dubai for couples,,seo-pages-json
/guide/private-dining-dubai,True,Blog and Guides,/guides,Blog / Guide / Tool,Secondary,private room in dubai,,seo-pages-json
/guide/private-dining-dubai,True,Blog and Guides,/guides,Blog / Guide / Tool,Secondary,private room in dubai for rent,,seo-pages-json
/guide/private-dining-dubai,True,Blog and Guides,/guides,Blog / Guide / Tool,Secondary,romantic private dining dubai,,seo-pages-json
/guides,True,Blog and Guides,/guides,Blog / Guide / Tool,Primary,catering checklist dubai,,keyword-map-md
/guides,True,Blog and Guides,/guides,Blog / Guide / Tool,Secondary,catering guides dubai,,seo-pages-json
/guides,True,Blog and Guides,/guides,Blog / Guide / Tool,Secondary,catering guide dubai,Informational / commercial research,architecture-500
/guides,True,Blog and Guides,/guides,Blog / Guide / Tool,Secondary,catering guides dubai price,,seo-pages-json
/guides,True,Blog and Guides,/guides,Blog / Guide / Tool,Secondary,catering ideas dubai,Informational / commercial research,architecture-500
/guides,True,Blog and Guides,/guides,Blog / Guide / Tool,Secondary,catering planning guide dubai,Informational / commercial research,architecture-500
/guides,True,Blog and Guides,/guides,Blog / Guide / Tool,Secondary,dubai event food ideas,Informational / commercial research,architecture-500
/guides,True,Blog and Guides,/guides,Blog / Guide / Tool,Secondary,event catering planning dubai,,keyword-map-md
/guides,True,Blog and Guides,/guides,Blog / Guide / Tool,Secondary,event planning food checklist dubai,Informational / commercial research,architecture-500
/guides,True,Blog and Guides,/guides,Blog / Guide / Tool,Secondary,how to plan catering for an event dubai,,keyword-map-md
/guides,True,Blog and Guides,/guides,Blog / Guide / Tool,Secondary,private chef guide dubai,Informational / commercial research,architecture-500
/halal-catering-dubai,True,Cuisines and Dietary,/cuisines-dubai,Commercial landing page,Primary,halal catering dubai,Transactional / commercial,architecture-500|keyword-map-md|seo-pages-json
/halal-catering-dubai,True,Cuisines and Dietary,/cuisines-dubai,Commercial landing page,Secondary,are all restaurants in dubai halal,,seo-pages-json
/halal-catering-dubai,True,Cuisines and Dietary,/cuisines-dubai,Commercial landing page,Secondary,best halal catering dubai,,keyword-map-md|seo-pages-json
/halal-catering-dubai,True,Cuisines and Dietary,/cuisines-dubai,Commercial landing page,Secondary,best halal food dubai,,seo-pages-json
/halal-catering-dubai,True,Cuisines and Dietary,/cuisines-dubai,Commercial landing page,Secondary,catering services dubai,,seo-pages-json
/halal-catering-dubai,True,Cuisines and Dietary,/cuisines-dubai,Commercial landing page,Secondary,halal buffet catering dubai,,keyword-map-md
/halal-catering-dubai,True,Cuisines and Dietary,/cuisines-dubai,Commercial landing page,Secondary,halal caterers dubai,Transactional / commercial,architecture-500|keyword-map-md
/halal-catering-dubai,True,Cuisines and Dietary,/cuisines-dubai,Commercial landing page,Secondary,halal catering companies dubai,,keyword-map-md
/halal-catering-dubai,True,Cuisines and Dietary,/cuisines-dubai,Commercial landing page,Secondary,halal catering cost per person dubai,,keyword-map-md
/halal-catering-dubai,True,Cuisines and Dietary,/cuisines-dubai,Commercial landing page,Secondary,halal catering dubai price,,keyword-map-md|seo-pages-json
/halal-catering-dubai,True,Cuisines and Dietary,/cuisines-dubai,Commercial landing page,Secondary,halal catering menu dubai,,keyword-map-md
/halal-catering-dubai,True,Cuisines and Dietary,/cuisines-dubai,Commercial landing page,Secondary,halal catering packages dubai,,keyword-map-md
/halal-catering-dubai,True,Cuisines and Dietary,/cuisines-dubai,Commercial landing page,Secondary,halal certification cost,,seo-pages-json
/halal-catering-dubai,True,Cuisines and Dietary,/cuisines-dubai,Commercial landing page,Secondary,halal food catering dubai,Transactional / commercial,architecture-500
/halal-catering-dubai,True,Cuisines and Dietary,/cuisines-dubai,Commercial landing page,Secondary,halal food dubai,,seo-pages-json
/halal-catering-dubai,True,Cuisines and Dietary,/cuisines-dubai,Commercial landing page,Secondary,halal food dubai airport,,seo-pages-json
/halal-catering-dubai,True,Cuisines and Dietary,/cuisines-dubai,Commercial landing page,Secondary,halal food dubai mall,,seo-pages-json
/halal-catering-dubai,True,Cuisines and Dietary,/cuisines-dubai,Commercial landing page,Secondary,halal restaurant dubai,,seo-pages-json
/halal-catering-dubai,True,Cuisines and Dietary,/cuisines-dubai,Commercial landing page,Secondary,is all food in dubai halal,,seo-pages-json
/halal-catering-dubai,True,Cuisines and Dietary,/cuisines-dubai,Commercial landing page,Secondary,is all food in uae halal,,seo-pages-json
/halal-catering-dubai,True,Cuisines and Dietary,/cuisines-dubai,Commercial landing page,Secondary,is dubai halal,,seo-pages-json
/halal-catering-dubai,True,Cuisines and Dietary,/cuisines-dubai,Commercial landing page,Secondary,is everything in uae halal,,seo-pages-json
/halal-catering-dubai,True,Cuisines and Dietary,/cuisines-dubai,Commercial landing page,Secondary,is having a cat halal,,seo-pages-json
/halal-catering-dubai,True,Cuisines and Dietary,/cuisines-dubai,Commercial landing page,Secondary,is kfc halal in dubai,,seo-pages-json
/halal-catering-dubai,True,Cuisines and Dietary,/cuisines-dubai,Commercial landing page,Secondary,is kfc halal in uae,,seo-pages-json
/halal-private-dining-dubai,True,Dining Experiences,/luxury-dining-experiences,Commercial landing page,Secondary,halal private dining catering dubai,,seo-pages-json
/halal-private-dining-dubai,True,Dining Experiences,/luxury-dining-experiences,Commercial landing page,Primary,halal private dining dubai,Transactional / commercial,architecture-500|keyword-map-md
/halal-private-dining-dubai,True,Dining Experiences,/luxury-dining-experiences,Commercial landing page,Secondary,affordable private dining rooms dubai,,seo-pages-json
/halal-private-dining-dubai,True,Dining Experiences,/luxury-dining-experiences,Commercial landing page,Secondary,best halal private dining catering dubai,,seo-pages-json
/halal-private-dining-dubai,True,Dining Experiences,/luxury-dining-experiences,Commercial landing page,Secondary,best halal private dining dubai,,keyword-map-md
/halal-private-dining-dubai,True,Dining Experiences,/luxury-dining-experiences,Commercial landing page,Secondary,cheap halal private dining catering dubai,,seo-pages-json
/halal-private-dining-dubai,True,Dining Experiences,/luxury-dining-experiences,Commercial landing page,Secondary,halal fine dining at home dubai,,keyword-map-md
/halal-private-dining-dubai,True,Dining Experiences,/luxury-dining-experiences,Commercial landing page,Secondary,halal fine dining dubai,Transactional / commercial,architecture-500
/halal-private-dining-dubai,True,Dining Experiences,/luxury-dining-experiences,Commercial landing page,Secondary,halal private chef dinner dubai,Transactional / commercial,architecture-500
/halal-private-dining-dubai,True,Dining Experiences,/luxury-dining-experiences,Commercial landing page,Secondary,halal private chef dubai,,keyword-map-md
/halal-private-dining-dubai,True,Dining Experiences,/luxury-dining-experiences,Commercial landing page,Secondary,halal private dining catering dubai price,,seo-pages-json
/halal-private-dining-dubai,True,Dining Experiences,/luxury-dining-experiences,Commercial landing page,Secondary,halal private dining cost per person dubai,,keyword-map-md
/halal-private-dining-dubai,True,Dining Experiences,/luxury-dining-experiences,Commercial landing page,Secondary,halal private dining dubai price,,keyword-map-md
/halal-private-dining-dubai,True,Dining Experiences,/luxury-dining-experiences,Commercial landing page,Secondary,halal private dining menu dubai,,keyword-map-md
/halal-private-dining-dubai,True,Dining Experiences,/luxury-dining-experiences,Commercial landing page,Secondary,halal private dining packages dubai,,keyword-map-md
/halal-private-dining-dubai,True,Dining Experiences,/luxury-dining-experiences,Commercial landing page,Secondary,lebanese catering dubai,,seo-pages-json
/halal-private-dining-dubai,True,Dining Experiences,/luxury-dining-experiences,Commercial landing page,Secondary,romantic private dining dubai,,seo-pages-json
/halal-private-dining-dubai,True,Dining Experiences,/luxury-dining-experiences,Commercial landing page,Secondary,small party catering dubai,,seo-pages-json
/halloween-catering-dubai,True,Seasonal and Occasions,/catering-dubai,Commercial landing page,Primary,halloween catering dubai,Transactional / commercial,architecture-500|keyword-map-md|seo-pages-json
/halloween-catering-dubai,True,Seasonal and Occasions,/catering-dubai,Commercial landing page,Secondary,best halloween catering dubai,,keyword-map-md
/halloween-catering-dubai,True,Seasonal and Occasions,/catering-dubai,Commercial landing page,Secondary,dessert catering dubai,,seo-pages-json
/halloween-catering-dubai,True,Seasonal and Occasions,/catering-dubai,Commercial landing page,Secondary,finger food catering dubai,,seo-pages-json
/halloween-catering-dubai,True,Seasonal and Occasions,/catering-dubai,Commercial landing page,Secondary,french catering dubai,,seo-pages-json
/halloween-catering-dubai,True,Seasonal and Occasions,/catering-dubai,Commercial landing page,Secondary,halal halloween catering dubai,,keyword-map-md
/halloween-catering-dubai,True,Seasonal and Occasions,/catering-dubai,Commercial landing page,Secondary,halloween catering cost per person dubai,,keyword-map-md
/halloween-catering-dubai,True,Seasonal and Occasions,/catering-dubai,Commercial landing page,Secondary,halloween catering dubai cost,,seo-pages-json
/halloween-catering-dubai,True,Seasonal and Occasions,/catering-dubai,Commercial landing page,Secondary,halloween catering dubai price,,keyword-map-md
/halloween-catering-dubai,True,Seasonal and Occasions,/catering-dubai,Commercial landing page,Secondary,halloween catering menu dubai,,keyword-map-md
/halloween-catering-dubai,True,Seasonal and Occasions,/catering-dubai,Commercial landing page,Secondary,halloween catering packages dubai,,keyword-map-md
/halloween-catering-dubai,True,Seasonal and Occasions,/catering-dubai,Commercial landing page,Secondary,halloween party catering dubai,Transactional / commercial,architecture-500|keyword-map-md
/halloween-catering-dubai,True,Seasonal and Occasions,/catering-dubai,Commercial landing page,Secondary,halloween restaurant dubai,,seo-pages-json
/halloween-catering-dubai,True,Seasonal and Occasions,/catering-dubai,Commercial landing page,Secondary,kids halloween party catering dubai,,keyword-map-md
/halloween-catering-dubai,True,Seasonal and Occasions,/catering-dubai,Commercial landing page,Secondary,small catering dubai,,seo-pages-json
/healthcare-catering-dubai,True,,,,Primary,healthcare catering dubai,,assigned-2026-08-25
/healthcare-catering-dubai,True,,,,Proposed,clinic catering dubai,,assigned-2026-08-25
/healthcare-catering-dubai,True,,,,Proposed,hospital catering dubai,,assigned-2026-08-25
/healthcare-catering-dubai,True,,,,Proposed,medical facility catering dubai,,assigned-2026-08-25
/healthcare-catering-dubai,True,,,,Proposed,patient meal catering dubai,,assigned-2026-08-25
/healthy-catering-dubai,True,Cuisines and Dietary,/cuisines-dubai,Commercial landing page,Primary,healthy catering dubai,Transactional / commercial,architecture-500|keyword-map-md|seo-pages-json
/healthy-catering-dubai,True,Cuisines and Dietary,/cuisines-dubai,Commercial landing page,Secondary,best healthy catering dubai,,keyword-map-md
/healthy-catering-dubai,True,Cuisines and Dietary,/cuisines-dubai,Commercial landing page,Secondary,cheap healthy catering dubai,,seo-pages-json
/healthy-catering-dubai,True,Cuisines and Dietary,/cuisines-dubai,Commercial landing page,Secondary,finger food catering dubai,,seo-pages-json
/healthy-catering-dubai,True,Cuisines and Dietary,/cuisines-dubai,Commercial landing page,Secondary,healthy breakfast in dubai,,seo-pages-json
/healthy-catering-dubai,True,Cuisines and Dietary,/cuisines-dubai,Commercial landing page,Secondary,healthy cakes in dubai,,seo-pages-json
/healthy-catering-dubai,True,Cuisines and Dietary,/cuisines-dubai,Commercial landing page,Secondary,healthy catering cost per person dubai,,keyword-map-md
/healthy-catering-dubai,True,Cuisines and Dietary,/cuisines-dubai,Commercial landing page,Secondary,healthy catering dubai menu,,seo-pages-json
/healthy-catering-dubai,True,Cuisines and Dietary,/cuisines-dubai,Commercial landing page,Secondary,healthy catering dubai price,,keyword-map-md
/healthy-catering-dubai,True,Cuisines and Dietary,/cuisines-dubai,Commercial landing page,Secondary,healthy catering menu dubai,,keyword-map-md
/healthy-catering-dubai,True,Cuisines and Dietary,/cuisines-dubai,Commercial landing page,Secondary,healthy catering packages dubai,,keyword-map-md
/healthy-catering-dubai,True,Cuisines and Dietary,/cuisines-dubai,Commercial landing page,Secondary,healthy food app dubai,,seo-pages-json
/healthy-catering-dubai,True,Cuisines and Dietary,/cuisines-dubai,Commercial landing page,Secondary,healthy food catering dubai,Transactional / commercial,architecture-500
/healthy-catering-dubai,True,Cuisines and Dietary,/cuisines-dubai,Commercial landing page,Secondary,healthy food dubai,,seo-pages-json
/healthy-catering-dubai,True,Cuisines and Dietary,/cuisines-dubai,Commercial landing page,Secondary,healthy food dubai airport,,seo-pages-json
/healthy-catering-dubai,True,Cuisines and Dietary,/cuisines-dubai,Commercial landing page,Secondary,healthy food dubai delivery,,seo-pages-json
/healthy-catering-dubai,True,Cuisines and Dietary,/cuisines-dubai,Commercial landing page,Secondary,healthy food dubai festival city,,seo-pages-json
/healthy-catering-dubai,True,Cuisines and Dietary,/cuisines-dubai,Commercial landing page,Secondary,healthy food dubai hills,,seo-pages-json
/healthy-catering-dubai,True,Cuisines and Dietary,/cuisines-dubai,Commercial landing page,Secondary,healthy food dubai hills mall,,seo-pages-json
/healthy-catering-dubai,True,Cuisines and Dietary,/cuisines-dubai,Commercial landing page,Secondary,healthy meal delivery dubai,,seo-pages-json
/healthy-catering-dubai,True,Cuisines and Dietary,/cuisines-dubai,Commercial landing page,Secondary,healthy meal plans dubai,,seo-pages-json
/healthy-catering-dubai,True,Cuisines and Dietary,/cuisines-dubai,Commercial landing page,Secondary,healthy meals in dubai,,seo-pages-json
/healthy-catering-dubai,True,Cuisines and Dietary,/cuisines-dubai,Commercial landing page,Secondary,how much does catering cost in dubai?,,seo-pages-json
/healthy-catering-dubai,True,Cuisines and Dietary,/cuisines-dubai,Commercial landing page,Secondary,is 500 aed enough for food in dubai?,,seo-pages-json
/healthy-catering-dubai,True,Cuisines and Dietary,/cuisines-dubai,Commercial landing page,Secondary,is kcal restaurant healthy?,,seo-pages-json
/healthy-catering-dubai,True,Cuisines and Dietary,/cuisines-dubai,Commercial landing page,Secondary,small party catering dubai,,seo-pages-json
/holi-catering-dubai,True,Private Events,/events,Commercial landing page,Primary,holi catering dubai,Transactional / commercial,architecture-500|keyword-map-md|seo-pages-json
/holi-catering-dubai,True,Private Events,/events,Commercial landing page,Secondary,best holi catering dubai,,keyword-map-md|seo-pages-json
/holi-catering-dubai,True,Private Events,/events,Commercial landing page,Secondary,can we celebrate holi in dubai?,,seo-pages-json
/holi-catering-dubai,True,Private Events,/events,Commercial landing page,Secondary,holi catering cost per person dubai,,keyword-map-md
/holi-catering-dubai,True,Private Events,/events,Commercial landing page,Secondary,holi catering dubai menu,,seo-pages-json
/holi-catering-dubai,True,Private Events,/events,Commercial landing page,Secondary,holi catering dubai price,,keyword-map-md
/holi-catering-dubai,True,Private Events,/events,Commercial landing page,Secondary,holi catering menu dubai,,keyword-map-md
/holi-catering-dubai,True,Private Events,/events,Commercial landing page,Secondary,holi catering packages dubai,,keyword-map-md
/holi-catering-dubai,True,Private Events,/events,Commercial landing page,Secondary,holi party catering dubai,,keyword-map-md
/holi-catering-dubai,True,Private Events,/events,Commercial landing page,Secondary,how much does catering cost in dubai?,,seo-pages-json
/holi-catering-dubai,True,Private Events,/events,Commercial landing page,Secondary,vegetarian holi catering dubai,,keyword-map-md
/housewarming-catering-dubai,True,Private Events,/events,Commercial landing page,Primary,housewarming catering dubai,Transactional / commercial,architecture-500|keyword-map-md|seo-pages-json
/housewarming-catering-dubai,True,Private Events,/events,Commercial landing page,Secondary,best housewarming catering dubai,,keyword-map-md|seo-pages-json
/housewarming-catering-dubai,True,Private Events,/events,Commercial landing page,Secondary,buffet catering dubai,,seo-pages-json
/housewarming-catering-dubai,True,Private Events,/events,Commercial landing page,Secondary,cheap housewarming catering dubai,,seo-pages-json
/housewarming-catering-dubai,True,Private Events,/events,Commercial landing page,Secondary,halal housewarming catering dubai,,keyword-map-md
/housewarming-catering-dubai,True,Private Events,/events,Commercial landing page,Secondary,home catering dubai,,seo-pages-json
/housewarming-catering-dubai,True,Private Events,/events,Commercial landing page,Secondary,house party catering dubai,Transactional / commercial,architecture-500
/housewarming-catering-dubai,True,Private Events,/events,Commercial landing page,Secondary,housewarming catering cost per person dubai,,keyword-map-md
/housewarming-catering-dubai,True,Private Events,/events,Commercial landing page,Secondary,housewarming catering dubai packages,,seo-pages-json
/housewarming-catering-dubai,True,Private Events,/events,Commercial landing page,Secondary,housewarming catering dubai price,,keyword-map-md|seo-pages-json
/housewarming-catering-dubai,True,Private Events,/events,Commercial landing page,Secondary,housewarming catering menu dubai,,keyword-map-md
/housewarming-catering-dubai,True,Private Events,/events,Commercial landing page,Secondary,housewarming catering packages dubai,,keyword-map-md
/housewarming-catering-dubai,True,Private Events,/events,Commercial landing page,Secondary,housewarming party catering dubai,,keyword-map-md
/housewarming-catering-dubai,True,Private Events,/events,Commercial landing page,Secondary,luxury housewarming catering dubai,,seo-pages-json
/housewarming-catering-dubai,True,Private Events,/events,Commercial landing page,Secondary,small party catering dubai,,seo-pages-json
/how-it-works,True,,,,Primary,how to book a private chef dubai,,keyword-map-md
/how-it-works,True,,,,Secondary,private chef booking process dubai,,keyword-map-md|seo-pages-json
/how-it-works,True,,,,Secondary,does a private chef bring the ingredients dubai,,keyword-map-md
/how-it-works,True,,,,Secondary,full time private chef dubai,,seo-pages-json
/how-it-works,True,,,,Secondary,how does a private chef work in dubai,,keyword-map-md
/how-it-works,True,,,,Secondary,live in chef dubai,,seo-pages-json
/how-it-works,True,,,,Secondary,private chef booking process dubai cost,,seo-pages-json
/how-it-works,True,,,,Secondary,private chef booking process dubai price,,seo-pages-json
/how-to-choose-caterer-dubai,True,Blog and Guides,/guides,Blog / Guide / Tool,Primary,how to choose a caterer dubai,Informational / commercial research,architecture-500|keyword-map-md
/how-to-choose-caterer-dubai,True,Blog and Guides,/guides,Blog / Guide / Tool,Secondary,how to choose caterer dubai,,seo-pages-json
/how-to-choose-caterer-dubai,True,Blog and Guides,/guides,Blog / Guide / Tool,Secondary,how much does catering cost in dubai?,,seo-pages-json
/how-to-choose-caterer-dubai,True,Blog and Guides,/guides,Blog / Guide / Tool,Secondary,how to compare catering quotes dubai,,keyword-map-md
/how-to-choose-caterer-dubai,True,Blog and Guides,/guides,Blog / Guide / Tool,Secondary,how to find a good caterer in dubai,,keyword-map-md
/how-to-choose-caterer-dubai,True,Blog and Guides,/guides,Blog / Guide / Tool,Secondary,how to pick a caterer dubai,,keyword-map-md
/how-to-choose-caterer-dubai,True,Blog and Guides,/guides,Blog / Guide / Tool,Secondary,questions to ask a caterer dubai,,keyword-map-md
/how-to-choose-caterer-dubai,True,Blog and Guides,/guides,Blog / Guide / Tool,Secondary,what are common red flags with catering companies?,,seo-pages-json
/how-to-choose-caterer-dubai,True,Blog and Guides,/guides,Blog / Guide / Tool,Secondary,what is the best way to find reputable caterers?,,seo-pages-json
/how-to-choose-caterer-dubai,True,Blog and Guides,/guides,Blog / Guide / Tool,Secondary,what to ask a caterer dubai,Informational / commercial research,architecture-500
/how-to-choose-caterer-dubai,True,Blog and Guides,/guides,Blog / Guide / Tool,Secondary,what to consider when choosing a caterer?,,seo-pages-json
/how-to-choose-caterer-dubai,True,Blog and Guides,/guides,Blog / Guide / Tool,Secondary,what to look for in a catering company,,keyword-map-md
/how-we-vet-our-chefs,True,,,,Primary,private chef background checks dubai,,keyword-map-md
/how-we-vet-our-chefs,True,,,,Secondary,are private chefs licensed in dubai,,keyword-map-md
/how-we-vet-our-chefs,True,,,,Secondary,are private chefs vetted dubai,,keyword-map-md
/how-we-vet-our-chefs,True,,,,Secondary,private chef food safety dubai,,keyword-map-md
/iftar-catering-dubai,True,Packages,/catering-dubai,Commercial landing page,Primary,iftar catering dubai,Transactional / commercial,architecture-500|keyword-map-md|seo-pages-json
/iftar-catering-dubai,True,Packages,/catering-dubai,Commercial landing page,Secondary,best iftar buffet dubai,,seo-pages-json
/iftar-catering-dubai,True,Packages,/catering-dubai,Commercial landing page,Secondary,best iftar catering dubai,,keyword-map-md|seo-pages-json
/iftar-catering-dubai,True,Packages,/catering-dubai,Commercial landing page,Secondary,corporate iftar catering dubai,Transactional / commercial,architecture-500
/iftar-catering-dubai,True,Packages,/catering-dubai,Commercial landing page,Secondary,corporate iftar dubai,,seo-pages-json
/iftar-catering-dubai,True,Packages,/catering-dubai,Commercial landing page,Secondary,iftar buffet at dubai,,seo-pages-json
/iftar-catering-dubai,True,Packages,/catering-dubai,Commercial landing page,Secondary,iftar buffet bur dubai,,seo-pages-json
/iftar-catering-dubai,True,Packages,/catering-dubai,Commercial landing page,Secondary,iftar buffet catering dubai,Transactional / commercial,architecture-500|keyword-map-md
/iftar-catering-dubai,True,Packages,/catering-dubai,Commercial landing page,Secondary,iftar buffet dubai,,seo-pages-json
/iftar-catering-dubai,True,Packages,/catering-dubai,Commercial landing page,Secondary,iftar buffet dubai best,,seo-pages-json
/iftar-catering-dubai,True,Packages,/catering-dubai,Commercial landing page,Secondary,iftar catering at home dubai,Transactional / commercial,architecture-500
/iftar-catering-dubai,True,Packages,/catering-dubai,Commercial landing page,Secondary,iftar catering cost per person dubai,,keyword-map-md
/iftar-catering-dubai,True,Packages,/catering-dubai,Commercial landing page,Secondary,iftar catering dubai near me,,seo-pages-json
/iftar-catering-dubai,True,Packages,/catering-dubai,Commercial landing page,Secondary,iftar catering dubai price,,keyword-map-md|seo-pages-json
/iftar-catering-dubai,True,Packages,/catering-dubai,Commercial landing page,Secondary,iftar catering menu dubai,,keyword-map-md
/iftar-catering-dubai,True,Packages,/catering-dubai,Commercial landing page,Secondary,iftar catering packages dubai,Transactional / commercial,architecture-500|keyword-map-md
/iftar-catering-dubai,True,Packages,/catering-dubai,Commercial landing page,Secondary,iftar home catering,,seo-pages-json
/iftar-catering-dubai,True,Packages,/catering-dubai,Commercial landing page,Secondary,iftar restaurant dubai,,seo-pages-json
/iftar-catering-dubai,True,Packages,/catering-dubai,Commercial landing page,Secondary,new year catering dubai,,seo-pages-json
/iftar-catering-dubai,True,Packages,/catering-dubai,Commercial landing page,Secondary,ramadan catering services,,seo-pages-json
/iftar-catering-dubai,True,Packages,/catering-dubai,Commercial landing page,Secondary,top iftar buffet dubai,,seo-pages-json
/iftar-catering-dubai,True,Packages,/catering-dubai,Commercial landing page,Secondary,what to eat for iftar,,seo-pages-json
/indian-catering-dubai,True,Cuisines and Dietary,/cuisines-dubai,Commercial landing page,Primary,indian catering dubai,Transactional / commercial,architecture-500|keyword-map-md|seo-pages-json
/indian-catering-dubai,True,Cuisines and Dietary,/cuisines-dubai,Commercial landing page,Secondary,best indian catering dubai,,keyword-map-md|seo-pages-json
/indian-catering-dubai,True,Cuisines and Dietary,/cuisines-dubai,Commercial landing page,Secondary,best indian restaurant dubai downtown,,seo-pages-json
/indian-catering-dubai,True,Cuisines and Dietary,/cuisines-dubai,Commercial landing page,Secondary,halal indian catering dubai,,keyword-map-md
/indian-catering-dubai,True,Cuisines and Dietary,/cuisines-dubai,Commercial landing page,Secondary,how much does catering cost in dubai?,,seo-pages-json
/indian-catering-dubai,True,Cuisines and Dietary,/cuisines-dubai,Commercial landing page,Secondary,how much does indian catering usually cost?,,seo-pages-json
/indian-catering-dubai,True,Cuisines and Dietary,/cuisines-dubai,Commercial landing page,Secondary,indian caterers dubai,Transactional / commercial,architecture-500
/indian-catering-dubai,True,Cuisines and Dietary,/cuisines-dubai,Commercial landing page,Secondary,indian caterers for small parties,,seo-pages-json
/indian-catering-dubai,True,Cuisines and Dietary,/cuisines-dubai,Commercial landing page,Secondary,indian catering cost per person dubai,,keyword-map-md
/indian-catering-dubai,True,Cuisines and Dietary,/cuisines-dubai,Commercial landing page,Secondary,indian catering dubai near me,,seo-pages-json
/indian-catering-dubai,True,Cuisines and Dietary,/cuisines-dubai,Commercial landing page,Secondary,indian catering dubai price,,keyword-map-md|seo-pages-json
/indian-catering-dubai,True,Cuisines and Dietary,/cuisines-dubai,Commercial landing page,Secondary,indian catering dubai price list,,seo-pages-json
/indian-catering-dubai,True,Cuisines and Dietary,/cuisines-dubai,Commercial landing page,Secondary,indian catering menu dubai,,keyword-map-md
/indian-catering-dubai,True,Cuisines and Dietary,/cuisines-dubai,Commercial landing page,Secondary,indian catering packages dubai,,keyword-map-md
/indian-catering-dubai,True,Cuisines and Dietary,/cuisines-dubai,Commercial landing page,Secondary,indian food catering dubai,Transactional / commercial,architecture-500
/indian-catering-dubai,True,Cuisines and Dietary,/cuisines-dubai,Commercial landing page,Secondary,indian restaurant dubai creek harbour,,seo-pages-json
/indian-catering-dubai,True,Cuisines and Dietary,/cuisines-dubai,Commercial landing page,Secondary,indian restaurant dubai festival city,,seo-pages-json
/indian-catering-dubai,True,Cuisines and Dietary,/cuisines-dubai,Commercial landing page,Secondary,indian restaurant dubai fine dining,,seo-pages-json
/indian-catering-dubai,True,Cuisines and Dietary,/cuisines-dubai,Commercial landing page,Secondary,indian restaurant dubai high end,,seo-pages-json
/indian-catering-dubai,True,Cuisines and Dietary,/cuisines-dubai,Commercial landing page,Secondary,indian restaurant dubai hills,,seo-pages-json
/indian-catering-dubai,True,Cuisines and Dietary,/cuisines-dubai,Commercial landing page,Secondary,indian restaurant dubai hills estate,,seo-pages-json
/indian-catering-dubai,True,Cuisines and Dietary,/cuisines-dubai,Commercial landing page,Secondary,indian restaurant dubai hills mall,,seo-pages-json
/indian-catering-dubai,True,Cuisines and Dietary,/cuisines-dubai,Commercial landing page,Secondary,indian wedding catering dubai,,keyword-map-md
/indian-catering-dubai,True,Cuisines and Dietary,/cuisines-dubai,Commercial landing page,Secondary,north indian catering dubai,,keyword-map-md
/indian-catering-dubai,True,Cuisines and Dietary,/cuisines-dubai,Commercial landing page,Secondary,small party catering dubai indian,,seo-pages-json
/indian-catering-dubai,True,Cuisines and Dietary,/cuisines-dubai,Commercial landing page,Secondary,small party catering dubai indian price list,,seo-pages-json
/indian-catering-dubai,True,Cuisines and Dietary,/cuisines-dubai,Commercial landing page,Secondary,south indian catering dubai,,seo-pages-json
/indian-catering-dubai,True,Cuisines and Dietary,/cuisines-dubai,Commercial landing page,Secondary,which is the best indian restaurant in dubai?,,seo-pages-json
/influencer-partnerships,True,,,,Primary,food influencer partnerships dubai,,keyword-map-md
/influencer-partnerships,True,,,,Secondary,food blogger collaboration dubai,,keyword-map-md
/influencer-partnerships,True,,,,Secondary,food influencer collaboration dubai,,keyword-map-md
/italian-catering-dubai,True,Cuisines and Dietary,/cuisines-dubai,Commercial landing page,Primary,italian catering dubai,Transactional / commercial,architecture-500|keyword-map-md|seo-pages-json
/italian-catering-dubai,True,Cuisines and Dietary,/cuisines-dubai,Commercial landing page,Secondary,address hotel dubai italian restaurant,,seo-pages-json
/italian-catering-dubai,True,Cuisines and Dietary,/cuisines-dubai,Commercial landing page,Secondary,best italian catering dubai,,keyword-map-md|seo-pages-json
/italian-catering-dubai,True,Cuisines and Dietary,/cuisines-dubai,Commercial landing page,Secondary,best italian restaurant dubai downtown,,seo-pages-json
/italian-catering-dubai,True,Cuisines and Dietary,/cuisines-dubai,Commercial landing page,Secondary,best italian restaurant dubai hills mall,,seo-pages-json
/italian-catering-dubai,True,Cuisines and Dietary,/cuisines-dubai,Commercial landing page,Secondary,cheap italian catering dubai,,seo-pages-json
/italian-catering-dubai,True,Cuisines and Dietary,/cuisines-dubai,Commercial landing page,Secondary,halal italian catering dubai,,keyword-map-md
/italian-catering-dubai,True,Cuisines and Dietary,/cuisines-dubai,Commercial landing page,Secondary,italian bakery dubai,,seo-pages-json
/italian-catering-dubai,True,Cuisines and Dietary,/cuisines-dubai,Commercial landing page,Secondary,italian catering cost per person dubai,,keyword-map-md
/italian-catering-dubai,True,Cuisines and Dietary,/cuisines-dubai,Commercial landing page,Secondary,italian catering dubai delivery,,seo-pages-json
/italian-catering-dubai,True,Cuisines and Dietary,/cuisines-dubai,Commercial landing page,Secondary,italian catering dubai menu,,seo-pages-json
/italian-catering-dubai,True,Cuisines and Dietary,/cuisines-dubai,Commercial landing page,Secondary,italian catering dubai price,,keyword-map-md
/italian-catering-dubai,True,Cuisines and Dietary,/cuisines-dubai,Commercial landing page,Secondary,italian catering menu dubai,,keyword-map-md
/italian-catering-dubai,True,Cuisines and Dietary,/cuisines-dubai,Commercial landing page,Secondary,italian catering packages dubai,,keyword-map-md
/italian-catering-dubai,True,Cuisines and Dietary,/cuisines-dubai,Commercial landing page,Secondary,italian food catering dubai,Transactional / commercial,architecture-500
/italian-catering-dubai,True,Cuisines and Dietary,/cuisines-dubai,Commercial landing page,Secondary,italian restaurant bur dubai,,seo-pages-json
/italian-catering-dubai,True,Cuisines and Dietary,/cuisines-dubai,Commercial landing page,Secondary,italian restaurant dubai,,seo-pages-json
/italian-catering-dubai,True,Cuisines and Dietary,/cuisines-dubai,Commercial landing page,Secondary,italian restaurant dubai creek harbour,,seo-pages-json
/italian-catering-dubai,True,Cuisines and Dietary,/cuisines-dubai,Commercial landing page,Secondary,italian restaurant dubai downtown,,seo-pages-json
/italian-catering-dubai,True,Cuisines and Dietary,/cuisines-dubai,Commercial landing page,Secondary,italian restaurant dubai festival city,,seo-pages-json
/italian-catering-dubai,True,Cuisines and Dietary,/cuisines-dubai,Commercial landing page,Secondary,italian restaurant dubai festival city mall,,seo-pages-json
/italian-catering-dubai,True,Cuisines and Dietary,/cuisines-dubai,Commercial landing page,Secondary,italian restaurant dubai fine dining,,seo-pages-json
/italian-catering-dubai,True,Cuisines and Dietary,/cuisines-dubai,Commercial landing page,Secondary,italian restaurant dubai hills,,seo-pages-json
/italian-catering-dubai,True,Cuisines and Dietary,/cuisines-dubai,Commercial landing page,Secondary,italian restaurant dubai hills mall,,seo-pages-json
/italian-catering-dubai,True,Cuisines and Dietary,/cuisines-dubai,Commercial landing page,Secondary,italian restaurant dubai mall fountain view,,seo-pages-json
/italian-catering-dubai,True,Cuisines and Dietary,/cuisines-dubai,Commercial landing page,Secondary,italian supper jvc,,seo-pages-json
/italian-catering-dubai,True,Cuisines and Dietary,/cuisines-dubai,Commercial landing page,Secondary,the italian supper food truck dubai menu,,seo-pages-json
/jain-catering-dubai,True,Cuisines and Dietary,/cuisines-dubai,Commercial landing page,Primary,jain catering dubai,Transactional / commercial,architecture-500|keyword-map-md|seo-pages-json
/jain-catering-dubai,True,Cuisines and Dietary,/cuisines-dubai,Commercial landing page,Secondary,best jain catering dubai,,keyword-map-md
/jain-catering-dubai,True,Cuisines and Dietary,/cuisines-dubai,Commercial landing page,Secondary,best jain restaurant in dubai,,seo-pages-json
/jain-catering-dubai,True,Cuisines and Dietary,/cuisines-dubai,Commercial landing page,Secondary,jain catering cost per person dubai,,keyword-map-md
/jain-catering-dubai,True,Cuisines and Dietary,/cuisines-dubai,Commercial landing page,Secondary,jain catering dubai menu,,seo-pages-json
/jain-catering-dubai,True,Cuisines and Dietary,/cuisines-dubai,Commercial landing page,Secondary,jain catering dubai price,,keyword-map-md|seo-pages-json
/jain-catering-dubai,True,Cuisines and Dietary,/cuisines-dubai,Commercial landing page,Secondary,jain catering menu dubai,,keyword-map-md
/jain-catering-dubai,True,Cuisines and Dietary,/cuisines-dubai,Commercial landing page,Secondary,jain catering packages dubai,,keyword-map-md
/jain-catering-dubai,True,Cuisines and Dietary,/cuisines-dubai,Commercial landing page,Secondary,jain food catering dubai,Transactional / commercial,architecture-500
/jain-catering-dubai,True,Cuisines and Dietary,/cuisines-dubai,Commercial landing page,Secondary,jain food rules,,seo-pages-json
/jain-catering-dubai,True,Cuisines and Dietary,/cuisines-dubai,Commercial landing page,Secondary,jain restaurant bur dubai,,seo-pages-json
/jain-catering-dubai,True,Cuisines and Dietary,/cuisines-dubai,Commercial landing page,Secondary,jain restaurant dubai,,seo-pages-json
/jain-catering-dubai,True,Cuisines and Dietary,/cuisines-dubai,Commercial landing page,Secondary,jain wedding catering dubai,,keyword-map-md
/jain-catering-dubai,True,Cuisines and Dietary,/cuisines-dubai,Commercial landing page,Secondary,no onion no garlic catering dubai,,keyword-map-md
/jain-catering-dubai,True,Cuisines and Dietary,/cuisines-dubai,Commercial landing page,Secondary,satvik catering dubai,,keyword-map-md
/keto-catering-dubai,True,Cuisines and Dietary,/cuisines-dubai,Commercial landing page,Primary,keto catering dubai,Transactional / commercial,architecture-500|keyword-map-md|seo-pages-json
/keto-catering-dubai,True,Cuisines and Dietary,/cuisines-dubai,Commercial landing page,Secondary,affordable keto meal delivery dubai,,seo-pages-json
/keto-catering-dubai,True,Cuisines and Dietary,/cuisines-dubai,Commercial landing page,Secondary,best keto catering dubai,,keyword-map-md|seo-pages-json
/keto-catering-dubai,True,Cuisines and Dietary,/cuisines-dubai,Commercial landing page,Secondary,keto catering dubai price,,keyword-map-md|seo-pages-json
/keto-catering-dubai,True,Cuisines and Dietary,/cuisines-dubai,Commercial landing page,Secondary,keto catering menu dubai,,keyword-map-md
/keto-catering-dubai,True,Cuisines and Dietary,/cuisines-dubai,Commercial landing page,Secondary,keto delivery dubai,,seo-pages-json
/keto-catering-dubai,True,Cuisines and Dietary,/cuisines-dubai,Commercial landing page,Secondary,keto food delivery app,,seo-pages-json
/keto-catering-dubai,True,Cuisines and Dietary,/cuisines-dubai,Commercial landing page,Secondary,keto friendly catering dubai,,keyword-map-md
/keto-catering-dubai,True,Cuisines and Dietary,/cuisines-dubai,Commercial landing page,Secondary,keto meal catering dubai,Transactional / commercial,architecture-500
/keto-catering-dubai,True,Cuisines and Dietary,/cuisines-dubai,Commercial landing page,Secondary,keto private chef dubai,,keyword-map-md
/keto-catering-dubai,True,Cuisines and Dietary,/cuisines-dubai,Commercial landing page,Secondary,low carb catering dubai,,keyword-map-md
/kids-birthday-catering-dubai,True,Private Events,/events,Commercial landing page,Primary,kids birthday catering dubai,Transactional / commercial,architecture-500|birthday-seo-plan|code-locks|keyword-map-md|seo-pages-json
/kids-birthday-catering-dubai,True,Private Events,/events,Commercial landing page,Secondary,best kids birthday catering dubai,,keyword-map-md|seo-pages-json
/kids-birthday-catering-dubai,True,Private Events,/events,Commercial landing page,Secondary,birthday catering for kids,,seo-pages-json
/kids-birthday-catering-dubai,True,Private Events,/events,Commercial landing page,Secondary,children birthday catering dubai,Transactional / commercial,architecture-500
/kids-birthday-catering-dubai,True,Private Events,/events,Commercial landing page,Secondary,finger food catering dubai,,seo-pages-json
/kids-birthday-catering-dubai,True,Private Events,/events,Commercial landing page,Secondary,halal kids birthday catering dubai,,keyword-map-md
/kids-birthday-catering-dubai,True,Private Events,/events,Commercial landing page,Secondary,kids birthday catering cost per person dubai,,keyword-map-md
/kids-birthday-catering-dubai,True,Private Events,/events,Commercial landing page,Secondary,kids birthday catering dubai cost,,seo-pages-json
/kids-birthday-catering-dubai,True,Private Events,/events,Commercial landing page,Secondary,kids birthday catering dubai near me,,seo-pages-json
/kids-birthday-catering-dubai,True,Private Events,/events,Commercial landing page,Secondary,kids birthday catering dubai price,,keyword-map-md|seo-pages-json
/kids-birthday-catering-dubai,True,Private Events,/events,Commercial landing page,Secondary,kids birthday catering menu dubai,,keyword-map-md
/kids-birthday-catering-dubai,True,Private Events,/events,Commercial landing page,Secondary,kids birthday catering packages dubai,,birthday-seo-plan|keyword-map-md
/kids-birthday-catering-dubai,True,Private Events,/events,Commercial landing page,Secondary,kids birthday party catering dubai,,keyword-map-md
/kids-birthday-catering-dubai,True,Private Events,/events,Commercial landing page,Secondary,kids party catering dubai,,seo-pages-json
/kids-birthday-catering-dubai,True,Private Events,/events,Commercial landing page,Secondary,party food catering dubai,,seo-pages-json
/kids-birthday-catering-dubai,True,Private Events,/events,Commercial landing page,Secondary,small party catering dubai,,seo-pages-json
/kids-birthday-catering-dubai,True,Private Events,/events,Commercial landing page,Research,allergy-aware kids catering dubai,,birthday-seo-plan
/kids-birthday-catering-dubai,True,Private Events,/events,Commercial landing page,Research,birthday catering for kids and parents dubai,,birthday-seo-plan
/kids-birthday-catering-dubai,True,Private Events,/events,Commercial landing page,Research,child birthday party catering dubai,,birthday-seo-plan
/kids-birthday-catering-dubai,True,Private Events,/events,Commercial landing page,Research,children’s birthday catering dubai,,birthday-seo-plan
/kids-birthday-catering-dubai,True,Private Events,/events,Commercial landing page,Research,children’s dessert table dubai,,birthday-seo-plan
/kids-birthday-catering-dubai,True,Private Events,/events,Commercial landing page,Research,children’s party food catering dubai,,birthday-seo-plan
/kids-birthday-catering-dubai,True,Private Events,/events,Commercial landing page,Research,first birthday catering dubai,,birthday-seo-plan
/kids-birthday-catering-dubai,True,Private Events,/events,Commercial landing page,Research,healthy kids party food dubai,,birthday-seo-plan
/kids-birthday-catering-dubai,True,Private Events,/events,Commercial landing page,Research,kids birthday buffet dubai,,birthday-seo-plan
/kids-birthday-catering-dubai,True,Private Events,/events,Commercial landing page,Research,kids birthday party food dubai,,birthday-seo-plan
/kids-birthday-catering-dubai,True,Private Events,/events,Commercial landing page,Research,kids finger food catering dubai,,birthday-seo-plan
/kids-birthday-catering-dubai,True,Private Events,/events,Commercial landing page,Research,kids party boxes dubai,,birthday-seo-plan
/kids-birthday-catering-dubai,True,Private Events,/events,Commercial landing page,Research,kids party caterers dubai,,birthday-seo-plan
/kids-birthday-catering-dubai,True,Private Events,/events,Commercial landing page,Research,kids villa party catering dubai,,birthday-seo-plan
/kids-birthday-catering-dubai,True,Private Events,/events,Commercial landing page,Research,school birthday catering dubai,,birthday-seo-plan
/kids-birthday-catering-dubai,True,Private Events,/events,Commercial landing page,Research,soft play birthday catering dubai,,birthday-seo-plan
/kids-birthday-catering-dubai,True,Private Events,/events,Commercial landing page,Research,themed kids birthday catering dubai,,birthday-seo-plan
/kids-birthday-catering-dubai,True,Private Events,/events,Commercial landing page,Research,toddler birthday catering dubai,,birthday-seo-plan
/kids-nutrition-chef-dubai,True,Private Chef,/private-chef-dubai,Commercial landing page,Primary,kids meal prep dubai,,keyword-map-md
/kids-nutrition-chef-dubai,True,Private Chef,/private-chef-dubai,Commercial landing page,Secondary,kids nutrition chef catering dubai,,seo-pages-json
/kids-nutrition-chef-dubai,True,Private Chef,/private-chef-dubai,Commercial landing page,Secondary,kids nutrition chef dubai,Transactional / commercial,architecture-500
/kids-nutrition-chef-dubai,True,Private Chef,/private-chef-dubai,Commercial landing page,Secondary,family nutrition chef dubai,Transactional / commercial,architecture-500
/kids-nutrition-chef-dubai,True,Private Chef,/private-chef-dubai,Commercial landing page,Secondary,healthy kids meals delivery dubai,,keyword-map-md
/kids-nutrition-chef-dubai,True,Private Chef,/private-chef-dubai,Commercial landing page,Secondary,kids meal plan dubai,,keyword-map-md
/kids-nutrition-chef-dubai,True,Private Chef,/private-chef-dubai,Commercial landing page,Secondary,kids meal prep dubai price,,keyword-map-md
/kids-nutrition-chef-dubai,True,Private Chef,/private-chef-dubai,Commercial landing page,Secondary,kids nutrition chef catering dubai menu,,seo-pages-json
/kids-nutrition-chef-dubai,True,Private Chef,/private-chef-dubai,Commercial landing page,Secondary,kids nutrition chef catering dubai price,,seo-pages-json
/kids-nutrition-chef-dubai,True,Private Chef,/private-chef-dubai,Commercial landing page,Secondary,kids party catering dubai,,seo-pages-json
/live-cooking-stations-dubai,True,Catering,/catering-dubai,Commercial landing page,Secondary,live cooking stations catering dubai,,seo-pages-json
/live-cooking-stations-dubai,True,Catering,/catering-dubai,Commercial landing page,Primary,live cooking stations dubai,Transactional / commercial,architecture-500|keyword-map-md
/live-cooking-stations-dubai,True,Catering,/catering-dubai,Commercial landing page,Secondary,best live cooking stations catering dubai,,seo-pages-json
/live-cooking-stations-dubai,True,Catering,/catering-dubai,Commercial landing page,Secondary,best live cooking stations dubai,,keyword-map-md
/live-cooking-stations-dubai,True,Catering,/catering-dubai,Commercial landing page,Secondary,food stations catering dubai,Transactional / commercial,architecture-500
/live-cooking-stations-dubai,True,Catering,/catering-dubai,Commercial landing page,Secondary,halal live cooking stations dubai,,keyword-map-md
/live-cooking-stations-dubai,True,Catering,/catering-dubai,Commercial landing page,Secondary,live cooking classes,,seo-pages-json
/live-cooking-stations-dubai,True,Catering,/catering-dubai,Commercial landing page,Secondary,live cooking station catering dubai,,seo-pages-json
/live-cooking-stations-dubai,True,Catering,/catering-dubai,Commercial landing page,Secondary,live cooking station ideas,,seo-pages-json
/live-cooking-stations-dubai,True,Catering,/catering-dubai,Commercial landing page,Secondary,live cooking station price per person dubai,,keyword-map-md
/live-cooking-stations-dubai,True,Catering,/catering-dubai,Commercial landing page,Secondary,live cooking station restaurants,,seo-pages-json
/live-cooking-stations-dubai,True,Catering,/catering-dubai,Commercial landing page,Secondary,live cooking stations catering dubai near me,,seo-pages-json
/live-cooking-stations-dubai,True,Catering,/catering-dubai,Commercial landing page,Secondary,live cooking stations catering dubai price,,seo-pages-json
/live-cooking-stations-dubai,True,Catering,/catering-dubai,Commercial landing page,Secondary,live cooking stations dubai price,,keyword-map-md
/live-cooking-stations-dubai,True,Catering,/catering-dubai,Commercial landing page,Secondary,live cooking stations menu dubai,,keyword-map-md
/live-cooking-stations-dubai,True,Catering,/catering-dubai,Commercial landing page,Secondary,live cooking stations packages dubai,,keyword-map-md
/live-cooking-stations-dubai,True,Catering,/catering-dubai,Commercial landing page,Secondary,live music restaurants dubai,,seo-pages-json
/live-cooking-stations-dubai,True,Catering,/catering-dubai,Commercial landing page,Secondary,live pasta station dubai,,keyword-map-md
/live-cooking-stations-dubai,True,Catering,/catering-dubai,Commercial landing page,Secondary,live station catering dubai,Transactional / commercial,architecture-500|keyword-map-md
/locations,True,Locations,/locations,Location landing page,Secondary,catering locations dubai,,seo-pages-json
/locations,True,Locations,/locations,Location landing page,Primary,catering near me dubai,,keyword-map-md
/locations,True,Locations,/locations,Location landing page,Secondary,dubai private chef locations,Transactional / commercial,architecture-500
/locations,True,Locations,/locations,Location landing page,Secondary,best catering locations dubai,,seo-pages-json
/locations,True,Locations,/locations,Location landing page,Secondary,birthday catering locations dubai,,seo-pages-json
/locations,True,Locations,/locations,Location landing page,Secondary,catering services near me dubai,Local transactional,architecture-500|keyword-map-md
/locations,True,Locations,/locations,Location landing page,Secondary,cheap catering locations dubai,,seo-pages-json
/locations,True,Locations,/locations,Location landing page,Secondary,food catering locations dubai,,seo-pages-json
/locations,True,Locations,/locations,Location landing page,Secondary,how much does catering cost in dubai?,,seo-pages-json
/locations,True,Locations,/locations,Location landing page,Secondary,private chef dubai near me,Local transactional,architecture-500
/locations,True,Locations,/locations,Location landing page,Secondary,private chef service across dubai,Transactional / commercial,architecture-500
/locations,True,Locations,/locations,Location landing page,Secondary,private chef service areas dubai,,keyword-map-md
/locations,True,Locations,/locations,Location landing page,Secondary,small catering locations dubai,,seo-pages-json
/locations,True,Locations,/locations,Location landing page,Secondary,small party catering dubai,,seo-pages-json
/locations,True,Locations,/locations,Location landing page,Secondary,what is the cheapest catering service?,,seo-pages-json
/locations,True,Locations,/locations,Location landing page,Secondary,what is the largest catering company?,,seo-pages-json
/locations/al-barsha,True,Locations,/locations,Location landing page,Primary,private chef al barsha,Local transactional,architecture-500|keyword-map-md|seo-pages-json
/locations/al-barsha,True,Locations,/locations,Location landing page,Secondary,best private chef al barsha,,seo-pages-json
/locations/al-barsha,True,Locations,/locations,Location landing page,Secondary,catering al barsha,Local transactional,architecture-500|keyword-map-md
/locations/al-barsha,True,Locations,/locations,Location landing page,Secondary,chef at home al barsha,,keyword-map-md
/locations/al-barsha,True,Locations,/locations,Location landing page,Secondary,full time private chef dubai,,seo-pages-json
/locations/al-barsha,True,Locations,/locations,Location landing page,Secondary,how much does a private chef cost in dubai?,,seo-pages-json
/locations/al-barsha,True,Locations,/locations,Location landing page,Secondary,party catering al barsha,,keyword-map-md
/locations/al-barsha,True,Locations,/locations,Location landing page,Secondary,personal chef al barsha,,keyword-map-md
/locations/al-barsha,True,Locations,/locations,Location landing page,Secondary,private dining al barsha,,keyword-map-md
/locations/arabian-ranches,True,Locations,/locations,Location landing page,Primary,private chef arabian ranches,Local transactional,architecture-500|keyword-map-md|seo-pages-json
/locations/arabian-ranches,True,Locations,/locations,Location landing page,Secondary,best private chef arabian ranches,,seo-pages-json
/locations/arabian-ranches,True,Locations,/locations,Location landing page,Secondary,catering arabian ranches,Local transactional,architecture-500|keyword-map-md
/locations/arabian-ranches,True,Locations,/locations,Location landing page,Secondary,chef at home arabian ranches,,keyword-map-md
/locations/arabian-ranches,True,Locations,/locations,Location landing page,Secondary,female private chef arabian ranches,,seo-pages-json
/locations/arabian-ranches,True,Locations,/locations,Location landing page,Secondary,full time private chef dubai,,seo-pages-json
/locations/arabian-ranches,True,Locations,/locations,Location landing page,Secondary,home chef arabian ranches,Local transactional,architecture-500
/locations/arabian-ranches,True,Locations,/locations,Location landing page,Secondary,party catering arabian ranches,,keyword-map-md
/locations/arabian-ranches,True,Locations,/locations,Location landing page,Secondary,personal chef arabian ranches,,keyword-map-md
/locations/arabian-ranches,True,Locations,/locations,Location landing page,Secondary,private chef at home dubai,,seo-pages-json
/locations/arabian-ranches,True,Locations,/locations,Location landing page,Secondary,private dining arabian ranches,,keyword-map-md
/locations/bluewaters-island,True,Locations,/locations,Location landing page,Primary,private chef bluewaters island,Local transactional,architecture-500|keyword-map-md|seo-pages-json
/locations/bluewaters-island,True,Locations,/locations,Location landing page,Secondary,catering bluewaters dubai,Local transactional,architecture-500
/locations/bluewaters-island,True,Locations,/locations,Location landing page,Secondary,catering bluewaters island,Local transactional,architecture-500|keyword-map-md
/locations/bluewaters-island,True,Locations,/locations,Location landing page,Secondary,chef at home bluewaters island,,keyword-map-md
/locations/bluewaters-island,True,Locations,/locations,Location landing page,Secondary,female private chef bluewaters island,,seo-pages-json
/locations/bluewaters-island,True,Locations,/locations,Location landing page,Secondary,how much does a private chef cost in dubai?,,seo-pages-json
/locations/bluewaters-island,True,Locations,/locations,Location landing page,Secondary,how much does it usually cost to have a private chef?,,seo-pages-json
/locations/bluewaters-island,True,Locations,/locations,Location landing page,Secondary,party catering bluewaters island,,keyword-map-md
/locations/bluewaters-island,True,Locations,/locations,Location landing page,Secondary,personal chef bluewaters island,,keyword-map-md
/locations/bluewaters-island,True,Locations,/locations,Location landing page,Secondary,private chef bluewaters island dubai,,seo-pages-json
/locations/bluewaters-island,True,Locations,/locations,Location landing page,Secondary,private chef bluewaters island reviews,,seo-pages-json
/locations/bluewaters-island,True,Locations,/locations,Location landing page,Secondary,private dining bluewaters island,,keyword-map-md
/locations/business-bay,True,Locations,/locations,Location landing page,Primary,private chef business bay,Local transactional,architecture-500|keyword-map-md|seo-pages-json
/locations/business-bay,True,Locations,/locations,Location landing page,Secondary,affordable private chef business bay,,seo-pages-json
/locations/business-bay,True,Locations,/locations,Location landing page,Secondary,catering business bay,Local transactional,architecture-500|keyword-map-md
/locations/business-bay,True,Locations,/locations,Location landing page,Secondary,chef at home business bay,,keyword-map-md
/locations/business-bay,True,Locations,/locations,Location landing page,Secondary,female private chef business bay,,seo-pages-json
/locations/business-bay,True,Locations,/locations,Location landing page,Secondary,full time private chef dubai,,seo-pages-json
/locations/business-bay,True,Locations,/locations,Location landing page,Secondary,how much does a personal chef cost in the bay area?,,seo-pages-json
/locations/business-bay,True,Locations,/locations,Location landing page,Secondary,how much does a private chef cost in dubai?,,seo-pages-json
/locations/business-bay,True,Locations,/locations,Location landing page,Secondary,how much does it usually cost to have a private chef?,,seo-pages-json
/locations/business-bay,True,Locations,/locations,Location landing page,Secondary,office catering business bay,Local transactional,architecture-500|keyword-map-md
/locations/business-bay,True,Locations,/locations,Location landing page,Secondary,party catering business bay,,keyword-map-md
/locations/business-bay,True,Locations,/locations,Location landing page,Secondary,personal chef business bay,,keyword-map-md
/locations/business-bay,True,Locations,/locations,Location landing page,Secondary,private chef at home dubai,,seo-pages-json
/locations/business-bay,True,Locations,/locations,Location landing page,Secondary,private chef business bay cost,,seo-pages-json
/locations/business-bay,True,Locations,/locations,Location landing page,Secondary,private chef business bay reviews,,seo-pages-json
/locations/business-bay,True,Locations,/locations,Location landing page,Secondary,private dining business bay,,keyword-map-md
/locations/difc,True,Locations,/locations,Location landing page,Primary,private chef difc,Local transactional,architecture-500|keyword-map-md|seo-pages-json
/locations/difc,True,Locations,/locations,Location landing page,Secondary,best private chef difc,,seo-pages-json
/locations/difc,True,Locations,/locations,Location landing page,Secondary,catering difc,,keyword-map-md
/locations/difc,True,Locations,/locations,Location landing page,Secondary,chef at home difc,,keyword-map-md
/locations/difc,True,Locations,/locations,Location landing page,Secondary,corporate catering difc,Local transactional,architecture-500
/locations/difc,True,Locations,/locations,Location landing page,Secondary,corporate catering difc dubai,Local transactional,architecture-500
/locations/difc,True,Locations,/locations,Location landing page,Secondary,full time private chef dubai,,seo-pages-json
/locations/difc,True,Locations,/locations,Location landing page,Secondary,office catering difc,,keyword-map-md
/locations/difc,True,Locations,/locations,Location landing page,Secondary,party catering difc,,keyword-map-md
/locations/difc,True,Locations,/locations,Location landing page,Secondary,personal chef difc,,keyword-map-md
/locations/difc,True,Locations,/locations,Location landing page,Secondary,private chef difc dubai,,seo-pages-json
/locations/difc,True,Locations,/locations,Location landing page,Secondary,private dining difc,,keyword-map-md
/locations/downtown-dubai,True,Locations,/locations,Location landing page,Primary,private chef downtown dubai,Local transactional,architecture-500|keyword-map-md|seo-pages-json
/locations/downtown-dubai,True,Locations,/locations,Location landing page,Secondary,catering downtown dubai,Local transactional,architecture-500|keyword-map-md
/locations/downtown-dubai,True,Locations,/locations,Location landing page,Secondary,chef at home downtown dubai,,keyword-map-md
/locations/downtown-dubai,True,Locations,/locations,Location landing page,Secondary,event catering downtown dubai,Local transactional,architecture-500
/locations/downtown-dubai,True,Locations,/locations,Location landing page,Secondary,full time private chef dubai,,seo-pages-json
/locations/downtown-dubai,True,Locations,/locations,Location landing page,Secondary,live in chef dubai,,seo-pages-json
/locations/downtown-dubai,True,Locations,/locations,Location landing page,Secondary,office catering downtown dubai,,keyword-map-md
/locations/downtown-dubai,True,Locations,/locations,Location landing page,Secondary,party catering downtown dubai,,keyword-map-md
/locations/downtown-dubai,True,Locations,/locations,Location landing page,Secondary,personal chef downtown dubai,,keyword-map-md
/locations/downtown-dubai,True,Locations,/locations,Location landing page,Secondary,private chef at home dubai,,seo-pages-json
/locations/downtown-dubai,True,Locations,/locations,Location landing page,Secondary,private dining downtown dubai,Local transactional,architecture-500|keyword-map-md
/locations/dubai-hills,True,Locations,/locations,Location landing page,Primary,private chef dubai hills,Local transactional,architecture-500|keyword-map-md|seo-pages-json
/locations/dubai-hills,True,Locations,/locations,Location landing page,Secondary,best private chef dubai hills,,seo-pages-json
/locations/dubai-hills,True,Locations,/locations,Location landing page,Secondary,catering dubai hills,Local transactional,architecture-500|keyword-map-md
/locations/dubai-hills,True,Locations,/locations,Location landing page,Secondary,chef at home dubai hills,,keyword-map-md
/locations/dubai-hills,True,Locations,/locations,Location landing page,Secondary,party catering dubai hills,,keyword-map-md
/locations/dubai-hills,True,Locations,/locations,Location landing page,Secondary,personal chef dubai hills,,keyword-map-md
/locations/dubai-hills,True,Locations,/locations,Location landing page,Secondary,private chef dubai hills price,,seo-pages-json
/locations/dubai-hills,True,Locations,/locations,Location landing page,Secondary,private dining dubai hills,,keyword-map-md
/locations/dubai-hills,True,Locations,/locations,Location landing page,Long-tail,private chef luxury villa dubai hills,Local transactional,architecture-500
/locations/dubai-marina,True,Locations,/locations,Location landing page,Primary,private chef dubai marina,Local transactional,architecture-500|keyword-map-md|seo-pages-json
/locations/dubai-marina,True,Locations,/locations,Location landing page,Secondary,birthday catering dubai marina,Local transactional,architecture-500
/locations/dubai-marina,True,Locations,/locations,Location landing page,Secondary,catering dubai marina,Local transactional,architecture-500|keyword-map-md
/locations/dubai-marina,True,Locations,/locations,Location landing page,Secondary,chef at home dubai marina,,keyword-map-md
/locations/dubai-marina,True,Locations,/locations,Location landing page,Secondary,female private chef dubai marina,,seo-pages-json
/locations/dubai-marina,True,Locations,/locations,Location landing page,Secondary,full time private chef dubai,,seo-pages-json
/locations/dubai-marina,True,Locations,/locations,Location landing page,Secondary,party catering dubai marina,,keyword-map-md
/locations/dubai-marina,True,Locations,/locations,Location landing page,Secondary,personal chef dubai marina,,keyword-map-md
/locations/dubai-marina,True,Locations,/locations,Location landing page,Secondary,private chef dubai marina menu,,seo-pages-json
/locations/dubai-marina,True,Locations,/locations,Location landing page,Secondary,private chef dubai marina price,,seo-pages-json
/locations/dubai-marina,True,Locations,/locations,Location landing page,Secondary,private dining dubai marina,,keyword-map-md
/locations/dubai-marina,True,Locations,/locations,Location landing page,Secondary,yacht catering dubai marina,Local transactional,architecture-500|keyword-map-md
/locations/emirates-hills,True,Locations,/locations,Location landing page,Primary,private chef emirates hills,Local transactional,architecture-500|keyword-map-md|seo-pages-json
/locations/emirates-hills,True,Locations,/locations,Location landing page,Secondary,catering emirates hills,Local transactional,architecture-500|keyword-map-md
/locations/emirates-hills,True,Locations,/locations,Location landing page,Secondary,chef at home emirates hills,,keyword-map-md
/locations/emirates-hills,True,Locations,/locations,Location landing page,Secondary,full time private chef dubai,,seo-pages-json
/locations/emirates-hills,True,Locations,/locations,Location landing page,Secondary,how much does a private chef cost in dubai?,,seo-pages-json
/locations/emirates-hills,True,Locations,/locations,Location landing page,Secondary,how much does it usually cost to have a private chef?,,seo-pages-json
/locations/emirates-hills,True,Locations,/locations,Location landing page,Secondary,party catering emirates hills,,keyword-map-md
/locations/emirates-hills,True,Locations,/locations,Location landing page,Secondary,personal chef emirates hills,,keyword-map-md
/locations/emirates-hills,True,Locations,/locations,Location landing page,Secondary,private chef emirates hills villa,Local transactional,architecture-500
/locations/emirates-hills,True,Locations,/locations,Location landing page,Secondary,private dining emirates hills,,keyword-map-md
/locations/jbr,True,Locations,/locations,Location landing page,Primary,private chef jbr,Local transactional,architecture-500|keyword-map-md|seo-pages-json
/locations/jbr,True,Locations,/locations,Location landing page,Secondary,best private chef jbr,,seo-pages-json
/locations/jbr,True,Locations,/locations,Location landing page,Secondary,catering jbr,Local transactional,architecture-500|keyword-map-md
/locations/jbr,True,Locations,/locations,Location landing page,Secondary,chef at home jbr,,keyword-map-md
/locations/jbr,True,Locations,/locations,Location landing page,Secondary,full time private chef dubai,,seo-pages-json
/locations/jbr,True,Locations,/locations,Location landing page,Secondary,party catering jbr,,keyword-map-md
/locations/jbr,True,Locations,/locations,Location landing page,Secondary,personal chef jbr,,keyword-map-md
/locations/jbr,True,Locations,/locations,Location landing page,Secondary,private chef at home dubai,,seo-pages-json
/locations/jbr,True,Locations,/locations,Location landing page,Secondary,private chef jbr near me,,seo-pages-json
/locations/jbr,True,Locations,/locations,Location landing page,Secondary,private dining jbr,,keyword-map-md
/locations/jlt,True,Locations,/locations,Location landing page,Primary,private chef jlt,Local transactional,architecture-500|keyword-map-md|seo-pages-json
/locations/jlt,True,Locations,/locations,Location landing page,Secondary,catering jlt,Local transactional,architecture-500|keyword-map-md
/locations/jlt,True,Locations,/locations,Location landing page,Secondary,chef at home jlt,,keyword-map-md
/locations/jlt,True,Locations,/locations,Location landing page,Secondary,full time private chef dubai,,seo-pages-json
/locations/jlt,True,Locations,/locations,Location landing page,Secondary,how much does a private chef cost in dubai?,,seo-pages-json
/locations/jlt,True,Locations,/locations,Location landing page,Secondary,how much does it usually cost to have a private chef?,,seo-pages-json
/locations/jlt,True,Locations,/locations,Location landing page,Secondary,how much should you charge as a private chef?,,seo-pages-json
/locations/jlt,True,Locations,/locations,Location landing page,Secondary,office catering jlt,,keyword-map-md
/locations/jlt,True,Locations,/locations,Location landing page,Secondary,party catering jlt,,keyword-map-md
/locations/jlt,True,Locations,/locations,Location landing page,Secondary,personal chef,,seo-pages-json
/locations/jlt,True,Locations,/locations,Location landing page,Secondary,personal chef jlt,,keyword-map-md
/locations/jlt,True,Locations,/locations,Location landing page,Secondary,private chef at home dubai,,seo-pages-json
/locations/jlt,True,Locations,/locations,Location landing page,Secondary,private chef jlt dubai,,seo-pages-json
/locations/jlt,True,Locations,/locations,Location landing page,Secondary,private chef jlt reviews,,seo-pages-json
/locations/jlt,True,Locations,/locations,Location landing page,Secondary,private dining jlt,,keyword-map-md
/locations/jumeirah,True,Locations,/locations,Location landing page,Primary,private chef jumeirah,,keyword-map-md|seo-pages-json
/locations/jumeirah,True,Locations,/locations,Location landing page,Secondary,private chef jumeirah dubai,Transactional / commercial,architecture-500
/locations/jumeirah,True,Locations,/locations,Location landing page,Secondary,catering jumeirah,,keyword-map-md
/locations/jumeirah,True,Locations,/locations,Location landing page,Secondary,catering jumeirah dubai,Transactional / commercial,architecture-500
/locations/jumeirah,True,Locations,/locations,Location landing page,Secondary,chef at home jumeirah,,keyword-map-md
/locations/jumeirah,True,Locations,/locations,Location landing page,Secondary,female private chef jumeirah,,seo-pages-json
/locations/jumeirah,True,Locations,/locations,Location landing page,Secondary,how much does a private chef cost in dubai?,,seo-pages-json
/locations/jumeirah,True,Locations,/locations,Location landing page,Secondary,how much does it usually cost to have a private chef?,,seo-pages-json
/locations/jumeirah,True,Locations,/locations,Location landing page,Secondary,party catering jumeirah,,keyword-map-md
/locations/jumeirah,True,Locations,/locations,Location landing page,Secondary,personal chef jumeirah,,keyword-map-md
/locations/jumeirah,True,Locations,/locations,Location landing page,Secondary,private dining jumeirah,,keyword-map-md
/locations/jvc,True,Locations,/locations,Location landing page,Primary,private chef jvc,,keyword-map-md|seo-pages-json
/locations/jvc,True,Locations,/locations,Location landing page,Secondary,private chef jvc dubai,Local transactional,architecture-500
/locations/jvc,True,Locations,/locations,Location landing page,Secondary,best private chef jvc,,seo-pages-json
/locations/jvc,True,Locations,/locations,Location landing page,Secondary,catering jvc,,keyword-map-md
/locations/jvc,True,Locations,/locations,Location landing page,Secondary,catering jvc dubai,Local transactional,architecture-500
/locations/jvc,True,Locations,/locations,Location landing page,Secondary,chef at home jvc,,keyword-map-md
/locations/jvc,True,Locations,/locations,Location landing page,Secondary,full time private chef dubai,,seo-pages-json
/locations/jvc,True,Locations,/locations,Location landing page,Secondary,how much does a private chef cost in dubai?,,seo-pages-json
/locations/jvc,True,Locations,/locations,Location landing page,Secondary,how much does it usually cost to have a private chef?,,seo-pages-json
/locations/jvc,True,Locations,/locations,Location landing page,Secondary,party catering jvc,,keyword-map-md
/locations/jvc,True,Locations,/locations,Location landing page,Secondary,personal chef jvc,,keyword-map-md
/locations/jvc,True,Locations,/locations,Location landing page,Secondary,private chef jvc reviews,,seo-pages-json
/locations/jvc,True,Locations,/locations,Location landing page,Secondary,private dining jvc,,keyword-map-md
/locations/palm-jumeirah,True,Locations,/locations,Location landing page,Primary,private chef palm jumeirah,Local transactional,architecture-500|keyword-map-md|seo-pages-json
/locations/palm-jumeirah,True,Locations,/locations,Location landing page,Secondary,catering palm jumeirah,Local transactional,architecture-500|keyword-map-md
/locations/palm-jumeirah,True,Locations,/locations,Location landing page,Secondary,chef at home palm jumeirah,,keyword-map-md
/locations/palm-jumeirah,True,Locations,/locations,Location landing page,Secondary,chef hire,,seo-pages-json
/locations/palm-jumeirah,True,Locations,/locations,Location landing page,Secondary,chef services near me,,seo-pages-json
/locations/palm-jumeirah,True,Locations,/locations,Location landing page,Secondary,healthy chef for hire,,seo-pages-json
/locations/palm-jumeirah,True,Locations,/locations,Location landing page,Secondary,how much does a private chef cost in dubai?,,seo-pages-json
/locations/palm-jumeirah,True,Locations,/locations,Location landing page,Secondary,how much does it usually cost to have a private chef?,,seo-pages-json
/locations/palm-jumeirah,True,Locations,/locations,Location landing page,Secondary,my chef dubai,,seo-pages-json
/locations/palm-jumeirah,True,Locations,/locations,Location landing page,Secondary,order a chef to your home,,seo-pages-json
/locations/palm-jumeirah,True,Locations,/locations,Location landing page,Secondary,party catering palm jumeirah,,keyword-map-md
/locations/palm-jumeirah,True,Locations,/locations,Location landing page,Secondary,personal chef palm jumeirah,,keyword-map-md
/locations/palm-jumeirah,True,Locations,/locations,Location landing page,Secondary,private chef dinner dubai,,seo-pages-json
/locations/palm-jumeirah,True,Locations,/locations,Location landing page,Secondary,private dining palm jumeirah,,keyword-map-md
/locations/palm-jumeirah,True,Locations,/locations,Location landing page,Secondary,private dinner palm jumeirah,Local transactional,architecture-500
/locations/palm-jumeirah,True,Locations,/locations,Location landing page,Secondary,the private chef,,seo-pages-json
/locations/palm-jumeirah,True,Locations,/locations,Location landing page,Secondary,villa catering palm jumeirah,Local transactional,architecture-500
/locations/palm-jumeirah,True,Locations,/locations,Location landing page,Secondary,villa chef palm jumeirah,Local transactional,architecture-500
/locations/palm-jumeirah,True,Locations,/locations,Location landing page,Secondary,wedding catering palm jumeirah,Local transactional,architecture-500
/locations/palm-jumeirah,True,Locations,/locations,Location landing page,Long-tail,private chef near palm jumeirah,Local transactional,architecture-500
/locations/umm-suqeim,True,Locations,/locations,Location landing page,Primary,private chef umm suqeim,Local transactional,architecture-500|keyword-map-md|seo-pages-json
/locations/umm-suqeim,True,Locations,/locations,Location landing page,Secondary,catering umm suqeim,Local transactional,architecture-500|keyword-map-md
/locations/umm-suqeim,True,Locations,/locations,Location landing page,Secondary,chef at home umm suqeim,,keyword-map-md
/locations/umm-suqeim,True,Locations,/locations,Location landing page,Secondary,full time private chef dubai,,seo-pages-json
/locations/umm-suqeim,True,Locations,/locations,Location landing page,Secondary,party catering umm suqeim,,keyword-map-md
/locations/umm-suqeim,True,Locations,/locations,Location landing page,Secondary,personal chef umm suqeim,,keyword-map-md
/locations/umm-suqeim,True,Locations,/locations,Location landing page,Secondary,private chef dubai,,seo-pages-json
/locations/umm-suqeim,True,Locations,/locations,Location landing page,Secondary,private chef umm suqeim reviews,,seo-pages-json
/locations/umm-suqeim,True,Locations,/locations,Location landing page,Secondary,private dining umm suqeim,,keyword-map-md
/loyalty-programme,True,,,,Primary,mychef loyalty programme,,keyword-map-md
/loyalty-programme,True,,,,Secondary,mychef rewards,,keyword-map-md
/luxury-dining-experiences,True,Dining Experiences,/luxury-dining-experiences,Commercial landing page,Secondary,luxury dining dubai,Transactional / commercial,architecture-500
/luxury-dining-experiences,True,Dining Experiences,/luxury-dining-experiences,Commercial landing page,Primary,luxury dining experiences dubai,,keyword-map-md
/luxury-dining-experiences,True,Dining Experiences,/luxury-dining-experiences,Commercial landing page,Secondary,luxury private dining dubai,,seo-pages-json
/luxury-dining-experiences,True,Dining Experiences,/luxury-dining-experiences,Commercial landing page,Secondary,private dining dubai,Transactional / commercial,architecture-500
/luxury-dining-experiences,True,Dining Experiences,/luxury-dining-experiences,Commercial landing page,Secondary,affordable private dining rooms dubai,,seo-pages-json
/luxury-dining-experiences,True,Dining Experiences,/luxury-dining-experiences,Commercial landing page,Secondary,best luxury dining experiences dubai,,keyword-map-md
/luxury-dining-experiences,True,Dining Experiences,/luxury-dining-experiences,Commercial landing page,Secondary,best luxury private dining dubai,,seo-pages-json
/luxury-dining-experiences,True,Dining Experiences,/luxury-dining-experiences,Commercial landing page,Secondary,birthday private dining dubai,Transactional / commercial,architecture-500
/luxury-dining-experiences,True,Dining Experiences,/luxury-dining-experiences,Commercial landing page,Secondary,cafe with private room dubai,,seo-pages-json
/luxury-dining-experiences,True,Dining Experiences,/luxury-dining-experiences,Commercial landing page,Secondary,cheap luxury private dining dubai,,seo-pages-json
/luxury-dining-experiences,True,Dining Experiences,/luxury-dining-experiences,Commercial landing page,Secondary,chef dining experience dubai,Transactional / commercial,architecture-500
/luxury-dining-experiences,True,Dining Experiences,/luxury-dining-experiences,Commercial landing page,Secondary,fine dining at home dubai,Transactional / commercial,architecture-500
/luxury-dining-experiences,True,Dining Experiences,/luxury-dining-experiences,Commercial landing page,Secondary,luxury dining experience cost per person dubai,,keyword-map-md
/luxury-dining-experiences,True,Dining Experiences,/luxury-dining-experiences,Commercial landing page,Secondary,luxury dining experience dubai,Transactional / commercial,architecture-500
/luxury-dining-experiences,True,Dining Experiences,/luxury-dining-experiences,Commercial landing page,Secondary,luxury dining experiences dubai price,,keyword-map-md
/luxury-dining-experiences,True,Dining Experiences,/luxury-dining-experiences,Commercial landing page,Secondary,luxury dining experiences packages dubai,,keyword-map-md
/luxury-dining-experiences,True,Dining Experiences,/luxury-dining-experiences,Commercial landing page,Secondary,luxury dining menu dubai,,keyword-map-md
/luxury-dining-experiences,True,Dining Experiences,/luxury-dining-experiences,Commercial landing page,Secondary,luxury private dining dubai menu,,seo-pages-json
/luxury-dining-experiences,True,Dining Experiences,/luxury-dining-experiences,Commercial landing page,Secondary,luxury private dining dubai price,,seo-pages-json
/luxury-dining-experiences,True,Dining Experiences,/luxury-dining-experiences,Commercial landing page,Secondary,private dining at home dubai,Transactional / commercial,architecture-500
/luxury-dining-experiences,True,Dining Experiences,/luxury-dining-experiences,Commercial landing page,Secondary,private dining at villa dubai,Transactional / commercial,architecture-500
/luxury-dining-experiences,True,Dining Experiences,/luxury-dining-experiences,Commercial landing page,Secondary,private dining experience dubai,Transactional / commercial,architecture-500
/luxury-dining-experiences,True,Dining Experiences,/luxury-dining-experiences,Commercial landing page,Secondary,private dinner dubai,Transactional / commercial,architecture-500
/luxury-dining-experiences,True,Dining Experiences,/luxury-dining-experiences,Commercial landing page,Secondary,restaurants with private cabins in dubai,,seo-pages-json
/luxury-dining-experiences,True,Dining Experiences,/luxury-dining-experiences,Commercial landing page,Secondary,romantic private dining dubai,,seo-pages-json
/luxury-dining-experiences,True,Dining Experiences,/luxury-dining-experiences,Commercial landing page,Secondary,unique dining experiences dubai,,keyword-map-md
/luxury-dinner-planning-guide-dubai,True,Blog and Guides,/guides,Blog / Guide / Tool,Primary,how to plan a luxury dinner dubai,,keyword-map-md
/luxury-dinner-planning-guide-dubai,True,Blog and Guides,/guides,Blog / Guide / Tool,Secondary,luxury dinner planning guide dubai,Informational / commercial research,architecture-500|seo-pages-json
/luxury-dinner-planning-guide-dubai,True,Blog and Guides,/guides,Blog / Guide / Tool,Secondary,best show dinner dubai,,seo-pages-json
/luxury-dinner-planning-guide-dubai,True,Blog and Guides,/guides,Blog / Guide / Tool,Secondary,dinner party planning checklist dubai,,keyword-map-md
/luxury-dinner-planning-guide-dubai,True,Blog and Guides,/guides,Blog / Guide / Tool,Secondary,fine dining at home dubai,,keyword-map-md
/luxury-dinner-planning-guide-dubai,True,Blog and Guides,/guides,Blog / Guide / Tool,Secondary,how to host a dinner party dubai,,keyword-map-md
/luxury-dinner-planning-guide-dubai,True,Blog and Guides,/guides,Blog / Guide / Tool,Secondary,luxury dinner party planning dubai,,keyword-map-md
/mediterranean-catering-dubai,True,Cuisines and Dietary,/cuisines-dubai,Commercial landing page,Primary,mediterranean catering dubai,Transactional / commercial,architecture-500|keyword-map-md|seo-pages-json
/mediterranean-catering-dubai,True,Cuisines and Dietary,/cuisines-dubai,Commercial landing page,Secondary,best mediterranean catering dubai,,keyword-map-md|seo-pages-json
/mediterranean-catering-dubai,True,Cuisines and Dietary,/cuisines-dubai,Commercial landing page,Secondary,best mediterranean food dubai,,seo-pages-json
/mediterranean-catering-dubai,True,Cuisines and Dietary,/cuisines-dubai,Commercial landing page,Secondary,daily mediterranean meals,,seo-pages-json
/mediterranean-catering-dubai,True,Cuisines and Dietary,/cuisines-dubai,Commercial landing page,Secondary,does dubai have mediterranean food?,,seo-pages-json
/mediterranean-catering-dubai,True,Cuisines and Dietary,/cuisines-dubai,Commercial landing page,Secondary,greek catering dubai,,keyword-map-md|seo-pages-json
/mediterranean-catering-dubai,True,Cuisines and Dietary,/cuisines-dubai,Commercial landing page,Secondary,halal mediterranean catering dubai,,keyword-map-md
/mediterranean-catering-dubai,True,Cuisines and Dietary,/cuisines-dubai,Commercial landing page,Secondary,how much does catering cost in dubai?,,seo-pages-json
/mediterranean-catering-dubai,True,Cuisines and Dietary,/cuisines-dubai,Commercial landing page,Secondary,lebanese catering dubai,,seo-pages-json
/mediterranean-catering-dubai,True,Cuisines and Dietary,/cuisines-dubai,Commercial landing page,Secondary,mediterranean buffet dubai,,keyword-map-md
/mediterranean-catering-dubai,True,Cuisines and Dietary,/cuisines-dubai,Commercial landing page,Secondary,mediterranean catering cost per person dubai,,keyword-map-md
/mediterranean-catering-dubai,True,Cuisines and Dietary,/cuisines-dubai,Commercial landing page,Secondary,mediterranean catering dubai menu,,seo-pages-json
/mediterranean-catering-dubai,True,Cuisines and Dietary,/cuisines-dubai,Commercial landing page,Secondary,mediterranean catering dubai near me,,seo-pages-json
/mediterranean-catering-dubai,True,Cuisines and Dietary,/cuisines-dubai,Commercial landing page,Secondary,mediterranean catering dubai price,,keyword-map-md|seo-pages-json
/mediterranean-catering-dubai,True,Cuisines and Dietary,/cuisines-dubai,Commercial landing page,Secondary,mediterranean catering menu dubai,,keyword-map-md
/mediterranean-catering-dubai,True,Cuisines and Dietary,/cuisines-dubai,Commercial landing page,Secondary,mediterranean catering menu ideas,,seo-pages-json
/mediterranean-catering-dubai,True,Cuisines and Dietary,/cuisines-dubai,Commercial landing page,Secondary,mediterranean catering packages dubai,,keyword-map-md
/mediterranean-catering-dubai,True,Cuisines and Dietary,/cuisines-dubai,Commercial landing page,Secondary,mediterranean food catering dubai,Transactional / commercial,architecture-500
/mediterranean-catering-dubai,True,Cuisines and Dietary,/cuisines-dubai,Commercial landing page,Secondary,mediterranean food dubai,,seo-pages-json
/mediterranean-catering-dubai,True,Cuisines and Dietary,/cuisines-dubai,Commercial landing page,Secondary,mediterranean food dubai mall,,seo-pages-json
/mediterranean-catering-dubai,True,Cuisines and Dietary,/cuisines-dubai,Commercial landing page,Secondary,mediterranean food for catering,,seo-pages-json
/mediterranean-catering-dubai,True,Cuisines and Dietary,/cuisines-dubai,Commercial landing page,Secondary,small party catering dubai,,seo-pages-json
/menus,True,Catering,/catering-dubai,Commercial landing page,Secondary,catering menu dubai,Transactional / commercial,architecture-500|seo-pages-json
/menus,True,Catering,/catering-dubai,Commercial landing page,Primary,catering menus dubai,,keyword-map-md|seo-pages-json
/menus,True,Catering,/catering-dubai,Commercial landing page,Secondary,bespoke menu catering dubai,Transactional / commercial,architecture-500
/menus,True,Catering,/catering-dubai,Commercial landing page,Secondary,best catering menus dubai,,seo-pages-json
/menus,True,Catering,/catering-dubai,Commercial landing page,Secondary,catering business menu ideas,,seo-pages-json
/menus,True,Catering,/catering-dubai,Commercial landing page,Secondary,catering menu description,,seo-pages-json
/menus,True,Catering,/catering-dubai,Commercial landing page,Secondary,catering menu ideas dubai,,keyword-map-md
/menus,True,Catering,/catering-dubai,Commercial landing page,Secondary,catering menus dubai pdf,,seo-pages-json
/menus,True,Catering,/catering-dubai,Commercial landing page,Secondary,custom menu catering dubai,Transactional / commercial,architecture-500
/menus,True,Catering,/catering-dubai,Commercial landing page,Secondary,dinner catering dubai,,seo-pages-json
/menus,True,Catering,/catering-dubai,Commercial landing page,Secondary,family catering menus dubai,,seo-pages-json
/menus,True,Catering,/catering-dubai,Commercial landing page,Secondary,finger food catering dubai,,seo-pages-json
/menus,True,Catering,/catering-dubai,Commercial landing page,Secondary,food catering menus dubai,,seo-pages-json
/menus,True,Catering,/catering-dubai,Commercial landing page,Secondary,how much does catering cost in dubai?,,seo-pages-json
/menus,True,Catering,/catering-dubai,Commercial landing page,Secondary,how much will it cost to feed 40 guests?,,seo-pages-json
/menus,True,Catering,/catering-dubai,Commercial landing page,Secondary,sample catering menu dubai,,keyword-map-md
/menus,True,Catering,/catering-dubai,Commercial landing page,Secondary,small catering menus dubai,,seo-pages-json
/menus,True,Catering,/catering-dubai,Commercial landing page,Secondary,small party catering dubai,,seo-pages-json
/menus,True,Catering,/catering-dubai,Commercial landing page,Secondary,what is a good catering menu?,,seo-pages-json
/mocktail-bar-catering-dubai,True,Catering,/catering-dubai,Commercial landing page,Primary,mocktail bar catering dubai,,keyword-map-md|seo-pages-json
/mocktail-bar-catering-dubai,True,Catering,/catering-dubai,Commercial landing page,Secondary,mocktail bar dubai,Transactional / commercial,architecture-500
/mocktail-bar-catering-dubai,True,Catering,/catering-dubai,Commercial landing page,Secondary,alcohol free bar hire dubai,,keyword-map-md
/mocktail-bar-catering-dubai,True,Catering,/catering-dubai,Commercial landing page,Secondary,best mocktail bar catering dubai,,keyword-map-md|seo-pages-json
/mocktail-bar-catering-dubai,True,Catering,/catering-dubai,Commercial landing page,Secondary,hire a bar for a party,,seo-pages-json
/mocktail-bar-catering-dubai,True,Catering,/catering-dubai,Commercial landing page,Secondary,mobile bar dubai,,seo-pages-json
/mocktail-bar-catering-dubai,True,Catering,/catering-dubai,Commercial landing page,Secondary,mocktail bar catering dubai price,,keyword-map-md|seo-pages-json
/mocktail-bar-catering-dubai,True,Catering,/catering-dubai,Commercial landing page,Secondary,mocktail bar catering menu dubai,,keyword-map-md
/mocktail-bar-catering-dubai,True,Catering,/catering-dubai,Commercial landing page,Secondary,mocktail bar catering packages dubai,,keyword-map-md
/mocktail-bar-catering-dubai,True,Catering,/catering-dubai,Commercial landing page,Secondary,mocktail bar catering price per person dubai,,keyword-map-md
/mocktail-bar-catering-dubai,True,Catering,/catering-dubai,Commercial landing page,Secondary,mocktail catering dubai,Transactional / commercial,architecture-500|seo-pages-json
/mocktail-bar-catering-dubai,True,Catering,/catering-dubai,Commercial landing page,Secondary,mocktail station dubai,,keyword-map-md
/mothers-day-catering-dubai,True,Seasonal and Occasions,/catering-dubai,Commercial landing page,Primary,mothers day catering dubai,Transactional / commercial,architecture-500|keyword-map-md|seo-pages-json
/mothers-day-catering-dubai,True,Seasonal and Occasions,/catering-dubai,Commercial landing page,Secondary,best mothers day catering dubai,,keyword-map-md
/mothers-day-catering-dubai,True,Seasonal and Occasions,/catering-dubai,Commercial landing page,Secondary,halal mothers day catering dubai,,keyword-map-md
/mothers-day-catering-dubai,True,Seasonal and Occasions,/catering-dubai,Commercial landing page,Secondary,mother's day brunch dubai,,seo-pages-json
/mothers-day-catering-dubai,True,Seasonal and Occasions,/catering-dubai,Commercial landing page,Secondary,mother's day dubai,,seo-pages-json
/mothers-day-catering-dubai,True,Seasonal and Occasions,/catering-dubai,Commercial landing page,Secondary,mother's day dubai 2026,,seo-pages-json
/mothers-day-catering-dubai,True,Seasonal and Occasions,/catering-dubai,Commercial landing page,Secondary,mother's day international,,seo-pages-json
/mothers-day-catering-dubai,True,Seasonal and Occasions,/catering-dubai,Commercial landing page,Secondary,mother's day uae 2026,,seo-pages-json
/mothers-day-catering-dubai,True,Seasonal and Occasions,/catering-dubai,Commercial landing page,Secondary,mothers day brunch catering dubai,,keyword-map-md
/mothers-day-catering-dubai,True,Seasonal and Occasions,/catering-dubai,Commercial landing page,Secondary,mothers day brunch dubai catering,Transactional / commercial,architecture-500
/mothers-day-catering-dubai,True,Seasonal and Occasions,/catering-dubai,Commercial landing page,Secondary,mothers day catering cost per person dubai,,keyword-map-md
/mothers-day-catering-dubai,True,Seasonal and Occasions,/catering-dubai,Commercial landing page,Secondary,mothers day catering dubai price,,keyword-map-md
/mothers-day-catering-dubai,True,Seasonal and Occasions,/catering-dubai,Commercial landing page,Secondary,mothers day catering menu dubai,,keyword-map-md
/mothers-day-catering-dubai,True,Seasonal and Occasions,/catering-dubai,Commercial landing page,Secondary,mothers day catering packages dubai,,keyword-map-md
/mothers-day-catering-dubai,True,Seasonal and Occasions,/catering-dubai,Commercial landing page,Secondary,mothers day lunch at home dubai,,keyword-map-md
/mothers-day-catering-dubai,True,Seasonal and Occasions,/catering-dubai,Commercial landing page,Secondary,mothers day lunch dubai,,seo-pages-json
/mothers-day-catering-dubai,True,Seasonal and Occasions,/catering-dubai,Commercial landing page,Secondary,mothers day offers dubai,,seo-pages-json
/mothers-day-catering-dubai,True,Seasonal and Occasions,/catering-dubai,Commercial landing page,Secondary,mothers day uae,,seo-pages-json
/mychef-certified,True,,,,Primary,mychef certified chefs,,keyword-map-md
/mychef-certified,True,,,,Secondary,certified private chefs dubai,,keyword-map-md
/mychef-certified,True,,,,Secondary,verified private chef dubai,,keyword-map-md
/mychef-membership,True,,,,Primary,mychef membership,,keyword-map-md
/mychef-membership,True,,,,Secondary,priority consideration private chef dubai,,keyword-map-md
/mychef-membership,True,,,,Secondary,private chef membership dubai,,keyword-map-md
/mystery-dining-dubai,True,Dining Experiences,/luxury-dining-experiences,Commercial landing page,Secondary,mystery dining catering dubai,,seo-pages-json
/mystery-dining-dubai,True,Dining Experiences,/luxury-dining-experiences,Commercial landing page,Secondary,mystery dining dubai,Transactional / commercial,architecture-500
/mystery-dining-dubai,True,Dining Experiences,/luxury-dining-experiences,Commercial landing page,Primary,surprise dinner experience dubai,,keyword-map-md
/mystery-dining-dubai,True,Dining Experiences,/luxury-dining-experiences,Commercial landing page,Secondary,best surprise dining experience dubai,,keyword-map-md
/mystery-dining-dubai,True,Dining Experiences,/luxury-dining-experiences,Commercial landing page,Secondary,how does mystery dining work?,,seo-pages-json
/mystery-dining-dubai,True,Dining Experiences,/luxury-dining-experiences,Commercial landing page,Secondary,how much does a personal chef cost in dubai?,,seo-pages-json
/mystery-dining-dubai,True,Dining Experiences,/luxury-dining-experiences,Commercial landing page,Secondary,is mystery dining legit,,seo-pages-json
/mystery-dining-dubai,True,Dining Experiences,/luxury-dining-experiences,Commercial landing page,Secondary,mystery dining app,,seo-pages-json
/mystery-dining-dubai,True,Dining Experiences,/luxury-dining-experiences,Commercial landing page,Secondary,mystery dining catering dubai menu,,seo-pages-json
/mystery-dining-dubai,True,Dining Experiences,/luxury-dining-experiences,Commercial landing page,Secondary,mystery dining catering dubai price,,seo-pages-json
/mystery-dining-dubai,True,Dining Experiences,/luxury-dining-experiences,Commercial landing page,Secondary,mystery dinner dubai,Transactional / commercial,architecture-500
/mystery-dining-dubai,True,Dining Experiences,/luxury-dining-experiences,Commercial landing page,Secondary,surprise dining experience dubai,Transactional / commercial,architecture-500
/mystery-dining-dubai,True,Dining Experiences,/luxury-dining-experiences,Commercial landing page,Secondary,surprise dinner experience dubai price,,keyword-map-md
/mystery-dining-dubai,True,Dining Experiences,/luxury-dining-experiences,Commercial landing page,Secondary,surprise dinner for two dubai,,keyword-map-md
/mystery-dining-dubai,True,Dining Experiences,/luxury-dining-experiences,Commercial landing page,Secondary,surprise dinner package dubai,,keyword-map-md
/new-year-catering-dubai,True,Seasonal and Occasions,/catering-dubai,Commercial landing page,Primary,new year catering dubai,Transactional / commercial,architecture-500|keyword-map-md|seo-pages-json
/new-year-catering-dubai,True,Seasonal and Occasions,/catering-dubai,Commercial landing page,Secondary,best new year catering dubai,,keyword-map-md|seo-pages-json
/new-year-catering-dubai,True,Seasonal and Occasions,/catering-dubai,Commercial landing page,Secondary,catering new years eve,,seo-pages-json
/new-year-catering-dubai,True,Seasonal and Occasions,/catering-dubai,Commercial landing page,Secondary,chinese new year restaurant dubai,,seo-pages-json
/new-year-catering-dubai,True,Seasonal and Occasions,/catering-dubai,Commercial landing page,Secondary,halal new year catering dubai,,keyword-map-md
/new-year-catering-dubai,True,Seasonal and Occasions,/catering-dubai,Commercial landing page,Secondary,hospitality catering dubai,,seo-pages-json
/new-year-catering-dubai,True,Seasonal and Occasions,/catering-dubai,Commercial landing page,Secondary,new year catering cost per person dubai,,keyword-map-md
/new-year-catering-dubai,True,Seasonal and Occasions,/catering-dubai,Commercial landing page,Secondary,new year catering dubai packages,,seo-pages-json
/new-year-catering-dubai,True,Seasonal and Occasions,/catering-dubai,Commercial landing page,Secondary,new year catering dubai price,,keyword-map-md
/new-year-catering-dubai,True,Seasonal and Occasions,/catering-dubai,Commercial landing page,Secondary,new year catering menu dubai,,keyword-map-md
/new-year-catering-dubai,True,Seasonal and Occasions,/catering-dubai,Commercial landing page,Secondary,new year catering packages dubai,,keyword-map-md
/new-year-catering-dubai,True,Seasonal and Occasions,/catering-dubai,Commercial landing page,Secondary,new year party food dubai,Transactional / commercial,architecture-500
/new-year-catering-dubai,True,Seasonal and Occasions,/catering-dubai,Commercial landing page,Secondary,new year restaurant dubai,,seo-pages-json
/new-year-catering-dubai,True,Seasonal and Occasions,/catering-dubai,Commercial landing page,Secondary,new year's eve catering dubai,,seo-pages-json
/new-year-catering-dubai,True,Seasonal and Occasions,/catering-dubai,Commercial landing page,Secondary,new year's eve restaurant dubai,,seo-pages-json
/new-year-catering-dubai,True,Seasonal and Occasions,/catering-dubai,Commercial landing page,Secondary,new years eve catering dubai,Transactional / commercial,architecture-500|keyword-map-md|seo-pages-json
/nursery-catering-dubai,True,,,,Primary,nursery catering dubai,,assigned-2026-08-25
/nursery-catering-dubai,True,,,,Proposed,early years catering dubai,,assigned-2026-08-25
/nursery-catering-dubai,True,,,,Proposed,nursery meal catering dubai,,assigned-2026-08-25
/nursery-catering-dubai,True,,,,Proposed,toddler meal catering dubai,,assigned-2026-08-25
/nut-free-catering-dubai,True,Cuisines and Dietary,/cuisines-dubai,Commercial landing page,Primary,nut free catering dubai,Transactional / commercial,architecture-500|keyword-map-md|seo-pages-json
/nut-free-catering-dubai,True,Cuisines and Dietary,/cuisines-dubai,Commercial landing page,Secondary,best gluten free bakery dubai,,seo-pages-json
/nut-free-catering-dubai,True,Cuisines and Dietary,/cuisines-dubai,Commercial landing page,Secondary,best nut free catering dubai,,keyword-map-md|seo-pages-json
/nut-free-catering-dubai,True,Cuisines and Dietary,/cuisines-dubai,Commercial landing page,Secondary,gluten free and more dubai,,seo-pages-json
/nut-free-catering-dubai,True,Cuisines and Dietary,/cuisines-dubai,Commercial landing page,Secondary,gluten free catering dubai,,seo-pages-json
/nut-free-catering-dubai,True,Cuisines and Dietary,/cuisines-dubai,Commercial landing page,Secondary,nut free bakery dubai,,seo-pages-json
/nut-free-catering-dubai,True,Cuisines and Dietary,/cuisines-dubai,Commercial landing page,Secondary,nut free catering dubai menu,,seo-pages-json
/nut-free-catering-dubai,True,Cuisines and Dietary,/cuisines-dubai,Commercial landing page,Secondary,nut free catering dubai price,,keyword-map-md
/nut-free-catering-dubai,True,Cuisines and Dietary,/cuisines-dubai,Commercial landing page,Secondary,nut free catering menu dubai,,keyword-map-md
/nut-free-catering-dubai,True,Cuisines and Dietary,/cuisines-dubai,Commercial landing page,Secondary,nut free dates,,seo-pages-json
/nut-free-catering-dubai,True,Cuisines and Dietary,/cuisines-dubai,Commercial landing page,Secondary,nut free meaning,,seo-pages-json
/nut-free-catering-dubai,True,Cuisines and Dietary,/cuisines-dubai,Commercial landing page,Secondary,peanut allergy catering dubai,,keyword-map-md
/office-catering-dubai,True,Corporate Catering,/catering-packages-dubai,Commercial landing page,Primary,office catering dubai,Transactional / commercial,architecture-500|code-locks|keyword-map-md|seo-pages-json
/office-catering-dubai,True,Corporate Catering,/catering-packages-dubai,Commercial landing page,Secondary,affordable catering services in dubai,,seo-pages-json
/office-catering-dubai,True,Corporate Catering,/catering-packages-dubai,Commercial landing page,Secondary,catering services dubai,,seo-pages-json
/office-catering-dubai,True,Corporate Catering,/catering-packages-dubai,Commercial landing page,Secondary,cheap office catering dubai,,seo-pages-json
/office-catering-dubai,True,Corporate Catering,/catering-packages-dubai,Commercial landing page,Secondary,corporate catering dubai,,seo-pages-json
/office-catering-dubai,True,Corporate Catering,/catering-packages-dubai,Commercial landing page,Secondary,corporate lunch delivery dubai,,keyword-map-md
/office-catering-dubai,True,Corporate Catering,/catering-packages-dubai,Commercial landing page,Secondary,daily office lunch dubai,,keyword-map-md
/office-catering-dubai,True,Corporate Catering,/catering-packages-dubai,Commercial landing page,Secondary,lunch catering dubai,,seo-pages-json
/office-catering-dubai,True,Corporate Catering,/catering-packages-dubai,Commercial landing page,Secondary,luxury office catering dubai,,seo-pages-json
/office-catering-dubai,True,Corporate Catering,/catering-packages-dubai,Commercial landing page,Secondary,office breakfast catering dubai,,seo-pages-json
/office-catering-dubai,True,Corporate Catering,/catering-packages-dubai,Commercial landing page,Secondary,office catering packages dubai,Transactional / commercial,architecture-500|keyword-map-md
/office-catering-dubai,True,Corporate Catering,/catering-packages-dubai,Commercial landing page,Secondary,office food catering dubai,Transactional / commercial,architecture-500
/office-catering-dubai,True,Corporate Catering,/catering-packages-dubai,Commercial landing page,Secondary,office food delivery dubai,,keyword-map-md
/office-catering-dubai,True,Corporate Catering,/catering-packages-dubai,Commercial landing page,Secondary,office lunch catering dubai,Transactional / commercial,architecture-500|keyword-map-md|seo-pages-json
/office-catering-dubai,True,Corporate Catering,/catering-packages-dubai,Commercial landing page,Secondary,small office catering dubai,,seo-pages-json
/office-catering-dubai,True,Corporate Catering,/catering-packages-dubai,Commercial landing page,Secondary,small party catering dubai,,seo-pages-json
/office-catering-dubai,True,Corporate Catering,/catering-packages-dubai,Commercial landing page,Secondary,team lunch catering dubai,,keyword-map-md
/office-catering-dubai,True,Corporate Catering,/catering-packages-dubai,Commercial landing page,Secondary,weekly office catering dubai,,keyword-map-md
/our-chefs,True,,,,Primary,private chefs dubai,,keyword-map-md|seo-pages-json
/our-chefs,True,,,,Secondary,are private chefs in dubai licensed,,keyword-map-md
/our-chefs,True,,,,Secondary,best private chef dubai,,seo-pages-json
/our-chefs,True,,,,Secondary,best private chefs dubai,,seo-pages-json
/our-chefs,True,,,,Secondary,book private chef dubai,,seo-pages-json
/our-chefs,True,,,,Secondary,female private chef dubai,,keyword-map-md
/our-chefs,True,,,,Secondary,female private chefs dubai,,seo-pages-json
/our-chefs,True,,,,Secondary,find private chef dubai,,seo-pages-json
/our-chefs,True,,,,Secondary,full time private chef dubai,,seo-pages-json
/our-chefs,True,,,,Secondary,hire private chef dubai,,seo-pages-json
/our-chefs,True,,,,Secondary,how are private chefs vetted dubai,,keyword-map-md
/our-chefs,True,,,,Secondary,how much does a private chef cost in dubai?,,seo-pages-json
/our-chefs,True,,,,Secondary,how much does a private chef make in dubai?,,seo-pages-json
/our-chefs,True,,,,Secondary,how much does it usually cost to have a private chef?,,seo-pages-json
/our-chefs,True,,,,Secondary,private bbq chef dubai,,seo-pages-json
/our-chefs,True,,,,Secondary,private chef at home dubai,,seo-pages-json
/our-chefs,True,,,,Secondary,private chef dubai cost,,seo-pages-json
/our-chefs,True,,,,Secondary,private chef dubai daily,,seo-pages-json
/our-chefs,True,,,,Secondary,private chef dubai full time,,seo-pages-json
/our-chefs,True,,,,Secondary,private chef dubai hire,,seo-pages-json
/our-chefs,True,,,,Secondary,private chefs dubai price,,seo-pages-json
/our-chefs,True,,,,Secondary,vetted private chef dubai,,keyword-map-md
/oyster-bar-dubai,True,Catering,/catering-dubai,Commercial landing page,Secondary,oyster bar catering dubai,,seo-pages-json
/oyster-bar-dubai,True,Catering,/catering-dubai,Commercial landing page,Primary,oyster bar dubai,,keyword-map-md
/oyster-bar-dubai,True,Catering,/catering-dubai,Commercial landing page,Secondary,oyster bar dubai event,Transactional / commercial,architecture-500
/oyster-bar-dubai,True,Catering,/catering-dubai,Commercial landing page,Secondary,best oyster bar catering dubai,,seo-pages-json
/oyster-bar-dubai,True,Catering,/catering-dubai,Commercial landing page,Secondary,cheap oyster bar catering dubai,,seo-pages-json
/oyster-bar-dubai,True,Catering,/catering-dubai,Commercial landing page,Secondary,how much does catering cost in dubai?,,seo-pages-json
/oyster-bar-dubai,True,Catering,/catering-dubai,Commercial landing page,Secondary,how to eat oysters at an oyster bar?,,seo-pages-json
/oyster-bar-dubai,True,Catering,/catering-dubai,Commercial landing page,Secondary,oyster bar catering dubai menu,,seo-pages-json
/oyster-bar-dubai,True,Catering,/catering-dubai,Commercial landing page,Secondary,oyster bar catering dubai offers,,seo-pages-json
/oyster-bar-dubai,True,Catering,/catering-dubai,Commercial landing page,Secondary,oyster bar catering dubai price,,keyword-map-md
/oyster-bar-dubai,True,Catering,/catering-dubai,Commercial landing page,Secondary,oyster bar catering price per person dubai,,keyword-map-md
/oyster-bar-dubai,True,Catering,/catering-dubai,Commercial landing page,Secondary,oyster bar packages dubai,,keyword-map-md
/oyster-bar-dubai,True,Catering,/catering-dubai,Commercial landing page,Secondary,oyster dubai,,seo-pages-json
/oyster-bar-dubai,True,Catering,/catering-dubai,Commercial landing page,Secondary,where to buy oysters in dubai,,seo-pages-json
/oyster-bar-dubai,True,Catering,/catering-dubai,Commercial landing page,Secondary,where to get oysters in dubai?,,seo-pages-json
/part-time-private-chef-dubai,True,Private Chef,/private-chef-dubai,Commercial landing page,Secondary,part time private chef catering dubai,,seo-pages-json
/part-time-private-chef-dubai,True,Private Chef,/private-chef-dubai,Commercial landing page,Primary,part time private chef dubai,Transactional / commercial,architecture-500|keyword-map-md
/part-time-private-chef-dubai,True,Private Chef,/private-chef-dubai,Commercial landing page,Secondary,full time private chef dubai,,seo-pages-json
/part-time-private-chef-dubai,True,Private Chef,/private-chef-dubai,Commercial landing page,Secondary,hire part time private chef dubai,,keyword-map-md
/part-time-private-chef-dubai,True,Private Chef,/private-chef-dubai,Commercial landing page,Secondary,part time chef dubai,Transactional / commercial,architecture-500
/part-time-private-chef-dubai,True,Private Chef,/private-chef-dubai,Commercial landing page,Secondary,part time private chef catering dubai price,,seo-pages-json
/part-time-private-chef-dubai,True,Private Chef,/private-chef-dubai,Commercial landing page,Secondary,part time private chef dubai monthly cost,,keyword-map-md
/part-time-private-chef-dubai,True,Private Chef,/private-chef-dubai,Commercial landing page,Secondary,part time private chef dubai price,,keyword-map-md
/part-time-private-chef-dubai,True,Private Chef,/private-chef-dubai,Commercial landing page,Secondary,part time private chef packages dubai,,keyword-map-md
/part-time-private-chef-dubai,True,Private Chef,/private-chef-dubai,Commercial landing page,Secondary,private chef at home dubai,,seo-pages-json
/part-time-private-chef-dubai,True,Private Chef,/private-chef-dubai,Commercial landing page,Secondary,private chef few days a week dubai,Transactional / commercial,architecture-500
/part-time-private-chef-dubai,True,Private Chef,/private-chef-dubai,Commercial landing page,Secondary,weekly private chef dubai,Transactional / commercial,architecture-500
/partner-with-us,True,,,,Primary,catering partnerships dubai,,keyword-map-md
/partner-with-us,True,,,,Secondary,become a catering partner dubai,,keyword-map-md
/partner-with-us,True,,,,Secondary,chef partnership dubai,,keyword-map-md
/partner-with-us,True,,,,Secondary,work with mychef dubai,,keyword-map-md
/partners,True,,,,Proposed,catering partner dubai,,assigned-2026-08-25
/partners,True,,,,Proposed,private chef partner programme dubai,,assigned-2026-08-25
/partners,True,,,,Proposed,villa and yacht catering partners dubai,,assigned-2026-08-25
/partners/concierge-services-dubai,True,,,,Primary,concierge services partnership dubai,,keyword-map-md
/partners/concierge-services-dubai,True,,,,Secondary,catering partner for concierge companies dubai,,keyword-map-md
/partners/concierge-services-dubai,True,,,,Secondary,partner with a private chef company dubai,,keyword-map-md
/partners/event-planners-dubai,True,,,,Primary,event planners partnership dubai,,keyword-map-md
/partners/event-planners-dubai,True,,,,Secondary,catering partner for event planners dubai,,keyword-map-md
/partners/villa-rentals-dubai,True,,,,Primary,villa rentals partnership dubai,,keyword-map-md
/partners/villa-rentals-dubai,True,,,,Secondary,catering partner for holiday homes dubai,,keyword-map-md
/partners/yacht-charters-dubai,True,,,,Primary,yacht charters partnership dubai,,keyword-map-md
/partners/yacht-charters-dubai,True,,,,Secondary,catering partner for yacht charter companies dubai,,keyword-map-md
/party-catering-dubai,True,Private Events,/events,Commercial landing page,Primary,party catering dubai,Transactional / commercial,architecture-500|keyword-map-md|seo-pages-json
/party-catering-dubai,True,Private Events,/events,Commercial landing page,Secondary,best party catering dubai,,keyword-map-md|seo-pages-json
/party-catering-dubai,True,Private Events,/events,Commercial landing page,Secondary,best small party catering dubai,,seo-pages-json
/party-catering-dubai,True,Private Events,/events,Commercial landing page,Secondary,birthday party catering dubai,,seo-pages-json
/party-catering-dubai,True,Private Events,/events,Commercial landing page,Secondary,buffet catering dubai,,seo-pages-json
/party-catering-dubai,True,Private Events,/events,Commercial landing page,Secondary,catering a party for 50,,seo-pages-json
/party-catering-dubai,True,Private Events,/events,Commercial landing page,Secondary,catering menu for party,,seo-pages-json
/party-catering-dubai,True,Private Events,/events,Commercial landing page,Secondary,cheap party catering dubai,,seo-pages-json
/party-catering-dubai,True,Private Events,/events,Commercial landing page,Secondary,cost of party catering,,seo-pages-json
/party-catering-dubai,True,Private Events,/events,Commercial landing page,Secondary,event catering dubai,,seo-pages-json
/party-catering-dubai,True,Private Events,/events,Commercial landing page,Secondary,food party deira dubai,,seo-pages-json
/party-catering-dubai,True,Private Events,/events,Commercial landing page,Secondary,halal party catering dubai,,keyword-map-md
/party-catering-dubai,True,Private Events,/events,Commercial landing page,Secondary,home party catering dubai,,seo-pages-json
/party-catering-dubai,True,Private Events,/events,Commercial landing page,Secondary,house party catering dubai,,keyword-map-md
/party-catering-dubai,True,Private Events,/events,Commercial landing page,Secondary,how much does catering cost for a party,,seo-pages-json
/party-catering-dubai,True,Private Events,/events,Commercial landing page,Secondary,party catering cost per person dubai,,keyword-map-md
/party-catering-dubai,True,Private Events,/events,Commercial landing page,Secondary,party catering dubai price,,keyword-map-md|seo-pages-json
/party-catering-dubai,True,Private Events,/events,Commercial landing page,Secondary,party catering ideas,,seo-pages-json
/party-catering-dubai,True,Private Events,/events,Commercial landing page,Secondary,party catering menu dubai,,keyword-map-md
/party-catering-dubai,True,Private Events,/events,Commercial landing page,Secondary,party catering packages dubai,,keyword-map-md
/party-catering-dubai,True,Private Events,/events,Commercial landing page,Secondary,party events in dubai,,seo-pages-json
/party-catering-dubai,True,Private Events,/events,Commercial landing page,Secondary,party food catering dubai,Transactional / commercial,architecture-500|seo-pages-json
/party-catering-dubai,True,Private Events,/events,Commercial landing page,Secondary,party food dubai,,seo-pages-json
/party-catering-dubai,True,Private Events,/events,Commercial landing page,Secondary,small party catering dubai,,seo-pages-json
/party-catering-dubai,True,Private Events,/events,Commercial landing page,Secondary,small party catering dubai indian,,seo-pages-json
/party-catering-dubai,True,Private Events,/events,Commercial landing page,Long-tail,catering for 50 people dubai,Transactional / commercial,architecture-500
/pescatarian-catering-dubai,True,Cuisines and Dietary,/cuisines-dubai,Commercial landing page,Primary,pescatarian catering dubai,Transactional / commercial,architecture-500|keyword-map-md|seo-pages-json
/pescatarian-catering-dubai,True,Cuisines and Dietary,/cuisines-dubai,Commercial landing page,Secondary,best pescatarian catering dubai,,keyword-map-md|seo-pages-json
/pescatarian-catering-dubai,True,Cuisines and Dietary,/cuisines-dubai,Commercial landing page,Secondary,does hellofresh have pescatarian meals?,,seo-pages-json
/pescatarian-catering-dubai,True,Cuisines and Dietary,/cuisines-dubai,Commercial landing page,Secondary,how much does a personal chef cost in dubai?,,seo-pages-json
/pescatarian-catering-dubai,True,Cuisines and Dietary,/cuisines-dubai,Commercial landing page,Secondary,is 500 aed enough for food in dubai?,,seo-pages-json
/pescatarian-catering-dubai,True,Cuisines and Dietary,/cuisines-dubai,Commercial landing page,Secondary,pescatarian catering dubai menu,,seo-pages-json
/pescatarian-catering-dubai,True,Cuisines and Dietary,/cuisines-dubai,Commercial landing page,Secondary,pescatarian catering dubai price,,keyword-map-md
/pescatarian-catering-dubai,True,Cuisines and Dietary,/cuisines-dubai,Commercial landing page,Secondary,pescatarian catering menu dubai,,keyword-map-md
/pescatarian-catering-dubai,True,Cuisines and Dietary,/cuisines-dubai,Commercial landing page,Secondary,seafood buffet catering dubai,,keyword-map-md
/pescatarian-catering-dubai,True,Cuisines and Dietary,/cuisines-dubai,Commercial landing page,Secondary,seafood catering dubai,,keyword-map-md
/pescatarian-catering-dubai,True,Cuisines and Dietary,/cuisines-dubai,Commercial landing page,Secondary,what are some common pescatarian meal plans?,,seo-pages-json
/picnic-catering-dubai,True,Private Events,/events,Commercial landing page,Primary,picnic catering dubai,Transactional / commercial,architecture-500|keyword-map-md|seo-pages-json
/picnic-catering-dubai,True,Private Events,/events,Commercial landing page,Secondary,bbq at home catering,,seo-pages-json
/picnic-catering-dubai,True,Private Events,/events,Commercial landing page,Secondary,bbq catering dubai,,seo-pages-json
/picnic-catering-dubai,True,Private Events,/events,Commercial landing page,Secondary,best bbq catering dubai,,seo-pages-json
/picnic-catering-dubai,True,Private Events,/events,Commercial landing page,Secondary,best picnic catering dubai,,keyword-map-md|seo-pages-json
/picnic-catering-dubai,True,Private Events,/events,Commercial landing page,Secondary,halal picnic catering dubai,,keyword-map-md
/picnic-catering-dubai,True,Private Events,/events,Commercial landing page,Secondary,live bbq catering,,seo-pages-json
/picnic-catering-dubai,True,Private Events,/events,Commercial landing page,Secondary,luxury picnic dubai,,seo-pages-json
/picnic-catering-dubai,True,Private Events,/events,Commercial landing page,Secondary,luxury picnic dubai catering,Transactional / commercial,architecture-500
/picnic-catering-dubai,True,Private Events,/events,Commercial landing page,Secondary,luxury picnic setup dubai,,keyword-map-md
/picnic-catering-dubai,True,Private Events,/events,Commercial landing page,Secondary,outdoor bbq catering services,,seo-pages-json
/picnic-catering-dubai,True,Private Events,/events,Commercial landing page,Secondary,outdoor catering dubai,,seo-pages-json
/picnic-catering-dubai,True,Private Events,/events,Commercial landing page,Secondary,picnic catering dubai packages,,seo-pages-json
/picnic-catering-dubai,True,Private Events,/events,Commercial landing page,Secondary,picnic catering dubai price,,keyword-map-md
/picnic-catering-dubai,True,Private Events,/events,Commercial landing page,Secondary,picnic catering menu dubai,,keyword-map-md
/picnic-catering-dubai,True,Private Events,/events,Commercial landing page,Secondary,picnic catering packages dubai,,keyword-map-md
/picnic-catering-dubai,True,Private Events,/events,Commercial landing page,Secondary,picnic catering price per person dubai,,keyword-map-md
/picnic-catering-dubai,True,Private Events,/events,Commercial landing page,Secondary,picnic guidelines,,seo-pages-json
/picnic-catering-dubai,True,Private Events,/events,Commercial landing page,Secondary,picnic spots in dubai,,seo-pages-json
/picnic-catering-dubai,True,Private Events,/events,Commercial landing page,Secondary,picnic spots in uae,,seo-pages-json
/picnic-catering-dubai,True,Private Events,/events,Commercial landing page,Secondary,small party catering dubai,,seo-pages-json
/pool-party-catering-dubai,True,Private Events,/events,Commercial landing page,Primary,pool party catering dubai,Transactional / commercial,architecture-500|keyword-map-md|seo-pages-json
/pool-party-catering-dubai,True,Private Events,/events,Commercial landing page,Secondary,best pool party catering dubai,,keyword-map-md|seo-pages-json
/pool-party-catering-dubai,True,Private Events,/events,Commercial landing page,Secondary,birthday party catering dubai,,seo-pages-json
/pool-party-catering-dubai,True,Private Events,/events,Commercial landing page,Secondary,cheap pool party catering dubai,,seo-pages-json
/pool-party-catering-dubai,True,Private Events,/events,Commercial landing page,Secondary,halal pool party catering dubai,,keyword-map-md
/pool-party-catering-dubai,True,Private Events,/events,Commercial landing page,Secondary,home party catering dubai,,seo-pages-json
/pool-party-catering-dubai,True,Private Events,/events,Commercial landing page,Secondary,kids birthday party catering dubai,,seo-pages-json
/pool-party-catering-dubai,True,Private Events,/events,Commercial landing page,Secondary,pool party catering dubai cost,,seo-pages-json
/pool-party-catering-dubai,True,Private Events,/events,Commercial landing page,Secondary,pool party catering dubai price,,keyword-map-md|seo-pages-json
/pool-party-catering-dubai,True,Private Events,/events,Commercial landing page,Secondary,pool party catering ideas,,seo-pages-json
/pool-party-catering-dubai,True,Private Events,/events,Commercial landing page,Secondary,pool party catering menu dubai,,keyword-map-md
/pool-party-catering-dubai,True,Private Events,/events,Commercial landing page,Secondary,pool party catering packages dubai,,keyword-map-md
/pool-party-catering-dubai,True,Private Events,/events,Commercial landing page,Secondary,pool party catering price per person dubai,,keyword-map-md
/pool-party-catering-dubai,True,Private Events,/events,Commercial landing page,Secondary,pool party cost,,seo-pages-json
/pool-party-catering-dubai,True,Private Events,/events,Commercial landing page,Secondary,pool party food dubai,Transactional / commercial,architecture-500
/pool-party-catering-dubai,True,Private Events,/events,Commercial landing page,Secondary,small party catering dubai,,seo-pages-json
/pool-party-catering-dubai,True,Private Events,/events,Commercial landing page,Secondary,small party catering dubai indian,,seo-pages-json
/pool-party-catering-dubai,True,Private Events,/events,Commercial landing page,Secondary,villa pool party catering dubai,,keyword-map-md
/postpartum-meal-prep-dubai,True,Private Chef,/private-chef-dubai,Commercial landing page,Secondary,postpartum meal prep catering dubai,,seo-pages-json
/postpartum-meal-prep-dubai,True,Private Chef,/private-chef-dubai,Commercial landing page,Primary,postpartum meal prep dubai,Transactional / commercial,architecture-500|keyword-map-md
/postpartum-meal-prep-dubai,True,Private Chef,/private-chef-dubai,Commercial landing page,Secondary,anti inflammatory meal plan dubai,,seo-pages-json
/postpartum-meal-prep-dubai,True,Private Chef,/private-chef-dubai,Commercial landing page,Secondary,best postpartum meal prep catering dubai,,seo-pages-json
/postpartum-meal-prep-dubai,True,Private Chef,/private-chef-dubai,Commercial landing page,Secondary,cheap postpartum meal prep catering dubai,,seo-pages-json
/postpartum-meal-prep-dubai,True,Private Chef,/private-chef-dubai,Commercial landing page,Secondary,confinement food delivery dubai,,keyword-map-md
/postpartum-meal-prep-dubai,True,Private Chef,/private-chef-dubai,Commercial landing page,Secondary,meal prep dubai,,seo-pages-json
/postpartum-meal-prep-dubai,True,Private Chef,/private-chef-dubai,Commercial landing page,Secondary,meals for new mums dubai,,keyword-map-md
/postpartum-meal-prep-dubai,True,Private Chef,/private-chef-dubai,Commercial landing page,Secondary,paleo meal plan dubai,,seo-pages-json
/postpartum-meal-prep-dubai,True,Private Chef,/private-chef-dubai,Commercial landing page,Secondary,postpartum chef dubai,Transactional / commercial,architecture-500
/postpartum-meal-prep-dubai,True,Private Chef,/private-chef-dubai,Commercial landing page,Secondary,postpartum meal delivery dubai,,keyword-map-md
/postpartum-meal-prep-dubai,True,Private Chef,/private-chef-dubai,Commercial landing page,Secondary,postpartum meal prep catering dubai near me,,seo-pages-json
/postpartum-meal-prep-dubai,True,Private Chef,/private-chef-dubai,Commercial landing page,Secondary,postpartum meal prep catering dubai price,,seo-pages-json
/postpartum-meal-prep-dubai,True,Private Chef,/private-chef-dubai,Commercial landing page,Secondary,postpartum meal prep dubai price,,keyword-map-md
/postpartum-meal-prep-dubai,True,Private Chef,/private-chef-dubai,Commercial landing page,Secondary,postpartum meal prep menu dubai,,keyword-map-md
/postpartum-meal-prep-dubai,True,Private Chef,/private-chef-dubai,Commercial landing page,Secondary,postpartum meal prep packages dubai,,keyword-map-md
/private-chef-dubai,True,Private Chef,/private-chef-dubai,Commercial landing page,Primary,private chef dubai,Transactional / commercial,architecture-500|keyword-map-md|seo-pages-json
/private-chef-dubai,True,Private Chef,/private-chef-dubai,Commercial landing page,Secondary,best private chef dubai,,seo-pages-json
/private-chef-dubai,True,Private Chef,/private-chef-dubai,Commercial landing page,Secondary,book a private chef dubai,,keyword-map-md
/private-chef-dubai,True,Private Chef,/private-chef-dubai,Commercial landing page,Secondary,book private chef dubai,,seo-pages-json
/private-chef-dubai,True,Private Chef,/private-chef-dubai,Commercial landing page,Secondary,chef at home dubai,Transactional / commercial,architecture-500|keyword-map-md
/private-chef-dubai,True,Private Chef,/private-chef-dubai,Commercial landing page,Secondary,chef for home dubai,Transactional / commercial,architecture-500
/private-chef-dubai,True,Private Chef,/private-chef-dubai,Commercial landing page,Secondary,female private chef dubai,,seo-pages-json
/private-chef-dubai,True,Private Chef,/private-chef-dubai,Commercial landing page,Secondary,find private chef dubai,,seo-pages-json
/private-chef-dubai,True,Private Chef,/private-chef-dubai,Commercial landing page,Secondary,french private chef dubai,,seo-pages-json
/private-chef-dubai,True,Private Chef,/private-chef-dubai,Commercial landing page,Secondary,full time private chef dubai,,seo-pages-json
/private-chef-dubai,True,Private Chef,/private-chef-dubai,Commercial landing page,Secondary,hire a private chef dubai,,keyword-map-md|seo-pages-json
/private-chef-dubai,True,Private Chef,/private-chef-dubai,Commercial landing page,Secondary,hire private chef dubai,Transactional / commercial,architecture-500|seo-pages-json
/private-chef-dubai,True,Private Chef,/private-chef-dubai,Commercial landing page,Secondary,home chef dubai,Transactional / commercial,architecture-500
/private-chef-dubai,True,Private Chef,/private-chef-dubai,Commercial landing page,Secondary,in-home chef dubai,,keyword-map-md
/private-chef-dubai,True,Private Chef,/private-chef-dubai,Commercial landing page,Secondary,luxury private chef dubai,Transactional / commercial,architecture-500
/private-chef-dubai,True,Private Chef,/private-chef-dubai,Commercial landing page,Secondary,personal chef dubai,Transactional / commercial,architecture-500|keyword-map-md
/private-chef-dubai,True,Private Chef,/private-chef-dubai,Commercial landing page,Secondary,personal chef in dubai,Transactional / commercial,architecture-500
/private-chef-dubai,True,Private Chef,/private-chef-dubai,Commercial landing page,Secondary,private bbq chef dubai,,seo-pages-json
/private-chef-dubai,True,Private Chef,/private-chef-dubai,Commercial landing page,Secondary,private chef agency dubai,Transactional / commercial,architecture-500
/private-chef-dubai,True,Private Chef,/private-chef-dubai,Commercial landing page,Secondary,private chef at home dubai,,seo-pages-json
/private-chef-dubai,True,Private Chef,/private-chef-dubai,Commercial landing page,Secondary,private chef company dubai,Transactional / commercial,architecture-500
/private-chef-dubai,True,Private Chef,/private-chef-dubai,Commercial landing page,Secondary,private chef cost per day,,seo-pages-json
/private-chef-dubai,True,Private Chef,/private-chef-dubai,Commercial landing page,Secondary,private chef dinner dubai,,seo-pages-json
/private-chef-dubai,True,Private Chef,/private-chef-dubai,Commercial landing page,Secondary,private chef dubai cost,,seo-pages-json
/private-chef-dubai,True,Private Chef,/private-chef-dubai,Commercial landing page,Secondary,private chef dubai daily,,seo-pages-json
/private-chef-dubai,True,Private Chef,/private-chef-dubai,Commercial landing page,Secondary,private chef dubai full time,,seo-pages-json
/private-chef-dubai,True,Private Chef,/private-chef-dubai,Commercial landing page,Secondary,private chef dubai hire,,seo-pages-json
/private-chef-dubai,True,Private Chef,/private-chef-dubai,Commercial landing page,Secondary,private chef dubai price,,seo-pages-json
/private-chef-dubai,True,Private Chef,/private-chef-dubai,Commercial landing page,Secondary,private chef for dinner party dubai,,keyword-map-md
/private-chef-dubai,True,Private Chef,/private-chef-dubai,Commercial landing page,Secondary,private chef for family dubai,Transactional / commercial,architecture-500
/private-chef-dubai,True,Private Chef,/private-chef-dubai,Commercial landing page,Secondary,private chef in dubai,Transactional / commercial,architecture-500
/private-chef-dubai,True,Private Chef,/private-chef-dubai,Commercial landing page,Secondary,private chef near me dubai,,keyword-map-md
/private-chef-dubai,True,Private Chef,/private-chef-dubai,Commercial landing page,Secondary,private chef service dubai,Transactional / commercial,architecture-500|keyword-map-md
/private-chef-dubai,True,Private Chef,/private-chef-dubai,Commercial landing page,Secondary,private cook dubai,Transactional / commercial,architecture-500
/private-chef-dubai,True,Private Chef,/private-chef-dubai,Commercial landing page,Secondary,professional chef at home dubai,Transactional / commercial,architecture-500
/private-chef-dubai/how-it-works,True,Private Chef,/private-chef-dubai,Commercial landing page,Primary,cook in dubai,,seo-pages-json
/private-chef-dubai/how-it-works,True,Private Chef,/private-chef-dubai,Commercial landing page,Secondary,vetted private chef dubai,Transactional / commercial,architecture-500
/private-chef-dubai/how-your-plan-works,True,,,,Primary,how private chef plans work dubai,,assigned-2026-08-25
/private-chef-dubai/how-your-plan-works,True,,,,Proposed,private chef billing dubai,,assigned-2026-08-25
/private-chef-dubai/how-your-plan-works,True,,,,Proposed,private chef plan terms dubai,,assigned-2026-08-25
/private-chef-dubai/how-your-plan-works,True,,,,Proposed,private chef rescheduling policy dubai,,assigned-2026-08-25
/private-chef-dubai/our-chefs,True,Private Chef,/private-chef-dubai,Commercial landing page,Secondary,personal chef dubai,,seo-pages-json
/private-chef-dubai/our-chefs,True,Private Chef,/private-chef-dubai,Commercial landing page,Primary,private chefs dubai,Transactional / commercial,architecture-500
/private-chef-dubai/our-chefs,True,Private Chef,/private-chef-dubai,Commercial landing page,Secondary,best private chef dubai,Transactional / commercial,architecture-500
/private-chef-dubai/pricing,True,,,,Primary,private chef dubai prices,,seo-pages-json
/private-chef-dubai/privacy-security,True,,,,Primary,private chef for family,,seo-pages-json
/private-chef-dubai/quality-training,True,,,,Primary,healthy food chef,,seo-pages-json
/private-chef-prices-dubai,True,Private Chef,/private-chef-dubai,Commercial landing page,Secondary,private chef cost dubai,Informational / commercial research,architecture-500|keyword-map-md|seo-pages-json
/private-chef-prices-dubai,True,Private Chef,/private-chef-dubai,Commercial landing page,Primary,private chef dubai price,,keyword-map-md
/private-chef-prices-dubai,True,Private Chef,/private-chef-dubai,Commercial landing page,Secondary,private chef prices dubai,Informational / commercial research,architecture-500
/private-chef-prices-dubai,True,Private Chef,/private-chef-dubai,Commercial landing page,Secondary,cost of private chef dubai,,keyword-map-md
/private-chef-prices-dubai,True,Private Chef,/private-chef-dubai,Commercial landing page,Secondary,full time private chef dubai,,seo-pages-json
/private-chef-prices-dubai,True,Private Chef,/private-chef-dubai,Commercial landing page,Secondary,how much do private chef cost,,seo-pages-json
/private-chef-prices-dubai,True,Private Chef,/private-chef-dubai,Commercial landing page,Secondary,how much does a private chef cost in dubai,,seo-pages-json
/private-chef-prices-dubai,True,Private Chef,/private-chef-dubai,Commercial landing page,Secondary,how much does a private chef cost per day,,seo-pages-json
/private-chef-prices-dubai,True,Private Chef,/private-chef-dubai,Commercial landing page,Secondary,how much does it cost to get a private chef,,seo-pages-json
/private-chef-prices-dubai,True,Private Chef,/private-chef-dubai,Commercial landing page,Secondary,how much does it usually cost to have a private chef?,,seo-pages-json
/private-chef-prices-dubai,True,Private Chef,/private-chef-dubai,Commercial landing page,Secondary,how much is a private chef in dubai,,keyword-map-md
/private-chef-prices-dubai,True,Private Chef,/private-chef-dubai,Commercial landing page,Secondary,is 1000 aed enough for food in dubai?,,seo-pages-json
/private-chef-prices-dubai,True,Private Chef,/private-chef-dubai,Commercial landing page,Secondary,live in chef dubai,,seo-pages-json
/private-chef-prices-dubai,True,Private Chef,/private-chef-dubai,Commercial landing page,Secondary,part time cook for home dubai cost,,seo-pages-json
/private-chef-prices-dubai,True,Private Chef,/private-chef-dubai,Commercial landing page,Secondary,private chef cost per day,,seo-pages-json
/private-chef-prices-dubai,True,Private Chef,/private-chef-dubai,Commercial landing page,Secondary,private chef cost per person dubai,,keyword-map-md
/private-chef-prices-dubai,True,Private Chef,/private-chef-dubai,Commercial landing page,Secondary,private chef dubai monthly cost,Informational / commercial research,architecture-500
/private-chef-prices-dubai,True,Private Chef,/private-chef-dubai,Commercial landing page,Secondary,private chef dubai price per day,Transactional / commercial,architecture-500
/private-chef-prices-dubai,True,Private Chef,/private-chef-dubai,Commercial landing page,Secondary,private chef dubai rates,,keyword-map-md
/private-chef-vs-catering-dubai,True,Blog and Guides,/guides,Blog / Guide / Tool,Primary,private chef vs catering dubai,Informational / commercial research,architecture-500|keyword-map-md
/private-chef-vs-catering-dubai,True,Blog and Guides,/guides,Blog / Guide / Tool,Secondary,private chef vs dubai,,seo-pages-json
/private-chef-vs-catering-dubai,True,Blog and Guides,/guides,Blog / Guide / Tool,Secondary,best private chef dubai,,seo-pages-json
/private-chef-vs-catering-dubai,True,Blog and Guides,/guides,Blog / Guide / Tool,Secondary,book private chef dubai,,seo-pages-json
/private-chef-vs-catering-dubai,True,Blog and Guides,/guides,Blog / Guide / Tool,Secondary,difference between private chef and caterer,,keyword-map-md
/private-chef-vs-catering-dubai,True,Blog and Guides,/guides,Blog / Guide / Tool,Secondary,full time private chef dubai,,seo-pages-json
/private-chef-vs-catering-dubai,True,Blog and Guides,/guides,Blog / Guide / Tool,Secondary,hire private chef dubai,,seo-pages-json
/private-chef-vs-catering-dubai,True,Blog and Guides,/guides,Blog / Guide / Tool,Secondary,how much does a private chef cost in dubai?,,seo-pages-json
/private-chef-vs-catering-dubai,True,Blog and Guides,/guides,Blog / Guide / Tool,Secondary,how much does it cost to hire a private chef,,seo-pages-json
/private-chef-vs-catering-dubai,True,Blog and Guides,/guides,Blog / Guide / Tool,Secondary,live in chef dubai,,seo-pages-json
/private-chef-vs-catering-dubai,True,Blog and Guides,/guides,Blog / Guide / Tool,Secondary,personal chef vs private chef,,seo-pages-json
/private-chef-vs-catering-dubai,True,Blog and Guides,/guides,Blog / Guide / Tool,Secondary,private chef dubai cost,,seo-pages-json
/private-chef-vs-catering-dubai,True,Blog and Guides,/guides,Blog / Guide / Tool,Secondary,private chef dubai daily,,seo-pages-json
/private-chef-vs-catering-dubai,True,Blog and Guides,/guides,Blog / Guide / Tool,Secondary,private chef dubai full time,,seo-pages-json
/private-chef-vs-catering-dubai,True,Blog and Guides,/guides,Blog / Guide / Tool,Secondary,private chef dubai hire,,seo-pages-json
/private-chef-vs-catering-dubai,True,Blog and Guides,/guides,Blog / Guide / Tool,Secondary,private chef or catering for a party,,keyword-map-md
/private-chef-vs-catering-dubai,True,Blog and Guides,/guides,Blog / Guide / Tool,Secondary,private chef vs caterer cost dubai,,keyword-map-md
/private-chef-vs-catering-dubai,True,Blog and Guides,/guides,Blog / Guide / Tool,Secondary,private chef vs dubai cost,,seo-pages-json
/private-chef-vs-catering-dubai,True,Blog and Guides,/guides,Blog / Guide / Tool,Secondary,private chef vs dubai price,,seo-pages-json
/private-chef-vs-catering-dubai,True,Blog and Guides,/guides,Blog / Guide / Tool,Secondary,should i hire a chef or a caterer,,keyword-map-md
/private-cooking-classes-dubai,True,Dining Experiences,/luxury-dining-experiences,Commercial landing page,Secondary,private cooking class dubai,Transactional / commercial,architecture-500
/private-cooking-classes-dubai,True,Dining Experiences,/luxury-dining-experiences,Commercial landing page,Secondary,private cooking classes catering dubai,,seo-pages-json
/private-cooking-classes-dubai,True,Dining Experiences,/luxury-dining-experiences,Commercial landing page,Primary,private cooking classes dubai,Transactional / commercial,architecture-500|keyword-map-md
/private-cooking-classes-dubai,True,Dining Experiences,/luxury-dining-experiences,Commercial landing page,Secondary,best private cooking classes catering dubai,,seo-pages-json
/private-cooking-classes-dubai,True,Dining Experiences,/luxury-dining-experiences,Commercial landing page,Secondary,best private cooking classes dubai,,keyword-map-md
/private-cooking-classes-dubai,True,Dining Experiences,/luxury-dining-experiences,Commercial landing page,Secondary,chef cooking class dubai,Transactional / commercial,architecture-500
/private-cooking-classes-dubai,True,Dining Experiences,/luxury-dining-experiences,Commercial landing page,Secondary,cooking class at home dubai,Transactional / commercial,architecture-500
/private-cooking-classes-dubai,True,Dining Experiences,/luxury-dining-experiences,Commercial landing page,Secondary,cooking class cost per person dubai,,keyword-map-md
/private-cooking-classes-dubai,True,Dining Experiences,/luxury-dining-experiences,Commercial landing page,Secondary,cooking class packages dubai,,keyword-map-md
/private-cooking-classes-dubai,True,Dining Experiences,/luxury-dining-experiences,Commercial landing page,Secondary,cooking classes at home dubai,,keyword-map-md
/private-cooking-classes-dubai,True,Dining Experiences,/luxury-dining-experiences,Commercial landing page,Secondary,couples cooking class dubai,,keyword-map-md
/private-cooking-classes-dubai,True,Dining Experiences,/luxury-dining-experiences,Commercial landing page,Secondary,private cooking classes catering dubai for couples,,seo-pages-json
/private-cooking-classes-dubai,True,Dining Experiences,/luxury-dining-experiences,Commercial landing page,Secondary,private cooking classes catering dubai near me,,seo-pages-json
/private-cooking-classes-dubai,True,Dining Experiences,/luxury-dining-experiences,Commercial landing page,Secondary,private cooking classes catering dubai price,,seo-pages-json
/private-cooking-classes-dubai,True,Dining Experiences,/luxury-dining-experiences,Commercial landing page,Secondary,private cooking classes dubai price,,keyword-map-md
/private-jet-catering-dubai,True,Packages,/catering-packages-dubai,Commercial landing page,Primary,private jet catering dubai,Transactional / commercial,architecture-500
/private-jet-catering-dubai,True,Packages,/catering-packages-dubai,Commercial landing page,Secondary,aircraft catering dubai,Transactional / commercial,architecture-500
/private-jet-catering-dubai,True,Packages,/catering-packages-dubai,Commercial landing page,Secondary,business jet catering dubai,Transactional / commercial,architecture-500
/private-jet-catering-dubai,True,Packages,/catering-packages-dubai,Commercial landing page,Secondary,private aviation catering dubai,Transactional / commercial,architecture-500
/private-jet-catering-dubai,True,Packages,/catering-packages-dubai,Commercial landing page,Secondary,private jet food dubai,Transactional / commercial,architecture-500
/private-jet-catering-dubai,True,Packages,/catering-packages-dubai,Commercial landing page,Secondary,private jet meals dubai,Transactional / commercial,architecture-500
/private-jet-catering-dubai,True,Packages,/catering-packages-dubai,Commercial landing page,Secondary,vip jet catering dubai,Transactional / commercial,architecture-500
/private-party-catering-dubai,True,Private Events,/events,Commercial landing page,Primary,private party catering dubai,Transactional / commercial,architecture-500|keyword-map-md|seo-pages-json
/private-party-catering-dubai,True,Private Events,/events,Commercial landing page,Secondary,best private party catering dubai,,keyword-map-md|seo-pages-json
/private-party-catering-dubai,True,Private Events,/events,Commercial landing page,Secondary,birthday party catering dubai,,seo-pages-json
/private-party-catering-dubai,True,Private Events,/events,Commercial landing page,Secondary,cheap private party catering dubai,,seo-pages-json
/private-party-catering-dubai,True,Private Events,/events,Commercial landing page,Secondary,dinner party catering dubai,,seo-pages-json
/private-party-catering-dubai,True,Private Events,/events,Commercial landing page,Secondary,finger food catering dubai,,seo-pages-json
/private-party-catering-dubai,True,Private Events,/events,Commercial landing page,Secondary,halal private party catering dubai,,keyword-map-md
/private-party-catering-dubai,True,Private Events,/events,Commercial landing page,Secondary,how much does a personal chef cost in dubai?,,seo-pages-json
/private-party-catering-dubai,True,Private Events,/events,Commercial landing page,Secondary,how much does catering cost in dubai?,,seo-pages-json
/private-party-catering-dubai,True,Private Events,/events,Commercial landing page,Secondary,how much will it cost to feed 40 guests?,,seo-pages-json
/private-party-catering-dubai,True,Private Events,/events,Commercial landing page,Secondary,kids birthday party catering dubai,,seo-pages-json
/private-party-catering-dubai,True,Private Events,/events,Commercial landing page,Secondary,private catering near me,,seo-pages-json
/private-party-catering-dubai,True,Private Events,/events,Commercial landing page,Secondary,private party catering cost per person dubai,,keyword-map-md
/private-party-catering-dubai,True,Private Events,/events,Commercial landing page,Secondary,private party catering dubai near me,,seo-pages-json
/private-party-catering-dubai,True,Private Events,/events,Commercial landing page,Secondary,private party catering dubai price,,keyword-map-md|seo-pages-json
/private-party-catering-dubai,True,Private Events,/events,Commercial landing page,Secondary,private party catering dubai price list,,seo-pages-json
/private-party-catering-dubai,True,Private Events,/events,Commercial landing page,Secondary,private party catering menu dubai,,keyword-map-md
/private-party-catering-dubai,True,Private Events,/events,Commercial landing page,Secondary,private party catering near me,,seo-pages-json
/private-party-catering-dubai,True,Private Events,/events,Commercial landing page,Secondary,private party catering packages dubai,,keyword-map-md
/private-party-catering-dubai,True,Private Events,/events,Commercial landing page,Secondary,small party catering dubai,Transactional / commercial,architecture-500|seo-pages-json
/private-party-catering-dubai,True,Private Events,/events,Commercial landing page,Secondary,small party catering dubai indian,,seo-pages-json
/private-party-catering-dubai,True,Private Events,/events,Commercial landing page,Secondary,what is the cheapest catering service?,,seo-pages-json
/private-party-catering-dubai,True,Private Events,/events,Commercial landing page,Long-tail,catering for 20 people dubai,Transactional / commercial,architecture-500
/product-launch-catering-dubai,True,Corporate Catering,/corporate,Commercial landing page,Primary,product launch catering dubai,Transactional / commercial,architecture-500|code-locks|keyword-map-md|seo-pages-json
/product-launch-catering-dubai,True,Corporate Catering,/corporate,Commercial landing page,Secondary,affordable catering dubai,,seo-pages-json
/product-launch-catering-dubai,True,Corporate Catering,/corporate,Commercial landing page,Secondary,catering for store opening dubai,,keyword-map-md
/product-launch-catering-dubai,True,Corporate Catering,/corporate,Commercial landing page,Secondary,catering ideas dubai,,seo-pages-json
/product-launch-catering-dubai,True,Corporate Catering,/corporate,Commercial landing page,Secondary,dinner catering dubai,,seo-pages-json
/product-launch-catering-dubai,True,Corporate Catering,/corporate,Commercial landing page,Secondary,high end catering dubai,,seo-pages-json
/product-launch-catering-dubai,True,Corporate Catering,/corporate,Commercial landing page,Secondary,hospitality catering dubai,,seo-pages-json
/product-launch-catering-dubai,True,Corporate Catering,/corporate,Commercial landing page,Secondary,launch event catering dubai,Transactional / commercial,architecture-500
/product-launch-catering-dubai,True,Corporate Catering,/corporate,Commercial landing page,Secondary,launch party catering dubai,,keyword-map-md
/product-launch-catering-dubai,True,Corporate Catering,/corporate,Commercial landing page,Secondary,party catering dubai,,seo-pages-json
/product-launch-catering-dubai,True,Corporate Catering,/corporate,Commercial landing page,Secondary,product launch catering dubai cost per person,,keyword-map-md
/product-launch-catering-dubai,True,Corporate Catering,/corporate,Commercial landing page,Secondary,product launch catering dubai menu,,seo-pages-json
/product-launch-catering-dubai,True,Corporate Catering,/corporate,Commercial landing page,Secondary,product launch catering dubai price,,keyword-map-md
/product-launch-catering-dubai,True,Corporate Catering,/corporate,Commercial landing page,Secondary,product launch catering menu dubai,,keyword-map-md
/product-launch-catering-dubai,True,Corporate Catering,/corporate,Commercial landing page,Secondary,product launch catering packages dubai,,keyword-map-md
/product-launch-catering-dubai,True,Corporate Catering,/corporate,Commercial landing page,Secondary,ramadan catering dubai,,seo-pages-json
/production-catering-dubai,True,Corporate Catering,/corporate,Commercial landing page,Primary,production catering dubai,Transactional / commercial,architecture-500|code-locks|keyword-map-md|seo-pages-json
/production-catering-dubai,True,Corporate Catering,/corporate,Commercial landing page,Secondary,best production catering dubai,,seo-pages-json
/production-catering-dubai,True,Corporate Catering,/corporate,Commercial landing page,Secondary,crew catering dubai,Transactional / commercial,architecture-500
/production-catering-dubai,True,Corporate Catering,/corporate,Commercial landing page,Secondary,photoshoot catering dubai,,keyword-map-md
/production-catering-dubai,True,Corporate Catering,/corporate,Commercial landing page,Secondary,production catering companies dubai,,keyword-map-md
/production-catering-dubai,True,Corporate Catering,/corporate,Commercial landing page,Secondary,production catering dubai cost per person,,keyword-map-md
/production-catering-dubai,True,Corporate Catering,/corporate,Commercial landing page,Secondary,production catering dubai price,,keyword-map-md
/production-catering-dubai,True,Corporate Catering,/corporate,Commercial landing page,Secondary,production catering menu dubai,,keyword-map-md
/production-catering-dubai,True,Corporate Catering,/corporate,Commercial landing page,Secondary,production catering packages dubai,,keyword-map-md
/proposal-dinner-dubai,True,Dining Experiences,/luxury-dining-experiences,Commercial landing page,Secondary,proposal dinner catering dubai,,seo-pages-json
/proposal-dinner-dubai,True,Dining Experiences,/luxury-dining-experiences,Commercial landing page,Primary,proposal dinner dubai,Transactional / commercial,architecture-500|keyword-map-md
/proposal-dinner-dubai,True,Dining Experiences,/luxury-dining-experiences,Commercial landing page,Secondary,best proposal dinner catering dubai,,seo-pages-json
/proposal-dinner-dubai,True,Dining Experiences,/luxury-dining-experiences,Commercial landing page,Secondary,best proposal dinner dubai,,keyword-map-md
/proposal-dinner-dubai,True,Dining Experiences,/luxury-dining-experiences,Commercial landing page,Secondary,cheap proposal dinner catering dubai,,seo-pages-json
/proposal-dinner-dubai,True,Dining Experiences,/luxury-dining-experiences,Commercial landing page,Secondary,finger food catering dubai,,seo-pages-json
/proposal-dinner-dubai,True,Dining Experiences,/luxury-dining-experiences,Commercial landing page,Secondary,halal proposal dinner dubai,,keyword-map-md
/proposal-dinner-dubai,True,Dining Experiences,/luxury-dining-experiences,Commercial landing page,Secondary,home catering dubai,,seo-pages-json
/proposal-dinner-dubai,True,Dining Experiences,/luxury-dining-experiences,Commercial landing page,Secondary,lebanese catering dubai,,seo-pages-json
/proposal-dinner-dubai,True,Dining Experiences,/luxury-dining-experiences,Commercial landing page,Secondary,marriage proposal dinner dubai,Transactional / commercial,architecture-500|keyword-map-md
/proposal-dinner-dubai,True,Dining Experiences,/luxury-dining-experiences,Commercial landing page,Secondary,private chef proposal dinner dubai,,keyword-map-md
/proposal-dinner-dubai,True,Dining Experiences,/luxury-dining-experiences,Commercial landing page,Secondary,private proposal dinner dubai,Transactional / commercial,architecture-500
/proposal-dinner-dubai,True,Dining Experiences,/luxury-dining-experiences,Commercial landing page,Secondary,proposal dinner catering dubai menu,,seo-pages-json
/proposal-dinner-dubai,True,Dining Experiences,/luxury-dining-experiences,Commercial landing page,Secondary,proposal dinner dubai price,,keyword-map-md
/proposal-dinner-dubai,True,Dining Experiences,/luxury-dining-experiences,Commercial landing page,Secondary,proposal dinner menu dubai,,keyword-map-md
/proposal-dinner-dubai,True,Dining Experiences,/luxury-dining-experiences,Commercial landing page,Secondary,proposal dinner packages dubai,,keyword-map-md
/proposal-dinner-dubai,True,Dining Experiences,/luxury-dining-experiences,Commercial landing page,Secondary,romantic proposal dinner dubai,Transactional / commercial,architecture-500
/proposal-dinner-dubai,True,Dining Experiences,/luxury-dining-experiences,Commercial landing page,Secondary,small party catering dubai,,seo-pages-json
/proposal-dinner-dubai,True,Dining Experiences,/luxury-dining-experiences,Commercial landing page,Secondary,yacht proposal dinner dubai,,keyword-map-md
/quality-guarantee-dubai,True,,,,Primary,catering quality guarantee dubai,,keyword-map-md
/quality-guarantee-dubai,True,,,,Secondary,catering complaint policy dubai,,keyword-map-md
/quality-guarantee-dubai,True,,,,Secondary,how to complain about a caterer dubai,,keyword-map-md
/quality-guarantee-dubai,True,,,,Secondary,what if catering goes wrong dubai,,keyword-map-md
/ramadan-catering-dubai,True,Packages,/catering-dubai,Commercial landing page,Primary,ramadan catering dubai,Transactional / commercial,architecture-500|keyword-map-md|seo-pages-json
/ramadan-catering-dubai,True,Packages,/catering-dubai,Commercial landing page,Secondary,best ramadan catering dubai,,keyword-map-md|seo-pages-json
/ramadan-catering-dubai,True,Packages,/catering-dubai,Commercial landing page,Secondary,ramadan buffet catering,,seo-pages-json
/ramadan-catering-dubai,True,Packages,/catering-dubai,Commercial landing page,Secondary,ramadan catering cost per person dubai,,keyword-map-md
/ramadan-catering-dubai,True,Packages,/catering-dubai,Commercial landing page,Secondary,ramadan catering dubai menu,,seo-pages-json
/ramadan-catering-dubai,True,Packages,/catering-dubai,Commercial landing page,Secondary,ramadan catering dubai price,,keyword-map-md|seo-pages-json
/ramadan-catering-dubai,True,Packages,/catering-dubai,Commercial landing page,Secondary,ramadan catering dubai price list,,seo-pages-json
/ramadan-catering-dubai,True,Packages,/catering-dubai,Commercial landing page,Secondary,ramadan catering menu dubai,,keyword-map-md
/ramadan-catering-dubai,True,Packages,/catering-dubai,Commercial landing page,Secondary,ramadan catering packages dubai,Transactional / commercial,architecture-500|keyword-map-md
/ramadan-catering-dubai,True,Packages,/catering-dubai,Commercial landing page,Secondary,ramadan catering services,,seo-pages-json
/ramadan-catering-dubai,True,Packages,/catering-dubai,Commercial landing page,Secondary,ramadan food catering dubai,Transactional / commercial,architecture-500
/ramadan-catering-dubai,True,Packages,/catering-dubai,Commercial landing page,Secondary,ramadan majlis catering dubai,,keyword-map-md
/ramadan-catering-dubai,True,Packages,/catering-dubai,Commercial landing page,Secondary,ramadan office catering dubai,Transactional / commercial,architecture-500
/ramadan-catering-dubai,True,Packages,/catering-dubai,Commercial landing page,Secondary,ramadan restaurant dubai,,seo-pages-json
/ramadan-catering-guide-dubai,True,Blog and Guides,/catering-dubai,Blog / Guide / Tool,Primary,ramadan catering guide dubai,Informational / commercial research,architecture-500|keyword-map-md
/ramadan-catering-guide-dubai,True,Blog and Guides,/catering-dubai,Blog / Guide / Tool,Secondary,ramadan guide dubai,,seo-pages-json
/ramadan-catering-guide-dubai,True,Blog and Guides,/catering-dubai,Blog / Guide / Tool,Secondary,dubai ramadan days,,seo-pages-json
/ramadan-catering-guide-dubai,True,Blog and Guides,/catering-dubai,Blog / Guide / Tool,Secondary,how much food per person for iftar dubai,,keyword-map-md
/ramadan-catering-guide-dubai,True,Blog and Guides,/catering-dubai,Blog / Guide / Tool,Secondary,how to plan iftar catering dubai,,keyword-map-md
/ramadan-catering-guide-dubai,True,Blog and Guides,/catering-dubai,Blog / Guide / Tool,Secondary,iftar catering checklist dubai,,keyword-map-md
/ramadan-catering-guide-dubai,True,Blog and Guides,/catering-dubai,Blog / Guide / Tool,Secondary,ramadan 2026 dubai restrictions,,seo-pages-json
/ramadan-catering-guide-dubai,True,Blog and Guides,/catering-dubai,Blog / Guide / Tool,Secondary,ramadan in dubai,,seo-pages-json
/ramadan-catering-guide-dubai,True,Blog and Guides,/catering-dubai,Blog / Guide / Tool,Secondary,ramadan in dubai 2026,,seo-pages-json
/ramadan-catering-guide-dubai,True,Blog and Guides,/catering-dubai,Blog / Guide / Tool,Secondary,ramadan in dubai calendar,,seo-pages-json
/ramadan-catering-guide-dubai,True,Blog and Guides,/catering-dubai,Blog / Guide / Tool,Secondary,ramadan in dubai date,,seo-pages-json
/ramadan-catering-guide-dubai,True,Blog and Guides,/catering-dubai,Blog / Guide / Tool,Secondary,ramadan in dubai holiday,,seo-pages-json
/ramadan-catering-guide-dubai,True,Blog and Guides,/catering-dubai,Blog / Guide / Tool,Secondary,ramadan in dubai start date,,seo-pages-json
/ramadan-catering-guide-dubai,True,Blog and Guides,/catering-dubai,Blog / Guide / Tool,Secondary,ramadan restrictions in dubai,,seo-pages-json
/ramadan-catering-guide-dubai,True,Blog and Guides,/catering-dubai,Blog / Guide / Tool,Secondary,suhoor planning guide dubai,,keyword-map-md
/ramadan-catering-guide-dubai,True,Blog and Guides,/catering-dubai,Blog / Guide / Tool,Secondary,when is ramadan in dubai 2026 start and end date,,seo-pages-json
/ramadan-catering-guide-dubai,True,Blog and Guides,/catering-dubai,Blog / Guide / Tool,Secondary,when to book iftar catering dubai,,keyword-map-md
/referral-programme,True,,,,Primary,mychef referral programme,,keyword-map-md
/referral-programme,True,,,,Secondary,refer a friend catering dubai,,keyword-map-md
/reunion-catering-dubai,True,Private Events,/events,Commercial landing page,Primary,reunion catering dubai,Transactional / commercial,architecture-500|keyword-map-md|seo-pages-json
/reunion-catering-dubai,True,Private Events,/events,Commercial landing page,Secondary,best reunion catering dubai,,keyword-map-md
/reunion-catering-dubai,True,Private Events,/events,Commercial landing page,Secondary,family reunion catering dubai,Transactional / commercial,architecture-500|keyword-map-md
/reunion-catering-dubai,True,Private Events,/events,Commercial landing page,Secondary,halal reunion catering dubai,,keyword-map-md
/reunion-catering-dubai,True,Private Events,/events,Commercial landing page,Secondary,home catering dubai,,seo-pages-json
/reunion-catering-dubai,True,Private Events,/events,Commercial landing page,Secondary,how much does catering cost in dubai?,,seo-pages-json
/reunion-catering-dubai,True,Private Events,/events,Commercial landing page,Secondary,reunion catering cost per person dubai,,keyword-map-md
/reunion-catering-dubai,True,Private Events,/events,Commercial landing page,Secondary,reunion catering dubai address,,seo-pages-json
/reunion-catering-dubai,True,Private Events,/events,Commercial landing page,Secondary,reunion catering dubai menu,,seo-pages-json
/reunion-catering-dubai,True,Private Events,/events,Commercial landing page,Secondary,reunion catering dubai price,,keyword-map-md
/reunion-catering-dubai,True,Private Events,/events,Commercial landing page,Secondary,reunion catering dubai reviews,,seo-pages-json
/reunion-catering-dubai,True,Private Events,/events,Commercial landing page,Secondary,reunion catering menu dubai,,keyword-map-md
/reunion-catering-dubai,True,Private Events,/events,Commercial landing page,Secondary,reunion catering packages dubai,,keyword-map-md
/reunion-catering-dubai,True,Private Events,/events,Commercial landing page,Secondary,reunion dubai,,seo-pages-json
/reunion-catering-dubai,True,Private Events,/events,Commercial landing page,Secondary,school reunion catering dubai,,keyword-map-md
/reunion-catering-dubai,True,Private Events,/events,Commercial landing page,Secondary,small party catering dubai,,seo-pages-json
/romantic-dinner-dubai,True,Dining Experiences,/catering-dubai,Commercial landing page,Secondary,romantic dinner catering dubai,,seo-pages-json
/romantic-dinner-dubai,True,Dining Experiences,/catering-dubai,Commercial landing page,Primary,romantic dinner dubai,Transactional / commercial,architecture-500|keyword-map-md
/romantic-dinner-dubai,True,Dining Experiences,/catering-dubai,Commercial landing page,Secondary,anniversary private dining dubai,Transactional / commercial,architecture-500
/romantic-dinner-dubai,True,Dining Experiences,/catering-dubai,Commercial landing page,Secondary,buffet catering dubai,,seo-pages-json
/romantic-dinner-dubai,True,Dining Experiences,/catering-dubai,Commercial landing page,Secondary,cheap romantic dinner catering dubai,,seo-pages-json
/romantic-dinner-dubai,True,Dining Experiences,/catering-dubai,Commercial landing page,Secondary,date night private chef dubai,,keyword-map-md
/romantic-dinner-dubai,True,Dining Experiences,/catering-dubai,Commercial landing page,Secondary,home catering dubai,,seo-pages-json
/romantic-dinner-dubai,True,Dining Experiences,/catering-dubai,Commercial landing page,Secondary,lebanese catering dubai,,seo-pages-json
/romantic-dinner-dubai,True,Dining Experiences,/catering-dubai,Commercial landing page,Secondary,private chef for two dubai,,keyword-map-md
/romantic-dinner-dubai,True,Dining Experiences,/catering-dubai,Commercial landing page,Secondary,private chef romantic dinner dubai,Transactional / commercial,architecture-500
/romantic-dinner-dubai,True,Dining Experiences,/catering-dubai,Commercial landing page,Secondary,private dining for two dubai,Transactional / commercial,architecture-500|keyword-map-md
/romantic-dinner-dubai,True,Dining Experiences,/catering-dubai,Commercial landing page,Secondary,private dinner for two dubai,,keyword-map-md
/romantic-dinner-dubai,True,Dining Experiences,/catering-dubai,Commercial landing page,Secondary,romantic dinner at home dubai,Transactional / commercial,architecture-500
/romantic-dinner-dubai,True,Dining Experiences,/catering-dubai,Commercial landing page,Secondary,romantic private dinner dubai,Transactional / commercial,architecture-500
/romantic-dinner-dubai,True,Dining Experiences,/catering-dubai,Commercial landing page,Secondary,small party catering dubai,,seo-pages-json
/romantic-dinner-dubai,True,Dining Experiences,/catering-dubai,Commercial landing page,Secondary,small party catering dubai indian,,seo-pages-json
/romantic-dinner-dubai,True,Dining Experiences,/catering-dubai,Commercial landing page,Secondary,valentines private dinner dubai,Transactional / commercial,architecture-500
/school-catering-dubai,True,,,,Primary,school catering dubai,,assigned-2026-08-25
/school-catering-dubai,True,,,,Proposed,school canteen catering dubai,,assigned-2026-08-25
/school-catering-dubai,True,,,,Proposed,school event catering dubai,,assigned-2026-08-25
/school-catering-dubai,True,,,,Proposed,school lunch catering dubai,,assigned-2026-08-25
/school-catering-dubai,True,,,,Proposed,student meal catering dubai,,assigned-2026-08-25
/shawarma-station-dubai,True,Catering,/catering-dubai,Commercial landing page,Secondary,shawarma station catering dubai,,seo-pages-json
/shawarma-station-dubai,True,Catering,/catering-dubai,Commercial landing page,Primary,shawarma station dubai,Transactional / commercial,architecture-500|keyword-map-md|seo-pages-json
/shawarma-station-dubai,True,Catering,/catering-dubai,Commercial landing page,Secondary,best shawarma station catering dubai,,seo-pages-json
/shawarma-station-dubai,True,Catering,/catering-dubai,Commercial landing page,Secondary,best shawarma station dubai,,keyword-map-md
/shawarma-station-dubai,True,Catering,/catering-dubai,Commercial landing page,Secondary,cheap shawarma station catering dubai,,seo-pages-json
/shawarma-station-dubai,True,Catering,/catering-dubai,Commercial landing page,Secondary,shawarma catering dubai,,keyword-map-md|seo-pages-json
/shawarma-station-dubai,True,Catering,/catering-dubai,Commercial landing page,Secondary,shawarma live station,,seo-pages-json
/shawarma-station-dubai,True,Catering,/catering-dubai,Commercial landing page,Secondary,shawarma station catering dubai menu,,seo-pages-json
/shawarma-station-dubai,True,Catering,/catering-dubai,Commercial landing page,Secondary,shawarma station catering dubai price,,seo-pages-json
/shawarma-station-dubai,True,Catering,/catering-dubai,Commercial landing page,Secondary,shawarma station catering dubai price list,,seo-pages-json
/shawarma-station-dubai,True,Catering,/catering-dubai,Commercial landing page,Secondary,shawarma station dubai price,,keyword-map-md
/shawarma-station-dubai,True,Catering,/catering-dubai,Commercial landing page,Secondary,shawarma station menu dubai,,keyword-map-md
/shawarma-station-dubai,True,Catering,/catering-dubai,Commercial landing page,Secondary,shawarma station packages dubai,,keyword-map-md
/shawarma-station-dubai,True,Catering,/catering-dubai,Commercial landing page,Secondary,shawarma station price per person dubai,,keyword-map-md
/site-map,True,,,,Primary,site map dubai,,seo-pages-json
/site-map,True,,,,Secondary,area map dubai,,seo-pages-json
/site-map,True,,,,Secondary,dubai map location,,seo-pages-json
/site-map,True,,,,Secondary,dubai site map,,seo-pages-json
/site-map,True,,,,Secondary,free site map dubai,,seo-pages-json
/site-map,True,,,,Secondary,location map dubai,,seo-pages-json
/site-map,True,,,,Secondary,location map dubai app,,seo-pages-json
/staff-meals-catering-dubai,True,Corporate Catering,/corporate,Commercial landing page,Primary,staff meals catering dubai,,code-locks|keyword-map-md|seo-pages-json
/staff-meals-catering-dubai,True,Corporate Catering,/corporate,Commercial landing page,Secondary,staff meals dubai,Transactional / commercial,architecture-500
/staff-meals-catering-dubai,True,Corporate Catering,/corporate,Commercial landing page,Secondary,budget catering near me,,seo-pages-json
/staff-meals-catering-dubai,True,Corporate Catering,/corporate,Commercial landing page,Secondary,employee meal catering dubai,Transactional / commercial,architecture-500
/staff-meals-catering-dubai,True,Corporate Catering,/corporate,Commercial landing page,Secondary,halal staff meals catering dubai,,keyword-map-md
/staff-meals-catering-dubai,True,Corporate Catering,/corporate,Commercial landing page,Secondary,staff lunch catering dubai,,keyword-map-md
/staff-meals-catering-dubai,True,Corporate Catering,/corporate,Commercial landing page,Secondary,staff meal catering dubai,Transactional / commercial,architecture-500
/staff-meals-catering-dubai,True,Corporate Catering,/corporate,Commercial landing page,Secondary,staff meals catering dubai contact number,,seo-pages-json
/staff-meals-catering-dubai,True,Corporate Catering,/corporate,Commercial landing page,Secondary,staff meals catering dubai cost per person,,keyword-map-md
/staff-meals-catering-dubai,True,Corporate Catering,/corporate,Commercial landing page,Secondary,staff meals catering dubai price,,keyword-map-md
/staff-meals-catering-dubai,True,Corporate Catering,/corporate,Commercial landing page,Secondary,staff meals catering menu dubai,,keyword-map-md
/staff-meals-catering-dubai,True,Corporate Catering,/corporate,Commercial landing page,Secondary,staff meals catering packages dubai,,keyword-map-md
/staff-meals-catering-dubai,True,Corporate Catering,/corporate,Commercial landing page,Secondary,workforce catering dubai,Transactional / commercial,architecture-500
/sugar-free-catering-dubai,True,Cuisines and Dietary,/cuisines-dubai,Commercial landing page,Primary,sugar free catering dubai,Transactional / commercial,architecture-500|keyword-map-md|seo-pages-json
/sugar-free-catering-dubai,True,Cuisines and Dietary,/cuisines-dubai,Commercial landing page,Secondary,best sugar free catering dubai,,keyword-map-md|seo-pages-json
/sugar-free-catering-dubai,True,Cuisines and Dietary,/cuisines-dubai,Commercial landing page,Secondary,diabetic friendly catering dubai,,keyword-map-md
/sugar-free-catering-dubai,True,Cuisines and Dietary,/cuisines-dubai,Commercial landing page,Secondary,so free organic bakery menu,,seo-pages-json
/sugar-free-catering-dubai,True,Cuisines and Dietary,/cuisines-dubai,Commercial landing page,Secondary,sugar free catering dubai menu,,seo-pages-json
/sugar-free-catering-dubai,True,Cuisines and Dietary,/cuisines-dubai,Commercial landing page,Secondary,sugar free catering dubai near me,,seo-pages-json
/sugar-free-catering-dubai,True,Cuisines and Dietary,/cuisines-dubai,Commercial landing page,Secondary,sugar free catering dubai price,,keyword-map-md|seo-pages-json
/sugar-free-catering-dubai,True,Cuisines and Dietary,/cuisines-dubai,Commercial landing page,Secondary,sugar free catering menu dubai,,keyword-map-md
/sugar-free-catering-dubai,True,Cuisines and Dietary,/cuisines-dubai,Commercial landing page,Secondary,sugar free desserts dubai,,keyword-map-md
/sugar-free-catering-dubai,True,Cuisines and Dietary,/cuisines-dubai,Commercial landing page,Secondary,sugar free restaurant dubai,,seo-pages-json
/suhoor-catering-dubai,True,Seasonal and Occasions,/catering-dubai,Commercial landing page,Primary,suhoor catering dubai,Transactional / commercial,architecture-500|keyword-map-md|seo-pages-json
/suhoor-catering-dubai,True,Seasonal and Occasions,/catering-dubai,Commercial landing page,Secondary,best suhoor catering dubai,,keyword-map-md
/suhoor-catering-dubai,True,Seasonal and Occasions,/catering-dubai,Commercial landing page,Secondary,best suhoor restaurant in dubai,,seo-pages-json
/suhoor-catering-dubai,True,Seasonal and Occasions,/catering-dubai,Commercial landing page,Secondary,iftar catering dubai,,seo-pages-json
/suhoor-catering-dubai,True,Seasonal and Occasions,/catering-dubai,Commercial landing page,Secondary,iftar home catering,,seo-pages-json
/suhoor-catering-dubai,True,Seasonal and Occasions,/catering-dubai,Commercial landing page,Secondary,ramadan catering services,,seo-pages-json
/suhoor-catering-dubai,True,Seasonal and Occasions,/catering-dubai,Commercial landing page,Secondary,suhoor buffet dubai,Transactional / commercial,architecture-500
/suhoor-catering-dubai,True,Seasonal and Occasions,/catering-dubai,Commercial landing page,Secondary,suhoor catering cost per person dubai,,keyword-map-md
/suhoor-catering-dubai,True,Seasonal and Occasions,/catering-dubai,Commercial landing page,Secondary,suhoor catering dubai menu,,seo-pages-json
/suhoor-catering-dubai,True,Seasonal and Occasions,/catering-dubai,Commercial landing page,Secondary,suhoor catering dubai price,,keyword-map-md|seo-pages-json
/suhoor-catering-dubai,True,Seasonal and Occasions,/catering-dubai,Commercial landing page,Secondary,suhoor catering dubai price list,,seo-pages-json
/suhoor-catering-dubai,True,Seasonal and Occasions,/catering-dubai,Commercial landing page,Secondary,suhoor catering menu dubai,,keyword-map-md
/suhoor-catering-dubai,True,Seasonal and Occasions,/catering-dubai,Commercial landing page,Secondary,suhoor catering packages dubai,,keyword-map-md
/suhoor-catering-dubai,True,Seasonal and Occasions,/catering-dubai,Commercial landing page,Secondary,suhoor restaurant dubai,,seo-pages-json
/suhoor-catering-dubai,True,Seasonal and Occasions,/catering-dubai,Commercial landing page,Secondary,what is included in a suhoor buffet?,,seo-pages-json
/suhoor-catering-dubai,True,Seasonal and Occasions,/catering-dubai,Commercial landing page,Secondary,what to eat in suhoor,,seo-pages-json
/suhoor-catering-dubai,True,Seasonal and Occasions,/catering-dubai,Commercial landing page,Secondary,what's the best food to eat for suhoor?,,seo-pages-json
/suhoor-catering-dubai,True,Seasonal and Occasions,/catering-dubai,Commercial landing page,Secondary,where to go for suhoor?,,seo-pages-json
/sushi-catering-dubai,True,Cuisines and Dietary,/cuisines-dubai,Commercial landing page,Primary,sushi catering dubai,Transactional / commercial,architecture-500|keyword-map-md|seo-pages-json
/sushi-catering-dubai,True,Cuisines and Dietary,/cuisines-dubai,Commercial landing page,Secondary,best sushi catering dubai,,keyword-map-md
/sushi-catering-dubai,True,Cuisines and Dietary,/cuisines-dubai,Commercial landing page,Secondary,halal sushi catering dubai,,keyword-map-md
/sushi-catering-dubai,True,Cuisines and Dietary,/cuisines-dubai,Commercial landing page,Secondary,how much does catering cost in dubai?,,seo-pages-json
/sushi-catering-dubai,True,Cuisines and Dietary,/cuisines-dubai,Commercial landing page,Secondary,how much sushi for 100 people?,,seo-pages-json
/sushi-catering-dubai,True,Cuisines and Dietary,/cuisines-dubai,Commercial landing page,Secondary,japanese catering dubai,Transactional / commercial,architecture-500|keyword-map-md
/sushi-catering-dubai,True,Cuisines and Dietary,/cuisines-dubai,Commercial landing page,Secondary,sushi caterer dubai,Transactional / commercial,architecture-500
/sushi-catering-dubai,True,Cuisines and Dietary,/cuisines-dubai,Commercial landing page,Secondary,sushi catering cost per person dubai,,keyword-map-md
/sushi-catering-dubai,True,Cuisines and Dietary,/cuisines-dubai,Commercial landing page,Secondary,sushi catering dubai price,,keyword-map-md
/sushi-catering-dubai,True,Cuisines and Dietary,/cuisines-dubai,Commercial landing page,Secondary,sushi catering menu dubai,,keyword-map-md
/sushi-catering-dubai,True,Cuisines and Dietary,/cuisines-dubai,Commercial landing page,Secondary,sushi catering packages dubai,,keyword-map-md
/sushi-catering-dubai,True,Cuisines and Dietary,/cuisines-dubai,Commercial landing page,Secondary,sushi chef at home dubai,,keyword-map-md
/sushi-catering-dubai,True,Cuisines and Dietary,/cuisines-dubai,Commercial landing page,Secondary,sushi dubai delivery,,seo-pages-json
/sushi-catering-dubai,True,Cuisines and Dietary,/cuisines-dubai,Commercial landing page,Secondary,sushi dubai marina,,seo-pages-json
/sushi-catering-dubai,True,Cuisines and Dietary,/cuisines-dubai,Commercial landing page,Secondary,sushi platter dubai,,seo-pages-json
/sushi-catering-dubai,True,Cuisines and Dietary,/cuisines-dubai,Commercial landing page,Secondary,sushi restaurant bur dubai,,seo-pages-json
/sushi-catering-dubai,True,Cuisines and Dietary,/cuisines-dubai,Commercial landing page,Secondary,sushi restaurant dubai,,seo-pages-json
/sushi-catering-dubai,True,Cuisines and Dietary,/cuisines-dubai,Commercial landing page,Secondary,sushi restaurant dubai deira,,seo-pages-json
/sushi-catering-dubai,True,Cuisines and Dietary,/cuisines-dubai,Commercial landing page,Secondary,sushi restaurant dubai hills,,seo-pages-json
/sushi-catering-dubai,True,Cuisines and Dietary,/cuisines-dubai,Commercial landing page,Secondary,sushi restaurant dubai hills mall,,seo-pages-json
/sushi-catering-dubai,True,Cuisines and Dietary,/cuisines-dubai,Commercial landing page,Secondary,sushi restaurant dubai mall,,seo-pages-json
/sushi-catering-dubai,True,Cuisines and Dietary,/cuisines-dubai,Commercial landing page,Secondary,top sushi restaurant dubai,,seo-pages-json
/sushi-catering-dubai,True,Cuisines and Dietary,/cuisines-dubai,Commercial landing page,Secondary,what sushi is best for catering?,,seo-pages-json
/tasting-menu-dubai,True,Dining Experiences,/luxury-dining-experiences,Commercial landing page,Primary,private chef tasting menu dubai,,keyword-map-md
/tasting-menu-dubai,True,Dining Experiences,/luxury-dining-experiences,Commercial landing page,Secondary,tasting menu catering dubai,,seo-pages-json
/tasting-menu-dubai,True,Dining Experiences,/luxury-dining-experiences,Commercial landing page,Secondary,tasting menu dubai,Transactional / commercial,architecture-500
/tasting-menu-dubai,True,Dining Experiences,/luxury-dining-experiences,Commercial landing page,Secondary,buffet catering dubai,,seo-pages-json
/tasting-menu-dubai,True,Dining Experiences,/luxury-dining-experiences,Commercial landing page,Secondary,chef tasting menu dubai,Transactional / commercial,architecture-500
/tasting-menu-dubai,True,Dining Experiences,/luxury-dining-experiences,Commercial landing page,Secondary,degustation menu dubai private,Transactional / commercial,architecture-500
/tasting-menu-dubai,True,Dining Experiences,/luxury-dining-experiences,Commercial landing page,Secondary,finger food catering dubai,,seo-pages-json
/tasting-menu-dubai,True,Dining Experiences,/luxury-dining-experiences,Commercial landing page,Secondary,halal tasting menu dubai,,keyword-map-md
/tasting-menu-dubai,True,Dining Experiences,/luxury-dining-experiences,Commercial landing page,Secondary,home catering dubai,,seo-pages-json
/tasting-menu-dubai,True,Dining Experiences,/luxury-dining-experiences,Commercial landing page,Secondary,how much does catering cost in dubai?,,seo-pages-json
/tasting-menu-dubai,True,Dining Experiences,/luxury-dining-experiences,Commercial landing page,Secondary,how much will it cost to feed 40 guests?,,seo-pages-json
/tasting-menu-dubai,True,Dining Experiences,/luxury-dining-experiences,Commercial landing page,Secondary,outdoor catering dubai,,seo-pages-json
/tasting-menu-dubai,True,Dining Experiences,/luxury-dining-experiences,Commercial landing page,Secondary,private chef set menu dubai,,keyword-map-md
/tasting-menu-dubai,True,Dining Experiences,/luxury-dining-experiences,Commercial landing page,Secondary,private chef tasting menu price per person dubai,,keyword-map-md
/tasting-menu-dubai,True,Dining Experiences,/luxury-dining-experiences,Commercial landing page,Secondary,private tasting menu dubai,Transactional / commercial,architecture-500
/tasting-menu-dubai,True,Dining Experiences,/luxury-dining-experiences,Commercial landing page,Secondary,small party catering dubai,,seo-pages-json
/tasting-menu-dubai,True,Dining Experiences,/luxury-dining-experiences,Commercial landing page,Secondary,tasting menu at home dubai,,keyword-map-md
/tasting-menu-dubai,True,Dining Experiences,/luxury-dining-experiences,Commercial landing page,Secondary,tasting menu catering dubai pdf,,seo-pages-json
/tasting-menu-dubai,True,Dining Experiences,/luxury-dining-experiences,Commercial landing page,Secondary,tasting menu catering dubai price,,seo-pages-json
/tasting-menu-dubai,True,Dining Experiences,/luxury-dining-experiences,Commercial landing page,Secondary,tasting menu courses,,seo-pages-json
/tasting-menu-dubai,True,Dining Experiences,/luxury-dining-experiences,Commercial landing page,Secondary,tasting menu dubai price,,keyword-map-md
/tasting-menu-dubai,True,Dining Experiences,/luxury-dining-experiences,Commercial landing page,Secondary,tasting menu how many courses,,seo-pages-json
/tasting-menu-dubai,True,Dining Experiences,/luxury-dining-experiences,Commercial landing page,Secondary,tasting menu packages dubai,,keyword-map-md
/tasting-menu-dubai,True,Dining Experiences,/luxury-dining-experiences,Commercial landing page,Secondary,tasting menu price,,seo-pages-json
/tasting-menu-dubai,True,Dining Experiences,/luxury-dining-experiences,Commercial landing page,Secondary,tasting menu restaurant dubai,,seo-pages-json
/tasting-menu-dubai,True,Dining Experiences,/luxury-dining-experiences,Commercial landing page,Secondary,tasting menus in dubai,,seo-pages-json
/tasting-menu-dubai,True,Dining Experiences,/luxury-dining-experiences,Commercial landing page,Secondary,what is the most expensive food in dubai?,,seo-pages-json
/tourist-villa-chef-dubai,True,Private Chef,/private-chef-dubai,Commercial landing page,Primary,holiday villa chef dubai,Transactional / commercial,architecture-500|keyword-map-md
/tourist-villa-chef-dubai,True,Private Chef,/private-chef-dubai,Commercial landing page,Secondary,private chef for villa dubai,Transactional / commercial,architecture-500
/tourist-villa-chef-dubai,True,Private Chef,/private-chef-dubai,Commercial landing page,Secondary,tourist villa chef catering dubai,,seo-pages-json
/tourist-villa-chef-dubai,True,Private Chef,/private-chef-dubai,Commercial landing page,Secondary,chef for holiday home dubai,Transactional / commercial,architecture-500|keyword-map-md
/tourist-villa-chef-dubai,True,Private Chef,/private-chef-dubai,Commercial landing page,Secondary,chef restaurant dubai,,seo-pages-json
/tourist-villa-chef-dubai,True,Private Chef,/private-chef-dubai,Commercial landing page,Secondary,full time private chef dubai,,seo-pages-json
/tourist-villa-chef-dubai,True,Private Chef,/private-chef-dubai,Commercial landing page,Secondary,live in chef dubai,,seo-pages-json
/tourist-villa-chef-dubai,True,Private Chef,/private-chef-dubai,Commercial landing page,Secondary,private chef airbnb dubai,,keyword-map-md
/tourist-villa-chef-dubai,True,Private Chef,/private-chef-dubai,Commercial landing page,Secondary,private chef for a week dubai,,keyword-map-md
/tourist-villa-chef-dubai,True,Private Chef,/private-chef-dubai,Commercial landing page,Secondary,private chef for tourists dubai,,keyword-map-md
/tourist-villa-chef-dubai,True,Private Chef,/private-chef-dubai,Commercial landing page,Secondary,private chef holiday villa dubai,,keyword-map-md
/tourist-villa-chef-dubai,True,Private Chef,/private-chef-dubai,Commercial landing page,Secondary,tourist villa chef catering dubai menu,,seo-pages-json
/tourist-villa-chef-dubai,True,Private Chef,/private-chef-dubai,Commercial landing page,Secondary,tourist villa chef catering dubai price,,seo-pages-json
/tourist-villa-chef-dubai,True,Private Chef,/private-chef-dubai,Commercial landing page,Secondary,villa chef dubai,Transactional / commercial,architecture-500
/trust-and-programs,True,,,,Primary,mychef trust and programs,,assigned-2026-08-25
/trust-and-programs,True,,,,Proposed,catering quality guarantee dubai,,assigned-2026-08-25
/trust-and-programs,True,,,,Proposed,mychef membership programmes,,assigned-2026-08-25
/trust-and-programs,True,,,,Proposed,private chef standards dubai,,assigned-2026-08-25
/uae-national-day-catering-dubai,True,Seasonal and Occasions,/catering-dubai,Commercial landing page,Primary,uae national day catering dubai,Transactional / commercial,architecture-500|keyword-map-md|seo-pages-json
/uae-national-day-catering-dubai,True,Seasonal and Occasions,/catering-dubai,Commercial landing page,Secondary,best uae national day catering dubai,,keyword-map-md
/uae-national-day-catering-dubai,True,Seasonal and Occasions,/catering-dubai,Commercial landing page,Secondary,national day catering dubai,Transactional / commercial,architecture-500|keyword-map-md
/uae-national-day-catering-dubai,True,Seasonal and Occasions,/catering-dubai,Commercial landing page,Secondary,uae national day catering cost per person dubai,,keyword-map-md
/uae-national-day-catering-dubai,True,Seasonal and Occasions,/catering-dubai,Commercial landing page,Secondary,uae national day catering dubai menu,,seo-pages-json
/uae-national-day-catering-dubai,True,Seasonal and Occasions,/catering-dubai,Commercial landing page,Secondary,uae national day catering dubai packages,,seo-pages-json
/uae-national-day-catering-dubai,True,Seasonal and Occasions,/catering-dubai,Commercial landing page,Secondary,uae national day catering dubai price,,keyword-map-md|seo-pages-json
/uae-national-day-catering-dubai,True,Seasonal and Occasions,/catering-dubai,Commercial landing page,Secondary,uae national day catering menu dubai,,keyword-map-md
/uae-national-day-catering-dubai,True,Seasonal and Occasions,/catering-dubai,Commercial landing page,Secondary,uae national day catering packages dubai,,keyword-map-md
/university-catering-dubai,True,,,,Primary,university catering dubai,,assigned-2026-08-25
/university-catering-dubai,True,,,,Proposed,campus catering dubai,,assigned-2026-08-25
/university-catering-dubai,True,,,,Proposed,student catering dubai,,assigned-2026-08-25
/university-catering-dubai,True,,,,Proposed,university event catering dubai,,assigned-2026-08-25
/valentines-day-catering-dubai,True,Seasonal and Occasions,/catering-dubai,Commercial landing page,Primary,valentines day catering dubai,Transactional / commercial,architecture-500|keyword-map-md|seo-pages-json
/valentines-day-catering-dubai,True,Seasonal and Occasions,/catering-dubai,Commercial landing page,Secondary,are restaurants more expensive on valentine's day?,,seo-pages-json
/valentines-day-catering-dubai,True,Seasonal and Occasions,/catering-dubai,Commercial landing page,Secondary,best valentines day catering dubai,,keyword-map-md
/valentines-day-catering-dubai,True,Seasonal and Occasions,/catering-dubai,Commercial landing page,Secondary,halal valentines day catering dubai,,keyword-map-md
/valentines-day-catering-dubai,True,Seasonal and Occasions,/catering-dubai,Commercial landing page,Secondary,private chef valentines dinner dubai,,keyword-map-md
/valentines-day-catering-dubai,True,Seasonal and Occasions,/catering-dubai,Commercial landing page,Secondary,valentine day restaurant offer,,seo-pages-json
/valentines-day-catering-dubai,True,Seasonal and Occasions,/catering-dubai,Commercial landing page,Secondary,valentine's day dubai,,seo-pages-json
/valentines-day-catering-dubai,True,Seasonal and Occasions,/catering-dubai,Commercial landing page,Secondary,valentine's day dubai 2026,,seo-pages-json
/valentines-day-catering-dubai,True,Seasonal and Occasions,/catering-dubai,Commercial landing page,Secondary,valentine's day restaurant ideas,,seo-pages-json
/valentines-day-catering-dubai,True,Seasonal and Occasions,/catering-dubai,Commercial landing page,Secondary,valentine's day special dinner,,seo-pages-json
/valentines-day-catering-dubai,True,Seasonal and Occasions,/catering-dubai,Commercial landing page,Secondary,valentines day catering dubai price,,keyword-map-md
/valentines-day-catering-dubai,True,Seasonal and Occasions,/catering-dubai,Commercial landing page,Secondary,valentines day catering menu dubai,,keyword-map-md
/valentines-day-catering-dubai,True,Seasonal and Occasions,/catering-dubai,Commercial landing page,Secondary,valentines day catering packages dubai,,keyword-map-md
/valentines-day-catering-dubai,True,Seasonal and Occasions,/catering-dubai,Commercial landing page,Secondary,valentines day dinner at home dubai,,keyword-map-md
/valentines-day-catering-dubai,True,Seasonal and Occasions,/catering-dubai,Commercial landing page,Secondary,valentines day restaurant dubai,,seo-pages-json
/valentines-day-catering-dubai,True,Seasonal and Occasions,/catering-dubai,Commercial landing page,Secondary,valentines dinner catering dubai,Transactional / commercial,architecture-500
/valentines-day-catering-dubai,True,Seasonal and Occasions,/catering-dubai,Commercial landing page,Secondary,valentines dinner dubai 2026,,seo-pages-json
/valentines-day-catering-dubai,True,Seasonal and Occasions,/catering-dubai,Commercial landing page,Secondary,valentines dinner for two dubai,,keyword-map-md
/valentines-day-catering-dubai,True,Seasonal and Occasions,/catering-dubai,Commercial landing page,Secondary,what are some valentine's day food ideas for a party?,,seo-pages-json
/valentines-day-catering-dubai,True,Seasonal and Occasions,/catering-dubai,Commercial landing page,Secondary,where to go for valentine's day in dubai?,,seo-pages-json
/valentines-day-catering-dubai,True,Seasonal and Occasions,/catering-dubai,Commercial landing page,Secondary,who pays for dinner on valentine's day?,,seo-pages-json
/vegan-catering-dubai,True,Cuisines and Dietary,/cuisines-dubai,Commercial landing page,Primary,vegan catering dubai,Transactional / commercial,architecture-500|keyword-map-md|seo-pages-json
/vegan-catering-dubai,True,Cuisines and Dietary,/cuisines-dubai,Commercial landing page,Secondary,best vegan catering dubai,,keyword-map-md|seo-pages-json
/vegan-catering-dubai,True,Cuisines and Dietary,/cuisines-dubai,Commercial landing page,Secondary,is dubai vegan friendly,,seo-pages-json
/vegan-catering-dubai,True,Cuisines and Dietary,/cuisines-dubai,Commercial landing page,Secondary,plant based catering dubai,,keyword-map-md
/vegan-catering-dubai,True,Cuisines and Dietary,/cuisines-dubai,Commercial landing page,Secondary,vegan cafe dubai,,seo-pages-json
/vegan-catering-dubai,True,Cuisines and Dietary,/cuisines-dubai,Commercial landing page,Secondary,vegan cakes in dubai,,seo-pages-json
/vegan-catering-dubai,True,Cuisines and Dietary,/cuisines-dubai,Commercial landing page,Secondary,vegan caterers dubai,Transactional / commercial,architecture-500|keyword-map-md
/vegan-catering-dubai,True,Cuisines and Dietary,/cuisines-dubai,Commercial landing page,Secondary,vegan catering cost per person dubai,,keyword-map-md
/vegan-catering-dubai,True,Cuisines and Dietary,/cuisines-dubai,Commercial landing page,Secondary,vegan catering dubai near me,,seo-pages-json
/vegan-catering-dubai,True,Cuisines and Dietary,/cuisines-dubai,Commercial landing page,Secondary,vegan catering dubai price,,keyword-map-md|seo-pages-json
/vegan-catering-dubai,True,Cuisines and Dietary,/cuisines-dubai,Commercial landing page,Secondary,vegan catering menu dubai,,keyword-map-md
/vegan-catering-dubai,True,Cuisines and Dietary,/cuisines-dubai,Commercial landing page,Secondary,vegan catering packages dubai,,keyword-map-md
/vegan-catering-dubai,True,Cuisines and Dietary,/cuisines-dubai,Commercial landing page,Secondary,vegan christmas dinner dubai,,seo-pages-json
/vegan-catering-dubai,True,Cuisines and Dietary,/cuisines-dubai,Commercial landing page,Secondary,vegan croissant dubai,,seo-pages-json
/vegan-catering-dubai,True,Cuisines and Dietary,/cuisines-dubai,Commercial landing page,Secondary,vegan dessert places dubai,,seo-pages-json
/vegan-catering-dubai,True,Cuisines and Dietary,/cuisines-dubai,Commercial landing page,Secondary,vegan food catering dubai,Transactional / commercial,architecture-500
/vegan-catering-dubai,True,Cuisines and Dietary,/cuisines-dubai,Commercial landing page,Secondary,vegan private chef dubai,,keyword-map-md
/vegetarian-catering-dubai,True,Cuisines and Dietary,/cuisines-dubai,Commercial landing page,Primary,vegetarian catering dubai,Transactional / commercial,architecture-500|keyword-map-md|seo-pages-json
/vegetarian-catering-dubai,True,Cuisines and Dietary,/cuisines-dubai,Commercial landing page,Secondary,affordable catering services in dubai,,seo-pages-json
/vegetarian-catering-dubai,True,Cuisines and Dietary,/cuisines-dubai,Commercial landing page,Secondary,best vegetarian catering dubai,,keyword-map-md
/vegetarian-catering-dubai,True,Cuisines and Dietary,/cuisines-dubai,Commercial landing page,Secondary,best vegetarian food dubai,,seo-pages-json
/vegetarian-catering-dubai,True,Cuisines and Dietary,/cuisines-dubai,Commercial landing page,Secondary,best vegetarian food dubai mall,,seo-pages-json
/vegetarian-catering-dubai,True,Cuisines and Dietary,/cuisines-dubai,Commercial landing page,Secondary,chaat catering dubai,,seo-pages-json
/vegetarian-catering-dubai,True,Cuisines and Dietary,/cuisines-dubai,Commercial landing page,Secondary,indian catering services dubai,,seo-pages-json
/vegetarian-catering-dubai,True,Cuisines and Dietary,/cuisines-dubai,Commercial landing page,Secondary,is vegetarian food available in dubai,,seo-pages-json
/vegetarian-catering-dubai,True,Cuisines and Dietary,/cuisines-dubai,Commercial landing page,Secondary,pure veg catering dubai,,keyword-map-md
/vegetarian-catering-dubai,True,Cuisines and Dietary,/cuisines-dubai,Commercial landing page,Secondary,small party catering dubai,,seo-pages-json
/vegetarian-catering-dubai,True,Cuisines and Dietary,/cuisines-dubai,Commercial landing page,Secondary,small party catering dubai indian,,seo-pages-json
/vegetarian-catering-dubai,True,Cuisines and Dietary,/cuisines-dubai,Commercial landing page,Secondary,veg catering dubai,,keyword-map-md|seo-pages-json
/vegetarian-catering-dubai,True,Cuisines and Dietary,/cuisines-dubai,Commercial landing page,Secondary,vegan catering dubai,,seo-pages-json
/vegetarian-catering-dubai,True,Cuisines and Dietary,/cuisines-dubai,Commercial landing page,Secondary,vegetarian buffet catering dubai,,keyword-map-md
/vegetarian-catering-dubai,True,Cuisines and Dietary,/cuisines-dubai,Commercial landing page,Secondary,vegetarian catering cost per person dubai,,keyword-map-md
/vegetarian-catering-dubai,True,Cuisines and Dietary,/cuisines-dubai,Commercial landing page,Secondary,vegetarian catering dubai price,,keyword-map-md
/vegetarian-catering-dubai,True,Cuisines and Dietary,/cuisines-dubai,Commercial landing page,Secondary,vegetarian catering menu dubai,,keyword-map-md
/vegetarian-catering-dubai,True,Cuisines and Dietary,/cuisines-dubai,Commercial landing page,Secondary,vegetarian catering packages dubai,,keyword-map-md
/vegetarian-catering-dubai,True,Cuisines and Dietary,/cuisines-dubai,Commercial landing page,Secondary,vegetarian food at dubai mall,,seo-pages-json
/vegetarian-catering-dubai,True,Cuisines and Dietary,/cuisines-dubai,Commercial landing page,Secondary,vegetarian food catering dubai,Transactional / commercial,architecture-500
/vegetarian-catering-dubai,True,Cuisines and Dietary,/cuisines-dubai,Commercial landing page,Secondary,vegetarian food dubai,,seo-pages-json
/vegetarian-catering-dubai,True,Cuisines and Dietary,/cuisines-dubai,Commercial landing page,Secondary,vegetarian food dubai mall,,seo-pages-json
/vegetarian-catering-dubai,True,Cuisines and Dietary,/cuisines-dubai,Commercial landing page,Secondary,vegetarian meals dubai,,seo-pages-json
/vegetarian-catering-dubai,True,Cuisines and Dietary,/cuisines-dubai,Commercial landing page,Secondary,vegetarian restaurants in dubai,,seo-pages-json
/venue-partners,True,,,,Primary,preferred caterer dubai,,keyword-map-md
/venue-partners,True,,,,Secondary,approved caterer list dubai,,keyword-map-md
/venue-partners,True,,,,Secondary,venue catering partnership dubai,,keyword-map-md
/venue-partners,True,,,,Secondary,venues that allow outside catering dubai,,keyword-map-md
/villa-catering-ideas-dubai,True,Blog and Guides,/guides,Commercial landing page,Primary,villa catering ideas dubai,Informational / commercial research,architecture-500|keyword-map-md|seo-pages-json
/villa-catering-ideas-dubai,True,Blog and Guides,/guides,Commercial landing page,Secondary,buffet catering dubai,,seo-pages-json
/villa-catering-ideas-dubai,True,Blog and Guides,/guides,Commercial landing page,Secondary,catering services dubai,,seo-pages-json
/villa-catering-ideas-dubai,True,Blog and Guides,/guides,Commercial landing page,Secondary,cheap villa catering ideas dubai,,seo-pages-json
/villa-catering-ideas-dubai,True,Blog and Guides,/guides,Commercial landing page,Secondary,home entertaining ideas dubai,,keyword-map-md
/villa-catering-ideas-dubai,True,Blog and Guides,/guides,Commercial landing page,Secondary,outdoor villa catering ideas dubai,,seo-pages-json
/villa-catering-ideas-dubai,True,Blog and Guides,/guides,Commercial landing page,Secondary,small party catering dubai,,seo-pages-json
/villa-catering-ideas-dubai,True,Blog and Guides,/guides,Commercial landing page,Secondary,small party catering dubai indian,,seo-pages-json
/villa-catering-ideas-dubai,True,Blog and Guides,/guides,Commercial landing page,Secondary,small villa catering ideas dubai,,seo-pages-json
/villa-catering-ideas-dubai,True,Blog and Guides,/guides,Commercial landing page,Secondary,villa dinner party ideas dubai,,keyword-map-md
/villa-catering-ideas-dubai,True,Blog and Guides,/guides,Commercial landing page,Secondary,villa party food ideas dubai,,keyword-map-md
/villas-private-residences,True,Private Events,/events,Commercial landing page,Secondary,villa catering dubai,Transactional / commercial,architecture-500|keyword-map-md|seo-pages-json
/villas-private-residences,True,Private Events,/events,Commercial landing page,Primary,villa chef dubai,,keyword-map-md
/villas-private-residences,True,Private Events,/events,Commercial landing page,Secondary,private chef villa dubai,,keyword-map-md
/villas-private-residences,True,Private Events,/events,Commercial landing page,Secondary,villa catering dubai menu,,seo-pages-json
/villas-private-residences,True,Private Events,/events,Commercial landing page,Secondary,villa catering dubai price,,seo-pages-json
/villas-private-residences,True,Private Events,/events,Commercial landing page,Secondary,villa catering dubai reviews,,seo-pages-json
/villas-private-residences,True,Private Events,/events,Commercial landing page,Secondary,villa dinner party dubai,,keyword-map-md
/villas-private-residences,True,Private Events,/events,Commercial landing page,Secondary,villa party catering dubai,Transactional / commercial,architecture-500
/villas-private-residences,True,Private Events,/events,Commercial landing page,Secondary,villa price in dubai,,seo-pages-json
/villas-private-residences,True,Private Events,/events,Commercial landing page,Secondary,villa restaurant dubai,,seo-pages-json
/vip-club,True,,,,Primary,mychef vip club,,keyword-map-md
/vip-club,True,,,,Secondary,vip club catering dubai,,seo-pages-json
/vip-club,True,,,,Secondary,exclusive dining club dubai,,keyword-map-md
/vip-club,True,,,,Secondary,vip dining club dubai,,keyword-map-md
/wedding-catering-checklist-dubai,True,Blog and Guides,/guides,Commercial landing page,Primary,wedding catering checklist dubai,Informational / commercial research,architecture-500|keyword-map-md
/wedding-catering-checklist-dubai,True,Blog and Guides,/guides,Commercial landing page,Secondary,how much food for a wedding dubai,,keyword-map-md
/wedding-catering-checklist-dubai,True,Blog and Guides,/guides,Commercial landing page,Secondary,how to plan wedding catering dubai,,keyword-map-md
/wedding-catering-checklist-dubai,True,Blog and Guides,/guides,Commercial landing page,Secondary,wedding catering questions to ask,,keyword-map-md
/wedding-catering-checklist-dubai,True,Blog and Guides,/guides,Commercial landing page,Secondary,wedding catering timeline dubai,,keyword-map-md
/wedding-catering-dubai,True,Packages,/catering-packages-dubai,Commercial landing page,Primary,wedding catering dubai,Transactional / commercial,architecture-500|keyword-map-md|seo-pages-json
/wedding-catering-dubai,True,Packages,/catering-packages-dubai,Commercial landing page,Secondary,affordable wedding catering dubai,,seo-pages-json
/wedding-catering-dubai,True,Packages,/catering-packages-dubai,Commercial landing page,Secondary,best wedding catering dubai,,seo-pages-json
/wedding-catering-dubai,True,Packages,/catering-packages-dubai,Commercial landing page,Secondary,buffet catering dubai,,seo-pages-json
/wedding-catering-dubai,True,Packages,/catering-packages-dubai,Commercial landing page,Secondary,catering cost for 200 person wedding,,seo-pages-json
/wedding-catering-dubai,True,Packages,/catering-packages-dubai,Commercial landing page,Secondary,halal wedding catering prices,,seo-pages-json
/wedding-catering-dubai,True,Packages,/catering-packages-dubai,Commercial landing page,Secondary,how much does wedding catering cost uk,,seo-pages-json
/wedding-catering-dubai,True,Packages,/catering-packages-dubai,Commercial landing page,Secondary,inexpensive wedding catering dubai,,seo-pages-json
/wedding-catering-dubai,True,Packages,/catering-packages-dubai,Commercial landing page,Secondary,lebanese catering dubai,,seo-pages-json
/wedding-catering-dubai,True,Packages,/catering-packages-dubai,Commercial landing page,Secondary,nikah catering dubai,,keyword-map-md
/wedding-catering-dubai,True,Packages,/catering-packages-dubai,Commercial landing page,Secondary,private catering dubai,,seo-pages-json
/wedding-catering-dubai,True,Packages,/catering-packages-dubai,Commercial landing page,Secondary,small party catering dubai,,seo-pages-json
/wedding-catering-dubai,True,Packages,/catering-packages-dubai,Commercial landing page,Secondary,small wedding catering dubai,,keyword-map-md
/wedding-catering-dubai,True,Packages,/catering-packages-dubai,Commercial landing page,Secondary,wedding buffet catering dubai,,keyword-map-md
/wedding-catering-dubai,True,Packages,/catering-packages-dubai,Commercial landing page,Secondary,wedding caterers dubai,Transactional / commercial,architecture-500|keyword-map-md
/wedding-catering-dubai,True,Packages,/catering-packages-dubai,Commercial landing page,Secondary,wedding catering dubai packages,,seo-pages-json
/wedding-catering-dubai,True,Packages,/catering-packages-dubai,Commercial landing page,Secondary,wedding catering packages dubai,Transactional / commercial,architecture-500|keyword-map-md
/wedding-catering-dubai,True,Packages,/catering-packages-dubai,Commercial landing page,Secondary,wedding catering price per person dubai,,keyword-map-md
/wedding-catering-dubai,True,Packages,/catering-packages-dubai,Commercial landing page,Secondary,wedding catering services in dubai,,seo-pages-json
/wedding-catering-dubai,True,Packages,/catering-packages-dubai,Commercial landing page,Secondary,wedding food catering dubai,Transactional / commercial,architecture-500
/wedding-catering-dubai,True,Packages,/catering-packages-dubai,Commercial landing page,Secondary,wedding food packages dubai,Transactional / commercial,architecture-500
/wedding-catering-dubai,True,Packages,/catering-packages-dubai,Commercial landing page,Secondary,wedding reception catering dubai,Transactional / commercial,architecture-500
/wedding-catering-menu-planning-dubai,True,Blog and Guides,/guides,Commercial landing page,Secondary,wedding catering menu planning dubai,Transactional / commercial,architecture-500
/wedding-catering-menu-planning-dubai,True,Blog and Guides,/guides,Commercial landing page,Primary,wedding menu planning dubai,,keyword-map-md|seo-pages-json
/wedding-catering-menu-planning-dubai,True,Blog and Guides,/guides,Commercial landing page,Secondary,how to plan a wedding menu dubai,,keyword-map-md
/wedding-catering-menu-planning-dubai,True,Blog and Guides,/guides,Commercial landing page,Secondary,wedding buffet menu ideas dubai,,keyword-map-md
/wedding-catering-menu-planning-dubai,True,Blog and Guides,/guides,Commercial landing page,Secondary,wedding food ideas dubai,,keyword-map-md
/wedding-catering-menu-planning-dubai,True,Blog and Guides,/guides,Commercial landing page,Secondary,wedding menu ideas dubai,,keyword-map-md
/wedding-catering-menu-planning-dubai,True,Blog and Guides,/guides,Commercial landing page,Secondary,wedding menu planning dubai checklist,,seo-pages-json
/wedding-catering-menu-planning-dubai,True,Blog and Guides,/guides,Commercial landing page,Secondary,wedding menu planning dubai cost,,seo-pages-json
/weekly-meal-prep-dubai,True,Private Chef,/private-chef-dubai,Commercial landing page,Secondary,meal prep dubai,,seo-pages-json
/weekly-meal-prep-dubai,True,Private Chef,/private-chef-dubai,Commercial landing page,Primary,weekly meal prep dubai,Transactional / commercial,architecture-500|keyword-map-md
/weekly-meal-prep-dubai,True,Private Chef,/private-chef-dubai,Commercial landing page,Secondary,batch cooking service dubai,,keyword-map-md
/weekly-meal-prep-dubai,True,Private Chef,/private-chef-dubai,Commercial landing page,Secondary,best meal plans dubai,,seo-pages-json
/weekly-meal-prep-dubai,True,Private Chef,/private-chef-dubai,Commercial landing page,Secondary,best meal prep companies dubai,,seo-pages-json
/weekly-meal-prep-dubai,True,Private Chef,/private-chef-dubai,Commercial landing page,Secondary,best meal prep delivery dubai,,seo-pages-json
/weekly-meal-prep-dubai,True,Private Chef,/private-chef-dubai,Commercial landing page,Secondary,best meal prep dubai,,seo-pages-json
/weekly-meal-prep-dubai,True,Private Chef,/private-chef-dubai,Commercial landing page,Secondary,best meal prep service dubai,,seo-pages-json
/weekly-meal-prep-dubai,True,Private Chef,/private-chef-dubai,Commercial landing page,Secondary,family meal prep dubai,,keyword-map-md
/weekly-meal-prep-dubai,True,Private Chef,/private-chef-dubai,Commercial landing page,Secondary,gluten free meal prep dubai,,seo-pages-json
/weekly-meal-prep-dubai,True,Private Chef,/private-chef-dubai,Commercial landing page,Secondary,healthy meal prep dubai,,seo-pages-json
/weekly-meal-prep-dubai,True,Private Chef,/private-chef-dubai,Commercial landing page,Secondary,home meal prep chef dubai,Transactional / commercial,architecture-500
/weekly-meal-prep-dubai,True,Private Chef,/private-chef-dubai,Commercial landing page,Secondary,how long can you meal prep rice,,seo-pages-json
/weekly-meal-prep-dubai,True,Private Chef,/private-chef-dubai,Commercial landing page,Secondary,meal delivery dubai,,seo-pages-json
/weekly-meal-prep-dubai,True,Private Chef,/private-chef-dubai,Commercial landing page,Secondary,meal plan dubai,,seo-pages-json
/weekly-meal-prep-dubai,True,Private Chef,/private-chef-dubai,Commercial landing page,Secondary,meal prep app dubai,,seo-pages-json
/weekly-meal-prep-dubai,True,Private Chef,/private-chef-dubai,Commercial landing page,Secondary,meal prep chef dubai,,keyword-map-md
/weekly-meal-prep-dubai,True,Private Chef,/private-chef-dubai,Commercial landing page,Secondary,meal prep companies dubai,,seo-pages-json
/weekly-meal-prep-dubai,True,Private Chef,/private-chef-dubai,Commercial landing page,Secondary,meal prep dubai delivery,,seo-pages-json
/weekly-meal-prep-dubai,True,Private Chef,/private-chef-dubai,Commercial landing page,Secondary,meal prep dubai for weight loss,,seo-pages-json
/weekly-meal-prep-dubai,True,Private Chef,/private-chef-dubai,Commercial landing page,Secondary,meal prep dubai gym,,seo-pages-json
/weekly-meal-prep-dubai,True,Private Chef,/private-chef-dubai,Commercial landing page,Secondary,meal prep dubai healthy,,seo-pages-json
/weekly-meal-prep-dubai,True,Private Chef,/private-chef-dubai,Commercial landing page,Secondary,meal prep dubai weekly,,seo-pages-json
/weekly-meal-prep-dubai,True,Private Chef,/private-chef-dubai,Commercial landing page,Secondary,meal prep in dubai,,seo-pages-json
/weekly-meal-prep-dubai,True,Private Chef,/private-chef-dubai,Commercial landing page,Secondary,meal prep service dubai,,keyword-map-md
/weekly-meal-prep-dubai,True,Private Chef,/private-chef-dubai,Commercial landing page,Secondary,personal chef meal prep dubai,,keyword-map-md
/weekly-meal-prep-dubai,True,Private Chef,/private-chef-dubai,Commercial landing page,Secondary,private chef meal prep dubai,Transactional / commercial,architecture-500|keyword-map-md
/wellness-meal-prep-dubai,True,Private Chef,/private-chef-dubai,Commercial landing page,Secondary,healthy meal prep chef dubai,Transactional / commercial,architecture-500
/wellness-meal-prep-dubai,True,Private Chef,/private-chef-dubai,Commercial landing page,Primary,healthy meal prep dubai,,keyword-map-md
/wellness-meal-prep-dubai,True,Private Chef,/private-chef-dubai,Commercial landing page,Secondary,wellness meal prep catering dubai,,seo-pages-json
/wellness-meal-prep-dubai,True,Private Chef,/private-chef-dubai,Commercial landing page,Secondary,healthy meal plan dubai,,keyword-map-md
/wellness-meal-prep-dubai,True,Private Chef,/private-chef-dubai,Commercial landing page,Secondary,healthy meal prep delivery dubai,,keyword-map-md
/wellness-meal-prep-dubai,True,Private Chef,/private-chef-dubai,Commercial landing page,Secondary,healthy meal prep dubai price,,keyword-map-md
/wellness-meal-prep-dubai,True,Private Chef,/private-chef-dubai,Commercial landing page,Secondary,healthy meal prep dubai price per meal,,keyword-map-md
/wellness-meal-prep-dubai,True,Private Chef,/private-chef-dubai,Commercial landing page,Secondary,weight loss meal plan dubai,,keyword-map-md
/wellness-meal-prep-dubai,True,Private Chef,/private-chef-dubai,Commercial landing page,Secondary,wellness meal prep catering dubai menu,,seo-pages-json
/wellness-meal-prep-dubai,True,Private Chef,/private-chef-dubai,Commercial landing page,Secondary,wellness meal prep catering dubai price,,seo-pages-json
/wellness-meal-prep-dubai,True,Private Chef,/private-chef-dubai,Commercial landing page,Secondary,wellness meal prep catering dubai reviews,,seo-pages-json
/wellness-meal-prep-dubai,True,Private Chef,/private-chef-dubai,Commercial landing page,Secondary,wellness meal prep dubai,Transactional / commercial,architecture-500
/yacht-catering-checklist-dubai,True,Blog and Guides,/guides,Commercial landing page,Primary,yacht catering checklist dubai,Informational / commercial research,architecture-500|keyword-map-md
/yacht-catering-checklist-dubai,True,Blog and Guides,/guides,Commercial landing page,Secondary,how much food for a yacht party dubai,,keyword-map-md
/yacht-catering-checklist-dubai,True,Blog and Guides,/guides,Commercial landing page,Secondary,how to plan yacht catering dubai,,keyword-map-md
/yacht-catering-checklist-dubai,True,Blog and Guides,/guides,Commercial landing page,Secondary,what to ask a yacht caterer dubai,,keyword-map-md
/yacht-catering-guide-dubai,True,Blog and Guides,/guides,Blog / Guide / Tool,Primary,yacht catering guide dubai,Informational / commercial research,architecture-500|keyword-map-md|seo-pages-json
/yacht-catering-guide-dubai,True,Blog and Guides,/guides,Blog / Guide / Tool,Secondary,best yacht catering guide dubai,,seo-pages-json
/yacht-catering-guide-dubai,True,Blog and Guides,/guides,Blog / Guide / Tool,Secondary,catering for yacht party,,seo-pages-json
/yacht-catering-guide-dubai,True,Blog and Guides,/guides,Blog / Guide / Tool,Secondary,do yachts allow outside catering dubai,,keyword-map-md
/yacht-catering-guide-dubai,True,Blog and Guides,/guides,Blog / Guide / Tool,Secondary,how yacht catering works dubai,,keyword-map-md
/yacht-catering-guide-dubai,True,Blog and Guides,/guides,Blog / Guide / Tool,Secondary,small yacht catering guide dubai,,seo-pages-json
/yacht-catering-guide-dubai,True,Blog and Guides,/guides,Blog / Guide / Tool,Secondary,what to serve on a yacht dubai,,keyword-map-md
/yacht-catering-guide-dubai,True,Blog and Guides,/guides,Blog / Guide / Tool,Secondary,yacht catering guide dubai price,,seo-pages-json
/yacht-catering-guide-dubai,True,Blog and Guides,/guides,Blog / Guide / Tool,Secondary,yacht catering menu,,seo-pages-json
/yachts,True,Locations,/catering-dubai,Commercial landing page,Primary,yacht catering dubai,Transactional / commercial,architecture-500|keyword-map-md|seo-pages-json
/yachts,True,Locations,/catering-dubai,Commercial landing page,Secondary,best yacht catering dubai,,seo-pages-json
/yachts,True,Locations,/catering-dubai,Commercial landing page,Secondary,boat catering dubai,,keyword-map-md|seo-pages-json
/yachts,True,Locations,/catering-dubai,Commercial landing page,Secondary,catering for yacht party,,seo-pages-json
/yachts,True,Locations,/catering-dubai,Commercial landing page,Secondary,cheap yacht catering dubai,,seo-pages-json
/yachts,True,Locations,/catering-dubai,Commercial landing page,Secondary,chef for yacht charter dubai,,keyword-map-md
/yachts,True,Locations,/catering-dubai,Commercial landing page,Secondary,private catering dubai,,seo-pages-json
/yachts,True,Locations,/catering-dubai,Commercial landing page,Secondary,private chef yacht dubai,,keyword-map-md
/yachts,True,Locations,/catering-dubai,Commercial landing page,Secondary,small yacht catering dubai,,seo-pages-json
/yachts,True,Locations,/catering-dubai,Commercial landing page,Secondary,yacht catering dubai price,,seo-pages-json
/yachts,True,Locations,/catering-dubai,Commercial landing page,Secondary,yacht catering menu,,seo-pages-json
/yachts,True,Locations,/catering-dubai,Commercial landing page,Secondary,yacht catering package dubai,Transactional / commercial,architecture-500
/yachts,True,Locations,/catering-dubai,Commercial landing page,Secondary,yacht catering packages dubai,,keyword-map-md
/yachts,True,Locations,/catering-dubai,Commercial landing page,Secondary,yacht chef dubai,,keyword-map-md
/yachts,True,Locations,/catering-dubai,Commercial landing page,Secondary,yacht cost in dubai,,seo-pages-json
/yachts,True,Locations,/catering-dubai,Commercial landing page,Secondary,yacht party catering dubai,Transactional / commercial,architecture-500|keyword-map-md|seo-pages-json
/yachts,True,Locations,/catering-dubai,Commercial landing page,Secondary,yacht party dubai price,,seo-pages-json
/yachts,True,Locations,/catering-dubai,Commercial landing page,Secondary,yacht restaurant dubai,,seo-pages-json
/yachts,True,Locations,/catering-dubai,Commercial landing page,Long-tail,new year yacht catering dubai,Transactional / commercial,architecture-500
/yachts,True,Locations,/catering-dubai,Commercial landing page,Long-tail,yacht catering dubai harbour,Transactional / commercial,architecture-500
