keyword,search_volume,intent,commercial_value,difficulty,current_position,target_position,primary_owning_url,role,secondary_supporting_urls,title_coverage,meta_coverage,h1_coverage,h2_coverage,body_coverage,faq_coverage,internal_anchor_coverage,cannibalisation_risk,competitor_gap,serp_similarity,optimization_score,next_action,silo,page_visitors,page_pageviews,page_conversions,page_seconds,page_bounce,page_sessions,behaviour_source,gsc_clicks,gsc_impressions,gsc_ctr,gsc_position,gsc_ranking_url,demand_share
catering in dubai,2400,commercial,10896.0,29,47,3,/asian-catering-dubai,sub,/afternoon-tea-catering-dubai /allergy-safe-catering-dubai /arabic-catering-dubai /baby-shower-catering-dubai /bbq-catering-dubai /best-catering-companies-dubai,False,False,False,False,6,True,none,medium — many bodies say it,,,7,"an inbound anchor from a same-silo page; Google ranks /catering-dubai for this, not the owner — move the keyword or the content",Cuisines and Dietary,1,1,0,,,0,,0,61,0,46.8,/catering-dubai,0.008
catering dubai,2400,commercial,10896.0,21,59,3,/catering-dubai,primary,/ /afternoon-tea-catering-dubai /allergy-safe-catering-dubai /arabic-catering-dubai /asian-catering-dubai /baby-shower-catering-dubai,True,True,True,True,7,True,exact,high — used in other pages' headings,"competitor #6, we not in top 30",1.0,10,"Google ranks /catering-packages-dubai for this, not the owner — move the keyword or the content; remove it from 6 other page(s)' headings",Catering,80,211,0,47.5,0,2,ga4,0,150,0,59.1,/catering-packages-dubai,0.021
catering service in dubai,2400,commercial,10896.0,8,44,3,/catering-dubai,sub,/allergy-safe-catering-dubai /blog/corporate-catering-full-service-vs-drop-off /blog/ramadan-iftar-catering-trends-2026 /blog/yacht-party-menu-ideas-dubai,False,False,False,False,0,False,partial,medium — SERP looks like another page,no tracked competitor in top 30,0.3,2,write one sentence that says it; cover it in a FAQ answer; an inbound anchor from a same-silo page; merge → /best-catering-companies-dubai,Catering,80,211,0,47.5,0,2,ga4,0,2,0,44.5,/catering-dubai,0.0
catering services dubai,2400,commercial,10896.0,8,47,3,/catering-dubai,sub,/best-catering-companies-dubai,False,False,False,False,0,False,partial,medium — SERP looks like another page,"competitor #6, we not in top 30",0.3,2,write one sentence that says it; cover it in a FAQ answer; an inbound anchor from a same-silo page,Catering,80,211,0,47.5,0,2,ga4,0,63,0,46.9,/catering-dubai,0.009
catering services in dubai,2400,commercial,10896.0,14,49,3,/catering-dubai,sub,/cuisines-dubai,False,True,False,False,1,False,partial,medium — SERP looks like another page,"competitor #5, we not in top 30",0.3,5,a second natural mention; cover it in a FAQ answer; an inbound anchor from a same-silo page,Catering,80,211,0,47.5,0,2,ga4,0,14,0,48.6,/catering-dubai,0.002
catering companies in dubai,1000,commercial,5070.0,25,52,3,/best-catering-companies-dubai,sub,/catering-dubai /how-to-choose-caterer-dubai,False,False,False,True,5,False,exact,low,no tracked competitor in top 30,0.5,4,remove it from the heading (subs live in sentences); cover it in a FAQ answer,Catering,0,0,0,,1.0,1,first-party,0,16,0,51.8,/catering-dubai,0.005
catering company dubai,1000,commercial,5070.0,22,55,3,/best-catering-companies-dubai,sub,/about,False,False,False,False,3,False,partial,low,"competitor #8, we not in top 30",0.5,6,"cover it in a FAQ answer; an inbound anchor from a same-silo page; Google ranks /catering-dubai for this, not the owner — move the keyword or the content",Catering,0,0,0,,1.0,1,first-party,0,48,0,55.3,/catering-dubai,0.016
catering company in dubai,1000,commercial,5070.0,22,56,3,/best-catering-companies-dubai,sub,/blog/corporate-event-catering-ideas-dubai /blog/vegan-catering-dubai-guide,False,False,False,False,2,False,partial,low,"competitor #4, we not in top 30",0.5,6,cover it in a FAQ answer; an inbound anchor from a same-silo page,Catering,0,0,0,,1.0,1,first-party,0,13,0,55.6,/catering-dubai,0.004
chef jobs dubai,720,transactional,460.8,0,,3,/become-a-mychef,sub,,True,True,True,True,2,True,partial,medium — SERP looks like another page,no tracked competitor in top 30,0.07,5,remove it from the heading (subs live in sentences); an inbound anchor from a same-silo page,Partners / Recruit,2,2,0,,,0,,,,,,,
chefs dubai,720,commercial,0,0,43,3,/our-chefs,sub,/,True,True,True,True,4,False,exact,medium — SERP looks like another page,"competitor #7, we not in top 30",0.1,5,remove it from the heading (subs live in sentences); cover it in a FAQ answer,Private Chef,11,14,1,58,0.444,9,first-party,0,7,0,43,/,0.003
luxury dining in dubai,590,informational,1303.9,8,,3,/luxury-dining-experiences,sub,,False,False,False,True,1,True,partial,medium — SERP looks like another page,no tracked competitor in top 30,0.0,2,a second natural mention; remove it from the heading (subs live in sentences); an inbound anchor from a same-silo page,Dining Experiences,49,107,0,267.3,0.3333,3,ga4,,,,,,
romantic dinner dubai,590,informational,1156.4,0,,3,/romantic-dinner-dubai,primary,/apartment-private-dining-dubai /blog/private-chef-date-night-dubai /gift-cards /luxury-dinner-planning-guide-dubai /mystery-dining-dubai /private-cooking-classes-dubai,True,True,True,True,13,False,exact,medium — many bodies say it,no tracked competitor in top 30,1.0,9,answer a FAQ that contains it,Dining Experiences,3,3,0,13,1.0,3,first-party,,,,,,
meal prep dubai,590,transactional,4124.1,21,,3,/weekly-meal-prep-dubai,primary,/fitness-meal-prep-dubai /full-time-private-chef-dubai /kids-nutrition-chef-dubai /mychef-membership /part-time-private-chef-dubai /postpartum-meal-prep-dubai,True,True,True,True,4,True,exact,medium — many bodies say it,no tracked competitor in top 30,1.0,10,hold — nothing to do,Private Chef,8,10,0,2,1.0,3,first-party,,,,,,
healthy meal plan dubai,390,commercial,2102.1,21,,3,/wellness-meal-prep-dubai,sub,,False,False,False,False,1,False,partial,medium — SERP looks like another page,no tracked competitor in top 30,0.4,3,a second natural mention; cover it in a FAQ answer; an inbound anchor from a same-silo page,Private Chef,6,11,0,16,0.429,7,first-party,,,,,,
yacht dinner in dubai,390,transactional,748.8,10,,3,/yacht-catering-guide-dubai,sub,,False,False,False,False,1,False,partial,low,no tracked competitor in top 30,,3,a second natural mention; cover it in a FAQ answer; an inbound anchor from a same-silo page,Blog and Guides,1,1,0,,,0,,,,,,,
private chef jobs dubai,320,transactional,51.2,0,,3,/become-a-mychef,primary,,True,True,True,True,2,True,partial,low,"competitor #18, we not in top 30",1.0,9,get an inbound link with this anchor,Partners / Recruit,2,2,0,,,0,,,,,,,
catering companies in uae,320,commercial,0,26,,3,/cuisines-dubai,sub,,False,False,False,False,4,False,partial,medium — SERP looks like another page,"competitor #6, we not in top 30",0.08,5,cover it in a FAQ answer; an inbound anchor from a same-silo page,Cuisines and Dietary,11,32,1,1345.0,0,1,ga4,,,,,,
private chefs in dubai,320,commercial,1020.8,0,27,3,/how-we-vet-our-chefs,sub,/blog/how-to-hire-a-private-chef-dubai,False,False,True,False,1,False,partial,medium — SERP looks like another page,"no tracked competitor in top 30, we #27",0.27,1,a second natural mention; remove it from the heading (subs live in sentences); cover it in a FAQ answer; an inbound anchor from a same-silo page; merge → /private-chef-dubai/how-it-works,Trust / Utility,1,1,0,2,0.5,2,first-party,,,,,,
private chefs dubai,320,commercial,1020.8,0,37,3,/our-chefs,primary,/,True,True,True,True,4,False,exact,low,no tracked competitor in top 30,1.0,9,"answer a FAQ that contains it; Google ranks / for this, not the owner — move the keyword or the content",Private Chef,11,14,1,58,0.444,9,first-party,0,40,0,37.1,/,0.042
private chef dubai,320,commercial,1020.8,0,30,3,/private-chef-dubai,primary,/ /apartment-private-dining-dubai /blog /blog/best-private-chef-birthday-dinner-dubai /blog/brunch-at-home-dubai /blog/corporate-catering-full-service-vs-drop-off,True,False,True,True,5,True,exact,medium — many bodies say it,"competitor #2, we #23",1.0,9,"say it in the meta description; Google ranks / for this, not the owner — move the keyword or the content",Private Chef,114,355,0,143.3,0.3571,14,ga4,4,434,0.0092,30.0,/,0.452
desert dinner in dubai,260,informational,871.0,2,,5,/blog/desert-dinner-party-dubai,sub,,False,False,False,False,1,False,partial,low,no tracked competitor in top 30,0.5,3,a second natural mention; cover it in a FAQ answer; an inbound anchor from a same-silo page,Blog and Guides,0,0,0,,,0,,,,,,,
desert dining dubai,260,informational,871.0,2,,5,/desert-dining-dubai,primary,/blog/desert-dinner-party-dubai /tourist-villa-chef-dubai,True,True,True,True,8,True,exact,low,no tracked competitor in top 30,1.0,10,hold — nothing to do,Dining Experiences,2,2,0,,,0,,,,,,,
party catering in dubai,210,commercial,1092.0,3,45,5,/baby-shower-catering-dubai,sub,/birthday-catering-dubai /blog/dinner-party-menu-ideas-dubai /blog/nye-party-catering-dubai /blog/vegan-catering-dubai-guide /canape-catering-dubai /catering-dubai,False,False,False,False,2,False,partial,medium — many bodies say it,"competitor #5, we not in top 30",,6,"cover it in a FAQ answer; an inbound anchor from a same-silo page; Google ranks /party-catering-dubai for this, not the owner — move the keyword or the content",Private Events,1,1,0,,,0,,0,88,0,44.9,/party-catering-dubai,0.14
iftar meal box,210,transactional,0,0,,5,/blog/iftar-at-home-dubai,sub,,False,False,False,False,1,False,partial,low,no tracked competitor in top 30,,3,a second natural mention; cover it in a FAQ answer; an inbound anchor from a same-silo page,Blog and Guides,1,1,0,,,0,,,,,,,
catering dubai party,210,commercial,1092.0,0,31,5,/catering-dubai,sub,/christmas-catering-dubai /new-year-catering-dubai,False,False,False,False,0,False,partial,medium — SERP looks like another page,"competitor #6, we not in top 30",0.18,2,"write one sentence that says it; cover it in a FAQ answer; an inbound anchor from a same-silo page; Google ranks /cocktail-party-catering-dubai for this, not the owner — move the keyword or the content; merge → /birthday-catering-package-dubai",Catering,80,211,0,47.5,0,2,ga4,0,25,0,31.4,/cocktail-party-catering-dubai,0.04
private chef,210,informational,703.5,0,37,5,/private-chef-dubai,sub,/ /about /allergy-safe-catering-dubai /apartment-private-dining-dubai /baby-shower-catering-dubai /bbq-catering-dubai,True,True,True,True,19,True,exact,medium — many bodies say it,"competitor #5, we #33",0.57,7,"remove it from the heading (subs live in sentences); Google ranks / for this, not the owner — move the keyword or the content",Private Chef,114,355,0,143.3,0.3571,14,ga4,1,95,0.0105,36.8,/,0.151
party catering dubai,210,commercial,1092.0,7,43,5,/private-party-catering-dubai,sub,/birthday-catering-dubai /blog/dinner-party-menu-ideas-dubai /blog/nye-party-catering-dubai /buffet-vs-plated-dubai /christmas-catering-dubai /cocktail-party-catering-dubai,True,True,True,True,5,False,partial,medium — many bodies say it,"competitor #6, we not in top 30",0.57,4,"remove it from the heading (subs live in sentences); cover it in a FAQ answer; an inbound anchor from a same-silo page; Google ranks /cocktail-party-catering-dubai for this, not the owner — move the keyword or the content",Private Events,13,15,0,1,1.0,5,first-party,0,89,0,42.9,/cocktail-party-catering-dubai,0.141
food catering dubai,170,commercial,651.1,10,44,5,/catering-dubai,sub,,False,False,False,False,0,False,partial,medium — SERP looks like another page,"competitor #8, we not in top 30",0.4,1,write one sentence that says it; cover it in a FAQ answer; an inbound anchor from a same-silo page,Catering,80,211,0,47.5,0,2,ga4,0,20,0,43.5,/catering-dubai,0.039
chef training dubai,170,commercial,260.1,4,,5,/chef-training-academy,primary,,True,True,True,True,2,True,partial,low,no tracked competitor in top 30,1.0,9,get an inbound link with this anchor,Trust / Utility,0,0,0,,,0,,,,,,,
private dining dubai,170,commercial,436.9,0,44,5,/guide/private-dining-dubai,primary,/apartment-private-dining-dubai /blog/halal-private-dining-dubai-what-to-ask /dubai-food-trends-report-2026 /halal-private-dining-dubai /tasting-menu-dubai,True,True,True,True,5,False,exact,high — used in other pages' headings,no tracked competitor in top 30,1.0,9,"answer a FAQ that contains it; Google ranks /luxury-dining-experiences for this, not the owner — move the keyword or the content; remove it from 1 other page(s)' headings",Blog and Guides,1,1,0,59,1.0,1,first-party,0,227,0,44.4,/luxury-dining-experiences,0.445
romantic private dining dubai,170,informational,436.9,0,,5,/guide/private-dining-dubai,sub,,False,False,False,False,1,False,partial,medium — SERP looks like another page,no tracked competitor in top 30,0.09,3,a second natural mention; cover it in a FAQ answer; an inbound anchor from a same-silo page,Blog and Guides,1,1,0,59,1.0,1,first-party,,,,,,
best caterers in dubai,170,commercial,0,13,,5,/how-to-choose-caterer-dubai,sub,,False,False,False,False,1,False,partial,medium — SERP looks like another page,"competitor #4, we not in top 30",0.0,3,a second natural mention; cover it in a FAQ answer; an inbound anchor from a same-silo page; merge → /best-catering-companies-dubai,Blog and Guides,1,1,0,,,0,,,,,,,
independent food company dubai,170,commercial,142.8,1,,5,/influencer-partnerships,sub,,False,False,False,False,1,False,none,low,no tracked competitor in top 30,,2,a second natural mention; cover it in a FAQ answer; an inbound anchor from a same-silo page,Partners / Recruit,0,0,0,,,0,,,,,,,
food party dubai menu,140,informational,0,0,,5,/blog/dinner-party-menu-ideas-dubai,sub,,False,False,False,False,0,False,partial,medium — SERP looks like another page,no tracked competitor in top 30,0.0,1,write one sentence that says it; cover it in a FAQ answer; an inbound anchor from a same-silo page,Blog and Guides,1,1,0,14,0.5,2,first-party,,,,,,
home catering dubai,140,commercial,746.2,4,61,5,/catering-dubai,sub,/private-jet-catering-dubai,False,False,False,False,2,True,partial,medium — SERP looks like another page,"competitor #7, we not in top 30",0.08,8,"an inbound anchor from a same-silo page; Google ranks /catering-packages-dubai for this, not the owner — move the keyword or the content; merge → /private-party-catering-dubai",Catering,80,211,0,47.5,0,2,ga4,0,166,0,61.1,/catering-packages-dubai,0.395
bbq catering dubai,110,commercial,786.5,27,,5,/bbq-catering-dubai,primary,/blog/desert-dinner-party-dubai /desert-dining-dubai /dubai-catering-prices-guide /dubai-event-catering-price-guide-2026 /villa-catering-ideas-dubai /yacht-catering-checklist-dubai,True,True,True,True,8,True,exact,medium — many bodies say it,no tracked competitor in top 30,1.0,10,hold — nothing to do,Catering,6,7,0,52.0,0,1,ga4,,,,,,
top 10 catering companies in dubai,110,commercial,221.1,29,,5,/best-catering-companies-dubai,sub,,False,False,False,False,1,False,partial,low,no tracked competitor in top 30,0.5,3,a second natural mention; cover it in a FAQ answer; an inbound anchor from a same-silo page,Catering,0,0,0,,1.0,1,first-party,,,,,,
canape catering dubai,110,commercial,761.2,0,32,5,/canape-catering-dubai,primary,/afternoon-tea-catering-dubai /corporate-catering-checklist-dubai /exhibition-catering-dubai /yacht-catering-checklist-dubai /yacht-catering-guide-dubai,True,False,True,True,8,True,exact,low,"competitor #12, we not in top 30",1.0,9,say it in the meta description,Catering,14,17,0,12,0.6,5,first-party,0,8,0,31.6,/canape-catering-dubai,0.024
dinner on a yacht,110,informational,113.3,,,5,/partners/yacht-charters-dubai,sub,/blog/nye-party-catering-dubai,False,False,False,False,1,False,partial,medium — SERP looks like another page,no tracked competitor in top 30,0.0,4,a second natural mention; cover it in a FAQ answer; an inbound anchor from a same-silo page,Partners / Recruit,0,0,0,,,0,,,,,,,
weight loss meal plan dubai,110,commercial,434.5,26,,5,/wellness-meal-prep-dubai,sub,,False,False,False,False,0,False,partial,low,no tracked competitor in top 30,0.6,1,write one sentence that says it; cover it in a FAQ answer; an inbound anchor from a same-silo page,Private Chef,6,11,0,16,0.429,7,first-party,,,,,,
best catering companies dubai,90,commercial,445.5,41,,10,/best-catering-companies-dubai,primary,,True,True,True,False,3,False,partial,low,no tracked competitor in top 30,1.0,7,one H2 carries it; answer a FAQ that contains it; get an inbound link with this anchor,Catering,0,0,0,,1.0,1,first-party,,,,,,
healthy meal prep ideas for the week,90,commercial,325.8,,,10,/blog/weekly-meal-prep-vs-full-time-chef-dubai,sub,,False,False,False,False,0,False,partial,low,no tracked competitor in top 30,,1,write one sentence that says it; cover it in a FAQ answer,Blog and Guides,1,3,0,,,0,,,,,,,
breakfast catering dubai,90,commercial,264.6,,28,10,/breakfast-catering-dubai,primary,/brunch-catering-dubai,True,True,True,True,11,True,exact,low,no tracked competitor in top 30,1.0,10,"Google ranks /brunch-catering-dubai for this, not the owner — move the keyword or the content",Seasonal and Occasions,1,2,0,8,1.0,1,first-party,0,72,0,27.5,/brunch-catering-dubai,0.267
event catering dubai,90,commercial,374.4,21,43,10,/events,primary,/blog/nye-party-catering-dubai /corporate-event-catering-dubai /gala-dinner-catering-dubai /halal-private-dining-dubai /locations/dubai-hills /locations/dubai-marina,True,True,True,False,2,False,exact,medium — many bodies say it,"competitor #5, we not in top 30",1.0,8,one H2 carries it; answer a FAQ that contains it,Private Events,18,55,0,992.0,0,1,ga4,0,62,0,42.9,/events,0.23
best catering companies in dubai,90,commercial,445.5,41,,10,/how-to-choose-caterer-dubai,sub,/catering-dubai,False,False,False,False,1,False,none,medium — SERP looks like another page,no tracked competitor in top 30,0.0,3,a second natural mention; cover it in a FAQ answer; merge → /best-catering-companies-dubai,Blog and Guides,1,1,0,,,0,,,,,,,
business lunch palm jumeirah,90,commercial,209.7,,,10,/locations/palm-jumeirah,sub,,False,False,False,False,0,False,partial,medium — SERP looks like another page,no tracked competitor in top 30,0.0,1,write one sentence that says it; cover it in a FAQ answer,Locations,3,3,0,5,1.0,1,first-party,,,,,,
best catering service in dubai,70,commercial,316.4,,,10,/allergy-safe-catering-dubai,sub,,False,False,False,False,1,False,partial,medium — SERP looks like another page,no tracked competitor in top 30,0.0,3,a second natural mention; cover it in a FAQ answer; merge → /best-catering-companies-dubai,Cuisines and Dietary,3,3,0,65,0.0,1,first-party,,,,,,
private dinner in dubai,70,transactional,116.9,1,39,10,/apartment-private-dining-dubai,sub,,False,False,False,False,1,False,partial,medium — SERP looks like another page,no tracked competitor in top 30,0.0,3,a second natural mention; cover it in a FAQ answer; merge → /luxury-dining-experiences,Dining Experiences,0,0,0,,,0,,0,8,0,39.2,/luxury-dining-experiences,0.038
dubai catering company list,70,commercial,193.9,17,,10,/arabic-catering-dubai,sub,,False,False,False,False,1,False,partial,medium — SERP looks like another page,no tracked competitor in top 30,0.14,3,a second natural mention; cover it in a FAQ answer,Cuisines and Dietary,8,9,0,,,0,,,,,,,
catering jobs dubai,70,informational,34.3,13,,10,/become-a-mychef,sub,,False,False,False,False,1,False,none,medium — SERP looks like another page,no tracked competitor in top 30,0.0,2,a second natural mention; cover it in a FAQ answer,Partners / Recruit,2,2,0,,,0,,,,,,,
list of catering companies in dubai,70,commercial,172.9,17,,10,/best-catering-companies-dubai,sub,,False,False,False,False,1,False,partial,medium — SERP looks like another page,no tracked competitor in top 30,0.33,3,a second natural mention; cover it in a FAQ answer,Catering,0,0,0,,1.0,1,first-party,,,,,,
chef hire,70,transactional,192.5,,23,10,/blog/how-to-hire-a-private-chef-dubai,sub,,False,False,False,False,1,False,partial,low,"no tracked competitor in top 30, we #30",0.56,3,a second natural mention; cover it in a FAQ answer; merge → /locations/dubai-marina,Blog and Guides,1,1,0,54.0,0,2,ga4,0,3,0,23.3,/private-chef-dubai/pricing,0.014
finger food catering dubai,70,commercial,275.8,,24,10,/canape-catering-dubai,sub,,False,False,False,False,0,False,partial,medium — SERP looks like another page,no tracked competitor in top 30,0.0,1,"write one sentence that says it; cover it in a FAQ answer; Google ranks /finger-food-catering-dubai for this, not the owner — move the keyword or the content",Catering,14,17,0,12,0.6,5,first-party,0,24,0,24.5,/finger-food-catering-dubai,0.114
chef middle east dubai,70,informational,37.1,,,10,/chefs/layla-middle-eastern-chef,sub,,False,False,False,False,1,False,partial,medium — SERP looks like another page,no tracked competitor in top 30,0.0,3,a second natural mention; cover it in a FAQ answer,Private Chef,1,3,0,,,0,,,,,,,
christmas catering dubai,70,commercial,668.5,32,26,10,/christmas-catering-dubai,primary,/brunch-catering-dubai /new-year-catering-dubai,True,True,True,True,6,True,exact,low,"no tracked competitor in top 30, we #32",1.0,10,"Google ranks /festive-catering-dubai for this, not the owner — move the keyword or the content",Seasonal and Occasions,6,8,0,3,0.667,3,first-party,0,83,0,26.3,/festive-catering-dubai,0.395
corporate catering dubai,70,commercial,711.2,,42,10,/corporate,primary,/blog/corporate-event-catering-ideas-dubai /buffet-vs-plated-dubai /corporate-catering-checklist-dubai /corporate-dinner-package-dubai /corporate-retainer-dubai /dubai-catering-prices-guide,True,True,True,True,3,False,exact,medium — many bodies say it,no tracked competitor in top 30,1.0,9,"answer a FAQ that contains it; Google ranks /blog/corporate-event-catering-ideas-dubai for this, not the owner — move the keyword or the content",Corporate Catering,20,54,1,128.0,0,1,ga4,0,210,0,42.2,/blog/corporate-event-catering-ideas-dubai,1.0
indian catering dubai,70,commercial,108.5,9,,10,/indian-catering-dubai,primary,/jain-catering-dubai,True,True,True,True,12,True,exact,low,no tracked competitor in top 30,1.0,10,hold — nothing to do,Cuisines and Dietary,2,2,0,186,1.0,1,first-party,,,,,,
unique dining experiences dubai,70,informational,59.5,7,,10,/luxury-dining-experiences,sub,,False,False,False,False,1,False,partial,medium — SERP looks like another page,no tracked competitor in top 30,0.0,3,a second natural mention; cover it in a FAQ answer,Dining Experiences,49,107,0,267.3,0.3333,3,ga4,,,,,,
part time cook in dubai,70,informational,138.6,,,10,/part-time-private-chef-dubai,sub,/private-chef-dubai /private-chef-dubai/how-it-works,False,False,False,False,1,False,partial,medium — SERP looks like another page,no tracked competitor in top 30,0.14,4,a second natural mention; cover it in a FAQ answer,Private Chef,0,0,0,2,1.0,3,first-party,,,,,,
chef at home dubai,70,informational,172.9,17,29,10,/private-chef-dubai,sub,/bbq-catering-dubai /sushi-catering-dubai,False,False,False,False,0,False,partial,medium — SERP looks like another page,"no tracked competitor in top 30, we #28",0.27,2,"write one sentence that says it; cover it in a FAQ answer; Google ranks / for this, not the owner — move the keyword or the content; merge → /apartment-private-dining-dubai",Private Chef,114,355,0,143.3,0.3571,14,ga4,0,41,0,29.3,/,0.195
personal chef dubai,70,commercial,171.5,0,36,10,/private-chef-dubai,sub,,False,False,False,False,1,False,partial,medium — SERP looks like another page,"no tracked competitor in top 30, we #28",0.43,3,"a second natural mention; cover it in a FAQ answer; Google ranks / for this, not the owner — move the keyword or the content; merge → /private-chef-dubai/how-it-works",Private Chef,114,355,0,143.3,0.3571,14,ga4,1,133,0.0075,35.8,/,0.633
birthday catering dubai,50,commercial,192.5,29,31,10,/birthday-catering-dubai,primary,/birthday-catering-package-dubai /brunch-catering-dubai /villa-catering-ideas-dubai,True,True,True,True,3,False,exact,low,no tracked competitor in top 30,1.0,9,"answer a FAQ that contains it; Google ranks /kids-birthday-catering-dubai for this, not the owner — move the keyword or the content",Private Events,12,14,0,9,0.333,3,first-party,0,25,0,31.2,/kids-birthday-catering-dubai,0.167
chef at home,50,informational,267.5,45,28,10,/blog/private-chef-vs-restaurant-dubai,sub,/ /bbq-catering-dubai /blog /blog/how-to-hire-a-private-chef-dubai /blog/private-chef-date-night-dubai /blog/vegan-catering-dubai-guide,False,False,False,True,4,False,partial,medium — many bodies say it,"no tracked competitor in top 30, we #21",0.14,3,"remove it from the heading (subs live in sentences); cover it in a FAQ answer; Google ranks / for this, not the owner — move the keyword or the content",Blog and Guides,0,0,0,,1.0,1,first-party,0,41,0,27.8,/,0.273
grazing table dubai,50,navigational,112.5,,6,10,/grazing-table-dubai,primary,/baby-shower-catering-dubai /blog/grazing-table-vs-buffet-dubai,True,True,True,True,7,True,exact,low,no tracked competitor in top 30,1.0,10,hold — nothing to do,Catering,13,19,0,4,1.0,3,first-party,0,3,0,6,/grazing-table-dubai,0.02
live cooking stations dubai,50,commercial,74.0,,,10,/live-cooking-stations-dubai,primary,/mediterranean-catering-dubai,True,True,True,True,6,True,partial,low,no tracked competitor in top 30,1.0,9,get an inbound link with this anchor,Catering,3,3,0,1,1.0,1,first-party,,,,,,
office catering dubai,50,commercial,215.0,,41,10,/office-catering-dubai,primary,/blog/corporate-catering-full-service-vs-drop-off /breakfast-catering-dubai /corporate-catering-checklist-dubai,True,True,True,True,3,False,exact,low,no tracked competitor in top 30,1.0,9,"answer a FAQ that contains it; Google ranks /blog/corporate-event-catering-ideas-dubai for this, not the owner — move the keyword or the content",Corporate Catering,6,12,0,4,1.0,5,first-party,0,198,0,41.3,/blog/corporate-event-catering-ideas-dubai,1.32
yacht catering dubai,50,commercial,175.0,,28,10,/yachts,primary,/case-studies /dubai-catering-prices-guide /dubai-event-catering-price-guide-2026 /guide/private-dining-dubai /how-to-choose-caterer-dubai /locations/dubai-hills,True,True,True,True,3,False,exact,medium — many bodies say it,"no tracked competitor in top 30, we #28",1.0,9,"answer a FAQ that contains it; Google ranks /yacht-catering-guide-dubai for this, not the owner — move the keyword or the content",Private Chef,10,10,0,0,1.0,2,first-party,0,209,0,28.0,/yacht-catering-guide-dubai,1.393
birthday party catering dubai,40,commercial,159.6,,52,10,/birthday-catering-dubai,sub,,False,False,False,False,1,False,partial,low,no tracked competitor in top 30,0.5,3,"a second natural mention; Google ranks /kids-birthday-catering-dubai for this, not the owner — move the keyword or the content; merge → /birthday-catering-package-dubai",Private Events,12,14,0,9,0.333,3,first-party,0,82,0,51.7,/kids-birthday-catering-dubai,0.683
weekly meal prep,40,informational,158.8,,3,10,/blog/weekly-meal-prep-vs-full-time-chef-dubai,sub,/ /blog/how-to-hire-a-private-chef-dubai /faq /fitness-meal-prep-dubai /full-time-private-chef-dubai /kids-nutrition-chef-dubai,True,True,True,True,12,False,exact,medium — many bodies say it,no tracked competitor in top 30,,5,remove it from the heading (subs live in sentences),Blog and Guides,1,3,0,,,0,,0,1,0,3,/private-chef-dubai,0.008
buffet catering dubai,40,commercial,188.8,,33,10,/buffet-catering-dubai,primary,/buffet-vs-plated-dubai /iftar-catering-dubai /vegetarian-catering-dubai /wedding-catering-dubai,True,True,True,True,6,False,partial,low,no tracked competitor in top 30,1.0,8,answer a FAQ that contains it; get an inbound link with this anchor,Catering,10,12,0,2,1.0,2,first-party,0,32,0,32.6,/buffet-catering-dubai,0.267
outdoor catering dubai,40,commercial,151.6,,,10,/catering-dubai,sub,,False,False,False,False,0,False,partial,medium — SERP looks like another page,no tracked competitor in top 30,0.07,1,write one sentence that says it,Catering,80,211,0,47.5,0,2,ga4,,,,,,
party food catering dubai,40,commercial,0,,45,10,/catering-dubai,sub,,False,False,False,False,0,False,partial,medium — SERP looks like another page,no tracked competitor in top 30,0.17,1,"write one sentence that says it; Google ranks /private-party-catering-dubai for this, not the owner — move the keyword or the content",Catering,80,211,0,47.5,0,2,ga4,0,56,0,45.4,/private-party-catering-dubai,0.467
private catering dubai,40,commercial,251.6,,46,10,/catering-dubai,sub,,False,False,False,False,0,False,partial,medium — SERP looks like another page,no tracked competitor in top 30,0.08,1,"write one sentence that says it; Google ranks / for this, not the owner — move the keyword or the content; merge → /private-party-catering-dubai",Catering,80,211,0,47.5,0,2,ga4,0,111,0,46.1,/,0.925
dubai food expo 2026,40,informational,98.0,,,10,/dubai-food-trends-report-2026,sub,,False,False,False,False,0,False,partial,medium — SERP looks like another page,no tracked competitor in top 30,0.07,1,write one sentence that says it,Blog and Guides,2,2,0,,,0,,,,,,,
iftar catering dubai,40,transactional,0,,,10,/iftar-catering-dubai,primary,/blog/iftar-at-home-dubai /ramadan-catering-guide-dubai,True,True,True,True,5,True,exact,low,no tracked competitor in top 30,1.0,10,hold — nothing to do,Seasonal and Occasions,1,1,0,,,0,,,,,,,
dubai marina yacht tour with dinner,40,informational,42.8,,,10,/partners/yacht-charters-dubai,sub,,False,False,False,False,0,False,partial,medium — SERP looks like another page,no tracked competitor in top 30,0.0,1,write one sentence that says it,Partners / Recruit,0,0,0,,,0,,,,,,,
yacht rental dubai with dinner,40,transactional,104.8,20,,10,/partners/yacht-charters-dubai,sub,,False,False,False,False,0,False,partial,medium — SERP looks like another page,no tracked competitor in top 30,0.2,1,write one sentence that says it,Partners / Recruit,0,0,0,,,0,,,,,,,
ramadan catering dubai,40,commercial,0,,16,10,/ramadan-catering-dubai,primary,/iftar-catering-dubai /ramadan-catering-guide-dubai,True,True,True,True,5,True,partial,low,no tracked competitor in top 30,1.0,9,get an inbound link with this anchor,Seasonal and Occasions,0,0,0,,,0,,0,3,0,16.3,/festive-catering-dubai,0.025
wedding catering dubai,40,commercial,0,,40,10,/wedding-catering-dubai,primary,/blog/dinner-party-menu-ideas-dubai /blog/grazing-table-vs-buffet-dubai /blog/nye-party-catering-dubai /blog/wedding-catering-cost-dubai /buffet-vs-plated-dubai /case-studies,True,True,True,True,4,False,exact,medium — many bodies say it,"no tracked competitor in top 30, we #34",1.0,9,"answer a FAQ that contains it; Google ranks /wedding-catering-menu-planning-dubai for this, not the owner — move the keyword or the content",Catering,5,8,0,111.0,0,1,ga4,0,226,0,39.8,/wedding-catering-menu-planning-dubai,1.883
chef to chef dubai,30,informational,0,5,11,10,/apartment-private-dining-dubai,sub,,False,False,False,False,0,False,none,medium — SERP looks like another page,"no tracked competitor in top 30, we #13",0.08,0,write one sentence that says it,Dining Experiences,0,0,0,,,0,,0,1,0,11,/,0.011
lebanese catering dubai,30,commercial,56.7,,,10,/arabic-catering-dubai,sub,,False,False,False,False,0,False,partial,medium — SERP looks like another page,no tracked competitor in top 30,0.21,1,write one sentence that says it,Cuisines and Dietary,8,9,0,,,0,,,,,,,
best indian catering in dubai,30,commercial,0,,,10,/asian-catering-dubai,sub,,False,False,False,False,0,False,none,low,,,0,write one sentence that says it,Cuisines and Dietary,1,1,0,,,0,,,,,,,
live bbq catering dubai,30,transactional,0,,21,10,/bbq-catering-dubai,sub,,False,True,False,False,0,False,partial,medium — SERP looks like another page,no tracked competitor in top 30,0.3,2,write one sentence that says it,Catering,6,7,0,52.0,0,1,ga4,0,1,0,21,/bbq-catering-dubai,0.011
corporate catering companies,30,commercial,548.7,,51,10,/best-catering-companies-dubai,sub,,False,False,False,False,1,False,partial,medium — SERP looks like another page,no tracked competitor in top 30,0.0,3,"a second natural mention; Google ranks /blog/corporate-event-catering-ideas-dubai for this, not the owner — move the keyword or the content",Catering,0,0,0,,1.0,1,first-party,0,37,0,51.3,/blog/corporate-event-catering-ideas-dubai,0.411
grazing table ideas,30,informational,23.4,,,10,/blog/grazing-table-vs-buffet-dubai,sub,,False,False,False,True,3,False,partial,medium — SERP looks like another page,no tracked competitor in top 30,0.0,2,remove it from the heading (subs live in sentences),Blog and Guides,1,1,0,7,0.5,2,first-party,,,,,,
vegan menu plan,30,informational,72.3,,,10,/blog/vegan-catering-dubai-guide,sub,,False,False,False,False,0,False,partial,medium — SERP looks like another page,no tracked competitor in top 30,0.0,1,write one sentence that says it,Blog and Guides,1,1,0,10,1.0,1,first-party,,,,,,
chefs table dubai,30,informational,15.0,32,,10,/chefs-table-dubai,primary,/tasting-menu-dubai,True,True,True,True,5,True,partial,low,no tracked competitor in top 30,1.0,9,get an inbound link with this anchor,Private Chef,0,0,0,,,0,,,,,,,
cocktail making class dubai,30,commercial,0,,,10,/cocktail-party-catering-dubai,sub,,False,False,False,False,0,False,partial,medium — SERP looks like another page,no tracked competitor in top 30,0.0,1,write one sentence that says it,Catering,4,4,0,,,0,,,,,,,
corporate catering services in dubai,30,commercial,294.9,,50,10,/corporate-catering-checklist-dubai,sub,,False,False,False,False,0,False,partial,medium — SERP looks like another page,no tracked competitor in top 30,0.0,1,"write one sentence that says it; Google ranks /blog/corporate-event-catering-ideas-dubai for this, not the owner — move the keyword or the content; merge → /best-catering-companies-dubai",Blog and Guides,2,2,0,2,1.0,1,first-party,0,48,0,50.1,/blog/corporate-event-catering-ideas-dubai,0.533
italian catering dubai,30,commercial,184.8,,8,10,/italian-catering-dubai,primary,,True,True,True,True,6,True,partial,low,no tracked competitor in top 30,1.0,9,get an inbound link with this anchor,Cuisines and Dietary,7,10,0,30,0.0,1,first-party,0,4,0,7.5,/italian-catering-dubai,0.044
live station catering dubai,30,commercial,113.1,,,10,/live-cooking-stations-dubai,sub,,False,False,False,False,0,False,partial,medium — SERP looks like another page,no tracked competitor in top 30,0.21,1,write one sentence that says it,Catering,3,3,0,1,1.0,1,first-party,,,,,,
catering business dubai,30,commercial,0,,,10,/locations/business-bay,sub,,False,False,False,False,0,False,partial,medium — SERP looks like another page,no tracked competitor in top 30,0.0,1,write one sentence that says it,Locations,0,0,0,,,0,,,,,,,
dubai hills business lunch,30,informational,33.0,,,10,/locations/dubai-hills,sub,,False,False,False,False,0,False,partial,medium — SERP looks like another page,no tracked competitor in top 30,0.0,1,write one sentence that says it,Locations,1,1,0,,,0,,,,,,,
business lunch in jlt,30,informational,36.3,,,10,/locations/jlt,sub,,False,False,False,False,0,False,partial,medium — SERP looks like another page,no tracked competitor in top 30,0.0,1,write one sentence that says it,Locations,8,9,0,1,0.5,2,first-party,,,,,,
luxury dinner cruise dubai marina,30,transactional,70.5,,,10,/luxury-dinner-planning-guide-dubai,sub,,False,False,False,False,0,False,partial,medium — SERP looks like another page,no tracked competitor in top 30,0.0,1,write one sentence that says it,Blog and Guides,1,1,0,,,0,,,,,,,
hire chef dubai,30,transactional,106.2,0,31,10,/our-chefs,sub,,False,False,False,False,1,False,none,medium — SERP looks like another page,"no tracked competitor in top 30, we #31",0.38,2,a second natural mention; merge → /locations/downtown-dubai,Private Chef,11,14,1,58,0.444,9,first-party,,,,,,
dubai marina yacht dinner cruise,30,informational,33.3,14,,10,/partners/yacht-charters-dubai,sub,,False,False,False,False,0,False,partial,medium — SERP looks like another page,no tracked competitor in top 30,0.0,1,write one sentence that says it,Partners / Recruit,0,0,0,,,0,,,,,,,
meal prep service dubai,30,commercial,403.2,,,10,/weekly-meal-prep-dubai,sub,,False,False,False,False,0,False,partial,low,no tracked competitor in top 30,0.75,1,write one sentence that says it,Private Chef,8,10,0,2,1.0,3,first-party,,,,,,
arabic catering dubai,20,commercial,21.8,,49,10,/arabic-catering-dubai,primary,/desert-dining-dubai /halal-catering-dubai /ramadan-catering-guide-dubai,True,True,True,True,5,True,exact,low,no tracked competitor in top 30,1.0,10,hold — nothing to do,Cuisines and Dietary,8,9,0,,,0,,0,3,0,49.3,/arabic-catering-dubai,0.05
private beach dinner dubai,20,transactional,50.4,20,,10,/blog/best-private-chef-birthday-dinner-dubai,sub,,False,False,False,False,1,False,partial,medium — SERP looks like another page,no tracked competitor in top 30,0.0,3,a second natural mention,Blog and Guides,1,1,0,,,0,,,,,,,
christmas dinner catering dubai,20,commercial,0,,41,10,/christmas-catering-dubai,sub,,False,False,False,False,1,False,partial,medium — SERP looks like another page,no tracked competitor in top 30,0.3,3,"a second natural mention; Google ranks /festive-catering-dubai for this, not the owner — move the keyword or the content",Seasonal and Occasions,6,8,0,3,0.667,3,first-party,0,39,0,41.4,/festive-catering-dubai,0.65
corporate catering companies in dubai,20,commercial,0,,,10,/corporate-retainer-dubai,sub,,False,False,False,False,0,False,partial,medium — SERP looks like another page,no tracked competitor in top 30,0.2,1,write one sentence that says it; merge → /best-catering-companies-dubai,Corporate Catering,2,2,0,,0.0,1,first-party,,,,,,
diwali catering dubai,20,transactional,0,,33,10,/diwali-catering-dubai,primary,,True,True,True,True,8,True,partial,low,no tracked competitor in top 30,1.0,9,get an inbound link with this anchor,Seasonal and Occasions,1,1,0,,,0,,0,9,0,32.7,/festive-catering-dubai,0.15
dubai food exhibition 2026,20,informational,0,,,10,/exhibition-catering-dubai,sub,,False,False,False,False,0,False,partial,medium — SERP looks like another page,no tracked competitor in top 30,0.0,1,write one sentence that says it,Corporate Catering,1,3,0,3,1.0,1,first-party,,,,,,
full time private chef dubai,20,transactional,58.8,,15,10,/full-time-private-chef-dubai,primary,,True,True,True,True,3,True,partial,low,no tracked competitor in top 30,1.0,9,get an inbound link with this anchor,Private Chef,2,2,0,2,0.75,4,first-party,0,3,0,14.7,/private-chef-dubai,0.05
catering services al quoz,20,commercial,55.4,,,10,/locations/al-barsha,sub,,False,False,False,False,0,False,partial,medium — SERP looks like another page,no tracked competitor in top 30,0.0,1,write one sentence that says it,Locations,3,3,0,0,1.0,1,first-party,,,,,,
fine dining in difc,20,informational,0,,,10,/locations/difc,sub,,False,False,False,False,1,True,partial,low,no tracked competitor in top 30,,5,a second natural mention,Locations,6,7,0,2,1.0,3,first-party,,,,,,
luxury dinner in dubai,20,informational,23.2,,,10,/luxury-dinner-planning-guide-dubai,sub,,False,True,False,False,0,False,partial,medium — SERP looks like another page,no tracked competitor in top 30,0.08,2,write one sentence that says it,Blog and Guides,1,1,0,,,0,,,,,,,
couples cooking class dubai,20,transactional,37.8,,16,10,/private-cooking-classes-dubai,sub,,False,False,False,False,0,False,partial,medium — SERP looks like another page,no tracked competitor in top 30,0.36,1,write one sentence that says it,Dining Experiences,14,26,2,1256.0,0,1,ga4,1,1,1,16,/private-cooking-classes-dubai,0.017
sushi catering dubai,20,commercial,28.2,,,10,/sushi-catering-dubai,primary,/asian-catering-dubai /chefs-table-dubai,True,True,True,True,7,True,exact,low,no tracked competitor in top 30,1.0,10,hold — nothing to do,Cuisines and Dietary,3,4,0,157.0,0,1,ga4,,,,,,
vegan catering dubai,20,commercial,12.2,,,10,/vegan-catering-dubai,primary,/blog/vegan-catering-dubai-guide /vegetarian-catering-dubai,True,True,True,True,5,True,exact,low,no tracked competitor in top 30,1.0,10,hold — nothing to do,Cuisines and Dietary,2,2,0,,,0,,,,,,,
vegetarian catering dubai,20,commercial,12.2,,,10,/vegetarian-catering-dubai,primary,/jain-catering-dubai /vegan-catering-dubai,True,True,True,True,5,True,exact,low,no tracked competitor in top 30,1.0,10,hold — nothing to do,Cuisines and Dietary,0,0,0,,,0,,,,,,,
wedding catering services in dubai,20,commercial,0,,62,10,/wedding-catering-checklist-dubai,sub,,False,False,False,False,0,False,partial,medium — SERP looks like another page,no tracked competitor in top 30,0.0,1,write one sentence that says it,Blog and Guides,3,6,0,,,0,,0,8,0,62.1,/catering-dubai,0.133
healthy meal prep dubai,20,transactional,277.0,,,10,/wellness-meal-prep-dubai,primary,,True,True,True,True,3,False,partial,low,no tracked competitor in top 30,1.0,8,answer a FAQ that contains it; get an inbound link with this anchor,Private Chef,6,11,0,16,0.429,7,first-party,,,,,,
yacht catering menu,20,informational,0,,22,10,/yacht-catering-checklist-dubai,sub,/partners/yacht-charters-dubai,False,False,False,True,1,False,partial,medium — SERP looks like another page,"no tracked competitor in top 30, we #19",0.31,1,"a second natural mention; remove it from the heading (subs live in sentences); Google ranks /yacht-catering-guide-dubai for this, not the owner — move the keyword or the content",Blog and Guides,0,0,0,,,0,,0,54,0,22.4,/yacht-catering-guide-dubai,0.9
chef recruitment agencies in dubai,10,commercial,0,,,10,/about,sub,,False,False,False,False,0,False,none,medium — SERP looks like another page,no tracked competitor in top 30,0.0,0,write one sentence that says it,Brand / Homepage,30,51,0,2,0.833,6,first-party,,,,,,
private chef and catering,10,commercial,0,,20,10,/become-a-mychef,sub,/brunch-catering-dubai /faq /founding-customer-offer /iftar-catering-dubai /italian-catering-dubai /locations/al-barsha,False,False,False,False,1,False,partial,medium — many bodies say it,"no tracked competitor in top 30, we #25",0.0,4,a second natural mention,Partners / Recruit,2,2,0,,,0,,0,1,0,20,/,0.033
leading catering company in dubai,10,commercial,15.0,,,10,/best-catering-companies-dubai,sub,/blog/vegan-catering-dubai-guide,False,False,False,False,1,False,partial,low,no tracked competitor in top 30,0.5,4,a second natural mention,Catering,0,0,0,,1.0,1,first-party,,,,,,
top catering companies dubai,10,commercial,0,,,10,/best-catering-companies-dubai,sub,,False,False,False,False,1,False,partial,low,no tracked competitor in top 30,0.57,3,a second natural mention,Catering,0,0,0,,1.0,1,first-party,,,,,,
book a private chef,10,transactional,0,,18,10,/blog/best-private-chef-birthday-dinner-dubai,sub,/blog/how-much-does-private-chef-cost-dubai /blog/how-to-hire-a-private-chef-dubai /blog/iftar-at-home-dubai /blog/private-chef-palm-jumeirah-guide /blog/private-chef-vs-restaurant-dubai /catering-dubai,False,False,False,False,1,False,partial,medium — many bodies say it,"no tracked competitor in top 30, we #20",0.27,4,a second natural mention,Blog and Guides,1,1,0,,,0,,0,1,0,18,/,0.033
private chef dinner menu,10,transactional,0,,31,10,/blog/best-private-chef-birthday-dinner-dubai,sub,,False,False,False,False,1,False,partial,medium — SERP looks like another page,"no tracked competitor in top 30, we #31",0.17,3,a second natural mention,Blog and Guides,1,1,0,,,0,,,,,,,
brunch ideas at home easy,10,informational,0,,,10,/blog/brunch-at-home-dubai,sub,,False,False,False,False,1,False,partial,medium — SERP looks like another page,no tracked competitor in top 30,0.0,3,a second natural mention,Blog and Guides,1,1,0,9,1.0,2,first-party,,,,,,
event catering menu ideas,10,commercial,0,,,10,/blog/corporate-event-catering-ideas-dubai,sub,,False,False,False,False,1,False,partial,medium — SERP looks like another page,no tracked competitor in top 30,0.0,3,a second natural mention,Blog and Guides,1,1,0,2,1.0,1,first-party,,,,,,
what is event catering,10,informational,0,,,10,/blog/corporate-event-catering-ideas-dubai,sub,,False,False,False,False,0,False,partial,medium — SERP looks like another page,no tracked competitor in top 30,0.0,1,write one sentence that says it,Blog and Guides,1,1,0,2,1.0,1,first-party,,,,,,
how much is dinner in dubai,10,commercial,0,,,10,/blog/desert-dinner-party-dubai,sub,,False,False,False,False,0,False,partial,medium — SERP looks like another page,no tracked competitor in top 30,0.0,1,write one sentence that says it,Blog and Guides,0,0,0,,,0,,,,,,,
luxury desert dinner dubai,10,informational,0,,,10,/blog/desert-dinner-party-dubai,sub,,False,False,False,False,0,False,partial,medium — SERP looks like another page,no tracked competitor in top 30,0.3,1,write one sentence that says it; merge → /desert-dining-dubai,Blog and Guides,0,0,0,,,0,,,,,,,
private dinner in the desert dubai,10,transactional,63.3,,,10,/blog/desert-dinner-party-dubai,sub,,False,False,False,False,0,False,partial,medium — SERP looks like another page,no tracked competitor in top 30,0.33,1,write one sentence that says it,Blog and Guides,0,0,0,,,0,,,,,,,
casual dinner party menu ideas,10,commercial,0,,,10,/blog/dinner-party-menu-ideas-dubai,sub,,False,False,False,False,0,False,partial,medium — SERP looks like another page,no tracked competitor in top 30,0.08,1,write one sentence that says it,Blog and Guides,1,1,0,14,0.5,2,first-party,,,,,,
simple but elegant dinner party menu,10,transactional,0,,,10,/blog/dinner-party-menu-ideas-dubai,sub,,False,False,False,False,1,False,partial,medium — SERP looks like another page,no tracked competitor in top 30,0.07,3,a second natural mention,Blog and Guides,1,1,0,14,0.5,2,first-party,,,,,,
grazing table catering,10,transactional,0,,6,10,/blog/grazing-table-vs-buffet-dubai,sub,,False,False,False,False,1,False,partial,medium — SERP looks like another page,no tracked competitor in top 30,0.06,3,a second natural mention,Blog and Guides,1,1,0,7,0.5,2,first-party,1,5,0.2,5.6,/grazing-table-dubai,0.167
grazing table examples,10,informational,0,,,10,/blog/grazing-table-vs-buffet-dubai,sub,,False,False,False,False,0,False,partial,medium — SERP looks like another page,no tracked competitor in top 30,0.0,1,write one sentence that says it,Blog and Guides,1,1,0,7,0.5,2,first-party,,,,,,
grazing table for 50 guests,10,transactional,0,,,10,/blog/grazing-table-vs-buffet-dubai,sub,,False,False,False,False,0,False,partial,medium — SERP looks like another page,no tracked competitor in top 30,0.0,1,write one sentence that says it,Blog and Guides,1,1,0,7,0.5,2,first-party,,,,,,
what is buffet catering,10,informational,0,,,10,/blog/grazing-table-vs-buffet-dubai,sub,,False,False,False,False,0,False,partial,medium — SERP looks like another page,no tracked competitor in top 30,0.0,1,write one sentence that says it,Blog and Guides,1,1,0,7,0.5,2,first-party,,,,,,
halal private dining,10,commercial,0,,,10,/blog/halal-private-dining-dubai-what-to-ask,sub,/blog/private-chef-palm-jumeirah-guide /blog/vegan-catering-dubai-guide /guide/private-dining-dubai /halal-catering-dubai /halal-private-dining-dubai /live-cooking-stations-dubai,True,True,True,True,13,False,exact,medium — many bodies say it,no tracked competitor in top 30,0.0,5,remove it from the heading (subs live in sentences),Blog and Guides,0,0,0,,,0,,,,,,,
average private chef cost,10,commercial,0,,,10,/blog/how-much-does-private-chef-cost-dubai,sub,,False,False,False,False,1,False,partial,medium — SERP looks like another page,no tracked competitor in top 30,0.25,3,a second natural mention,Blog and Guides,0,0,0,2,1.0,1,first-party,,,,,,
how much does a private chef charge,10,commercial,0,,,10,/blog/how-much-does-private-chef-cost-dubai,sub,,False,False,False,False,0,False,partial,medium — SERP looks like another page,no tracked competitor in top 30,0.15,1,write one sentence that says it,Blog and Guides,0,0,0,2,1.0,1,first-party,,,,,,
private chef cost per day,10,commercial,0,,16,10,/blog/how-much-does-private-chef-cost-dubai,sub,,False,False,False,False,1,False,partial,medium — SERP looks like another page,"no tracked competitor in top 30, we #18",0.17,3,a second natural mention,Blog and Guides,0,0,0,2,1.0,1,first-party,0,3,0,16.3,/private-chef-dubai/pricing,0.1
hiring a private chef,10,transactional,0,,4,10,/blog/how-to-hire-a-private-chef-dubai,sub,/blog /blog/best-private-chef-birthday-dinner-dubai /blog/how-much-does-private-chef-cost-dubai /blog/weekly-meal-prep-vs-full-time-chef-dubai /guides /luxury-dining-experiences,False,False,False,True,6,False,partial,medium — many bodies say it,no tracked competitor in top 30,0.25,3,remove it from the heading (subs live in sentences),Blog and Guides,1,1,0,54.0,0,2,ga4,1,1,1,4,/private-chef-dubai,0.033
private chef for a day,10,transactional,0,,23,10,/blog/how-to-hire-a-private-chef-dubai,sub,,False,False,False,True,3,False,partial,medium — SERP looks like another page,"no tracked competitor in top 30, we #29",0.08,2,remove it from the heading (subs live in sentences),Blog and Guides,1,1,0,54.0,0,2,ga4,0,1,0,23,/private-chef-dubai/pricing,0.033
iftar buffet menu dubai,10,transactional,0,,,10,/blog/iftar-at-home-dubai,sub,,False,False,False,False,0,False,partial,low,no tracked competitor in top 30,,1,write one sentence that says it,Blog and Guides,1,1,0,,,0,,,,,,,
party catering ideas,10,commercial,0,,,10,/blog/nye-party-catering-dubai,sub,,False,False,False,False,0,False,partial,medium — SERP looks like another page,no tracked competitor in top 30,0.0,1,write one sentence that says it,Blog and Guides,1,1,0,,1.0,1,first-party,,,,,,
best private dining rooms dubai,10,commercial,53.0,,,10,/blog/private-chef-palm-jumeirah-guide,sub,,False,False,False,False,1,False,partial,low,no tracked competitor in top 30,,3,a second natural mention; merge → /luxury-dining-experiences,Blog and Guides,0,0,0,,,0,,,,,,,
cost of a private chef,10,commercial,0,,,10,/blog/private-chef-vs-restaurant-dubai,sub,/press,False,False,False,False,0,False,partial,medium — SERP looks like another page,no tracked competitor in top 30,0.14,2,write one sentence that says it,Blog and Guides,0,0,0,,1.0,1,first-party,,,,,,
private chef vs personal chef,10,commercial,0,29,,10,/blog/private-chef-vs-restaurant-dubai,sub,,False,False,False,False,0,False,partial,medium — SERP looks like another page,no tracked competitor in top 30,0.0,1,write one sentence that says it,Blog and Guides,0,0,0,,1.0,1,first-party,,,,,,
what is a private chef,10,informational,0,,,10,/blog/private-chef-vs-restaurant-dubai,sub,/private-chef-dubai,False,False,False,False,0,False,partial,medium — SERP looks like another page,no tracked competitor in top 30,0.0,2,write one sentence that says it,Blog and Guides,0,0,0,,1.0,1,first-party,,,,,,
catering cost for 200 person wedding,10,commercial,0,,,10,/blog/wedding-catering-cost-dubai,sub,,False,False,False,False,1,True,partial,medium — SERP looks like another page,no tracked competitor in top 30,0.07,5,a second natural mention,Blog and Guides,0,0,0,0,0.5,2,first-party,,,,,,
halal wedding catering prices,10,commercial,0,,,10,/blog/wedding-catering-cost-dubai,sub,,False,False,False,False,2,True,partial,medium — SERP looks like another page,no tracked competitor in top 30,0.0,7,hold — nothing to do,Blog and Guides,0,0,0,0,0.5,2,first-party,,,,,,
lunch meal prep ideas high protein,10,commercial,0,,,10,/blog/weekly-meal-prep-vs-full-time-chef-dubai,sub,,False,False,False,False,0,False,partial,low,no tracked competitor in top 30,,1,write one sentence that says it,Blog and Guides,1,3,0,,,0,,,,,,,
meal prep private chef,10,commercial,0,,23,10,/blog/weekly-meal-prep-vs-full-time-chef-dubai,sub,/part-time-private-chef-dubai /private-chef-dubai,False,False,False,False,0,False,partial,low,"no tracked competitor in top 30, we #28",,2,write one sentence that says it,Blog and Guides,1,3,0,,,0,,0,2,0,23,/,0.067
private vs personal chef,10,commercial,0,,,10,/blog/weekly-meal-prep-vs-full-time-chef-dubai,sub,,False,False,False,False,0,False,partial,low,no tracked competitor in top 30,,1,write one sentence that says it,Blog and Guides,1,3,0,,,0,,,,,,,
what food to bring to a boat party,10,informational,0,,,10,/blog/yacht-party-menu-ideas-dubai,sub,,False,False,False,False,0,False,partial,medium — SERP looks like another page,no tracked competitor in top 30,0.0,1,write one sentence that says it,Blog and Guides,3,3,0,,1.0,1,first-party,,,,,,
yacht menu ideas,10,informational,0,,,10,/blog/yacht-party-menu-ideas-dubai,sub,,False,False,False,False,1,False,partial,medium — SERP looks like another page,no tracked competitor in top 30,0.07,3,a second natural mention,Blog and Guides,3,3,0,,1.0,1,first-party,,,,,,
how many canapes per person,10,informational,0,,,10,/canape-catering-dubai,sub,,False,False,False,False,3,True,partial,medium — SERP looks like another page,no tracked competitor in top 30,0.0,7,hold — nothing to do,Catering,14,17,0,12,0.6,5,first-party,,,,,,
culinary academy dubai,10,commercial,26.0,,,10,/chef-training-academy,sub,,False,False,False,False,1,False,partial,low,no tracked competitor in top 30,0.57,3,a second natural mention,Trust / Utility,0,0,0,,,0,,,,,,,
how to become a chef in dubai,10,informational,0.2,,,10,/chef-training-academy,sub,,False,False,False,False,2,True,partial,medium — SERP looks like another page,no tracked competitor in top 30,0.33,7,hold — nothing to do,Trust / Utility,0,0,0,,,0,,,,,,,
dessert table catering near me,10,commercial,0,,,10,/chefs-table-dubai,sub,,False,False,False,False,1,False,partial,medium — SERP looks like another page,no tracked competitor in top 30,0.0,3,a second natural mention,Private Chef,0,0,0,,,0,,,,,,,
arabic food names in dubai,10,informational,0,,,10,/chefs/layla-middle-eastern-chef,sub,,False,False,False,False,0,False,none,medium — SERP looks like another page,no tracked competitor in top 30,0.0,0,write one sentence that says it,Private Chef,1,3,0,,,0,,,,,,,
italian food supplier dubai,10,commercial,0,,,10,/chefs/marco-italian-chef,sub,,False,False,False,False,0,False,partial,medium — SERP looks like another page,no tracked competitor in top 30,0.0,1,write one sentence that says it,Private Chef,3,3,0,31,1.0,1,first-party,,,,,,
catering checklist for events,10,informational,0,,,10,/corporate-catering-checklist-dubai,sub,,False,False,False,False,0,False,partial,medium — SERP looks like another page,no tracked competitor in top 30,0.06,1,write one sentence that says it,Blog and Guides,2,2,0,2,1.0,1,first-party,,,,,,
dubai dinner cruise deals,10,commercial,13.3,,,10,/corporate-dinner-package-dubai,sub,,False,False,False,False,0,False,partial,medium — SERP looks like another page,no tracked competitor in top 30,0.0,1,drop — off-intent,Corporate Catering,0,0,0,,,0,,,,,,,
diwali food items,10,informational,0,,,10,/diwali-catering-dubai,sub,,False,False,False,False,1,True,partial,medium — SERP looks like another page,no tracked competitor in top 30,0.0,5,a second natural mention,Seasonal and Occasions,1,1,0,,,0,,,,,,,
catering food price list,10,commercial,0,,,10,/dubai-catering-prices-guide,sub,,False,False,False,False,1,False,partial,medium — SERP looks like another page,no tracked competitor in top 30,0.07,3,a second natural mention,Blog and Guides,1,1,0,2,1.0,2,first-party,,,,,,
corporate event catering near me,10,commercial,0,,,10,/dubai-event-catering-price-guide-2026,sub,,False,False,False,False,0,False,partial,low,no tracked competitor in top 30,,1,write one sentence that says it,Blog and Guides,0,0,0,0,1.0,1,first-party,,,,,,
iftar buffet dubai 2026 price,10,commercial,0,,,10,/dubai-event-catering-price-guide-2026,sub,,False,False,False,False,0,False,partial,low,no tracked competitor in top 30,,1,write one sentence that says it,Blog and Guides,0,0,0,0,1.0,1,first-party,,,,,,
dubai food fair 2026,10,informational,0,,,10,/dubai-food-trends-report-2026,sub,,False,False,False,False,0,False,partial,medium — SERP looks like another page,no tracked competitor in top 30,0.0,1,write one sentence that says it,Blog and Guides,2,2,0,,,0,,,,,,,
eid lunch offers in dubai,10,commercial,0,,,10,/eid-catering-dubai,sub,,False,False,False,False,1,False,partial,medium — SERP looks like another page,no tracked competitor in top 30,0.0,3,a second natural mention,Seasonal and Occasions,0,0,0,,,0,,,,,,,
bodybuilding meal prep dubai,10,transactional,0,,,10,/fitness-meal-prep-dubai,sub,,False,False,False,False,0,False,partial,medium — SERP looks like another page,no tracked competitor in top 30,0.44,1,write one sentence that says it; merge → /wellness-meal-prep-dubai,Private Chef,1,1,0,,,0,,,,,,,
part time chef dubai,10,informational,7.7,,,10,/full-time-private-chef-dubai,sub,,False,False,False,False,0,False,partial,medium — SERP looks like another page,no tracked competitor in top 30,0.07,1,write one sentence that says it,Private Chef,2,2,0,2,0.75,4,first-party,,,,,,
private chef for family,10,commercial,0,,14,10,/full-time-private-chef-dubai,sub,,False,False,False,False,0,False,partial,medium — SERP looks like another page,"no tracked competitor in top 30, we #19",0.23,1,write one sentence that says it,Private Chef,2,2,0,2,0.75,4,first-party,0,1,0,14,/private-chef-dubai/privacy-security,0.033
grazing platter dubai,10,transactional,0,,,10,/grazing-table-dubai,sub,,False,False,False,False,0,False,partial,medium — SERP looks like another page,no tracked competitor in top 30,0.31,1,write one sentence that says it,Catering,13,19,0,4,1.0,3,first-party,,,,,,
catering event checklist,10,informational,0,,,10,/guides,sub,,False,False,False,False,2,True,none,medium — SERP looks like another page,no tracked competitor in top 30,0.06,6,hold — nothing to do,Blog and Guides,4,4,0,2,1.0,1,first-party,,,,,,
find a private chef,10,transactional,0,,29,10,/how-we-vet-our-chefs,sub,/blog/how-to-hire-a-private-chef-dubai,False,False,False,False,0,False,partial,medium — SERP looks like another page,"no tracked competitor in top 30, we #35",0.18,2,write one sentence that says it; merge → /locations/umm-suqeim,Trust / Utility,1,1,0,2,0.5,2,first-party,0,3,0,28.7,/,0.1
cat food price in dubai,10,commercial,2.9,,,10,/influencer-partnerships,sub,,False,False,False,False,1,False,none,low,no tracked competitor in top 30,,2,a second natural mention,Partners / Recruit,0,0,0,,,0,,,,,,,
dubai food price list,10,commercial,0,33,,10,/influencer-partnerships,sub,,False,False,False,False,1,False,none,low,no tracked competitor in top 30,,2,a second natural mention,Partners / Recruit,0,0,0,,,0,,,,,,,
iftar buffet dubai al barsha,10,informational,0,,,10,/locations/al-barsha,sub,,False,False,False,False,0,False,partial,medium — SERP looks like another page,no tracked competitor in top 30,0.0,1,write one sentence that says it,Locations,3,3,0,0,1.0,1,first-party,,,,,,
iftar buffet dubai jbr,10,transactional,0,,,10,/locations/jbr,sub,,False,False,False,False,1,True,partial,medium — SERP looks like another page,no tracked competitor in top 30,0.0,5,a second natural mention,Locations,4,4,0,2,1.0,3,first-party,,,,,,
iftar buffet dubai jlt,10,transactional,0,,,10,/locations/jlt,sub,,False,False,False,False,0,False,partial,medium — SERP looks like another page,no tracked competitor in top 30,0.0,1,write one sentence that says it,Locations,8,9,0,1,0.5,2,first-party,,,,,,
iftar buffet dubai jumeirah,10,transactional,0,,,10,/locations/jumeirah,sub,,False,False,False,False,0,False,partial,low,no tracked competitor in top 30,,1,write one sentence that says it,Locations,1,1,0,,,0,,,,,,,
dubai cruise dinner booking,10,transactional,0,,,10,/luxury-dinner-planning-guide-dubai,sub,,False,False,False,False,0,False,partial,medium — SERP looks like another page,no tracked competitor in top 30,0.0,1,write one sentence that says it,Blog and Guides,1,1,0,,,0,,,,,,,
foods to cater,10,informational,0,12,,10,/menus,sub,,False,False,False,False,0,False,none,medium — SERP looks like another page,no tracked competitor in top 30,0.0,0,write one sentence that says it,Catering,6,6,0,2,1.0,2,first-party,,,,,,
how much do private chefs charge,10,commercial,0,,,10,/mychef-certified,sub,,False,False,False,False,2,True,partial,low,no tracked competitor in top 30,,7,hold — nothing to do,Trust / Utility,0,0,0,,,0,,,,,,,
mystery dinner dubai,10,informational,0,,,10,/mystery-dining-dubai,sub,,False,False,False,False,0,False,partial,medium — SERP looks like another page,no tracked competitor in top 30,0.0,1,write one sentence that says it,Dining Experiences,0,0,0,,,0,,,,,,,
new years eve catering dubai,10,informational,0,,18,10,/new-year-catering-dubai,sub,/brunch-catering-dubai /christmas-catering-dubai,True,False,False,False,1,False,exact,low,"no tracked competitor in top 30, we #18",0.75,2,a second natural mention; remove it from the heading (subs live in sentences),Seasonal and Occasions,1,1,0,,,0,,,,,,,
looking for chef,10,informational,62.9,,,10,/our-chefs,sub,,False,False,False,False,0,False,none,medium — SERP looks like another page,no tracked competitor in top 30,0.08,0,write one sentence that says it,Private Chef,11,14,1,58,0.444,9,first-party,,,,,,
private chef hire,10,transactional,43.7,,55,10,/our-chefs,sub,/blog/how-to-hire-a-private-chef-dubai,False,False,False,False,0,False,partial,medium — SERP looks like another page,no tracked competitor in top 30,0.38,2,write one sentence that says it; merge → /locations/dubai-marina,Private Chef,11,14,1,58,0.444,9,first-party,0,19,0,54.9,/,0.633
full time private chef,10,commercial,49.7,,37,10,/part-time-private-chef-dubai,sub,/blog/halal-private-dining-dubai-what-to-ask /blog/how-to-hire-a-private-chef-dubai /blog/private-chef-vs-restaurant-dubai /blog/weekly-meal-prep-vs-full-time-chef-dubai /full-time-private-chef-dubai /private-chef-dubai,False,False,False,False,1,False,partial,medium — many bodies say it,"no tracked competitor in top 30, we #30",0.33,4,a second natural mention,Private Chef,0,0,0,2,1.0,3,first-party,0,4,0,37,/,0.133
the private chef,10,informational,0,,28,10,/part-time-private-chef-dubai,sub,/blog/best-private-chef-birthday-dinner-dubai /blog/brunch-at-home-dubai /blog/how-much-does-private-chef-cost-dubai /blog/private-chef-date-night-dubai /blog/private-chef-vs-restaurant-dubai /dubai-food-trends-report-2026,False,False,False,False,0,False,partial,medium — many bodies say it,"no tracked competitor in top 30, we #31",0.45,2,write one sentence that says it,Private Chef,0,0,0,2,1.0,3,first-party,0,2,0,27.5,/,0.067
catering requirements for events,10,informational,0,,,10,/partner-with-us,sub,,False,False,False,False,1,False,partial,medium — SERP looks like another page,no tracked competitor in top 30,0.0,3,a second natural mention,Partners / Recruit,3,3,0,,,0,,,,,,,
catering services list,10,commercial,0.9,,,10,/partner-with-us,sub,,False,False,False,False,1,False,partial,medium — SERP looks like another page,no tracked competitor in top 30,0.0,3,a second natural mention,Partners / Recruit,3,3,0,,,0,,,,,,,
a gala event catering,10,transactional,0,,,10,/partners/event-planners-dubai,sub,,False,False,False,False,0,False,partial,medium — SERP looks like another page,no tracked competitor in top 30,0.0,1,write one sentence that says it,Partners / Recruit,0,0,0,,,0,,,,,,,
yacht chef requirements,10,transactional,0,,,10,/partners/yacht-charters-dubai,sub,,False,False,False,False,0,False,partial,medium — SERP looks like another page,no tracked competitor in top 30,0.0,1,write one sentence that says it,Partners / Recruit,0,0,0,,,0,,,,,,,
private chef dubai monthly,10,commercial,25.9,,24,10,/private-chef-dubai,sub,/part-time-private-chef-dubai,False,False,False,False,0,False,partial,low,,,2,write one sentence that says it,Private Chef,114,355,0,143.3,0.3571,14,ga4,0,16,0,23.5,/private-chef-dubai,0.533
chef middle east llc dubai,10,navigational,3.6,,,10,/private-chef-dubai/how-it-works,sub,,False,False,False,False,0,False,partial,medium — SERP looks like another page,no tracked competitor in top 30,0.0,1,write one sentence that says it,Private Chef,29,47,0,20,0.5,18,first-party,,,,,,
household chef,10,informational,12.7,,34,10,/private-chef-dubai/how-it-works,sub,/birthday-catering-dubai /catering-packages-dubai /cuisines-dubai /engagement-catering-dubai /events /full-time-private-chef-dubai,False,False,False,True,4,False,exact,medium — many bodies say it,"no tracked competitor in top 30, we #29",0.27,4,remove it from the heading (subs live in sentences),Private Chef,29,47,0,20,0.5,18,first-party,0,4,0,33.8,/,0.133
private chef agency,10,commercial,50,,47,10,/private-chef-dubai/how-it-works,sub,,False,False,False,False,0,False,partial,medium — SERP looks like another page,no tracked competitor in top 30,0.08,1,write one sentence that says it,Private Chef,29,47,0,20,0.5,18,first-party,0,3,0,46.7,/,0.1
private chef service,10,commercial,0,,,10,/private-chef-dubai/how-it-works,sub,/blog/how-much-does-private-chef-cost-dubai /blog/iftar-at-home-dubai /blog/private-chef-palm-jumeirah-guide /brunch-catering-dubai /chefs-table-dubai /christmas-catering-dubai,True,False,True,True,2,True,partial,medium — many bodies say it,no tracked competitor in top 30,0.33,5,remove it from the heading (subs live in sentences),Private Chef,29,47,0,20,0.5,18,first-party,,,,,,
private chef services,10,commercial,0,,21,10,/private-chef-dubai/how-it-works,sub,/apartment-private-dining-dubai /birthday-catering-dubai /blog/how-much-does-private-chef-cost-dubai /blog/how-to-hire-a-private-chef-dubai /booking-protection-insurance /catering-dubai,False,False,False,False,0,False,partial,medium — many bodies say it,"no tracked competitor in top 30, we #29",0.22,2,write one sentence that says it,Private Chef,29,47,0,20,0.5,18,first-party,0,3,0,21,/,0.1
how much is a private chef in dubai,10,commercial,0,,31,10,/private-chef-dubai/pricing,sub,/private-chef-prices-dubai,False,False,False,False,2,True,partial,medium — SERP looks like another page,"no tracked competitor in top 30, we #31",0.44,8,merge → /blog/how-much-does-private-chef-cost-dubai,Private Chef,32,39,1,0.0,1,1,ga4,,,,,,
private chef for dinner party,10,transactional,91.1,,,10,/private-chef-dubai/pricing,sub,,False,False,False,False,1,True,partial,medium — SERP looks like another page,no tracked competitor in top 30,0.22,5,a second natural mention,Private Chef,32,39,1,0.0,1,1,ga4,,,,,,
personal chef vs private chef,10,commercial,0,29,,10,/private-chef-vs-catering-dubai,sub,,False,False,False,False,1,False,partial,medium — SERP looks like another page,no tracked competitor in top 30,0.0,3,a second natural mention,Blog and Guides,1,1,0,,,0,,,,,,,
gulf catering company uae,10,commercial,0,,,10,/quality-guarantee-dubai,sub,,False,False,False,False,1,False,partial,medium — SERP looks like another page,no tracked competitor in top 30,0.0,3,a second natural mention,Trust / Utility,0,0,0,,,0,,,,,,,
ramadan buffet catering,10,commercial,0,,,10,/ramadan-catering-dubai,sub,,False,False,False,False,0,False,partial,medium — SERP looks like another page,no tracked competitor in top 30,0.38,1,write one sentence that says it,Seasonal and Occasions,0,0,0,,,0,,,,,,,
ramadan catering menu,10,commercial,0,,,10,/ramadan-catering-guide-dubai,sub,/ramadan-catering-dubai,False,False,False,False,0,False,partial,medium — SERP looks like another page,no tracked competitor in top 30,0.29,2,write one sentence that says it,Blog and Guides,1,1,0,,,0,,,,,,,
private dining for two dubai,10,transactional,0,34,31,10,/romantic-dinner-dubai,sub,,False,False,False,False,2,False,partial,medium — SERP looks like another page,no tracked competitor in top 30,0.0,5,merge → /luxury-dining-experiences,Dining Experiences,3,3,0,13,1.0,3,first-party,0,4,0,31,/luxury-dining-experiences,0.133
private dinner for two dubai,10,transactional,0,,,10,/romantic-dinner-dubai,sub,,False,False,False,False,2,False,partial,medium — SERP looks like another page,no tracked competitor in top 30,0.15,5,hold — nothing to do,Dining Experiences,3,3,0,13,1.0,3,first-party,,,,,,
romantic dinner dubai beach,10,transactional,0,,,10,/romantic-dinner-dubai,sub,,False,False,False,False,2,False,partial,medium — SERP looks like another page,no tracked competitor in top 30,0.0,5,hold — nothing to do,Dining Experiences,3,3,0,13,1.0,3,first-party,,,,,,
new years day catering,10,commercial,0,,16,10,/uae-national-day-catering-dubai,sub,,False,False,False,False,0,False,none,medium — SERP looks like another page,"no tracked competitor in top 30, we #20",0.0,0,write one sentence that says it,Seasonal and Occasions,0,0,0,,,0,,0,1,0,16,/new-year-catering-dubai,0.033
dubai self catering holidays,10,commercial,0,,,10,/villa-catering-ideas-dubai,sub,,False,False,False,False,0,False,partial,medium — SERP looks like another page,no tracked competitor in top 30,0.0,1,write one sentence that says it,Blog and Guides,0,0,0,,,0,,,,,,,
checklist for catering event,10,transactional,0,,,10,/wedding-catering-checklist-dubai,sub,,False,False,False,False,0,False,partial,medium — SERP looks like another page,no tracked competitor in top 30,0.0,1,write one sentence that says it,Blog and Guides,3,6,0,,,0,,,,,,,
when to book caterer for wedding,10,commercial,0,,,10,/wedding-catering-dubai,sub,,False,False,False,False,1,True,partial,medium — SERP looks like another page,no tracked competitor in top 30,0.0,5,a second natural mention,Catering,5,8,0,111.0,0,1,ga4,,,,,,
catering menu dubai,10,transactional,7.2,,,10,/wedding-catering-menu-planning-dubai,sub,/afternoon-tea-catering-dubai /allergy-safe-catering-dubai /arabic-catering-dubai /baby-shower-catering-dubai /bar-services-dubai /bbq-catering-dubai,False,False,True,False,1,False,partial,medium — many bodies say it,no tracked competitor in top 30,0.0,1,a second natural mention; remove it from the heading (subs live in sentences),Blog and Guides,1,1,0,,1.0,2,first-party,,,,,,
healthy food chef,10,commercial,0,,,10,/wellness-meal-prep-dubai,sub,,False,False,False,False,0,False,none,medium — SERP looks like another page,no tracked competitor in top 30,0.0,0,write one sentence that says it,Private Chef,6,11,0,16,0.429,7,first-party,,,,,,
monthly healthy meal plan dubai for weight loss,10,commercial,33.3,,,10,/wellness-meal-prep-dubai,sub,,False,False,False,False,0,False,partial,low,no tracked competitor in top 30,0.5,1,write one sentence that says it,Private Chef,6,11,0,16,0.429,7,first-party,,,,,,
catering service checklist,10,informational,0,,,10,/yacht-catering-checklist-dubai,sub,,False,False,False,False,1,False,partial,medium — SERP looks like another page,no tracked competitor in top 30,0.0,3,a second natural mention,Blog and Guides,0,0,0,,,0,,,,,,,
yacht food ideas,10,informational,0,,,10,/yacht-catering-guide-dubai,sub,,False,False,False,False,1,False,partial,low,no tracked competitor in top 30,,3,a second natural mention,Blog and Guides,1,1,0,,,0,,,,,,,
yacht party food ideas,10,informational,0,,,10,/yacht-catering-guide-dubai,sub,/blog/yacht-party-menu-ideas-dubai,False,False,False,False,1,False,partial,low,no tracked competitor in top 30,,4,a second natural mention,Blog and Guides,1,1,0,,,0,,,,,,,
mychef dubai,0,navigational,0,,1,10,/,primary,/about /arabic-catering-dubai /asian-catering-dubai /baby-shower-catering-dubai /bar-services-dubai /bbq-catering-dubai,True,False,True,True,1,False,partial,high — used in other pages' headings,"no tracked competitor in top 30, we #1",1.0,6,"no measured UAE demand, but the page gets visits — check the phrasing against what they search; say it in the meta description; use it at least twice in the body; answer a FAQ that contains it; get an inbound link with this anchor; remove it from 44 other page(s)' headings",Brand / Homepage,304,537,6,584.3,0,12,ga4,,,,,,
fine dining at home dubai,0,commercial,0,,32,20,/,sub,/halal-private-dining-dubai,False,False,False,False,1,False,partial,medium — SERP looks like another page,"no tracked competitor in top 30, we #32",0.0,4,a second natural mention; merge → /apartment-private-dining-dubai,Brand / Homepage,304,537,6,584.3,0,12,ga4,,,,,,
my chef dubai,0,,0,,,20,/,sub,,False,False,False,False,0,False,partial,low,,,1,write one sentence that says it,Brand / Homepage,304,537,6,584.3,0,12,ga4,,,,,,
private chef company dubai,0,commercial,0,,22,10,/about,primary,,True,True,True,False,2,False,none,low,"no tracked competitor in top 30, we #22",1.0,7,"no measured UAE demand, but the page gets visits — check the phrasing against what they search; one H2 carries it; answer a FAQ that contains it; get an inbound link with this anchor",Brand / Homepage,30,51,0,2,0.833,6,first-party,,,,,,
about mychef dubai,0,navigational,0,,2,10,/about,sub,,False,False,False,False,0,False,partial,medium — SERP looks like another page,"no tracked competitor in top 30, we #2",0.0,1,write one sentence that says it,Brand / Homepage,30,51,0,2,0.833,6,first-party,,,,,,
luxury catering company dubai,0,commercial,0,,,20,/about,sub,,False,False,False,False,1,False,none,medium — SERP looks like another page,no tracked competitor in top 30,0.0,2,a second natural mention,Brand / Homepage,30,51,0,2,0.833,6,first-party,,,,,,
personal chef services availability in dubai,0,commercial,0,,,20,/about,sub,,False,False,False,False,0,False,none,medium — SERP looks like another page,no tracked competitor in top 30,0.33,0,write one sentence that says it; merge → /apartment-private-dining-dubai,Brand / Homepage,30,51,0,2,0.833,6,first-party,,,,,,
personal chef services on offer in dubai,0,commercial,0,,,20,/about,sub,,False,False,False,False,1,False,none,medium — SERP looks like another page,no tracked competitor in top 30,0.38,2,a second natural mention; merge → /private-chef-dubai/how-it-works,Brand / Homepage,30,51,0,2,0.833,6,first-party,,,,,,
private chef agency dubai,0,commercial,0,,,20,/about,sub,,False,False,False,False,0,False,none,medium — SERP looks like another page,no tracked competitor in top 30,0.33,0,write one sentence that says it; merge → /locations/dubai-hills,Brand / Homepage,30,51,0,2,0.833,6,first-party,,,,,,
top personal chef services provider in dubai,0,commercial,0,,,20,/about,sub,,False,False,False,False,1,False,none,medium — SERP looks like another page,no tracked competitor in top 30,0.33,2,a second natural mention; merge → /our-chefs,Brand / Homepage,30,51,0,2,0.833,6,first-party,,,,,,
afternoon tea catering dubai,0,commercial,0,,9,20,/afternoon-tea-catering-dubai,primary,,True,True,True,True,6,True,partial,low,no tracked competitor in top 30,1.0,9,"no measured UAE demand, but the page gets visits — check the phrasing against what they search; get an inbound link with this anchor",Private Events,1,1,0,,,0,,0,3,0,8.7,/afternoon-tea-catering-dubai,
afternoon tea at home dubai,0,transactional,0,,,20,/afternoon-tea-catering-dubai,sub,,False,False,False,False,1,True,partial,medium — SERP looks like another page,no tracked competitor in top 30,0.0,5,a second natural mention,Private Events,1,1,0,,,0,,,,,,,
afternoon tea caterers near me,0,,0,,,20,/afternoon-tea-catering-dubai,sub,,False,False,False,False,1,False,partial,low,,,3,a second natural mention,Private Events,1,1,0,,,0,,,,,,,
afternoon tea catering dubai price,0,commercial,0,,,20,/afternoon-tea-catering-dubai,sub,,False,False,False,False,1,False,partial,medium — SERP looks like another page,no tracked competitor in top 30,0.25,3,a second natural mention,Private Events,1,1,0,,,0,,,,,,,
afternoon tea catering menu dubai,0,transactional,0,,,20,/afternoon-tea-catering-dubai,sub,,False,False,False,False,1,False,partial,medium — SERP looks like another page,no tracked competitor in top 30,0.25,3,a second natural mention,Private Events,1,1,0,,,0,,,,,,,
afternoon tea catering packages dubai,0,commercial,0,,18,10,/afternoon-tea-catering-dubai,sub,,False,False,False,False,1,False,partial,medium — SERP looks like another page,"no tracked competitor in top 30, we #18",0.36,3,a second natural mention,Private Events,1,1,0,,,0,,,,,,,
afternoon tea catering price per person dubai,0,commercial,0,,,20,/afternoon-tea-catering-dubai,sub,,False,False,False,False,1,False,partial,medium — SERP looks like another page,no tracked competitor in top 30,0.23,3,a second natural mention,Private Events,1,1,0,,,0,,,,,,,
afternoon tea grazing table,0,,0,,,20,/afternoon-tea-catering-dubai,sub,,False,False,False,False,0,False,partial,low,,,1,write one sentence that says it,Private Events,1,1,0,,,0,,,,,,,
best afternoon tea catering dubai,0,commercial,0,,,20,/afternoon-tea-catering-dubai,sub,,False,False,False,False,1,False,partial,medium — SERP looks like another page,no tracked competitor in top 30,0.07,3,a second natural mention,Private Events,1,1,0,,,0,,,,,,,
best afternoon tea dubai,0,,0,,,20,/afternoon-tea-catering-dubai,sub,,False,False,False,False,1,False,partial,low,,,3,a second natural mention,Private Events,1,1,0,,,0,,,,,,,
birthday afternoon tea dubai,0,,0,,,20,/afternoon-tea-catering-dubai,sub,,False,False,False,False,1,False,partial,low,,,3,a second natural mention,Private Events,1,1,0,,,0,,,,,,,
halal afternoon tea catering dubai,0,commercial,0,,,20,/afternoon-tea-catering-dubai,sub,,False,False,False,False,1,False,partial,low,,,3,a second natural mention,Private Events,1,1,0,,,0,,,,,,,
high tea catering dubai,0,commercial,0,,,20,/afternoon-tea-catering-dubai,sub,,False,False,False,False,0,False,partial,medium — SERP looks like another page,no tracked competitor in top 30,0.23,1,write one sentence that says it,Private Events,1,1,0,,,0,,,,,,,
allergy safe catering dubai,0,commercial,0,,2,10,/allergy-safe-catering-dubai,primary,/kids-nutrition-chef-dubai /mediterranean-catering-dubai,True,True,True,True,5,True,exact,low,"no tracked competitor in top 30, we #2",1.0,10,"no measured UAE demand, but the page gets visits — check the phrasing against what they search",Cuisines and Dietary,3,3,0,65,0.0,1,first-party,,,,,,
allergy safe catering cost per person dubai,0,commercial,0,,2,10,/allergy-safe-catering-dubai,sub,,False,False,False,False,1,False,partial,medium — SERP looks like another page,"no tracked competitor in top 30, we #2",0.17,3,a second natural mention,Cuisines and Dietary,3,3,0,65,0.0,1,first-party,,,,,,
allergy safe catering dubai price,0,commercial,0,,,20,/allergy-safe-catering-dubai,sub,,False,False,False,False,1,False,partial,medium — SERP looks like another page,no tracked competitor in top 30,0.08,3,a second natural mention,Cuisines and Dietary,3,3,0,65,0.0,1,first-party,,,,,,
allergy safe catering menu dubai,0,informational,0,,2,10,/allergy-safe-catering-dubai,sub,,False,False,False,False,1,False,partial,medium — SERP looks like another page,"no tracked competitor in top 30, we #2",0.36,3,a second natural mention,Cuisines and Dietary,3,3,0,65,0.0,1,first-party,,,,,,
allergy safe catering packages dubai,0,commercial,0,,1,10,/allergy-safe-catering-dubai,sub,,False,False,False,False,1,False,partial,medium — SERP looks like another page,"no tracked competitor in top 30, we #1",0.3,3,a second natural mention,Cuisines and Dietary,3,3,0,65,0.0,1,first-party,,,,,,
best allergy safe catering dubai,0,commercial,0,,2,10,/allergy-safe-catering-dubai,sub,,False,False,False,False,1,False,partial,low,"no tracked competitor in top 30, we #2",0.71,3,a second natural mention,Cuisines and Dietary,3,3,0,65,0.0,1,first-party,,,,,,
catering for guests with food allergies dubai,0,commercial,0,,2,10,/allergy-safe-catering-dubai,sub,,False,False,False,False,1,False,partial,low,"no tracked competitor in top 30, we #2",0.57,3,a second natural mention,Cuisines and Dietary,3,3,0,65,0.0,1,first-party,,,,,,
catering services availability in dubai,0,,0,,,20,/allergy-safe-catering-dubai,sub,,False,False,False,False,0,False,partial,low,,,1,write one sentence that says it,Cuisines and Dietary,3,3,0,65,0.0,1,first-party,,,,,,
event catering,0,,0,,39,20,/allergy-safe-catering-dubai,sub,/apartment-private-dining-dubai /arabic-catering-dubai /birthday-catering-dubai /blog /blog/corporate-catering-full-service-vs-drop-off /blog/corporate-event-catering-ideas-dubai,False,False,False,False,1,False,partial,medium — many bodies say it,,,4,"a second natural mention; Google ranks /blog/corporate-event-catering-ideas-dubai for this, not the owner — move the keyword or the content",Cuisines and Dietary,3,3,0,65,0.0,1,first-party,0,23,0,38.9,/blog/corporate-event-catering-ideas-dubai,
food safety in dubai,0,,0,,,20,/allergy-safe-catering-dubai,sub,/blog/brunch-at-home-dubai /blog/how-far-ahead-book-caterer-dubai /blog/how-to-hire-a-private-chef-dubai,False,False,False,False,0,False,none,low,,,1,write one sentence that says it,Cuisines and Dietary,3,3,0,65,0.0,1,first-party,,,,,,
most reliable catering in dubai,0,,0,,,20,/allergy-safe-catering-dubai,sub,,False,False,False,False,0,False,partial,low,,,1,write one sentence that says it,Cuisines and Dietary,3,3,0,65,0.0,1,first-party,,,,,,
private chef for apartment dubai,0,transactional,0,,,20,/apartment-private-dining-dubai,primary,,True,True,True,True,3,True,partial,low,no tracked competitor in top 30,1.0,9,no measured UAE demand for this primary — re-target it or merge the page; get an inbound link with this anchor,Dining Experiences,0,0,0,,,0,,,,,,,
apartment dinner party dubai,0,transactional,0,,,20,/apartment-private-dining-dubai,sub,,False,False,False,False,1,False,partial,medium — SERP looks like another page,no tracked competitor in top 30,0.0,3,a second natural mention,Dining Experiences,0,0,0,,,0,,,,,,,
apartment private dining packages dubai,0,commercial,0,,,20,/apartment-private-dining-dubai,sub,,False,False,False,False,1,False,partial,medium — SERP looks like another page,no tracked competitor in top 30,0.0,3,a second natural mention,Dining Experiences,0,0,0,,,0,,,,,,,
best private chef for apartment dubai,0,commercial,0,,,20,/apartment-private-dining-dubai,sub,,False,False,False,False,1,False,partial,low,no tracked competitor in top 30,0.71,3,a second natural mention,Dining Experiences,0,0,0,,,0,,,,,,,
personal chef availability in dubai,0,commercial,0,,,20,/apartment-private-dining-dubai,sub,,False,False,False,False,0,False,none,low,no tracked competitor in top 30,0.71,0,write one sentence that says it,Dining Experiences,0,0,0,,,0,,,,,,,
private chef apartment dubai price,0,commercial,0,,21,10,/apartment-private-dining-dubai,sub,,False,False,False,False,1,False,partial,medium — SERP looks like another page,"no tracked competitor in top 30, we #21",0.0,3,a second natural mention,Dining Experiences,0,0,0,,,0,,,,,,,
private dining chef,0,,0,,29,10,/apartment-private-dining-dubai,sub,/blog/private-chef-palm-jumeirah-guide /locations/bluewaters-island,False,False,False,False,0,False,partial,medium — SERP looks like another page,"no tracked competitor in top 30, we #24",0.09,2,"write one sentence that says it; Google ranks / for this, not the owner — move the keyword or the content",Dining Experiences,0,0,0,,,0,,0,55,0,29.3,/,
arabian ranches dining,0,,0,,,20,/arabic-catering-dubai,sub,,False,False,False,False,0,False,none,low,,,0,write one sentence that says it,Cuisines and Dietary,8,9,0,,,0,,,,,,,
arabic catering cost per person dubai,0,commercial,0,,34,20,/arabic-catering-dubai,sub,,False,False,False,False,1,False,partial,medium — SERP looks like another page,"no tracked competitor in top 30, we #34",0.14,3,a second natural mention,Cuisines and Dietary,8,9,0,,,0,,,,,,,
arabic catering dubai price,0,commercial,0,,,20,/arabic-catering-dubai,sub,,False,False,False,False,1,False,partial,medium — SERP looks like another page,no tracked competitor in top 30,0.36,3,a second natural mention,Cuisines and Dietary,8,9,0,,,0,,,,,,,
arabic catering menu dubai,0,transactional,0,,,20,/arabic-catering-dubai,sub,,False,False,False,False,1,False,partial,medium — SERP looks like another page,no tracked competitor in top 30,0.42,3,a second natural mention,Cuisines and Dietary,8,9,0,,,0,,,,,,,
arabic catering packages dubai,0,commercial,0,,,20,/arabic-catering-dubai,sub,,False,False,False,False,1,False,partial,medium — SERP looks like another page,no tracked competitor in top 30,0.42,3,a second natural mention,Cuisines and Dietary,8,9,0,,,0,,,,,,,
best arabic catering dubai,0,commercial,0,,,20,/arabic-catering-dubai,sub,,False,False,False,False,1,False,partial,medium — SERP looks like another page,no tracked competitor in top 30,0.45,3,a second natural mention,Cuisines and Dietary,8,9,0,,,0,,,,,,,
catering arabic food dubai,0,,0,,,20,/arabic-catering-dubai,sub,,False,False,False,False,0,False,partial,low,,,1,write one sentence that says it,Cuisines and Dietary,8,9,0,,,0,,,,,,,
corporate catering,0,,0,,40,20,/arabic-catering-dubai,sub,/become-a-mychef /best-catering-companies-dubai /blog /blog/corporate-catering-full-service-vs-drop-off /blog/corporate-event-catering-ideas-dubai /brand-activation-catering-dubai,False,False,False,False,1,True,partial,medium — many bodies say it,,,6,"a second natural mention; Google ranks /corporate-catering-checklist-dubai for this, not the owner — move the keyword or the content",Cuisines and Dietary,8,9,0,,,0,,0,282,0,39.9,/corporate-catering-checklist-dubai,
mezze catering dubai,0,transactional,0,,,20,/arabic-catering-dubai,sub,,False,False,False,False,0,False,partial,medium — SERP looks like another page,no tracked competitor in top 30,0.06,1,write one sentence that says it,Cuisines and Dietary,8,9,0,,,0,,,,,,,
middle eastern catering dubai,0,commercial,0,,,20,/arabic-catering-dubai,sub,,False,False,False,False,0,False,partial,medium — SERP looks like another page,no tracked competitor in top 30,0.21,1,write one sentence that says it,Cuisines and Dietary,8,9,0,,,0,,,,,,,
asian catering dubai,0,commercial,0,,,20,/asian-catering-dubai,primary,,True,True,True,False,2,False,none,low,no tracked competitor in top 30,1.0,7,"no measured UAE demand, but the page gets visits — check the phrasing against what they search; one H2 carries it; answer a FAQ that contains it; get an inbound link with this anchor",Cuisines and Dietary,1,1,0,,,0,,,,,,,
asian catering cost per person dubai,0,commercial,0,,,20,/asian-catering-dubai,sub,,False,False,False,False,0,False,none,medium — SERP looks like another page,no tracked competitor in top 30,0.15,0,write one sentence that says it,Cuisines and Dietary,1,1,0,,,0,,,,,,,
asian catering dubai price,0,commercial,0,,,20,/asian-catering-dubai,sub,,False,False,False,False,0,False,none,medium — SERP looks like another page,no tracked competitor in top 30,0.21,0,write one sentence that says it,Cuisines and Dietary,1,1,0,,,0,,,,,,,
asian catering menu dubai,0,transactional,0,,,20,/asian-catering-dubai,sub,,False,False,False,False,0,False,none,medium — SERP looks like another page,no tracked competitor in top 30,0.38,0,write one sentence that says it,Cuisines and Dietary,1,1,0,,,0,,,,,,,
asian catering packages dubai,0,commercial,0,,,20,/asian-catering-dubai,sub,,False,False,False,False,0,False,none,medium — SERP looks like another page,no tracked competitor in top 30,0.36,0,write one sentence that says it,Cuisines and Dietary,1,1,0,,,0,,,,,,,
bbq catering in dubai,0,,0,,,20,/asian-catering-dubai,sub,/bbq-catering-dubai /blog/nye-party-catering-dubai /private-party-catering-dubai,False,False,False,False,0,False,none,low,,,1,write one sentence that says it,Cuisines and Dietary,1,1,0,,,0,,,,,,,
best asian catering dubai,0,commercial,0,,,20,/asian-catering-dubai,sub,,False,False,False,False,0,False,none,medium — SERP looks like another page,no tracked competitor in top 30,0.25,0,write one sentence that says it,Cuisines and Dietary,1,1,0,,,0,,,,,,,
birthday catering in dubai,0,,0,,,20,/asian-catering-dubai,sub,/birthday-catering-dubai /catering-dubai /events /private-party-catering-dubai,False,False,False,False,0,False,none,low,,,1,write one sentence that says it,Cuisines and Dietary,1,1,0,,,0,,,,,,,
chinese catering dubai,0,commercial,0,,,20,/asian-catering-dubai,sub,,False,False,False,False,0,False,none,medium — SERP looks like another page,no tracked competitor in top 30,0.15,0,write one sentence that says it,Cuisines and Dietary,1,1,0,,,0,,,,,,,
halal asian catering dubai,0,commercial,0,,,20,/asian-catering-dubai,sub,,False,False,False,False,0,False,none,medium — SERP looks like another page,no tracked competitor in top 30,0.25,0,write one sentence that says it,Cuisines and Dietary,1,1,0,,,0,,,,,,,
pan asian catering dubai,0,commercial,0,,,20,/asian-catering-dubai,sub,,False,False,False,False,0,False,none,medium — SERP looks like another page,no tracked competitor in top 30,0.14,0,write one sentence that says it,Cuisines and Dietary,1,1,0,,,0,,,,,,,
baby shower catering dubai,0,commercial,0,,57,20,/baby-shower-catering-dubai,primary,,True,True,True,True,5,True,partial,low,no tracked competitor in top 30,1.0,9,"no measured UAE demand, but the page gets visits — check the phrasing against what they search; get an inbound link with this anchor",Private Events,1,1,0,,,0,,0,16,0,57.4,/baby-shower-catering-dubai,
baby shower caterers near me,0,,0,,,20,/baby-shower-catering-dubai,sub,,False,False,False,False,1,False,partial,low,,,3,a second natural mention,Private Events,1,1,0,,,0,,,,,,,
baby shower catering cost per person dubai,0,commercial,0,,,20,/baby-shower-catering-dubai,sub,,False,False,False,False,1,False,partial,medium — SERP looks like another page,no tracked competitor in top 30,0.2,3,a second natural mention,Private Events,1,1,0,,,0,,,,,,,
baby shower catering dubai price,0,commercial,0,,,20,/baby-shower-catering-dubai,sub,,False,False,False,False,1,False,partial,medium — SERP looks like another page,no tracked competitor in top 30,0.43,3,a second natural mention,Private Events,1,1,0,,,0,,,,,,,
baby shower catering menu dubai,0,commercial,0,,,20,/baby-shower-catering-dubai,sub,,False,False,False,False,1,False,partial,low,no tracked competitor in top 30,0.83,3,a second natural mention,Private Events,1,1,0,,,0,,,,,,,
baby shower catering packages dubai,0,commercial,0,,,20,/baby-shower-catering-dubai,sub,,False,False,False,False,1,False,partial,low,no tracked competitor in top 30,0.62,3,a second natural mention,Private Events,1,1,0,,,0,,,,,,,
baby shower food and drinks catering,0,commercial,0,,,20,/baby-shower-catering-dubai,sub,,False,False,False,False,3,True,partial,medium — SERP looks like another page,no tracked competitor in top 30,0.22,7,hold — nothing to do,Private Events,1,1,0,,,0,,,,,,,
baby shower food dubai,0,,0,,,20,/baby-shower-catering-dubai,sub,,False,False,False,False,1,False,partial,low,,,3,a second natural mention,Private Events,1,1,0,,,0,,,,,,,
baby shower grazing table dubai,0,transactional,0,,,20,/baby-shower-catering-dubai,sub,,False,False,False,False,1,False,partial,medium — SERP looks like another page,no tracked competitor in top 30,0.0,3,a second natural mention,Private Events,1,1,0,,,0,,,,,,,
best baby shower catering dubai,0,commercial,0,,,20,/baby-shower-catering-dubai,sub,,False,False,False,False,1,False,partial,low,,,3,a second natural mention,Private Events,1,1,0,,,0,,,,,,,
halal baby shower catering dubai,0,commercial,0,,,20,/baby-shower-catering-dubai,sub,,False,False,False,False,1,False,partial,medium — SERP looks like another page,no tracked competitor in top 30,0.38,3,a second natural mention,Private Events,1,1,0,,,0,,,,,,,
small party catering in dubai,0,,0,,88,20,/baby-shower-catering-dubai,sub,,False,False,False,False,1,False,partial,low,,,3,a second natural mention,Private Events,1,1,0,,,0,,0,1,0,88,/private-party-catering-dubai,
bar services dubai,0,commercial,0,,,20,/bar-services-dubai,primary,/faq,True,True,True,True,3,True,partial,low,no tracked competitor in top 30,1.0,9,no measured UAE demand for this primary — re-target it or merge the page; get an inbound link with this anchor,Catering,0,0,0,2,1.0,1,first-party,,,,,,
bar hire packages dubai,0,commercial,0,,,20,/bar-services-dubai,sub,,False,False,False,False,1,False,partial,medium — SERP looks like another page,no tracked competitor in top 30,0.33,3,a second natural mention,Catering,0,0,0,2,1.0,1,first-party,,,,,,
bartender for birthday party dubai,0,,0,,,20,/bar-services-dubai,sub,,False,False,False,False,1,False,none,low,,,2,a second natural mention,Catering,0,0,0,2,1.0,1,first-party,,,,,,
bartender hire dubai,0,transactional,0,,,20,/bar-services-dubai,sub,,False,False,False,False,1,False,none,medium — SERP looks like another page,no tracked competitor in top 30,0.27,2,a second natural mention,Catering,0,0,0,2,1.0,1,first-party,,,,,,
event bartender dubai,0,informational,0,,,20,/bar-services-dubai,sub,,False,False,False,False,1,False,none,medium — SERP looks like another page,no tracked competitor in top 30,0.18,2,a second natural mention,Catering,0,0,0,2,1.0,1,first-party,,,,,,
mobile bar hire dubai price,0,commercial,0,,,20,/bar-services-dubai,sub,,False,False,False,False,1,False,partial,medium — SERP looks like another page,no tracked competitor in top 30,0.2,3,a second natural mention,Catering,0,0,0,2,1.0,1,first-party,,,,,,
mocktail bar birthday party dubai,0,transactional,0,,9,10,/bar-services-dubai,sub,,False,False,False,False,1,False,partial,medium — SERP looks like another page,"no tracked competitor in top 30, we #9",0.0,3,a second natural mention,Catering,0,0,0,2,1.0,1,first-party,,,,,,
mocktail bar catering menu dubai,0,transactional,0,,,20,/bar-services-dubai,sub,,False,False,False,False,1,False,partial,medium — SERP looks like another page,no tracked competitor in top 30,0.15,3,a second natural mention,Catering,0,0,0,2,1.0,1,first-party,,,,,,
mocktail bar catering price per person dubai,0,commercial,0,,3,10,/bar-services-dubai,sub,,False,False,False,False,1,False,partial,medium — SERP looks like another page,"no tracked competitor in top 30, we #3",0.09,3,a second natural mention,Catering,0,0,0,2,1.0,1,first-party,,,,,,
mocktail bar dubai,0,navigational,0,,,20,/bar-services-dubai,sub,,False,False,False,False,0,False,partial,medium — SERP looks like another page,no tracked competitor in top 30,0.0,1,write one sentence that says it,Catering,0,0,0,2,1.0,1,first-party,,,,,,
mocktail station dubai,0,,0,,,20,/bar-services-dubai,sub,,False,False,False,False,0,False,partial,low,,,1,write one sentence that says it,Catering,0,0,0,2,1.0,1,first-party,,,,,,
oyster bar catering price per person dubai,0,,0,,,20,/bar-services-dubai,sub,,False,False,False,False,1,False,partial,low,,,3,a second natural mention,Catering,0,0,0,2,1.0,1,first-party,,,,,,
bbq catering dubai price,0,commercial,0,,23,10,/bbq-catering-dubai,sub,,False,False,False,False,1,False,partial,medium — SERP looks like another page,"no tracked competitor in top 30, we #23",0.33,3,a second natural mention,Catering,6,7,0,52.0,0,1,ga4,,,,,,
bbq catering menu dubai,0,transactional,0,,30,10,/bbq-catering-dubai,sub,,False,False,False,False,1,False,partial,medium — SERP looks like another page,"no tracked competitor in top 30, we #30",0.33,3,a second natural mention,Catering,6,7,0,52.0,0,1,ga4,,,,,,
bbq catering packages dubai,0,commercial,0,,,20,/bbq-catering-dubai,sub,,False,False,False,False,1,False,partial,low,no tracked competitor in top 30,0.5,3,a second natural mention,Catering,6,7,0,52.0,0,1,ga4,,,,,,
bbq catering price per person dubai,0,commercial,0,,17,10,/bbq-catering-dubai,sub,,False,False,False,False,1,False,partial,medium — SERP looks like another page,"no tracked competitor in top 30, we #17",0.2,3,a second natural mention,Catering,6,7,0,52.0,0,1,ga4,,,,,,
bbq chef at home dubai,0,transactional,0,,,20,/bbq-catering-dubai,sub,,False,False,False,False,1,False,partial,medium — SERP looks like another page,no tracked competitor in top 30,0.17,3,a second natural mention,Catering,6,7,0,52.0,0,1,ga4,,,,,,
best bbq catering dubai,0,commercial,0,,,20,/bbq-catering-dubai,sub,,False,False,False,False,1,False,partial,medium — SERP looks like another page,no tracked competitor in top 30,0.38,3,a second natural mention,Catering,6,7,0,52.0,0,1,ga4,,,,,,
desert bbq catering dubai,0,,0,,,20,/bbq-catering-dubai,sub,,False,False,False,False,1,False,partial,low,,,3,a second natural mention,Catering,6,7,0,52.0,0,1,ga4,,,,,,
halal bbq catering dubai,0,commercial,0,,24,10,/bbq-catering-dubai,sub,,False,False,False,False,1,False,partial,medium — SERP looks like another page,"no tracked competitor in top 30, we #24",0.44,3,a second natural mention,Catering,6,7,0,52.0,0,1,ga4,,,,,,
home bbq catering dubai,0,,0,,,20,/bbq-catering-dubai,sub,,False,False,False,False,0,False,partial,low,,,1,write one sentence that says it,Catering,6,7,0,52.0,0,1,ga4,,,,,,
outdoor bbq catering dubai,0,,0,,,20,/bbq-catering-dubai,sub,,False,False,False,False,0,False,partial,low,,,1,write one sentence that says it,Catering,6,7,0,52.0,0,1,ga4,,,,,,
villa bbq catering dubai,0,commercial,0,,18,10,/bbq-catering-dubai,sub,,False,False,False,False,1,False,partial,medium — SERP looks like another page,"no tracked competitor in top 30, we #12",0.45,3,a second natural mention,Catering,6,7,0,52.0,0,1,ga4,0,24,0,18.3,/bbq-catering-dubai,
become a private chef in dubai,0,transactional,0,,,20,/become-a-mychef,sub,,False,False,False,False,0,False,partial,medium — SERP looks like another page,no tracked competitor in top 30,0.07,1,write one sentence that says it; merge → /locations/jbr,Partners / Recruit,2,2,0,,,0,,,,,,,
freelance chef work dubai,0,transactional,0,,,20,/become-a-mychef,sub,,False,False,False,False,0,False,partial,medium — SERP looks like another page,no tracked competitor in top 30,0.42,1,drop — off-intent,Partners / Recruit,2,2,0,,,0,,,,,,,
private chef vacancies dubai,0,transactional,0,,,20,/become-a-mychef,sub,,False,False,False,False,0,False,partial,low,no tracked competitor in top 30,0.6,1,write one sentence that says it,Partners / Recruit,2,2,0,,,0,,,,,,,
work as a private chef dubai,0,transactional,0,,,20,/become-a-mychef,sub,,False,False,False,False,0,False,partial,medium — SERP looks like another page,no tracked competitor in top 30,0.33,1,write one sentence that says it,Partners / Recruit,2,2,0,,,0,,,,,,,
birthday catering company dubai,0,,0,,,20,/best-catering-companies-dubai,sub,,False,False,False,False,1,False,partial,low,,,3,a second natural mention,Catering,0,0,0,,1.0,1,first-party,,,,,,
food catering company dubai,0,,0,,,20,/best-catering-companies-dubai,sub,,False,False,False,False,1,False,partial,low,,,3,a second natural mention,Catering,0,0,0,,1.0,1,first-party,,,,,,
adult birthday catering dubai,0,,0,,,20,/birthday-catering-dubai,sub,,False,False,False,False,0,False,partial,low,,,1,write one sentence that says it,Private Events,12,14,0,9,0.333,3,first-party,,,,,,
allergy aware birthday catering dubai,0,,0,,,20,/birthday-catering-dubai,sub,,False,False,False,False,0,False,partial,low,,,1,write one sentence that says it,Private Events,12,14,0,9,0.333,3,first-party,,,,,,
bespoke birthday catering dubai,0,,0,,,20,/birthday-catering-dubai,sub,,False,False,False,False,0,False,partial,low,,,1,write one sentence that says it,Private Events,12,14,0,9,0.333,3,first-party,,,,,,
best birthday catering dubai,0,commercial,0,,,20,/birthday-catering-dubai,sub,,False,False,False,False,0,False,partial,medium — SERP looks like another page,no tracked competitor in top 30,0.3,1,write one sentence that says it,Private Events,12,14,0,9,0.333,3,first-party,,,,,,
birthday catering cost per person dubai,0,commercial,0,,22,10,/birthday-catering-dubai,sub,,False,False,False,False,0,False,partial,medium — SERP looks like another page,"no tracked competitor in top 30, we #22",0.09,1,write one sentence that says it,Private Events,12,14,0,9,0.333,3,first-party,,,,,,
birthday catering dubai for adults,0,,0,,,20,/birthday-catering-dubai,sub,,False,False,False,False,0,False,partial,low,,,1,write one sentence that says it,Private Events,12,14,0,9,0.333,3,first-party,,,,,,
birthday catering dubai price,0,commercial,0,,21,10,/birthday-catering-dubai,sub,,False,False,False,False,0,False,partial,medium — SERP looks like another page,"no tracked competitor in top 30, we #21",0.44,1,write one sentence that says it,Private Events,12,14,0,9,0.333,3,first-party,,,,,,
birthday catering menu dubai,0,commercial,0,,,20,/birthday-catering-dubai,sub,,False,False,False,False,0,False,partial,medium — SERP looks like another page,no tracked competitor in top 30,0.4,1,write one sentence that says it; merge → /birthday-catering-package-dubai,Private Events,12,14,0,9,0.333,3,first-party,,,,,,
full service birthday catering dubai,0,commercial,0,,,20,/birthday-catering-dubai,sub,,False,False,False,False,0,False,partial,medium — SERP looks like another page,no tracked competitor in top 30,0.44,1,write one sentence that says it; merge → /birthday-catering-package-dubai,Private Events,12,14,0,9,0.333,3,first-party,,,,,,
halal birthday catering dubai,0,commercial,0,,,20,/birthday-catering-dubai,sub,,False,False,False,False,0,False,partial,medium — SERP looks like another page,no tracked competitor in top 30,0.17,1,write one sentence that says it,Private Events,12,14,0,9,0.333,3,first-party,,,,,,
kids birthday catering dubai,0,commercial,0,,,20,/birthday-catering-dubai,sub,,False,False,False,False,0,False,partial,medium — SERP looks like another page,no tracked competitor in top 30,0.08,1,write one sentence that says it,Private Events,12,14,0,9,0.333,3,first-party,,,,,,
birthday catering packages dubai,0,commercial,0,,,20,/birthday-catering-package-dubai,primary,,False,False,False,False,0,False,partial,low,no tracked competitor in top 30,1.0,0,"no measured UAE demand, but the page gets visits — check the phrasing against what they search; put the exact primary in the title; put the exact primary in the H1; say it in the meta description; say it in the first 100 words; one H2 carries it; use it at least twice in the body; answer a FAQ that contains it; get an inbound link with this anchor",Packages / Offers,1,1,0,,,0,,,,,,,
best birthday catering package dubai,0,commercial,0,,,20,/birthday-catering-package-dubai,sub,,False,False,False,False,0,False,partial,low,no tracked competitor in top 30,0.5,1,write one sentence that says it; merge → /best-catering-companies-dubai,Packages / Offers,1,1,0,,,0,,,,,,,
birthday catering at home dubai,0,,0,,,20,/birthday-catering-package-dubai,sub,,False,False,False,False,0,False,partial,low,,,1,write one sentence that says it,Packages / Offers,1,1,0,,,0,,,,,,,
birthday catering blog dubai,0,,0,,,20,/birthday-catering-package-dubai,sub,,False,False,False,False,0,False,partial,low,,,1,write one sentence that says it,Packages / Offers,1,1,0,,,0,,,,,,,
birthday catering package cost per person dubai,0,commercial,0,,17,10,/birthday-catering-package-dubai,sub,,False,False,False,False,0,False,partial,medium — SERP looks like another page,"no tracked competitor in top 30, we #17",0.27,1,write one sentence that says it,Packages / Offers,1,1,0,,,0,,,,,,,
birthday catering package dubai price,0,commercial,0,,,20,/birthday-catering-package-dubai,sub,,False,False,False,False,0,False,partial,medium — SERP looks like another page,no tracked competitor in top 30,0.17,1,write one sentence that says it,Packages / Offers,1,1,0,,,0,,,,,,,
birthday party package dubai catering,0,commercial,0,,,20,/birthday-catering-package-dubai,sub,,False,False,False,False,0,False,partial,medium — SERP looks like another page,no tracked competitor in top 30,0.44,1,write one sentence that says it,Packages / Offers,1,1,0,,,0,,,,,,,
catering package dubai,0,,0,,,20,/birthday-catering-package-dubai,sub,/yacht-catering-checklist-dubai,True,False,True,False,2,False,partial,low,,,3,remove it from the heading (subs live in sentences),Packages / Offers,1,1,0,,,0,,,,,,,
catering packages on offer in dubai,0,commercial,0,,,20,/birthday-catering-package-dubai,sub,,False,False,False,False,0,False,partial,medium — SERP looks like another page,no tracked competitor in top 30,0.09,1,write one sentence that says it,Packages / Offers,1,1,0,,,0,,,,,,,
halal birthday catering package dubai,0,commercial,0,,,20,/birthday-catering-package-dubai,sub,,False,False,False,False,0,False,partial,medium — SERP looks like another page,no tracked competitor in top 30,0.2,1,write one sentence that says it,Packages / Offers,1,1,0,,,0,,,,,,,
kids birthday catering packages dubai,0,commercial,0,,,20,/birthday-catering-package-dubai,sub,,False,False,False,False,0,False,partial,medium — SERP looks like another page,no tracked competitor in top 30,0.08,1,write one sentence that says it,Packages / Offers,1,1,0,,,0,,,,,,,
kids birthday food package dubai,0,,0,,,20,/birthday-catering-package-dubai,sub,,False,False,False,False,0,False,partial,low,,,1,write one sentence that says it,Packages / Offers,1,1,0,,,0,,,,,,,
what is included in birthday catering package dubai,0,commercial,0,,26,10,/birthday-catering-package-dubai,sub,,False,False,False,False,0,False,partial,medium — SERP looks like another page,"no tracked competitor in top 30, we #26",0.27,1,write one sentence that says it; merge → /birthday-catering-dubai,Packages / Offers,1,1,0,,,0,,,,,,,
,0,,0,,,,/blog,untargeted (in sitemap),,False,False,False,False,0,False,none,n/a,,,0,decide: lock a primary or keep untargeted by decision,Blog and Guides,33,76,0,6.2,0.2,5,ga4,,,,,,
private chef for birthday dinner dubai,0,transactional,0,,29,10,/blog/best-private-chef-birthday-dinner-dubai,primary,,True,True,True,True,3,False,partial,low,"no tracked competitor in top 30, we #29",1.0,8,"no measured UAE demand, but the page gets visits — check the phrasing against what they search; answer a FAQ that contains it; get an inbound link with this anchor",Blog and Guides,1,1,0,,,0,,,,,,,
best private chef birthday dinner dubai,0,commercial,0,,,20,/blog/best-private-chef-birthday-dinner-dubai,sub,,False,False,False,False,0,False,partial,low,no tracked competitor in top 30,0.5,1,write one sentence that says it; merge → /blog/private-chef-date-night-dubai,Blog and Guides,1,1,0,,,0,,,,,,,
birthday dinner ideas at home dubai,0,commercial,0,,,20,/blog/best-private-chef-birthday-dinner-dubai,sub,,False,False,False,False,1,False,partial,medium — SERP looks like another page,no tracked competitor in top 30,0.0,3,a second natural mention,Blog and Guides,1,1,0,,,0,,,,,,,
birthday dinner party at home dubai,0,transactional,0,,,20,/blog/best-private-chef-birthday-dinner-dubai,sub,,False,False,False,False,1,False,partial,medium — SERP looks like another page,no tracked competitor in top 30,0.0,3,a second natural mention,Blog and Guides,1,1,0,,,0,,,,,,,
private chef birthday dinner cost dubai,0,commercial,0,,,20,/blog/best-private-chef-birthday-dinner-dubai,sub,,False,False,False,False,1,False,partial,low,,,3,a second natural mention,Blog and Guides,1,1,0,,,0,,,,,,,
private chef dinner party near me,0,commercial,0,,29,20,/blog/best-private-chef-birthday-dinner-dubai,sub,,False,False,False,False,1,False,partial,medium — SERP looks like another page,"no tracked competitor in top 30, we #35",0.2,3,a second natural mention,Blog and Guides,1,1,0,,,0,,0,1,0,29,/locations/al-barsha,
brunch at home dubai,0,transactional,0,,,20,/blog/brunch-at-home-dubai,primary,/blog /blog/halal-private-dining-dubai-what-to-ask /blog/how-far-ahead-book-caterer-dubai /blog/vegan-catering-dubai-guide /blog/yacht-party-menu-ideas-dubai,True,True,True,False,2,False,exact,low,no tracked competitor in top 30,1.0,8,"no measured UAE demand, but the page gets visits — check the phrasing against what they search; one H2 carries it; answer a FAQ that contains it",Blog and Guides,1,1,0,9,1.0,2,first-party,,,,,,
brunch at home cost dubai,0,commercial,0,,3,10,/blog/brunch-at-home-dubai,sub,,False,False,False,False,1,False,partial,medium — SERP looks like another page,"no tracked competitor in top 30, we #3",0.15,3,a second natural mention,Blog and Guides,1,1,0,9,1.0,2,first-party,,,,,,
brunch ideas at home dubai,0,commercial,0,,,20,/blog/brunch-at-home-dubai,sub,,False,False,False,False,1,False,partial,medium — SERP looks like another page,no tracked competitor in top 30,0.17,3,a second natural mention,Blog and Guides,1,1,0,9,1.0,2,first-party,,,,,,
brunch party dubai,0,informational,0,0,,20,/blog/brunch-at-home-dubai,sub,,False,False,False,False,1,False,partial,medium — SERP looks like another page,no tracked competitor in top 30,0.0,3,a second natural mention,Blog and Guides,1,1,0,9,1.0,2,first-party,,,,,,
how to host brunch at home dubai,0,informational,0,,,20,/blog/brunch-at-home-dubai,sub,,False,False,False,False,0,False,partial,medium — SERP looks like another page,no tracked competitor in top 30,0.18,1,write one sentence that says it,Blog and Guides,1,1,0,9,1.0,2,first-party,,,,,,
private chef brunch dubai,0,transactional,0,,32,20,/blog/brunch-at-home-dubai,sub,,False,False,False,False,1,False,partial,medium — SERP looks like another page,"no tracked competitor in top 30, we #32",0.0,3,a second natural mention; merge → /private-chef-dubai/how-it-works,Blog and Guides,1,1,0,9,1.0,2,first-party,,,,,,
what is a dubai style brunch,0,informational,0,,,20,/blog/brunch-at-home-dubai,sub,,False,False,False,True,3,False,partial,medium — SERP looks like another page,no tracked competitor in top 30,0.0,2,remove it from the heading (subs live in sentences),Blog and Guides,1,1,0,9,1.0,2,first-party,,,,,,
what is a good at home brunch menu,0,informational,0,,,20,/blog/brunch-at-home-dubai,sub,,False,False,False,False,0,False,partial,medium — SERP looks like another page,no tracked competitor in top 30,0.0,1,write one sentence that says it,Blog and Guides,1,1,0,9,1.0,2,first-party,,,,,,
full service vs drop off catering dubai,0,commercial,0,,,20,/blog/corporate-catering-full-service-vs-drop-off,primary,,True,True,True,True,3,False,partial,low,no tracked competitor in top 30,1.0,8,no measured UAE demand for this primary — re-target it or merge the page; answer a FAQ that contains it; get an inbound link with this anchor,Blog and Guides,0,0,0,,,0,,,,,,,
bbq drop off catering,0,transactional,0,,,20,/blog/corporate-catering-full-service-vs-drop-off,sub,,False,False,False,False,0,False,partial,medium — SERP looks like another page,no tracked competitor in top 30,0.0,1,write one sentence that says it,Blog and Guides,0,0,0,,,0,,,,,,,
catering ideas dubai,0,,0,,,20,/blog/corporate-catering-full-service-vs-drop-off,sub,/blog /blog/corporate-event-catering-ideas-dubai /villa-catering-ideas-dubai,False,False,False,False,1,False,partial,low,,,4,a second natural mention,Blog and Guides,0,0,0,,,0,,,,,,,
corporate catering full service vs drop off,0,commercial,0,,,20,/blog/corporate-catering-full-service-vs-drop-off,sub,/blog /blog/corporate-event-catering-ideas-dubai,False,False,False,False,2,False,exact,medium — SERP looks like another page,no tracked competitor in top 30,0.27,7,hold — nothing to do,Blog and Guides,0,0,0,,,0,,,,,,,
do i need serving staff for office catering dubai,0,commercial,0,,18,10,/blog/corporate-catering-full-service-vs-drop-off,sub,,False,False,False,False,1,False,partial,medium — SERP looks like another page,"no tracked competitor in top 30, we #18",0.0,3,a second natural mention,Blog and Guides,0,0,0,,,0,,,,,,,
drop off vs pick up catering,0,commercial,0,,,20,/blog/corporate-catering-full-service-vs-drop-off,sub,,False,False,False,False,1,False,partial,medium — SERP looks like another page,no tracked competitor in top 30,0.08,3,a second natural mention,Blog and Guides,0,0,0,,,0,,,,,,,
private chef vs catering,0,commercial,0,,,20,/blog/corporate-catering-full-service-vs-drop-off,sub,/guides /private-chef-vs-catering-dubai,False,False,False,False,1,False,partial,medium — SERP looks like another page,no tracked competitor in top 30,0.0,4,a second natural mention,Blog and Guides,0,0,0,,,0,,,,,,,
wedding drop off catering,0,commercial,0,,,20,/blog/corporate-catering-full-service-vs-drop-off,sub,,False,False,False,False,1,False,partial,medium — SERP looks like another page,no tracked competitor in top 30,0.08,3,a second natural mention,Blog and Guides,0,0,0,,,0,,,,,,,
what is drop off catering dubai,0,commercial,0,,31,20,/blog/corporate-catering-full-service-vs-drop-off,sub,,False,False,False,False,0,False,partial,medium — SERP looks like another page,"no tracked competitor in top 30, we #31",0.25,1,write one sentence that says it,Blog and Guides,0,0,0,,,0,,,,,,,
corporate event catering ideas dubai,0,commercial,0,,,20,/blog/corporate-event-catering-ideas-dubai,primary,/blog /blog/corporate-catering-full-service-vs-drop-off,True,True,True,False,3,False,exact,low,no tracked competitor in top 30,1.0,8,"no measured UAE demand, but the page gets visits — check the phrasing against what they search; one H2 carries it; answer a FAQ that contains it",Blog and Guides,1,1,0,2,1.0,1,first-party,,,,,,
best catering format for corporate event dubai,0,commercial,0,,,20,/blog/corporate-event-catering-ideas-dubai,sub,,False,False,False,False,1,False,partial,medium — SERP looks like another page,no tracked competitor in top 30,0.3,3,a second natural mention; merge → /best-catering-companies-dubai,Blog and Guides,1,1,0,2,1.0,1,first-party,,,,,,
corporate lunch ideas dubai,0,commercial,0,,,20,/blog/corporate-event-catering-ideas-dubai,sub,,False,False,False,False,1,False,partial,medium — SERP looks like another page,no tracked competitor in top 30,0.0,3,a second natural mention,Blog and Guides,1,1,0,2,1.0,1,first-party,,,,,,
event catering ideas,0,commercial,0,,,20,/blog/corporate-event-catering-ideas-dubai,sub,/blog /blog/corporate-catering-full-service-vs-drop-off /corporate-event-catering-dubai,True,True,True,True,13,False,exact,medium — SERP looks like another page,no tracked competitor in top 30,0.09,5,remove it from the heading (subs live in sentences),Blog and Guides,1,1,0,2,1.0,1,first-party,,,,,,
office party food ideas dubai,0,commercial,0,,,20,/blog/corporate-event-catering-ideas-dubai,sub,,False,False,False,False,1,False,partial,medium — SERP looks like another page,no tracked competitor in top 30,0.0,3,a second natural mention,Blog and Guides,1,1,0,2,1.0,1,first-party,,,,,,
small corporate event catering ideas dubai,0,commercial,0,,,20,/blog/corporate-event-catering-ideas-dubai,sub,,False,False,False,False,1,False,partial,medium — SERP looks like another page,no tracked competitor in top 30,0.3,3,a second natural mention,Blog and Guides,1,1,0,2,1.0,1,first-party,,,,,,
desert dinner party dubai,0,informational,0,,,20,/blog/desert-dinner-party-dubai,primary,,True,False,False,False,0,False,partial,low,no tracked competitor in top 30,1.0,2,no measured UAE demand for this primary — re-target it or merge the page; put the exact primary in the H1; say it in the meta description; say it in the first 100 words; one H2 carries it; use it at least twice in the body; answer a FAQ that contains it; get an inbound link with this anchor,Blog and Guides,0,0,0,,,0,,,,,,,
best desert safari dinner dubai,0,commercial,0,,,20,/blog/desert-dinner-party-dubai,sub,,False,False,False,False,0,False,partial,medium — SERP looks like another page,no tracked competitor in top 30,0.09,1,write one sentence that says it,Blog and Guides,0,0,0,,,0,,,,,,,
desert dining ideas dubai,0,commercial,0,,,20,/blog/desert-dinner-party-dubai,sub,,False,False,False,False,0,False,partial,medium — SERP looks like another page,no tracked competitor in top 30,0.27,1,write one sentence that says it; merge → /desert-dining-dubai,Blog and Guides,0,0,0,,,0,,,,,,,
private chef cost for dinner party,0,commercial,0,,,20,/blog/desert-dinner-party-dubai,sub,,False,False,False,False,0,False,partial,medium — SERP looks like another page,no tracked competitor in top 30,0.0,1,write one sentence that says it,Blog and Guides,0,0,0,,,0,,,,,,,
yacht party menu ideas,0,commercial,0,,,20,/blog/desert-dinner-party-dubai,sub,/blog /blog/yacht-party-menu-ideas-dubai /yachts,False,False,False,False,2,False,partial,medium — SERP looks like another page,no tracked competitor in top 30,0.0,6,hold — nothing to do,Blog and Guides,0,0,0,,,0,,,,,,,
dinner party menu ideas dubai,0,commercial,0,,,20,/blog/dinner-party-menu-ideas-dubai,primary,/blog/nye-party-catering-dubai,True,False,False,True,2,False,exact,low,no tracked competitor in top 30,1.0,5,"no measured UAE demand, but the page gets visits — check the phrasing against what they search; put the exact primary in the H1; say it in the meta description; say it in the first 100 words; answer a FAQ that contains it",Blog and Guides,1,1,0,14,0.5,2,first-party,,,,,,
3 course dinner party menu dubai,0,transactional,0,,,20,/blog/dinner-party-menu-ideas-dubai,sub,,False,False,False,False,0,False,partial,medium — SERP looks like another page,no tracked competitor in top 30,0.0,1,write one sentence that says it,Blog and Guides,1,1,0,14,0.5,2,first-party,,,,,,
dinner party menu ideas dubai indian,0,commercial,0,,,20,/blog/dinner-party-menu-ideas-dubai,sub,,False,False,False,False,0,False,partial,medium — SERP looks like another page,no tracked competitor in top 30,0.0,1,write one sentence that says it,Blog and Guides,1,1,0,14,0.5,2,first-party,,,,,,
dinner party menu ideas dubai vegetarian,0,commercial,0,,29,10,/blog/dinner-party-menu-ideas-dubai,sub,,False,False,False,False,0,False,partial,medium — SERP looks like another page,"no tracked competitor in top 30, we #29",0.0,1,write one sentence that says it,Blog and Guides,1,1,0,14,0.5,2,first-party,,,,,,
themed dinner party menu ideas,0,commercial,0,,,20,/blog/dinner-party-menu-ideas-dubai,sub,,False,False,False,False,1,False,partial,medium — SERP looks like another page,no tracked competitor in top 30,0.07,3,a second natural mention,Blog and Guides,1,1,0,14,0.5,2,first-party,,,,,,
what to serve at a dinner party dubai,0,informational,0,,,20,/blog/dinner-party-menu-ideas-dubai,sub,,False,False,False,False,0,False,partial,medium — SERP looks like another page,no tracked competitor in top 30,0.07,1,write one sentence that says it,Blog and Guides,1,1,0,14,0.5,2,first-party,,,,,,
grazing table vs buffet dubai,0,commercial,0,,3,10,/blog/grazing-table-vs-buffet-dubai,primary,/blog /blog/best-private-chef-birthday-dinner-dubai /blog/dinner-party-menu-ideas-dubai /blog/nye-party-catering-dubai /blog/wedding-catering-cost-dubai,True,True,True,True,6,False,exact,low,"no tracked competitor in top 30, we #3",1.0,9,"no measured UAE demand, but the page gets visits — check the phrasing against what they search; answer a FAQ that contains it",Blog and Guides,1,1,0,7,0.5,2,first-party,,,,,,
average cost of grazing table,0,commercial,0,,,20,/blog/grazing-table-vs-buffet-dubai,sub,,False,False,False,False,1,False,partial,medium — SERP looks like another page,no tracked competitor in top 30,0.07,3,a second natural mention,Blog and Guides,1,1,0,7,0.5,2,first-party,,,,,,
cost of grazing table for wedding,0,commercial,0,,,20,/blog/grazing-table-vs-buffet-dubai,sub,,False,False,False,False,1,False,partial,medium — SERP looks like another page,no tracked competitor in top 30,0.0,3,a second natural mention,Blog and Guides,1,1,0,7,0.5,2,first-party,,,,,,
what is a grazing table dubai,0,informational,0,,,20,/blog/grazing-table-vs-buffet-dubai,sub,,False,False,False,False,0,False,partial,medium — SERP looks like another page,no tracked competitor in top 30,0.13,1,write one sentence that says it,Blog and Guides,1,1,0,7,0.5,2,first-party,,,,,,
what to ask a halal caterer dubai,0,informational,0,,,20,/blog/halal-private-dining-dubai-what-to-ask,primary,,False,False,False,False,0,False,partial,low,no tracked competitor in top 30,1.0,0,no measured UAE demand for this primary — re-target it or merge the page; put the exact primary in the title; put the exact primary in the H1; say it in the meta description; say it in the first 100 words; one H2 carries it; use it at least twice in the body; answer a FAQ that contains it; get an inbound link with this anchor,Blog and Guides,0,0,0,,,0,,,,,,,
a halal catering service,0,commercial,0,,,20,/blog/halal-private-dining-dubai-what-to-ask,sub,,False,False,False,False,0,False,partial,medium — SERP looks like another page,no tracked competitor in top 30,0.0,1,write one sentence that says it,Blog and Guides,0,0,0,,,0,,,,,,,
catering meals near me halal,0,commercial,0,,,20,/blog/halal-private-dining-dubai-what-to-ask,sub,,False,False,False,False,0,False,partial,medium — SERP looks like another page,no tracked competitor in top 30,0.0,1,write one sentence that says it,Blog and Guides,0,0,0,,,0,,,,,,,
food for catering near me halal,0,commercial,0,,,20,/blog/halal-private-dining-dubai-what-to-ask,sub,,False,False,False,False,0,False,partial,medium — SERP looks like another page,no tracked competitor in top 30,0.0,1,write one sentence that says it,Blog and Guides,0,0,0,,,0,,,,,,,
list of halal caterer,0,commercial,0,,,20,/blog/halal-private-dining-dubai-what-to-ask,sub,,False,False,False,False,0,False,partial,medium — SERP looks like another page,no tracked competitor in top 30,0.0,1,write one sentence that says it,Blog and Guides,0,0,0,,,0,,,,,,,
what do you need to cater an event,0,informational,0,,,20,/blog/halal-private-dining-dubai-what-to-ask,sub,,False,False,False,False,0,False,partial,medium — SERP looks like another page,no tracked competitor in top 30,0.07,1,write one sentence that says it,Blog and Guides,0,0,0,,,0,,,,,,,
what to ask a caterer dubai,0,informational,0,,,20,/blog/halal-private-dining-dubai-what-to-ask,sub,,False,False,False,False,0,False,partial,medium — SERP looks like another page,no tracked competitor in top 30,0.31,1,write one sentence that says it,Blog and Guides,0,0,0,,,0,,,,,,,
what to consider when choosing a caterer,0,informational,0,,,20,/blog/halal-private-dining-dubai-what-to-ask,sub,,False,False,False,False,0,False,partial,medium — SERP looks like another page,no tracked competitor in top 30,0.06,1,write one sentence that says it,Blog and Guides,0,0,0,,,0,,,,,,,
how far in advance to book a caterer dubai,0,informational,0,,2,10,/blog/how-far-ahead-book-caterer-dubai,primary,,True,True,True,False,3,False,partial,low,"no tracked competitor in top 30, we #2",1.0,7,"no measured UAE demand, but the page gets visits — check the phrasing against what they search; one H2 carries it; answer a FAQ that contains it; get an inbound link with this anchor",Blog and Guides,2,2,0,5,1.0,2,first-party,,,,,,
best time to hire catering in advance,0,commercial,0,,,20,/blog/how-far-ahead-book-caterer-dubai,sub,,False,False,False,False,1,False,none,medium — SERP looks like another page,no tracked competitor in top 30,0.08,2,a second natural mention,Blog and Guides,2,2,0,5,1.0,2,first-party,,,,,,
best time to hire cooking caterer,0,commercial,0,,,20,/blog/how-far-ahead-book-caterer-dubai,sub,,False,False,False,False,1,False,partial,medium — SERP looks like another page,no tracked competitor in top 30,0.0,3,a second natural mention,Blog and Guides,2,2,0,5,1.0,2,first-party,,,,,,
best time to hire event caterer,0,commercial,0,,,20,/blog/how-far-ahead-book-caterer-dubai,sub,,False,False,False,False,1,False,partial,medium — SERP looks like another page,no tracked competitor in top 30,0.0,3,a second natural mention,Blog and Guides,2,2,0,5,1.0,2,first-party,,,,,,
best time to hire meal caterer,0,commercial,0,,,20,/blog/how-far-ahead-book-caterer-dubai,sub,,False,False,False,False,1,False,partial,medium — SERP looks like another page,no tracked competitor in top 30,0.0,3,a second natural mention,Blog and Guides,2,2,0,5,1.0,2,first-party,,,,,,
how early to book a private chef dubai,0,informational,0,,17,10,/blog/how-far-ahead-book-caterer-dubai,sub,,False,False,False,False,0,False,partial,medium — SERP looks like another page,"no tracked competitor in top 30, we #17",0.0,1,write one sentence that says it; merge → /blog/private-chef-date-night-dubai,Blog and Guides,2,2,0,5,1.0,2,first-party,,,,,,
how far ahead book caterer dubai,0,informational,0,,,20,/blog/how-far-ahead-book-caterer-dubai,sub,,False,False,False,False,0,False,partial,medium — SERP looks like another page,no tracked competitor in top 30,0.07,1,write one sentence that says it,Blog and Guides,2,2,0,5,1.0,2,first-party,,,,,,
how far in advance to order catering,0,informational,0,,,20,/blog/how-far-ahead-book-caterer-dubai,sub,,False,False,False,False,0,False,partial,medium — SERP looks like another page,no tracked competitor in top 30,0.07,1,write one sentence that says it,Blog and Guides,2,2,0,5,1.0,2,first-party,,,,,,
how to choose a caterer in dubai,0,informational,0,,,20,/blog/how-far-ahead-book-caterer-dubai,sub,/best-catering-companies-dubai /guides /how-to-choose-caterer-dubai,False,False,False,False,0,False,partial,medium — SERP looks like another page,no tracked competitor in top 30,0.0,2,write one sentence that says it; merge → /how-to-choose-caterer-dubai,Blog and Guides,2,2,0,5,1.0,2,first-party,,,,,,
how much does private chef cost dubai,0,commercial,0,,33,20,/blog/how-much-does-private-chef-cost-dubai,primary,,True,True,True,True,3,False,partial,low,"no tracked competitor in top 30, we #33",1.0,8,no measured UAE demand for this primary — re-target it or merge the page; answer a FAQ that contains it; get an inbound link with this anchor,Blog and Guides,0,0,0,2,1.0,1,first-party,,,,,,
how much is a private chef for a night dubai,0,commercial,0,,26,10,/blog/how-much-does-private-chef-cost-dubai,sub,,False,False,False,False,0,False,partial,low,"no tracked competitor in top 30, we #26",0.56,1,write one sentence that says it,Blog and Guides,0,0,0,2,1.0,1,first-party,,,,,,
is a private chef worth it dubai,0,commercial,0,,,20,/blog/how-much-does-private-chef-cost-dubai,sub,,False,False,False,False,1,False,partial,medium — SERP looks like another page,no tracked competitor in top 30,0.27,3,a second natural mention,Blog and Guides,0,0,0,2,1.0,1,first-party,,,,,,
private chef cost dc,0,,0,,,20,/blog/how-much-does-private-chef-cost-dubai,sub,,False,False,False,False,1,False,partial,low,,,3,a second natural mention,Blog and Guides,0,0,0,2,1.0,1,first-party,,,,,,
private chef cost for 6 people dubai,0,commercial,0,,26,10,/blog/how-much-does-private-chef-cost-dubai,sub,,False,False,False,False,1,False,partial,low,"no tracked competitor in top 30, we #26",0.56,3,a second natural mention,Blog and Guides,0,0,0,2,1.0,1,first-party,,,,,,
private chef cost per person dubai,0,commercial,0,,30,10,/blog/how-much-does-private-chef-cost-dubai,sub,,False,False,False,False,1,False,partial,low,"no tracked competitor in top 30, we #30",0.67,3,a second natural mention,Blog and Guides,0,0,0,2,1.0,1,first-party,,,,,,
how to hire a private chef dubai,0,informational,0,,,20,/blog/how-to-hire-a-private-chef-dubai,primary,/blog /blog/best-private-chef-birthday-dinner-dubai /blog/brunch-at-home-dubai /blog/corporate-catering-full-service-vs-drop-off /blog/corporate-event-catering-ideas-dubai /blog/desert-dinner-party-dubai,True,True,True,False,3,False,exact,medium — many bodies say it,no tracked competitor in top 30,1.0,8,"no measured UAE demand, but the page gets visits — check the phrasing against what they search; one H2 carries it; answer a FAQ that contains it",Blog and Guides,1,1,0,54.0,0,2,ga4,,,,,,
chef at home in dubai,0,transactional,0,,28,10,/blog/how-to-hire-a-private-chef-dubai,sub,/blog/private-chef-vs-restaurant-dubai /private-chef-dubai,False,False,False,False,1,False,partial,medium — SERP looks like another page,"no tracked competitor in top 30, we #28",0.29,4,a second natural mention; merge → /apartment-private-dining-dubai,Blog and Guides,1,1,0,54.0,0,2,ga4,,,,,,
do private chefs bring their own equipment dubai,0,commercial,0,,15,10,/blog/how-to-hire-a-private-chef-dubai,sub,,False,False,False,False,1,False,partial,medium — SERP looks like another page,"no tracked competitor in top 30, we #15",0.14,3,a second natural mention,Blog and Guides,1,1,0,54.0,0,2,ga4,,,,,,
how do i hire a personal chef,0,informational,0,,,20,/blog/how-to-hire-a-private-chef-dubai,sub,,False,False,False,False,0,False,partial,medium — SERP looks like another page,no tracked competitor in top 30,0.45,1,write one sentence that says it,Blog and Guides,1,1,0,54.0,0,2,ga4,,,,,,
how do you hire a private chef,0,informational,0,,,20,/blog/how-to-hire-a-private-chef-dubai,sub,,False,False,False,False,0,False,partial,medium — SERP looks like another page,no tracked competitor in top 30,0.45,1,write one sentence that says it,Blog and Guides,1,1,0,54.0,0,2,ga4,,,,,,
how to find a private chef in dubai,0,informational,0,,24,10,/blog/how-to-hire-a-private-chef-dubai,sub,,False,False,False,False,0,False,partial,low,"no tracked competitor in top 30, we #24",0.6,1,write one sentence that says it; merge → /our-chefs,Blog and Guides,1,1,0,54.0,0,2,ga4,,,,,,
iftar at home dubai,0,transactional,0,,,20,/blog/iftar-at-home-dubai,primary,/blog/ramadan-iftar-catering-trends-2026,True,False,False,False,0,False,exact,low,,1.0,3,"no measured UAE demand, but the page gets visits — check the phrasing against what they search; put the exact primary in the H1; say it in the meta description; say it in the first 100 words; one H2 carries it; use it at least twice in the body; answer a FAQ that contains it",Blog and Guides,1,1,0,,,0,,,,,,,
family iftar at home dubai,0,transactional,0,,,20,/blog/iftar-at-home-dubai,sub,,False,False,False,False,0,False,partial,low,no tracked competitor in top 30,,1,write one sentence that says it,Blog and Guides,1,1,0,,,0,,,,,,,
how to host iftar at home dubai,0,informational,0,,,20,/blog/iftar-at-home-dubai,sub,,False,False,False,False,0,False,partial,low,no tracked competitor in top 30,,1,write one sentence that says it,Blog and Guides,1,1,0,,,0,,,,,,,
iftar at home cost dubai,0,commercial,0,,,20,/blog/iftar-at-home-dubai,sub,,False,False,False,False,0,False,partial,low,no tracked competitor in top 30,,1,write one sentence that says it,Blog and Guides,1,1,0,,,0,,,,,,,
iftar at home dubai offers,0,commercial,0,,,20,/blog/iftar-at-home-dubai,sub,,False,False,False,False,0,False,partial,low,no tracked competitor in top 30,,1,write one sentence that says it,Blog and Guides,1,1,0,,,0,,,,,,,
iftar ideas at home dubai,0,commercial,0,,,20,/blog/iftar-at-home-dubai,sub,,False,False,False,False,0,False,partial,low,no tracked competitor in top 30,,1,write one sentence that says it,Blog and Guides,1,1,0,,,0,,,,,,,
iftar menu at home dubai,0,transactional,0,,,20,/blog/iftar-at-home-dubai,sub,,False,False,False,False,0,False,partial,low,no tracked competitor in top 30,,1,write one sentence that says it,Blog and Guides,1,1,0,,,0,,,,,,,
nye party catering dubai,0,transactional,0,,18,10,/blog/nye-party-catering-dubai,primary,/blog/dinner-party-menu-ideas-dubai,True,False,True,False,2,False,exact,low,"no tracked competitor in top 30, we #18",1.0,7,"no measured UAE demand, but the page gets visits — check the phrasing against what they search; say it in the meta description; one H2 carries it; answer a FAQ that contains it",Blog and Guides,1,1,0,,1.0,1,first-party,,,,,,
bachelor party catering menu dubai,0,transactional,0,,2,10,/blog/nye-party-catering-dubai,sub,,False,False,False,False,0,False,partial,medium — SERP looks like another page,"no tracked competitor in top 30, we #2",0.0,1,write one sentence that says it,Blog and Guides,1,1,0,,1.0,1,first-party,,,,,,
bachelorette party catering menu dubai,0,commercial,0,,7,10,/blog/nye-party-catering-dubai,sub,,False,False,False,False,0,False,partial,medium — SERP looks like another page,"no tracked competitor in top 30, we #7",0.0,1,write one sentence that says it,Blog and Guides,1,1,0,,1.0,1,first-party,,,,,,
new years eve at home dubai,0,transactional,0,,,20,/blog/nye-party-catering-dubai,sub,,False,False,False,False,0,False,partial,medium — SERP looks like another page,no tracked competitor in top 30,0.0,1,write one sentence that says it,Blog and Guides,1,1,0,,1.0,1,first-party,,,,,,
new years eve dinner at home dubai,0,transactional,0,,,20,/blog/nye-party-catering-dubai,sub,,False,False,False,False,0,False,partial,low,,,1,write one sentence that says it,Blog and Guides,1,1,0,,1.0,1,first-party,,,,,,
new years eve party food ideas dubai,0,commercial,0,,,20,/blog/nye-party-catering-dubai,sub,,False,False,False,False,0,False,partial,medium — SERP looks like another page,no tracked competitor in top 30,0.17,1,write one sentence that says it,Blog and Guides,1,1,0,,1.0,1,first-party,,,,,,
nye party catering cost dubai,0,commercial,0,,11,10,/blog/nye-party-catering-dubai,sub,,False,False,False,False,0,False,partial,low,"no tracked competitor in top 30, we #11",0.56,1,write one sentence that says it,Blog and Guides,1,1,0,,1.0,1,first-party,,,,,,
private chef new years eve dubai,0,transactional,0,,18,10,/blog/nye-party-catering-dubai,sub,,False,False,False,False,0,False,partial,medium — SERP looks like another page,"no tracked competitor in top 30, we #18",0.09,1,write one sentence that says it,Blog and Guides,1,1,0,,1.0,1,first-party,,,,,,
private chef date night dubai,0,transactional,0,,,20,/blog/private-chef-date-night-dubai,primary,/blog/private-chef-vs-restaurant-dubai /blog/weekly-meal-prep-vs-full-time-chef-dubai,True,False,True,False,2,False,exact,low,no tracked competitor in top 30,1.0,7,no measured UAE demand for this primary — re-target it or merge the page; say it in the meta description; one H2 carries it; answer a FAQ that contains it,Blog and Guides,0,0,0,,0.0,1,first-party,,,,,,
best date night dinner in dubai,0,informational,0,,,20,/blog/private-chef-date-night-dubai,sub,,False,False,False,False,0,False,partial,medium — SERP looks like another page,no tracked competitor in top 30,0.0,1,write one sentence that says it,Blog and Guides,0,0,0,,0.0,1,first-party,,,,,,
best personal chef for date night,0,commercial,0,,,20,/blog/private-chef-date-night-dubai,sub,,False,False,False,False,0,False,partial,medium — SERP looks like another page,no tracked competitor in top 30,0.08,1,write one sentence that says it,Blog and Guides,0,0,0,,0.0,1,first-party,,,,,,
personal chef rates dubai,0,commercial,0,,,20,/blog/private-chef-date-night-dubai,sub,,False,False,False,False,0,False,partial,medium — SERP looks like another page,no tracked competitor in top 30,0.18,1,write one sentence that says it; merge → /blog/how-much-does-private-chef-cost-dubai,Blog and Guides,0,0,0,,0.0,1,first-party,,,,,,
private chef date night cost dubai,0,commercial,0,,22,10,/blog/private-chef-date-night-dubai,sub,,False,False,False,False,0,False,partial,medium — SERP looks like another page,"no tracked competitor in top 30, we #22",0.33,1,write one sentence that says it,Blog and Guides,0,0,0,,0.0,1,first-party,,,,,,
private chef for two dubai,0,transactional,0,,27,10,/blog/private-chef-date-night-dubai,sub,,False,False,False,False,0,False,partial,medium — SERP looks like another page,"no tracked competitor in top 30, we #27",0.38,1,write one sentence that says it; merge → /our-chefs,Blog and Guides,0,0,0,,0.0,1,first-party,,,,,,
private chef how much,0,commercial,0,,,20,/blog/private-chef-date-night-dubai,sub,/blog/how-much-does-private-chef-cost-dubai /blog/how-to-hire-a-private-chef-dubai /blog/private-chef-palm-jumeirah-guide /blog/private-chef-vs-restaurant-dubai,False,False,False,False,1,False,partial,medium — SERP looks like another page,no tracked competitor in top 30,0.09,4,a second natural mention,Blog and Guides,0,0,0,,0.0,1,first-party,,,,,,
private dinner date dubai,0,transactional,0,,,20,/blog/private-chef-date-night-dubai,sub,,False,False,False,False,0,False,partial,medium — SERP looks like another page,no tracked competitor in top 30,0.0,1,write one sentence that says it,Blog and Guides,0,0,0,,0.0,1,first-party,,,,,,
romantic dinner ideas at home dubai,0,commercial,0,,,20,/blog/private-chef-date-night-dubai,sub,,False,False,False,False,0,False,partial,medium — SERP looks like another page,no tracked competitor in top 30,0.0,1,write one sentence that says it,Blog and Guides,0,0,0,,0.0,1,first-party,,,,,,
private dining palm jumeirah dubai,0,informational,0,,,20,/blog/private-chef-palm-jumeirah-guide,primary,,True,True,True,True,3,False,partial,low,,1.0,8,no measured UAE demand for this primary — re-target it or merge the page; answer a FAQ that contains it; get an inbound link with this anchor,Blog and Guides,0,0,0,,,0,,,,,,,
carbone dubai private dining,0,informational,0,,,20,/blog/private-chef-palm-jumeirah-guide,sub,,False,False,False,False,0,False,partial,low,no tracked competitor in top 30,,1,write one sentence that says it,Blog and Guides,0,0,0,,,0,,,,,,,
coya dubai private dining,0,navigational,0,,,20,/blog/private-chef-palm-jumeirah-guide,sub,,False,False,False,False,0,False,partial,low,no tracked competitor in top 30,,1,write one sentence that says it,Blog and Guides,0,0,0,,,0,,,,,,,
halal private dining menu,0,commercial,0,,,20,/blog/private-chef-palm-jumeirah-guide,sub,/halal-private-dining-dubai,False,False,False,False,1,False,partial,low,no tracked competitor in top 30,,4,a second natural mention,Blog and Guides,0,0,0,,,0,,,,,,,
how much does a private chef cost,0,,0,,,20,/blog/private-chef-palm-jumeirah-guide,sub,/blog /blog/how-much-does-private-chef-cost-dubai /blog/how-to-hire-a-private-chef-dubai /blog/private-chef-date-night-dubai /blog/private-chef-vs-restaurant-dubai /catering-cost-calculator-dubai,False,False,False,False,3,False,partial,medium — many bodies say it,,,6,hold — nothing to do,Blog and Guides,0,0,0,,,0,,,,,,,
palm jumeirah villa dining menu,0,transactional,0,,,20,/blog/private-chef-palm-jumeirah-guide,sub,,False,False,False,False,1,False,partial,low,no tracked competitor in top 30,,3,a second natural mention,Blog and Guides,0,0,0,,,0,,,,,,,
private chef palm springs,0,informational,0,,,20,/blog/private-chef-palm-jumeirah-guide,sub,,False,False,False,False,1,False,partial,low,no tracked competitor in top 30,,3,a second natural mention,Blog and Guides,0,0,0,,,0,,,,,,,
private dining chef near me,0,commercial,0,,,20,/blog/private-chef-palm-jumeirah-guide,sub,,False,False,False,False,1,False,partial,low,no tracked competitor in top 30,,3,a second natural mention; merge → /blog/private-chef-date-night-dubai,Blog and Guides,0,0,0,,,0,,,,,,,
private chef vs restaurant dubai,0,commercial,0,,21,10,/blog/private-chef-vs-restaurant-dubai,primary,/blog/desert-dinner-party-dubai /blog/iftar-at-home-dubai /blog/private-chef-date-night-dubai /blog/ramadan-iftar-catering-trends-2026 /blog/weekly-meal-prep-vs-full-time-chef-dubai,True,False,True,True,6,False,exact,low,"no tracked competitor in top 30, we #21",1.0,8,no measured UAE demand for this primary — re-target it or merge the page; say it in the meta description; answer a FAQ that contains it,Blog and Guides,0,0,0,,1.0,1,first-party,,,,,,
catering vs private chef,0,commercial,0,,,20,/blog/private-chef-vs-restaurant-dubai,sub,,False,False,False,False,0,False,partial,medium — SERP looks like another page,no tracked competitor in top 30,0.0,1,write one sentence that says it,Blog and Guides,0,0,0,,1.0,1,first-party,,,,,,
do private chefs also do the dishes,0,commercial,0,,,20,/blog/private-chef-vs-restaurant-dubai,sub,,False,False,False,False,1,False,partial,medium — SERP looks like another page,no tracked competitor in top 30,0.0,3,a second natural mention,Blog and Guides,0,0,0,,1.0,1,first-party,,,,,,
full time private chef in dubai,0,commercial,0,,,20,/blog/private-chef-vs-restaurant-dubai,sub,/blog/how-to-hire-a-private-chef-dubai /full-time-private-chef-dubai,False,False,False,False,1,False,partial,medium — SERP looks like another page,no tracked competitor in top 30,0.14,4,a second natural mention; merge → /blog/how-to-hire-a-private-chef-dubai,Blog and Guides,0,0,0,,1.0,1,first-party,,,,,,
private chef vs restaurant cost dubai,0,commercial,0,,28,10,/blog/private-chef-vs-restaurant-dubai,sub,,False,False,False,False,0,False,partial,medium — SERP looks like another page,"no tracked competitor in top 30, we #28",0.33,1,drop — off-intent,Blog and Guides,0,0,0,,1.0,1,first-party,,,,,,
ramadan catering trends dubai 2026,0,commercial,0,,19,10,/blog/ramadan-iftar-catering-trends-2026,primary,,False,False,False,False,0,False,partial,low,"no tracked competitor in top 30, we #19",1.0,0,no measured UAE demand for this primary — re-target it or merge the page; put the exact primary in the title; put the exact primary in the H1; say it in the meta description; say it in the first 100 words; one H2 carries it; use it at least twice in the body; answer a FAQ that contains it; get an inbound link with this anchor,Blog and Guides,0,0,0,,,0,,,,,,,
biggest food trends 2026,0,informational,0,,,20,/blog/ramadan-iftar-catering-trends-2026,sub,,False,False,False,False,0,False,partial,medium — SERP looks like another page,no tracked competitor in top 30,0.0,1,write one sentence that says it,Blog and Guides,0,0,0,,,0,,,,,,,
catering trends for 2026,0,commercial,0,,,20,/blog/ramadan-iftar-catering-trends-2026,sub,/blog/iftar-at-home-dubai /ramadan-catering-dubai,False,False,True,False,2,False,exact,medium — SERP looks like another page,no tracked competitor in top 30,0.0,4,remove it from the heading (subs live in sentences),Blog and Guides,0,0,0,,,0,,,,,,,
iftar catering ideas dubai,0,commercial,0,,,20,/blog/ramadan-iftar-catering-trends-2026,sub,,False,False,False,False,0,False,partial,medium — SERP looks like another page,no tracked competitor in top 30,0.0,1,write one sentence that says it; merge → /ramadan-catering-dubai,Blog and Guides,0,0,0,,,0,,,,,,,
iftar catering trends,0,commercial,0,,,20,/blog/ramadan-iftar-catering-trends-2026,sub,/blog/iftar-at-home-dubai /ramadan-catering-dubai,True,True,True,False,3,False,exact,medium — SERP looks like another page,no tracked competitor in top 30,0.0,5,remove it from the heading (subs live in sentences),Blog and Guides,0,0,0,,,0,,,,,,,
ramadan catering in dubai,0,commercial,0,,,20,/blog/ramadan-iftar-catering-trends-2026,sub,/blog/iftar-at-home-dubai /eid-catering-dubai /iftar-catering-dubai,False,False,False,False,1,False,partial,medium — SERP looks like another page,no tracked competitor in top 30,0.0,4,a second natural mention; merge → /ramadan-catering-dubai,Blog and Guides,0,0,0,,,0,,,,,,,
ramadan iftar catering trends 2026,0,commercial,0,,,20,/blog/ramadan-iftar-catering-trends-2026,sub,,True,False,False,False,0,False,exact,medium — SERP looks like another page,no tracked competitor in top 30,0.15,0,write one sentence that says it; remove it from the heading (subs live in sentences),Blog and Guides,0,0,0,,,0,,,,,,,
what are current trends in the catering industry,0,informational,0,,,20,/blog/ramadan-iftar-catering-trends-2026,sub,,False,False,False,False,0,False,partial,medium — SERP looks like another page,no tracked competitor in top 30,0.0,1,write one sentence that says it,Blog and Guides,0,0,0,,,0,,,,,,,
what are the event catering trends in 2026,0,informational,0,,,20,/blog/ramadan-iftar-catering-trends-2026,sub,,False,False,False,False,0,False,partial,medium — SERP looks like another page,no tracked competitor in top 30,0.0,1,write one sentence that says it,Blog and Guides,0,0,0,,,0,,,,,,,
,0,,0,,,,/blog/topic/celebrations,untargeted (in sitemap),,False,False,False,False,0,False,none,n/a,,,0,decide: lock a primary or keep untargeted by decision,,0,0,0,,,0,,,,,,,
,0,,0,,,,/blog/topic/corporate,untargeted (in sitemap),,False,False,False,False,0,False,none,n/a,,,0,decide: lock a primary or keep untargeted by decision,,0,0,0,,,0,,,,,,,
,0,,0,,,,/blog/topic/menus-dietary,untargeted (in sitemap),,False,False,False,False,0,False,none,n/a,,,0,decide: lock a primary or keep untargeted by decision,,0,0,0,,,0,,,,,,,
,0,,0,,,,/blog/topic/outdoor,untargeted (in sitemap),,False,False,False,False,0,False,none,n/a,,,0,decide: lock a primary or keep untargeted by decision,,0,0,0,,,0,,,,,,,
,0,,0,,,,/blog/topic/private-chef,untargeted (in sitemap),,False,False,False,False,0,False,none,n/a,,,0,decide: lock a primary or keep untargeted by decision,,0,0,0,,,0,,,,,,,
,0,,0,,,,/blog/topic/seasonal,untargeted (in sitemap),,False,False,False,False,0,False,none,n/a,,,0,decide: lock a primary or keep untargeted by decision,,0,0,0,,,0,,,,,,,
vegan menu ideas dubai,0,commercial,0,,,20,/blog/vegan-catering-dubai-guide,primary,,False,False,False,False,0,False,partial,low,no tracked competitor in top 30,1.0,0,"no measured UAE demand, but the page gets visits — check the phrasing against what they search; put the exact primary in the title; put the exact primary in the H1; say it in the meta description; say it in the first 100 words; one H2 carries it; use it at least twice in the body; answer a FAQ that contains it; get an inbound link with this anchor",Blog and Guides,1,1,0,10,1.0,1,first-party,,,,,,
best vegan food in dubai,0,commercial,0,,,20,/blog/vegan-catering-dubai-guide,sub,,False,False,False,False,0,False,partial,low,no tracked competitor in top 30,0.56,1,write one sentence that says it,Blog and Guides,1,1,0,10,1.0,1,first-party,,,,,,
does dubai cater for vegans,0,commercial,0,,,20,/blog/vegan-catering-dubai-guide,sub,,False,False,False,False,1,False,none,low,,,2,a second natural mention,Blog and Guides,1,1,0,10,1.0,1,first-party,,,,,,
how to cater for vegan guests dubai,0,informational,0,,9,10,/blog/vegan-catering-dubai-guide,sub,,False,False,False,False,0,False,partial,medium — SERP looks like another page,"no tracked competitor in top 30, we #9",0.08,1,write one sentence that says it,Blog and Guides,1,1,0,10,1.0,1,first-party,,,,,,
plant based catering near me,0,commercial,0,,,20,/blog/vegan-catering-dubai-guide,sub,,False,False,False,False,1,False,partial,medium — SERP looks like another page,no tracked competitor in top 30,0.0,3,a second natural mention,Blog and Guides,1,1,0,10,1.0,1,first-party,,,,,,
vegan fine dining ideas,0,commercial,0,,,20,/blog/vegan-catering-dubai-guide,sub,,False,False,False,False,0,False,partial,medium — SERP looks like another page,no tracked competitor in top 30,0.0,1,write one sentence that says it,Blog and Guides,1,1,0,10,1.0,1,first-party,,,,,,
vegan meal service dubai,0,commercial,0,,,20,/blog/vegan-catering-dubai-guide,sub,,False,False,False,False,0,False,partial,medium — SERP looks like another page,no tracked competitor in top 30,0.0,1,write one sentence that says it,Blog and Guides,1,1,0,10,1.0,1,first-party,,,,,,
vegan party food ideas dubai,0,commercial,0,,10,10,/blog/vegan-catering-dubai-guide,sub,,False,False,False,False,0,False,partial,medium — SERP looks like another page,"no tracked competitor in top 30, we #10",0.07,1,write one sentence that says it,Blog and Guides,1,1,0,10,1.0,1,first-party,,,,,,
wedding catering cost dubai,0,commercial,0,,2,10,/blog/wedding-catering-cost-dubai,primary,/blog /blog/best-private-chef-birthday-dinner-dubai /blog/brunch-at-home-dubai /blog/corporate-catering-full-service-vs-drop-off /blog/corporate-event-catering-ideas-dubai /blog/dinner-party-menu-ideas-dubai,True,True,True,True,5,True,exact,medium — many bodies say it,"no tracked competitor in top 30, we #2",1.0,10,no measured UAE demand for this primary — re-target it or merge the page,Blog and Guides,0,0,0,0,0.5,2,first-party,,,,,,
catering services rates dubai,0,commercial,0,,,20,/blog/wedding-catering-cost-dubai,sub,,False,False,False,False,1,True,partial,medium — SERP looks like another page,no tracked competitor in top 30,0.08,5,a second natural mention,Blog and Guides,0,0,0,0,0.5,2,first-party,,,,,,
how much does wedding food cost in dubai,0,commercial,0,,,20,/blog/wedding-catering-cost-dubai,sub,,False,False,False,False,0,False,partial,low,,,1,write one sentence that says it,Blog and Guides,0,0,0,0,0.5,2,first-party,,,,,,
small wedding catering cost dubai,0,commercial,0,,2,10,/blog/wedding-catering-cost-dubai,sub,,False,False,False,False,1,True,partial,medium — SERP looks like another page,"no tracked competitor in top 30, we #2",0.45,5,a second natural mention,Blog and Guides,0,0,0,0,0.5,2,first-party,,,,,,
wedding catering cost dubai 2026,0,commercial,0,,2,10,/blog/wedding-catering-cost-dubai,sub,,False,False,False,False,0,False,partial,medium — SERP looks like another page,"no tracked competitor in top 30, we #2",0.33,1,write one sentence that says it,Blog and Guides,0,0,0,0,0.5,2,first-party,,,,,,
wedding catering cost for 100 guests dubai,0,commercial,0,,,20,/blog/wedding-catering-cost-dubai,sub,,False,False,False,False,0,False,partial,low,,,1,write one sentence that says it,Blog and Guides,0,0,0,0,0.5,2,first-party,,,,,,
wedding catering cost per person dubai,0,commercial,0,,2,10,/blog/wedding-catering-cost-dubai,sub,,False,False,False,False,0,False,partial,low,"no tracked competitor in top 30, we #2",0.6,1,write one sentence that says it,Blog and Guides,0,0,0,0,0.5,2,first-party,,,,,,
meal prep vs private chef dubai,0,commercial,0,,,20,/blog/weekly-meal-prep-vs-full-time-chef-dubai,primary,,False,False,False,False,0,False,partial,low,,1.0,0,"no measured UAE demand, but the page gets visits — check the phrasing against what they search; put the exact primary in the title; put the exact primary in the H1; say it in the meta description; say it in the first 100 words; one H2 carries it; use it at least twice in the body; answer a FAQ that contains it; get an inbound link with this anchor",Blog and Guides,1,3,0,,,0,,,,,,,
is a full time private chef worth it dubai,0,commercial,0,,,20,/blog/weekly-meal-prep-vs-full-time-chef-dubai,sub,,False,False,False,False,0,False,partial,low,no tracked competitor in top 30,,1,write one sentence that says it,Blog and Guides,1,3,0,,,0,,,,,,,
personal chef for meal prep cost,0,commercial,0,,,20,/blog/weekly-meal-prep-vs-full-time-chef-dubai,sub,,False,False,False,False,0,False,partial,low,no tracked competitor in top 30,,1,write one sentence that says it,Blog and Guides,1,3,0,,,0,,,,,,,
weekly meal prep vs private chef dubai,0,commercial,0,,20,10,/blog/weekly-meal-prep-vs-full-time-chef-dubai,sub,,False,False,False,False,0,False,partial,low,"no tracked competitor in top 30, we #20",,1,write one sentence that says it,Blog and Guides,1,3,0,,,0,,,,,,,
yacht party menu ideas dubai,0,commercial,0,,16,10,/blog/yacht-party-menu-ideas-dubai,primary,,True,True,True,True,3,False,partial,low,"no tracked competitor in top 30, we #16",1.0,8,"no measured UAE demand, but the page gets visits — check the phrasing against what they search; answer a FAQ that contains it; get an inbound link with this anchor",Blog and Guides,3,3,0,,1.0,1,first-party,,,,,,
boat party food dubai,0,informational,0,,,20,/blog/yacht-party-menu-ideas-dubai,sub,,False,False,False,False,1,False,partial,medium — SERP looks like another page,no tracked competitor in top 30,0.08,3,a second natural mention,Blog and Guides,3,3,0,,1.0,1,first-party,,,,,,
boat party menu ideas,0,informational,0,,,20,/blog/yacht-party-menu-ideas-dubai,sub,,False,False,False,False,1,False,partial,medium — SERP looks like another page,no tracked competitor in top 30,0.0,3,a second natural mention,Blog and Guides,3,3,0,,1.0,1,first-party,,,,,,
simple yacht party menu ideas,0,informational,0,,,20,/blog/yacht-party-menu-ideas-dubai,sub,,False,False,False,False,1,False,partial,medium — SERP looks like another page,no tracked competitor in top 30,0.0,3,a second natural mention,Blog and Guides,3,3,0,,1.0,1,first-party,,,,,,
what food to bring on a yacht dubai,0,informational,0,,,20,/blog/yacht-party-menu-ideas-dubai,sub,,False,False,False,False,0,False,partial,medium — SERP looks like another page,no tracked competitor in top 30,0.0,1,write one sentence that says it,Blog and Guides,3,3,0,,1.0,1,first-party,,,,,,
yacht party food ideas dubai,0,commercial,0,,19,10,/blog/yacht-party-menu-ideas-dubai,sub,,False,False,False,False,1,False,partial,low,"no tracked competitor in top 30, we #19",0.7,3,a second natural mention,Blog and Guides,3,3,0,,1.0,1,first-party,,,,,,
yacht party menu ideas for adults,0,commercial,0,,,20,/blog/yacht-party-menu-ideas-dubai,sub,,False,False,False,False,1,False,partial,medium — SERP looks like another page,no tracked competitor in top 30,0.07,3,a second natural mention,Blog and Guides,3,3,0,,1.0,1,first-party,,,,,,
catering cancellation policy dubai,0,transactional,0,,,20,/booking-protection-insurance,primary,,True,True,True,True,2,True,partial,low,no tracked competitor in top 30,1.0,9,"no measured UAE demand, but the page gets visits — check the phrasing against what they search; get an inbound link with this anchor",Trust / Utility,2,2,0,2,0.667,3,first-party,,,,,,
cancellation policy for catering events,0,transactional,0,,,20,/booking-protection-insurance,sub,,False,False,False,False,1,False,partial,medium — SERP looks like another page,no tracked competitor in top 30,0.0,3,a second natural mention,Trust / Utility,2,2,0,2,0.667,3,first-party,,,,,,
caterer liability insurance dubai,0,commercial,0,,,20,/booking-protection-insurance,sub,,False,False,False,False,1,False,partial,medium — SERP looks like another page,no tracked competitor in top 30,0.0,3,a second natural mention,Trust / Utility,2,2,0,2,0.667,3,first-party,,,,,,
catering booking cancellation policy,0,transactional,0,,,20,/booking-protection-insurance,sub,,False,False,False,False,1,False,partial,medium — SERP looks like another page,no tracked competitor in top 30,0.23,3,a second natural mention,Trust / Utility,2,2,0,2,0.667,3,first-party,,,,,,
catering cancellation policy sample,0,,0,,,20,/booking-protection-insurance,sub,,False,False,False,False,1,False,partial,low,,,3,a second natural mention,Trust / Utility,2,2,0,2,0.667,3,first-party,,,,,,
catering contract wedding cancellation policy,0,transactional,0,,,20,/booking-protection-insurance,sub,,False,False,False,False,1,True,partial,medium — SERP looks like another page,no tracked competitor in top 30,0.0,5,a second natural mention,Trust / Utility,2,2,0,2,0.667,3,first-party,,,,,,
catering deposit refund dubai,0,transactional,0,,32,20,/booking-protection-insurance,sub,,False,False,False,False,1,False,partial,medium — SERP looks like another page,"no tracked competitor in top 30, we #32",0.07,3,a second natural mention,Trust / Utility,2,2,0,2,0.667,3,first-party,,,,,,
catering hall contract cancellation policy,0,transactional,0,,,20,/booking-protection-insurance,sub,,False,False,False,False,1,True,partial,low,,,5,a second natural mention,Trust / Utility,2,2,0,2,0.667,3,first-party,,,,,,
event catering insurance dubai,0,commercial,0,,,20,/booking-protection-insurance,sub,,False,False,False,False,1,False,partial,medium — SERP looks like another page,no tracked competitor in top 30,0.0,3,a second natural mention,Trust / Utility,2,2,0,2,0.667,3,first-party,,,,,,
maggianos catering cancellation policy,0,,0,,,20,/booking-protection-insurance,sub,,False,False,False,False,1,False,partial,low,,,3,a second natural mention,Trust / Utility,2,2,0,2,0.667,3,first-party,,,,,,
mission bbq catering cancellation policy,0,,0,,,20,/booking-protection-insurance,sub,,False,False,False,False,1,True,partial,low,,,5,a second natural mention,Trust / Utility,2,2,0,2,0.667,3,first-party,,,,,,
moes catering cancellation policy,0,,0,,,20,/booking-protection-insurance,sub,,False,False,False,False,1,False,partial,low,,,3,a second natural mention,Trust / Utility,2,2,0,2,0.667,3,first-party,,,,,,
what happens if my chef cancels dubai,0,informational,0,,15,10,/booking-protection-insurance,sub,,False,False,False,False,2,True,none,medium — SERP looks like another page,"no tracked competitor in top 30, we #15",0.0,6,hold — nothing to do,Trust / Utility,2,2,0,2,0.667,3,first-party,,,,,,
brand activation catering dubai,0,commercial,0,,,20,/brand-activation-catering-dubai,primary,,True,False,True,False,2,False,partial,low,no tracked competitor in top 30,1.0,6,no measured UAE demand for this primary — re-target it or merge the page; say it in the meta description; one H2 carries it; answer a FAQ that contains it; get an inbound link with this anchor,Corporate Catering,0,0,0,,,0,,,,,,,
brand activation catering company dubai,0,commercial,0,,,20,/brand-activation-catering-dubai,sub,,False,False,False,False,0,False,partial,medium — SERP looks like another page,no tracked competitor in top 30,0.3,1,write one sentence that says it,Corporate Catering,0,0,0,,,0,,,,,,,
brand activation catering dubai cost per person,0,commercial,0,,4,10,/brand-activation-catering-dubai,sub,,False,False,False,False,0,False,partial,medium — SERP looks like another page,"no tracked competitor in top 30, we #4",0.0,1,write one sentence that says it,Corporate Catering,0,0,0,,,0,,,,,,,
brand activation catering dubai price,0,commercial,0,,24,10,/brand-activation-catering-dubai,sub,,False,False,False,False,0,False,partial,medium — SERP looks like another page,"no tracked competitor in top 30, we #24",0.07,1,write one sentence that says it,Corporate Catering,0,0,0,,,0,,,,,,,
brand activation catering menu dubai,0,transactional,0,,27,10,/brand-activation-catering-dubai,sub,,False,False,False,False,0,False,partial,medium — SERP looks like another page,"no tracked competitor in top 30, we #27",0.0,1,write one sentence that says it,Corporate Catering,0,0,0,,,0,,,,,,,
brand activation catering packages dubai,0,commercial,0,,,20,/brand-activation-catering-dubai,sub,,False,False,False,False,0,False,partial,medium — SERP looks like another page,no tracked competitor in top 30,0.17,1,write one sentence that says it,Corporate Catering,0,0,0,,,0,,,,,,,
pop up catering dubai,0,commercial,0,,,20,/brand-activation-catering-dubai,sub,,False,False,False,False,0,False,partial,medium — SERP looks like another page,no tracked competitor in top 30,0.0,1,write one sentence that says it,Corporate Catering,0,0,0,,,0,,,,,,,
top catering services provider in dubai,0,commercial,0,,,20,/brand-activation-catering-dubai,sub,,False,False,False,False,0,False,partial,medium — SERP looks like another page,no tracked competitor in top 30,0.0,1,write one sentence that says it; merge → /best-catering-companies-dubai,Corporate Catering,0,0,0,,,0,,,,,,,
arabic breakfast catering dubai,0,commercial,0,,,20,/breakfast-catering-dubai,sub,,False,False,False,False,2,True,partial,medium — SERP looks like another page,no tracked competitor in top 30,0.08,7,hold — nothing to do,Seasonal and Occasions,1,2,0,8,1.0,1,first-party,,,,,,
best breakfast catering dubai,0,commercial,0,,,20,/breakfast-catering-dubai,sub,,False,False,False,False,1,False,partial,medium — SERP looks like another page,no tracked competitor in top 30,0.08,3,a second natural mention,Seasonal and Occasions,1,2,0,8,1.0,1,first-party,,,,,,
breakfast catering dubai price,0,commercial,0,,,20,/breakfast-catering-dubai,sub,,False,False,False,False,1,False,partial,low,,,3,a second natural mention,Seasonal and Occasions,1,2,0,8,1.0,1,first-party,,,,,,
breakfast catering menu dubai,0,transactional,0,,,20,/breakfast-catering-dubai,sub,,False,False,False,False,1,False,partial,medium — SERP looks like another page,no tracked competitor in top 30,0.33,3,a second natural mention,Seasonal and Occasions,1,2,0,8,1.0,1,first-party,,,,,,
breakfast catering packages dubai,0,commercial,0,,,20,/breakfast-catering-dubai,sub,,False,False,False,False,1,False,partial,low,,,3,a second natural mention,Seasonal and Occasions,1,2,0,8,1.0,1,first-party,,,,,,
breakfast catering price per person dubai,0,commercial,0,,16,10,/breakfast-catering-dubai,sub,,False,False,False,False,1,False,partial,medium — SERP looks like another page,"no tracked competitor in top 30, we #16",0.0,3,a second natural mention,Seasonal and Occasions,1,2,0,8,1.0,1,first-party,,,,,,
breakfast food in dubai,0,,0,,,20,/breakfast-catering-dubai,sub,,False,False,False,False,1,True,partial,low,,,5,a second natural mention,Seasonal and Occasions,1,2,0,8,1.0,1,first-party,,,,,,
breakfast options in dubai,0,,0,,,20,/breakfast-catering-dubai,sub,,False,False,False,False,1,True,partial,low,,,5,a second natural mention,Seasonal and Occasions,1,2,0,8,1.0,1,first-party,,,,,,
breakfast platters dubai,0,,0,,,20,/breakfast-catering-dubai,sub,,False,False,False,False,1,True,partial,low,,,5,a second natural mention,Seasonal and Occasions,1,2,0,8,1.0,1,first-party,,,,,,
corporate breakfast catering dubai,0,,0,,,20,/breakfast-catering-dubai,sub,,False,False,False,False,1,False,partial,low,,,3,a second natural mention,Seasonal and Occasions,1,2,0,8,1.0,1,first-party,,,,,,
halal breakfast catering dubai,0,commercial,0,,,20,/breakfast-catering-dubai,sub,,False,False,False,False,1,False,partial,medium — SERP looks like another page,no tracked competitor in top 30,0.07,3,a second natural mention,Seasonal and Occasions,1,2,0,8,1.0,1,first-party,,,,,,
office breakfast catering dubai,0,commercial,0,,,20,/breakfast-catering-dubai,sub,,False,False,False,False,1,False,partial,medium — SERP looks like another page,no tracked competitor in top 30,0.08,3,a second natural mention,Seasonal and Occasions,1,2,0,8,1.0,1,first-party,,,,,,
brunch catering dubai,0,commercial,0,,,20,/brunch-catering-dubai,primary,/blog/brunch-at-home-dubai /breakfast-catering-dubai /christmas-catering-dubai /new-year-catering-dubai,True,True,True,True,14,True,exact,low,no tracked competitor in top 30,1.0,10,"no measured UAE demand, but the page gets visits — check the phrasing against what they search",Seasonal and Occasions,9,10,0,,,0,,,,,,,
best brunch catering dubai,0,commercial,0,,,20,/brunch-catering-dubai,sub,,False,False,False,False,1,False,partial,medium — SERP looks like another page,no tracked competitor in top 30,0.08,3,a second natural mention,Seasonal and Occasions,9,10,0,,,0,,,,,,,
birthday brunch catering dubai,0,commercial,0,,,20,/brunch-catering-dubai,sub,,False,False,False,False,1,False,partial,medium — SERP looks like another page,no tracked competitor in top 30,0.0,3,a second natural mention,Seasonal and Occasions,9,10,0,,,0,,,,,,,
brunch catering dubai price,0,commercial,0,,34,20,/brunch-catering-dubai,sub,,False,False,False,False,1,False,partial,medium — SERP looks like another page,"no tracked competitor in top 30, we #34",0.18,3,a second natural mention,Seasonal and Occasions,9,10,0,,,0,,,,,,,
brunch catering menu dubai,0,transactional,0,,,20,/brunch-catering-dubai,sub,,False,False,False,False,1,False,partial,medium — SERP looks like another page,no tracked competitor in top 30,0.23,3,a second natural mention,Seasonal and Occasions,9,10,0,,,0,,,,,,,
brunch catering packages dubai,0,commercial,0,,,20,/brunch-catering-dubai,sub,,False,False,False,False,1,False,partial,low,,,3,a second natural mention,Seasonal and Occasions,9,10,0,,,0,,,,,,,
brunch catering price per person dubai,0,commercial,0,,,20,/brunch-catering-dubai,sub,,False,False,False,False,1,False,partial,medium — SERP looks like another page,no tracked competitor in top 30,0.0,3,a second natural mention,Seasonal and Occasions,9,10,0,,,0,,,,,,,
brunch offers in dubai,0,,0,,,20,/brunch-catering-dubai,sub,,False,False,False,False,1,False,partial,low,,,3,a second natural mention,Seasonal and Occasions,9,10,0,,,0,,,,,,,
brunch on sundays in dubai,0,,0,,,20,/brunch-catering-dubai,sub,,False,False,False,False,1,True,partial,low,,,5,a second natural mention,Seasonal and Occasions,9,10,0,,,0,,,,,,,
easter brunch catering dubai,0,,0,,,20,/brunch-catering-dubai,sub,,False,False,False,False,2,True,partial,low,,,7,hold — nothing to do,Seasonal and Occasions,9,10,0,,,0,,,,,,,
halal brunch catering dubai,0,commercial,0,,29,10,/brunch-catering-dubai,sub,,False,False,False,False,1,False,partial,medium — SERP looks like another page,"no tracked competitor in top 30, we #29",0.08,3,a second natural mention,Seasonal and Occasions,9,10,0,,,0,,,,,,,
mothers day brunch catering dubai,0,,0,,,20,/brunch-catering-dubai,sub,,False,False,False,False,1,True,partial,low,,,5,a second natural mention,Seasonal and Occasions,9,10,0,,,0,,,,,,,
villa brunch catering dubai,0,informational,0,,18,10,/brunch-catering-dubai,sub,,False,False,False,False,1,False,partial,medium — SERP looks like another page,"no tracked competitor in top 30, we #18",0.0,3,a second natural mention,Seasonal and Occasions,9,10,0,,,0,,,,,,,
best buffet catering dubai,0,commercial,0,,,20,/buffet-catering-dubai,sub,,False,False,False,False,1,False,partial,medium — SERP looks like another page,no tracked competitor in top 30,0.18,3,a second natural mention; merge → /best-catering-companies-dubai,Catering,10,12,0,2,1.0,2,first-party,,,,,,
birthday buffet catering dubai,0,,0,,,20,/buffet-catering-dubai,sub,,False,False,False,False,0,False,partial,low,,,1,write one sentence that says it,Catering,10,12,0,2,1.0,2,first-party,,,,,,
breakfast buffet catering dubai,0,commercial,0,,,20,/buffet-catering-dubai,sub,,False,False,False,False,0,False,partial,medium — SERP looks like another page,no tracked competitor in top 30,0.07,1,write one sentence that says it,Catering,10,12,0,2,1.0,2,first-party,,,,,,
buffet catering dubai price,0,commercial,0,,,20,/buffet-catering-dubai,sub,,False,False,False,False,1,False,partial,medium — SERP looks like another page,no tracked competitor in top 30,0.18,3,a second natural mention,Catering,10,12,0,2,1.0,2,first-party,,,,,,
buffet catering menu dubai,0,informational,0,,,20,/buffet-catering-dubai,sub,,False,False,False,False,1,False,partial,medium — SERP looks like another page,no tracked competitor in top 30,0.27,3,a second natural mention,Catering,10,12,0,2,1.0,2,first-party,,,,,,
buffet catering packages dubai,0,commercial,0,,,20,/buffet-catering-dubai,sub,,False,False,False,False,1,False,partial,low,,,3,a second natural mention,Catering,10,12,0,2,1.0,2,first-party,,,,,,
buffet catering price per person dubai,0,commercial,0,,,20,/buffet-catering-dubai,sub,,False,False,False,False,1,False,partial,low,,,3,a second natural mention,Catering,10,12,0,2,1.0,2,first-party,,,,,,
christmas buffet catering dubai,0,,0,,,20,/buffet-catering-dubai,sub,,False,False,False,False,0,False,partial,low,,,1,write one sentence that says it,Catering,10,12,0,2,1.0,2,first-party,,,,,,
corporate buffet catering dubai,0,,0,,,20,/buffet-catering-dubai,sub,,False,False,False,False,0,False,partial,low,,,1,write one sentence that says it,Catering,10,12,0,2,1.0,2,first-party,,,,,,
eid buffet catering dubai,0,,0,,,20,/buffet-catering-dubai,sub,,False,False,False,False,0,False,partial,low,,,1,write one sentence that says it,Catering,10,12,0,2,1.0,2,first-party,,,,,,
halal buffet catering dubai,0,commercial,0,,,20,/buffet-catering-dubai,sub,,False,False,False,False,1,False,partial,medium — SERP looks like another page,no tracked competitor in top 30,0.27,3,a second natural mention,Catering,10,12,0,2,1.0,2,first-party,,,,,,
international buffet catering dubai,0,commercial,0,,,20,/buffet-catering-dubai,sub,,False,False,False,False,0,False,partial,low,,,1,write one sentence that says it,Catering,10,12,0,2,1.0,2,first-party,,,,,,
buffet vs plated dubai,0,commercial,0,,,20,/buffet-vs-plated-dubai,primary,,True,True,True,True,4,True,partial,low,no tracked competitor in top 30,1.0,9,"no measured UAE demand, but the page gets visits — check the phrasing against what they search; get an inbound link with this anchor",Blog and Guides,1,1,0,,,0,,,,,,,
buffet or plated wedding dubai,0,informational,0,,,20,/buffet-vs-plated-dubai,sub,,False,False,False,False,1,False,partial,medium — SERP looks like another page,no tracked competitor in top 30,0.07,3,a second natural mention,Blog and Guides,1,1,0,,,0,,,,,,,
buffet vs plated service pros and cons,0,commercial,0,,,20,/buffet-vs-plated-dubai,sub,,False,False,False,False,1,False,partial,medium — SERP looks like another page,no tracked competitor in top 30,0.06,3,a second natural mention,Blog and Guides,1,1,0,,,0,,,,,,,
difference between buffet and plated service,0,informational,0,,,20,/buffet-vs-plated-dubai,sub,,False,False,False,False,1,False,partial,medium — SERP looks like another page,no tracked competitor in top 30,0.07,3,a second natural mention,Blog and Guides,1,1,0,,,0,,,,,,,
is buffet or plated dinner better,0,informational,0,,,20,/buffet-vs-plated-dubai,sub,,False,False,False,False,0,False,partial,medium — SERP looks like another page,no tracked competitor in top 30,0.06,1,write one sentence that says it,Blog and Guides,1,1,0,,,0,,,,,,,
wedding buffet vs plated dubai,0,commercial,0,,,20,/buffet-vs-plated-dubai,sub,,False,False,False,False,1,False,partial,medium — SERP looks like another page,no tracked competitor in top 30,0.36,3,a second natural mention,Blog and Guides,1,1,0,,,0,,,,,,,
which is better ala carte or buffet,0,informational,0,,,20,/buffet-vs-plated-dubai,sub,,False,False,False,False,1,True,partial,medium — SERP looks like another page,no tracked competitor in top 30,0.0,5,a second natural mention,Blog and Guides,1,1,0,,,0,,,,,,,
which is better buffet or plated,0,informational,0,,,20,/buffet-vs-plated-dubai,sub,,False,False,False,False,1,True,partial,medium — SERP looks like another page,no tracked competitor in top 30,0.07,5,a second natural mention,Blog and Guides,1,1,0,,,0,,,,,,,
which is cheaper buffet or plated,0,informational,0,,,20,/buffet-vs-plated-dubai,sub,,False,False,False,False,1,True,partial,medium — SERP looks like another page,no tracked competitor in top 30,0.06,5,a second natural mention,Blog and Guides,1,1,0,,,0,,,,,,,
business lunch catering dubai,0,commercial,0,,28,10,/business-lunch-catering-dubai,primary,,True,True,True,True,5,True,partial,low,"no tracked competitor in top 30, we #30",1.0,9,"no measured UAE demand, but the page gets visits — check the phrasing against what they search; get an inbound link with this anchor",Corporate Catering,3,3,1,37,0.0,1,first-party,0,16,0,28.4,/business-lunch-catering-dubai,
best business lunch dubai with a view,0,,0,,,20,/business-lunch-catering-dubai,sub,,False,False,False,False,1,False,partial,low,,,3,a second natural mention,Corporate Catering,3,3,1,37,0.0,1,first-party,,,,,,
business lunch buffet dubai,0,,0,,,20,/business-lunch-catering-dubai,sub,,False,False,False,False,1,False,partial,low,,,3,a second natural mention,Corporate Catering,3,3,1,37,0.0,1,first-party,,,,,,
business lunch catering dubai cost per person,0,commercial,0,,8,10,/business-lunch-catering-dubai,sub,,False,False,False,False,1,False,partial,medium — SERP looks like another page,"no tracked competitor in top 30, we #8",0.17,3,a second natural mention,Corporate Catering,3,3,1,37,0.0,1,first-party,,,,,,
business lunch catering dubai price,0,commercial,0,,21,10,/business-lunch-catering-dubai,sub,,False,False,False,False,1,False,partial,low,"no tracked competitor in top 30, we #21",0.5,3,a second natural mention,Corporate Catering,3,3,1,37,0.0,1,first-party,,,,,,
business lunch catering menu dubai,0,informational,0,,,20,/business-lunch-catering-dubai,sub,,False,False,False,False,1,False,partial,low,,,3,a second natural mention,Corporate Catering,3,3,1,37,0.0,1,first-party,,,,,,
business lunch catering packages dubai,0,commercial,0,,26,10,/business-lunch-catering-dubai,sub,,False,False,False,False,1,False,partial,low,"no tracked competitor in top 30, we #26",0.71,3,a second natural mention,Corporate Catering,3,3,1,37,0.0,1,first-party,,,,,,
business lunch delivery dubai,0,commercial,0,,18,20,/business-lunch-catering-dubai,sub,,False,False,False,False,1,False,partial,medium — SERP looks like another page,no tracked competitor in top 30,0.3,3,a second natural mention,Corporate Catering,3,3,1,37,0.0,1,first-party,0,1,0,18,/business-lunch-catering-dubai,
business lunch downtown dubai,0,,0,,,20,/business-lunch-catering-dubai,sub,,False,False,False,False,1,False,partial,low,,,3,a second natural mention,Corporate Catering,3,3,1,37,0.0,1,first-party,,,,,,
business lunch offers in dubai,0,commercial,0,,,20,/business-lunch-catering-dubai,sub,,False,False,False,False,1,False,partial,medium — SERP looks like another page,no tracked competitor in top 30,0.0,3,a second natural mention,Corporate Catering,3,3,1,37,0.0,1,first-party,,,,,,
business lunch options dubai,0,,0,,,20,/business-lunch-catering-dubai,sub,,False,False,False,False,1,False,partial,low,,,3,a second natural mention,Corporate Catering,3,3,1,37,0.0,1,first-party,,,,,,
office lunch delivery dubai,0,transactional,0,,36,20,/business-lunch-catering-dubai,sub,,False,False,False,False,1,False,partial,medium — SERP looks like another page,no tracked competitor in top 30,0.22,3,a second natural mention,Corporate Catering,3,3,1,37,0.0,1,first-party,0,1,0,36,/business-lunch-catering-dubai,
working lunch catering dubai,0,informational,0,,24,10,/business-lunch-catering-dubai,sub,,False,False,False,False,0,False,partial,low,"no tracked competitor in top 30, we #24",0.5,1,write one sentence that says it,Corporate Catering,3,3,1,37,0.0,1,first-party,,,,,,
best canape catering dubai,0,commercial,0,,,20,/canape-catering-dubai,sub,,False,False,False,False,1,False,partial,medium — SERP looks like another page,no tracked competitor in top 30,0.15,3,a second natural mention,Catering,14,17,0,12,0.6,5,first-party,,,,,,
birthday canape catering dubai,0,,0,,,20,/canape-catering-dubai,sub,,False,False,False,False,1,False,partial,low,,,3,a second natural mention,Catering,14,17,0,12,0.6,5,first-party,,,,,,
canape catering dubai price,0,commercial,0,,,20,/canape-catering-dubai,sub,,False,False,False,False,1,False,partial,medium — SERP looks like another page,no tracked competitor in top 30,0.23,3,a second natural mention,Catering,14,17,0,12,0.6,5,first-party,,,,,,
canape catering menu dubai,0,transactional,0,,,20,/canape-catering-dubai,sub,,False,False,False,False,1,False,partial,medium — SERP looks like another page,no tracked competitor in top 30,0.25,3,a second natural mention,Catering,14,17,0,12,0.6,5,first-party,,,,,,
canape catering packages dubai,0,commercial,0,,,20,/canape-catering-dubai,sub,,False,False,False,False,1,False,partial,medium — SERP looks like another page,no tracked competitor in top 30,0.4,3,a second natural mention,Catering,14,17,0,12,0.6,5,first-party,,,,,,
canape catering price per person dubai,0,commercial,0,,,20,/canape-catering-dubai,sub,,False,False,False,False,1,False,partial,medium — SERP looks like another page,no tracked competitor in top 30,0.23,3,a second natural mention,Catering,14,17,0,12,0.6,5,first-party,,,,,,
canapes catering near me,0,,0,,,20,/canape-catering-dubai,sub,,False,False,False,False,1,False,partial,low,,,3,a second natural mention,Catering,14,17,0,12,0.6,5,first-party,,,,,,
corporate canape catering dubai,0,,0,,,20,/canape-catering-dubai,sub,,False,False,False,False,1,False,partial,low,,,3,a second natural mention,Catering,14,17,0,12,0.6,5,first-party,,,,,,
finger food catering price per person dubai,0,,0,,,20,/canape-catering-dubai,sub,,False,False,False,False,1,False,partial,low,,,3,a second natural mention,Catering,14,17,0,12,0.6,5,first-party,,,,,,
halal canape catering dubai,0,commercial,0,,,20,/canape-catering-dubai,sub,,False,False,False,False,1,False,partial,low,,,3,a second natural mention,Catering,14,17,0,12,0.6,5,first-party,,,,,,
catering case studies dubai,0,commercial,0,,2,10,/case-studies,primary,,True,True,True,True,2,True,partial,low,"no tracked competitor in top 30, we #2",1.0,9,"no measured UAE demand, but the page gets visits — check the phrasing against what they search; get an inbound link with this anchor",Trust / Utility,5,5,0,298,0.0,1,first-party,,,,,,
dubai event catering examples,0,commercial,0,,,20,/case-studies,sub,,False,False,False,False,1,False,partial,medium — SERP looks like another page,no tracked competitor in top 30,0.0,3,a second natural mention; merge → /events,Trust / Utility,5,5,0,298,0.0,1,first-party,,,,,,
private chef event portfolio dubai,0,commercial,0,,20,10,/case-studies,sub,,False,False,False,False,1,False,none,medium — SERP looks like another page,"no tracked competitor in top 30, we #20",0.0,2,a second natural mention; merge → /blog/private-chef-date-night-dubai,Trust / Utility,5,5,0,298,0.0,1,first-party,,,,,,
catering cost calculator dubai,0,commercial,0,,,20,/catering-cost-calculator-dubai,primary,,True,True,True,True,5,False,partial,low,,1.0,8,"no measured UAE demand, but the page gets visits — check the phrasing against what they search; answer a FAQ that contains it; get an inbound link with this anchor",Blog and Guides,1,1,0,2,1.0,1,first-party,,,,,,
birthday catering cost calculator dubai,0,commercial,0,,16,10,/catering-cost-calculator-dubai,sub,,False,False,False,False,1,False,partial,low,"no tracked competitor in top 30, we #16",,3,a second natural mention,Blog and Guides,1,1,0,2,1.0,1,first-party,,,,,,
catering budget calculator dubai,0,commercial,0,,2,10,/catering-cost-calculator-dubai,sub,,False,False,False,False,0,False,partial,low,"no tracked competitor in top 30, we #2",,1,write one sentence that says it,Blog and Guides,1,1,0,2,1.0,1,first-party,,,,,,
catering calculator per person,0,commercial,0,,,20,/catering-cost-calculator-dubai,sub,,False,False,False,False,1,False,partial,low,no tracked competitor in top 30,,3,a second natural mention,Blog and Guides,1,1,0,2,1.0,1,first-party,,,,,,
estimate catering cost dubai,0,commercial,0,,30,10,/catering-cost-calculator-dubai,sub,,False,False,False,False,1,False,partial,low,"no tracked competitor in top 30, we #30",,3,a second natural mention,Blog and Guides,1,1,0,2,1.0,1,first-party,,,,,,
how much catering do i need for 50 guests dubai,0,commercial,0,,25,10,/catering-cost-calculator-dubai,sub,,False,False,False,False,0,False,partial,low,"no tracked competitor in top 30, we #25",,1,write one sentence that says it,Blog and Guides,1,1,0,2,1.0,1,first-party,,,,,,
how much will catering cost dubai,0,commercial,0,,,20,/catering-cost-calculator-dubai,sub,,False,False,False,False,0,False,partial,low,,,1,write one sentence that says it,Blog and Guides,1,1,0,2,1.0,1,first-party,,,,,,
small catering cost calculator dubai,0,commercial,0,,16,10,/catering-cost-calculator-dubai,sub,,False,False,False,False,1,False,partial,low,"no tracked competitor in top 30, we #16",,3,a second natural mention,Blog and Guides,1,1,0,2,1.0,1,first-party,,,,,,
wedding catering cost calculator dubai,0,commercial,0,,2,10,/catering-cost-calculator-dubai,sub,,False,False,False,False,1,False,partial,low,"no tracked competitor in top 30, we #2",,3,a second natural mention,Blog and Guides,1,1,0,2,1.0,1,first-party,,,,,,
bespoke catering dubai,0,,0,,,20,/catering-dubai,sub,,False,False,False,False,0,False,partial,low,,,1,write one sentence that says it,Catering,80,211,0,47.5,0,2,ga4,,,,,,
full service catering dubai,0,,0,,,20,/catering-dubai,sub,,False,False,False,False,0,False,partial,low,,,1,write one sentence that says it,Catering,80,211,0,47.5,0,2,ga4,,,,,,
small catering dubai party,0,commercial,0,,,20,/catering-dubai,sub,,False,False,False,False,0,False,partial,medium — SERP looks like another page,no tracked competitor in top 30,0.18,1,write one sentence that says it; merge → /birthday-catering-package-dubai,Catering,80,211,0,47.5,0,2,ga4,,,,,,
catering packages dubai,0,commercial,0,,,20,/catering-packages-dubai,primary,/afternoon-tea-catering-dubai /allergy-safe-catering-dubai /arabic-catering-dubai /baby-shower-catering-dubai /bbq-catering-dubai /birthday-catering-package-dubai,True,True,True,True,5,False,exact,medium — many bodies say it,no tracked competitor in top 30,1.0,9,"no measured UAE demand, but the page gets visits — check the phrasing against what they search; answer a FAQ that contains it",Packages / Offers,9,10,0,2,1.0,4,first-party,,,,,,
all inclusive catering package dubai,0,commercial,0,,,20,/catering-packages-dubai,sub,,False,False,False,False,0,False,partial,low,,,1,write one sentence that says it,Packages / Offers,9,10,0,2,1.0,4,first-party,,,,,,
bachelor party catering packages dubai,0,,0,,,20,/catering-packages-dubai,sub,,False,False,False,False,0,False,partial,low,,,1,write one sentence that says it,Packages / Offers,9,10,0,2,1.0,4,first-party,,,,,,
bachelorette party catering packages dubai,0,,0,,,20,/catering-packages-dubai,sub,,False,False,False,False,0,False,partial,low,,,1,write one sentence that says it,Packages / Offers,9,10,0,2,1.0,4,first-party,,,,,,
best catering packages dubai,0,commercial,0,,,20,/catering-packages-dubai,sub,,False,False,False,False,1,False,partial,low,,,3,a second natural mention,Packages / Offers,9,10,0,2,1.0,4,first-party,,,,,,
birthday party catering packages dubai,0,,0,,,20,/catering-packages-dubai,sub,,False,False,False,False,0,False,partial,low,,,1,write one sentence that says it,Packages / Offers,9,10,0,2,1.0,4,first-party,,,,,,
catering package cost per person dubai,0,commercial,0,,24,10,/catering-packages-dubai,sub,,False,False,False,False,0,False,partial,medium — SERP looks like another page,"no tracked competitor in top 30, we #24",0.0,1,write one sentence that says it,Packages / Offers,9,10,0,2,1.0,4,first-party,,,,,,
catering packages dubai price,0,commercial,0,,,20,/catering-packages-dubai,sub,,False,False,False,False,1,False,partial,medium — SERP looks like another page,no tracked competitor in top 30,0.08,3,a second natural mention,Packages / Offers,9,10,0,2,1.0,4,first-party,,,,,,
finger food catering packages dubai,0,,0,,,20,/catering-packages-dubai,sub,,False,False,False,False,0,False,partial,low,,,1,write one sentence that says it,Packages / Offers,9,10,0,2,1.0,4,first-party,,,,,,
food catering packages dubai,0,commercial,0,,,20,/catering-packages-dubai,sub,,False,False,False,False,0,False,partial,medium — SERP looks like another page,no tracked competitor in top 30,0.44,1,write one sentence that says it; merge → /best-catering-companies-dubai,Packages / Offers,9,10,0,2,1.0,4,first-party,,,,,,
halal catering packages dubai,0,commercial,0,,,20,/catering-packages-dubai,sub,,False,False,False,False,0,False,partial,medium — SERP looks like another page,no tracked competitor in top 30,0.0,1,write one sentence that says it,Packages / Offers,9,10,0,2,1.0,4,first-party,,,,,,
party catering packages dubai,0,commercial,0,,,20,/catering-packages-dubai,sub,/cocktail-party-catering-dubai,False,False,False,False,0,False,partial,medium — SERP looks like another page,no tracked competitor in top 30,0.2,2,write one sentence that says it; merge → /best-catering-companies-dubai,Packages / Offers,9,10,0,2,1.0,4,first-party,,,,,,
small catering packages dubai,0,commercial,0,,,20,/catering-packages-dubai,sub,,False,False,False,False,0,False,partial,medium — SERP looks like another page,no tracked competitor in top 30,0.2,1,write one sentence that says it,Packages / Offers,9,10,0,2,1.0,4,first-party,,,,,,
best chef school in dubai,0,,0,,,20,/chef-training-academy,sub,,False,False,False,False,1,False,partial,low,,,3,a second natural mention,Trust / Utility,0,0,0,,,0,,,,,,,
chef apprenticeship dubai,0,commercial,0,,,20,/chef-training-academy,sub,,False,False,False,False,0,False,partial,medium — SERP looks like another page,no tracked competitor in top 30,0.08,1,write one sentence that says it,Trust / Utility,0,0,0,,,0,,,,,,,
chef certificate dubai,0,commercial,0,,,20,/chef-training-academy,sub,,False,False,False,False,0,False,partial,medium — SERP looks like another page,no tracked competitor in top 30,0.44,1,write one sentence that says it,Trust / Utility,0,0,0,,,0,,,,,,,
chef classes dubai,0,commercial,0,,,20,/chef-training-academy,sub,,False,False,False,False,0,False,partial,medium — SERP looks like another page,no tracked competitor in top 30,0.1,1,write one sentence that says it; merge → /private-cooking-classes-dubai,Trust / Utility,0,0,0,,,0,,,,,,,
chef training courses dubai,0,commercial,0,,,20,/chef-training-academy,sub,,False,False,False,False,0,False,partial,medium — SERP looks like another page,no tracked competitor in top 30,0.43,1,write one sentence that says it,Trust / Utility,0,0,0,,,0,,,,,,,
cook training in dubai,0,,0,,,20,/chef-training-academy,sub,,False,False,False,False,0,False,partial,low,,,1,write one sentence that says it,Trust / Utility,0,0,0,,,0,,,,,,,
culinary training dubai,0,commercial,0,,,20,/chef-training-academy,sub,,False,False,False,False,0,False,partial,medium — SERP looks like another page,no tracked competitor in top 30,0.43,1,write one sentence that says it,Trust / Utility,0,0,0,,,0,,,,,,,
private chef academy dubai,0,commercial,0,,,20,/chef-training-academy,sub,,False,False,False,False,0,False,partial,medium — SERP looks like another page,no tracked competitor in top 30,0.22,1,write one sentence that says it,Trust / Utility,0,0,0,,,0,,,,,,,
chef table experience dubai,0,informational,0,,,20,/chefs-table-dubai,sub,,False,False,False,False,1,False,partial,low,no tracked competitor in top 30,0.6,3,a second natural mention,Private Chef,0,0,0,,,0,,,,,,,
chefs table packages dubai,0,commercial,0,,,20,/chefs-table-dubai,sub,,False,False,False,False,1,False,partial,low,,,3,a second natural mention,Private Chef,0,0,0,,,0,,,,,,,
famous private chefs,0,commercial,0,,,20,/chefs-table-dubai,sub,,False,False,False,False,1,False,partial,medium — SERP looks like another page,no tracked competitor in top 30,0.0,3,a second natural mention,Private Chef,0,0,0,,,0,,,,,,,
grazing table prices,0,,0,,,20,/chefs-table-dubai,sub,/blog/grazing-table-vs-buffet-dubai,False,False,False,False,1,False,partial,low,,,4,a second natural mention,Private Chef,0,0,0,,,0,,,,,,,
halal chefs table dubai,0,commercial,0,,31,20,/chefs-table-dubai,sub,,False,False,False,False,1,False,partial,low,"no tracked competitor in top 30, we #31",0.6,3,a second natural mention,Private Chef,0,0,0,,,0,,,,,,,
private chefs table dubai price,0,commercial,0,,24,10,/chefs-table-dubai,sub,,False,False,False,False,1,False,partial,medium — SERP looks like another page,"no tracked competitor in top 30, we #24",0.17,3,a second natural mention,Private Chef,0,0,0,,,0,,,,,,,
private chefs table price per person dubai,0,commercial,0,,,20,/chefs-table-dubai,sub,,False,False,False,False,1,False,partial,medium — SERP looks like another page,no tracked competitor in top 30,0.06,3,a second natural mention; merge → /blog/how-much-does-private-chef-cost-dubai,Private Chef,0,0,0,,,0,,,,,,,
,0,,0,,,,/chefs/ahmed-executive-chef,untargeted (in sitemap),,False,False,False,False,0,False,none,n/a,,,0,decide: lock a primary or keep untargeted by decision,Private Chef,0,0,0,,,0,,,,,,,
arabic private chef dubai,0,informational,0,,30,10,/chefs/layla-middle-eastern-chef,primary,,True,False,True,False,1,False,partial,low,"no tracked competitor in top 30, we #30",1.0,5,"no measured UAE demand, but the page gets visits — check the phrasing against what they search; say it in the meta description; one H2 carries it; use it at least twice in the body; answer a FAQ that contains it; get an inbound link with this anchor",Private Chef,1,3,0,,,0,,,,,,,
arabic chef for home dinner dubai,0,transactional,0,,33,20,/chefs/layla-middle-eastern-chef,sub,,False,False,False,False,0,False,partial,low,"no tracked competitor in top 30, we #33",0.56,1,write one sentence that says it,Private Chef,1,3,0,,,0,,,,,,,
middle eastern private chef dubai,0,commercial,0,,,20,/chefs/layla-middle-eastern-chef,sub,,False,False,False,False,0,False,partial,medium — SERP looks like another page,no tracked competitor in top 30,0.27,1,write one sentence that says it; merge → /blog/private-chef-date-night-dubai,Private Chef,1,3,0,,,0,,,,,,,
private chef arabic food dubai,0,commercial,0,,34,20,/chefs/layla-middle-eastern-chef,sub,,False,False,False,False,0,False,partial,medium — SERP looks like another page,"no tracked competitor in top 30, we #34",0.44,1,write one sentence that says it; merge → /blog/private-chef-date-night-dubai,Private Chef,1,3,0,,,0,,,,,,,
top personal chef in dubai,0,commercial,0,,,20,/chefs/layla-middle-eastern-chef,sub,,False,False,False,False,0,False,partial,medium — SERP looks like another page,no tracked competitor in top 30,0.33,1,write one sentence that says it; merge → /apartment-private-dining-dubai,Private Chef,1,3,0,,,0,,,,,,,
top personal chef provider in dubai,0,commercial,0,,,20,/chefs/layla-middle-eastern-chef,sub,,False,False,False,False,0,False,partial,medium — SERP looks like another page,no tracked competitor in top 30,0.18,1,write one sentence that says it; merge → /private-chef-dubai/how-it-works,Private Chef,1,3,0,,,0,,,,,,,
top personal chef services providers in dubai,0,commercial,0,,,20,/chefs/layla-middle-eastern-chef,sub,,False,False,False,False,0,False,partial,medium — SERP looks like another page,no tracked competitor in top 30,0.2,1,write one sentence that says it; merge → /apartment-private-dining-dubai,Private Chef,1,3,0,,,0,,,,,,,
italian private chef dubai,0,transactional,0,,,20,/chefs/marco-italian-chef,primary,,True,False,True,False,1,False,partial,low,no tracked competitor in top 30,1.0,5,"no measured UAE demand, but the page gets visits — check the phrasing against what they search; say it in the meta description; one H2 carries it; use it at least twice in the body; answer a FAQ that contains it; get an inbound link with this anchor",Private Chef,3,3,0,31,1.0,1,first-party,,,,,,
courses of an italian dinner,0,informational,0,,,20,/chefs/marco-italian-chef,sub,,False,False,False,False,0,False,partial,medium — SERP looks like another page,no tracked competitor in top 30,0.0,1,write one sentence that says it,Private Chef,3,3,0,31,1.0,1,first-party,,,,,,
eat italian catering menu,0,transactional,0,,,20,/chefs/marco-italian-chef,sub,,False,False,False,False,0,False,partial,medium — SERP looks like another page,no tracked competitor in top 30,0.0,1,write one sentence that says it,Private Chef,3,3,0,31,1.0,1,first-party,,,,,,
italian catering in dubai,0,transactional,0,,,20,/chefs/marco-italian-chef,sub,/italian-catering-dubai,False,False,False,False,0,False,partial,medium — SERP looks like another page,no tracked competitor in top 30,0.0,2,write one sentence that says it; merge → /italian-catering-dubai,Private Chef,3,3,0,31,1.0,1,first-party,,,,,,
italian chef at home dubai,0,transactional,0,,,20,/chefs/marco-italian-chef,sub,,False,False,False,False,0,False,partial,low,no tracked competitor in top 30,0.5,1,write one sentence that says it,Private Chef,3,3,0,31,1.0,1,first-party,,,,,,
italian chef for dinner party dubai,0,transactional,0,,,20,/chefs/marco-italian-chef,sub,,False,False,False,False,0,False,partial,low,no tracked competitor in top 30,0.5,1,write one sentence that says it,Private Chef,3,3,0,31,1.0,1,first-party,,,,,,
private chef italian food dubai,0,transactional,0,,,20,/chefs/marco-italian-chef,sub,,False,False,False,False,0,False,partial,medium — SERP looks like another page,no tracked competitor in top 30,0.44,1,write one sentence that says it,Private Chef,3,3,0,31,1.0,1,first-party,,,,,,
private pastry chef dubai,0,commercial,0,,,20,/chefs/matteo-pastry-chef,primary,,True,False,True,False,1,False,partial,low,no tracked competitor in top 30,1.0,5,no measured UAE demand for this primary — re-target it or merge the page; say it in the meta description; one H2 carries it; use it at least twice in the body; answer a FAQ that contains it; get an inbound link with this anchor,Private Chef,0,0,0,,,0,,,,,,,
dessert chef dubai,0,commercial,0,,,20,/chefs/matteo-pastry-chef,sub,,False,False,False,False,0,False,partial,medium — SERP looks like another page,no tracked competitor in top 30,0.3,1,write one sentence that says it,Private Chef,0,0,0,,,0,,,,,,,
dessert chef for private event dubai,0,commercial,0,,19,10,/chefs/matteo-pastry-chef,sub,,False,False,False,False,0,False,partial,medium — SERP looks like another page,"no tracked competitor in top 30, we #19",0.15,1,write one sentence that says it; merge → /locations/umm-suqeim,Private Chef,0,0,0,,,0,,,,,,,
hire a pastry chef dubai,0,transactional,0,,,20,/chefs/matteo-pastry-chef,sub,,False,False,False,False,0,False,partial,medium — SERP looks like another page,no tracked competitor in top 30,0.27,1,write one sentence that says it,Private Chef,0,0,0,,,0,,,,,,,
pastry chef for events dubai,0,commercial,0,,27,10,/chefs/matteo-pastry-chef,sub,,False,False,False,False,0,False,partial,medium — SERP looks like another page,"no tracked competitor in top 30, we #27",0.44,1,write one sentence that says it,Private Chef,0,0,0,,,0,,,,,,,
best christmas catering dubai,0,commercial,0,,,20,/christmas-catering-dubai,sub,,False,False,False,False,1,False,partial,medium — SERP looks like another page,no tracked competitor in top 30,0.4,3,a second natural mention,Seasonal and Occasions,6,8,0,3,0.667,3,first-party,,,,,,
christmas catering cost per person dubai,0,commercial,0,,,20,/christmas-catering-dubai,sub,,False,False,False,False,1,False,partial,medium — SERP looks like another page,no tracked competitor in top 30,0.36,3,a second natural mention,Seasonal and Occasions,6,8,0,3,0.667,3,first-party,,,,,,
christmas catering dubai price,0,commercial,0,,,20,/christmas-catering-dubai,sub,,False,False,False,False,1,False,partial,low,,,3,a second natural mention,Seasonal and Occasions,6,8,0,3,0.667,3,first-party,,,,,,
christmas catering menu dubai,0,commercial,0,,24,10,/christmas-catering-dubai,sub,,False,False,False,False,1,False,partial,low,"no tracked competitor in top 30, we #24",0.6,3,a second natural mention,Seasonal and Occasions,6,8,0,3,0.667,3,first-party,,,,,,
christmas catering packages dubai,0,commercial,0,,,20,/christmas-catering-dubai,sub,,False,False,False,False,1,False,partial,low,no tracked competitor in top 30,0.56,3,a second natural mention,Seasonal and Occasions,6,8,0,3,0.667,3,first-party,,,,,,
christmas dinner delivery dubai,0,,0,,,20,/christmas-catering-dubai,sub,,False,False,False,False,1,False,partial,low,,,3,a second natural mention,Seasonal and Occasions,6,8,0,3,0.667,3,first-party,,,,,,
christmas meals dubai,0,,0,,,20,/christmas-catering-dubai,sub,,False,False,False,False,1,False,partial,low,,,3,a second natural mention,Seasonal and Occasions,6,8,0,3,0.667,3,first-party,,,,,,
christmas turkey catering dubai,0,commercial,0,,,20,/christmas-catering-dubai,sub,,False,False,False,False,1,False,partial,medium — SERP looks like another page,no tracked competitor in top 30,0.0,3,a second natural mention,Seasonal and Occasions,6,8,0,3,0.667,3,first-party,,,,,,
festive catering,0,,0,,7,20,/christmas-catering-dubai,sub,/breakfast-catering-dubai /catering-dubai /events /festive-catering-dubai /private-party-catering-dubai,False,False,False,False,1,False,partial,low,,,4,"a second natural mention; Google ranks /festive-catering-dubai for this, not the owner — move the keyword or the content",Seasonal and Occasions,6,8,0,3,0.667,3,first-party,0,44,0,7.0,/festive-catering-dubai,
halal christmas catering dubai,0,commercial,0,,,20,/christmas-catering-dubai,sub,,False,False,False,False,1,False,partial,low,,,3,a second natural mention,Seasonal and Occasions,6,8,0,3,0.667,3,first-party,,,,,,
how much does a full christmas dinner cost,0,,0,,,20,/christmas-catering-dubai,sub,,False,False,False,False,3,True,partial,low,,,7,hold — nothing to do,Seasonal and Occasions,6,8,0,3,0.667,3,first-party,,,,,,
cocktail party catering dubai,0,commercial,0,,29,20,/cocktail-party-catering-dubai,primary,/christmas-catering-dubai /new-year-catering-dubai,True,True,True,True,5,True,exact,low,no tracked competitor in top 30,1.0,10,"no measured UAE demand, but the page gets visits — check the phrasing against what they search",Catering,4,4,0,,,0,,0,49,0,29.0,/cocktail-party-catering-dubai,
best cocktail party catering dubai,0,commercial,0,,,20,/cocktail-party-catering-dubai,sub,,False,False,False,False,1,False,partial,medium — SERP looks like another page,no tracked competitor in top 30,0.44,3,a second natural mention,Catering,4,4,0,,,0,,,,,,,
cocktail party catering dubai price,0,commercial,0,,22,10,/cocktail-party-catering-dubai,sub,,False,False,False,False,1,False,partial,low,"no tracked competitor in top 30, we #22",0.5,3,a second natural mention,Catering,4,4,0,,,0,,,,,,,
cocktail party catering menu dubai,0,commercial,0,,,20,/cocktail-party-catering-dubai,sub,,False,False,False,False,1,False,partial,low,,,3,a second natural mention,Catering,4,4,0,,,0,,,,,,,
cocktail party catering packages dubai,0,commercial,0,,36,20,/cocktail-party-catering-dubai,sub,,False,False,False,False,1,False,partial,low,"no tracked competitor in top 30, we #36",0.86,3,a second natural mention,Catering,4,4,0,,,0,,,,,,,
cocktail party catering price per person dubai,0,commercial,0,,,20,/cocktail-party-catering-dubai,sub,,False,False,False,False,1,False,partial,low,,,3,a second natural mention,Catering,4,4,0,,,0,,,,,,,
cocktail reception catering dubai,0,commercial,0,,,20,/cocktail-party-catering-dubai,sub,,False,False,False,False,0,False,partial,medium — SERP looks like another page,no tracked competitor in top 30,0.44,1,write one sentence that says it,Catering,4,4,0,,,0,,,,,,,
cost of party catering,0,commercial,0,,,20,/cocktail-party-catering-dubai,sub,,False,False,False,False,1,False,partial,medium — SERP looks like another page,no tracked competitor in top 30,0.08,3,a second natural mention,Catering,4,4,0,,,0,,,,,,,
party buffet catering near me,0,,0,,,20,/cocktail-party-catering-dubai,sub,,False,False,False,False,1,False,partial,low,,,3,a second natural mention,Catering,4,4,0,,,0,,,,,,,
party sandwiches catering near me,0,,0,,,20,/cocktail-party-catering-dubai,sub,,False,False,False,False,1,False,partial,low,,,3,a second natural mention,Catering,4,4,0,,,0,,,,,,,
pool party catering price per person dubai,0,,0,,,20,/cocktail-party-catering-dubai,sub,,False,False,False,False,1,False,partial,low,,,3,a second natural mention,Catering,4,4,0,,,0,,,,,,,
private party catering near me,0,,0,,,20,/cocktail-party-catering-dubai,sub,,False,False,False,False,1,False,partial,low,,,3,a second natural mention,Catering,4,4,0,,,0,,,,,,,
conference catering dubai,0,commercial,0,,,20,/conference-catering-dubai,primary,/corporate-catering-checklist-dubai,True,True,True,True,5,True,exact,low,no tracked competitor in top 30,1.0,10,"no measured UAE demand, but the page gets visits — check the phrasing against what they search",Corporate Catering,5,10,0,2,1.0,2,first-party,,,,,,
catering conference 2025,0,informational,0,,,20,/conference-catering-dubai,sub,,False,False,False,False,1,False,partial,medium — SERP looks like another page,no tracked competitor in top 30,0.0,3,a second natural mention,Corporate Catering,5,10,0,2,1.0,2,first-party,,,,,,
catering conference 2026,0,,0,,,20,/conference-catering-dubai,sub,,False,False,False,False,1,False,partial,low,,,3,a second natural mention,Corporate Catering,5,10,0,2,1.0,2,first-party,,,,,,
catering conference services coordinator,0,commercial,0,,,20,/conference-catering-dubai,sub,,False,False,False,False,1,False,partial,low,,,3,a second natural mention,Corporate Catering,5,10,0,2,1.0,2,first-party,,,,,,
conference catering companies dubai,0,commercial,0,,,20,/conference-catering-dubai,sub,,False,False,False,False,1,False,partial,medium — SERP looks like another page,no tracked competitor in top 30,0.44,3,a second natural mention; merge → /corporate-event-catering-dubai,Corporate Catering,5,10,0,2,1.0,2,first-party,,,,,,
conference catering dubai cost per person,0,commercial,0,,,20,/conference-catering-dubai,sub,,False,False,False,False,1,False,partial,low,,,3,a second natural mention,Corporate Catering,5,10,0,2,1.0,2,first-party,,,,,,
conference catering dubai price,0,commercial,0,,,20,/conference-catering-dubai,sub,,False,False,False,False,1,False,partial,low,,,3,a second natural mention,Corporate Catering,5,10,0,2,1.0,2,first-party,,,,,,
conference catering menu dubai,0,commercial,0,,,20,/conference-catering-dubai,sub,,False,False,False,False,1,False,partial,medium — SERP looks like another page,no tracked competitor in top 30,0.44,3,a second natural mention; merge → /catering-packages-dubai,Corporate Catering,5,10,0,2,1.0,2,first-party,,,,,,
conference catering packages dubai,0,commercial,0,,23,10,/conference-catering-dubai,sub,,False,False,False,False,1,False,partial,low,"no tracked competitor in top 30, we #23",0.75,3,a second natural mention; merge → /blog/corporate-event-catering-ideas-dubai,Corporate Catering,5,10,0,2,1.0,2,first-party,,,,,,
conference food catering,0,,0,,,20,/conference-catering-dubai,sub,,False,False,False,False,1,False,partial,low,,,3,a second natural mention,Corporate Catering,5,10,0,2,1.0,2,first-party,,,,,,
conference lunch catering dubai,0,commercial,0,,27,10,/conference-catering-dubai,sub,,False,False,False,False,1,False,partial,medium — SERP looks like another page,"no tracked competitor in top 30, we #27",0.4,3,a second natural mention,Corporate Catering,5,10,0,2,1.0,2,first-party,,,,,,
conference room catering,0,,0,,,20,/conference-catering-dubai,sub,,False,False,False,False,1,False,partial,low,,,3,a second natural mention,Corporate Catering,5,10,0,2,1.0,2,first-party,,,,,,
eisenhower conference catering,0,,0,,,20,/conference-catering-dubai,sub,,False,False,False,False,1,False,partial,low,,,3,a second natural mention,Corporate Catering,5,10,0,2,1.0,2,first-party,,,,,,
,0,,0,,,,/contact,untargeted (in sitemap),,False,False,False,False,0,False,none,n/a,,,0,decide: lock a primary or keep untargeted by decision,Trust / Utility,32,65,2,325.7,0,3,ga4,,,,,,
boardroom catering dubai,0,commercial,0,,22,10,/corporate,sub,,False,False,False,False,0,False,partial,medium — SERP looks like another page,"no tracked competitor in top 30, we #22",0.17,1,write one sentence that says it,Corporate Catering,20,54,1,128.0,0,1,ga4,,,,,,
company lunch catering dubai,0,commercial,0,,34,20,/corporate,sub,,False,False,False,False,0,False,partial,medium — SERP looks like another page,"no tracked competitor in top 30, we #34",0.27,1,write one sentence that says it; merge → /business-lunch-catering-dubai,Corporate Catering,20,54,1,128.0,0,1,ga4,,,,,,
corporate catering companies dubai,0,commercial,0,,,20,/corporate,sub,,False,False,False,False,0,False,partial,medium — SERP looks like another page,no tracked competitor in top 30,0.44,1,write one sentence that says it; merge → /best-catering-companies-dubai,Corporate Catering,20,54,1,128.0,0,1,ga4,,,,,,
corporate catering food,0,,0,,,20,/corporate,sub,,False,False,False,False,0,False,partial,low,,,1,write one sentence that says it,Corporate Catering,20,54,1,128.0,0,1,ga4,,,,,,
corporate catering halal,0,,0,,,20,/corporate,sub,,False,False,False,False,0,False,partial,low,,,1,write one sentence that says it,Corporate Catering,20,54,1,128.0,0,1,ga4,,,,,,
corporate catering price per head dubai,0,commercial,0,,3,10,/corporate,sub,,False,False,False,False,0,False,partial,medium — SERP looks like another page,"no tracked competitor in top 30, we #3",0.0,1,write one sentence that says it,Corporate Catering,20,54,1,128.0,0,1,ga4,,,,,,
corporate catering services dubai,0,commercial,0,,49,20,/corporate,sub,,False,False,False,False,0,False,partial,low,no tracked competitor in top 30,0.56,1,"write one sentence that says it; Google ranks /blog/corporate-event-catering-ideas-dubai for this, not the owner — move the keyword or the content",Corporate Catering,20,54,1,128.0,0,1,ga4,0,59,0,49.0,/blog/corporate-event-catering-ideas-dubai,
corporate lunch packages dubai,0,,0,,,20,/corporate,sub,,False,False,False,False,0,False,partial,low,,,1,write one sentence that says it,Corporate Catering,20,54,1,128.0,0,1,ga4,,,,,,
diwali corporate catering dubai,0,commercial,0,,,20,/corporate,sub,,False,False,False,False,0,False,partial,low,,,1,write one sentence that says it,Corporate Catering,20,54,1,128.0,0,1,ga4,,,,,,
recurring corporate catering dubai,0,,0,,,20,/corporate,sub,,False,False,False,False,0,False,partial,low,,,1,write one sentence that says it,Corporate Catering,20,54,1,128.0,0,1,ga4,,,,,,
small corporate catering dubai,0,commercial,0,,,20,/corporate,sub,,False,False,False,False,0,False,partial,low,,,1,write one sentence that says it,Corporate Catering,20,54,1,128.0,0,1,ga4,,,,,,
vip corporate catering dubai,0,commercial,0,,,20,/corporate,sub,,False,False,False,False,0,False,partial,medium — SERP looks like another page,no tracked competitor in top 30,0.0,1,write one sentence that says it,Corporate Catering,20,54,1,128.0,0,1,ga4,,,,,,
corporate catering checklist dubai,0,commercial,0,,2,10,/corporate-catering-checklist-dubai,primary,,True,True,True,True,3,True,partial,low,"no tracked competitor in top 30, we #2",1.0,9,"no measured UAE demand, but the page gets visits — check the phrasing against what they search; get an inbound link with this anchor",Blog and Guides,2,2,0,2,1.0,1,first-party,,,,,,
catering checklist,0,,0,,,20,/corporate-catering-checklist-dubai,sub,/ /blog/wedding-catering-cost-dubai /corporate /corporate-event-catering-dubai /dubai-food-trends-report-2026 /guides,True,True,True,True,4,True,exact,medium — many bodies say it,,,7,remove it from the heading (subs live in sentences),Blog and Guides,2,2,0,2,1.0,1,first-party,,,,,,
catering checklist for caterers,0,informational,0,,24,10,/corporate-catering-checklist-dubai,sub,,False,False,False,False,0,False,partial,medium — SERP looks like another page,"no tracked competitor in top 30, we #24",0.06,1,write one sentence that says it,Blog and Guides,2,2,0,2,1.0,1,first-party,,,,,,
corporate event catering checklist,0,informational,0,,,20,/corporate-catering-checklist-dubai,sub,,False,False,False,False,0,False,partial,medium — SERP looks like another page,no tracked competitor in top 30,0.12,1,write one sentence that says it,Blog and Guides,2,2,0,2,1.0,1,first-party,,,,,,
dubai catering prices,0,commercial,0,,29,10,/corporate-catering-checklist-dubai,sub,/blog/wedding-catering-cost-dubai /buffet-vs-plated-dubai /corporate /corporate-event-catering-dubai /dubai-catering-prices-guide /dubai-event-catering-price-guide-2026,False,False,False,False,1,False,partial,medium — many bodies say it,"no tracked competitor in top 30, we #29",0.0,4,a second natural mention,Blog and Guides,2,2,0,2,1.0,1,first-party,,,,,,
how to plan corporate catering dubai,0,commercial,0,,,20,/corporate-catering-checklist-dubai,sub,,False,False,False,False,2,True,partial,medium — SERP looks like another page,no tracked competitor in top 30,0.06,7,hold — nothing to do,Blog and Guides,2,2,0,2,1.0,1,first-party,,,,,,
what to ask a corporate caterer dubai,0,commercial,0,,,20,/corporate-catering-checklist-dubai,sub,,False,False,False,False,1,True,partial,medium — SERP looks like another page,no tracked competitor in top 30,0.0,5,a second natural mention,Blog and Guides,2,2,0,2,1.0,1,first-party,,,,,,
corporate dinner package dubai,0,commercial,0,,34,20,/corporate-dinner-package-dubai,primary,,True,True,True,False,3,False,partial,low,"no tracked competitor in top 30, we #34",1.0,7,no measured UAE demand for this primary — re-target it or merge the page; one H2 carries it; answer a FAQ that contains it; get an inbound link with this anchor,Corporate Catering,0,0,0,,,0,,,,,,,
best business dinner in dubai,0,informational,0,,,20,/corporate-dinner-package-dubai,sub,,False,False,False,False,0,False,partial,medium — SERP looks like another page,no tracked competitor in top 30,0.09,1,write one sentence that says it,Corporate Catering,0,0,0,,,0,,,,,,,
company dinner package dubai,0,commercial,0,,,20,/corporate-dinner-package-dubai,sub,,False,False,False,False,0,False,partial,medium — SERP looks like another page,no tracked competitor in top 30,0.33,1,write one sentence that says it,Corporate Catering,0,0,0,,,0,,,,,,,
corporate catering package dubai,0,,0,,,20,/corporate-dinner-package-dubai,sub,,False,False,False,False,0,False,partial,low,,,1,write one sentence that says it,Corporate Catering,0,0,0,,,0,,,,,,,
corporate dinner package dubai cost per person,0,commercial,0,,15,10,/corporate-dinner-package-dubai,sub,,False,False,False,False,0,False,partial,medium — SERP looks like another page,"no tracked competitor in top 30, we #15",0.36,1,write one sentence that says it,Corporate Catering,0,0,0,,,0,,,,,,,
corporate dinner package dubai price,0,commercial,0,,20,10,/corporate-dinner-package-dubai,sub,,False,False,False,False,0,False,partial,medium — SERP looks like another page,"no tracked competitor in top 30, we #20",0.36,1,write one sentence that says it,Corporate Catering,0,0,0,,,0,,,,,,,
corporate dinner package menu dubai,0,commercial,0,,,20,/corporate-dinner-package-dubai,sub,,False,False,False,False,0,False,partial,medium — SERP looks like another page,no tracked competitor in top 30,0.33,1,write one sentence that says it,Corporate Catering,0,0,0,,,0,,,,,,,
dinner set price in uae,0,,0,,,20,/corporate-dinner-package-dubai,sub,,False,False,False,False,0,False,partial,low,,,1,write one sentence that says it,Corporate Catering,0,0,0,,,0,,,,,,,
private chef corporate dinner dubai,0,transactional,0,,,20,/corporate-dinner-package-dubai,sub,,False,False,False,False,0,False,partial,low,,,1,write one sentence that says it,Corporate Catering,0,0,0,,,0,,,,,,,
private chef dinner for 2 cost,0,,0,,3,20,/corporate-dinner-package-dubai,sub,,False,False,False,False,0,False,partial,low,,,1,write one sentence that says it,Corporate Catering,0,0,0,,,0,,0,1,0,3,/,
private dinner cruise dubai price,0,,0,,,20,/corporate-dinner-package-dubai,sub,,False,False,False,False,0,False,partial,low,,,1,write one sentence that says it,Corporate Catering,0,0,0,,,0,,,,,,,
team dinner catering dubai,0,commercial,0,,,20,/corporate-dinner-package-dubai,sub,,False,False,False,False,0,False,partial,low,,,1,write one sentence that says it,Corporate Catering,0,0,0,,,0,,,,,,,
corporate event catering dubai,0,commercial,0,,37,20,/corporate-event-catering-dubai,primary,/gala-dinner-catering-dubai /mediterranean-catering-dubai,True,True,True,True,6,True,exact,low,no tracked competitor in top 30,1.0,10,"no measured UAE demand, but the page gets visits — check the phrasing against what they search",Corporate Catering,3,6,0,678.0,0,1,ga4,0,4,0,37.2,/blog/corporate-event-catering-ideas-dubai,
best corporate event catering dubai,0,commercial,0,,,20,/corporate-event-catering-dubai,sub,,False,False,False,False,1,False,partial,medium — SERP looks like another page,no tracked competitor in top 30,0.3,3,a second natural mention; merge → /best-catering-companies-dubai,Corporate Catering,3,6,0,678.0,0,1,ga4,,,,,,
catering event questionnaire,0,,0,,,20,/corporate-event-catering-dubai,sub,,False,False,False,False,0,False,partial,low,,,1,write one sentence that says it,Corporate Catering,3,6,0,678.0,0,1,ga4,,,,,,
checklist catering event,0,,0,,,20,/corporate-event-catering-dubai,sub,,False,False,False,False,0,False,partial,low,,,1,write one sentence that says it,Corporate Catering,3,6,0,678.0,0,1,ga4,,,,,,
corporate catering near me,0,,0,,,20,/corporate-event-catering-dubai,sub,,False,False,False,False,0,False,partial,low,,,1,write one sentence that says it,Corporate Catering,3,6,0,678.0,0,1,ga4,,,,,,
corporate event catering dubai cost per person,0,commercial,0,,8,10,/corporate-event-catering-dubai,sub,,False,False,False,False,0,False,partial,medium — SERP looks like another page,"no tracked competitor in top 30, we #8",0.08,1,write one sentence that says it,Corporate Catering,3,6,0,678.0,0,1,ga4,,,,,,
corporate event catering dubai price,0,commercial,0,,24,10,/corporate-event-catering-dubai,sub,,False,False,False,False,1,False,partial,medium — SERP looks like another page,"no tracked competitor in top 30, we #24",0.3,3,a second natural mention,Corporate Catering,3,6,0,678.0,0,1,ga4,,,,,,
corporate event catering menu dubai,0,commercial,0,,,20,/corporate-event-catering-dubai,sub,,False,False,False,False,0,False,partial,medium — SERP looks like another page,no tracked competitor in top 30,0.27,1,write one sentence that says it; merge → /corporate,Corporate Catering,3,6,0,678.0,0,1,ga4,,,,,,
corporate event catering packages dubai,0,commercial,0,,,20,/corporate-event-catering-dubai,sub,,False,False,False,False,0,False,partial,medium — SERP looks like another page,no tracked competitor in top 30,0.36,1,write one sentence that says it; merge → /blog/corporate-event-catering-ideas-dubai,Corporate Catering,3,6,0,678.0,0,1,ga4,,,,,,
event advantage catering,0,,0,,,20,/corporate-event-catering-dubai,sub,,False,False,False,False,0,False,partial,low,,,1,write one sentence that says it,Corporate Catering,3,6,0,678.0,0,1,ga4,,,,,,
event catering in dubai,0,commercial,0,,,20,/corporate-event-catering-dubai,sub,/allergy-safe-catering-dubai /birthday-catering-dubai /blog/corporate-event-catering-ideas-dubai /blog/how-far-ahead-book-caterer-dubai /blog/vegan-catering-dubai-guide /buffet-catering-dubai,False,False,False,False,1,False,exact,medium — many bodies say it,no tracked competitor in top 30,0.44,5,a second natural mention; merge → /catering-packages-dubai,Corporate Catering,3,6,0,678.0,0,1,ga4,,,,,,
halal corporate event catering dubai,0,commercial,0,,29,10,/corporate-event-catering-dubai,sub,,False,False,False,False,0,False,partial,medium — SERP looks like another page,"no tracked competitor in top 30, we #29",0.3,1,write one sentence that says it,Corporate Catering,3,6,0,678.0,0,1,ga4,,,,,,
top event planner offering catering in dubai,0,commercial,0,,,20,/corporate-event-catering-dubai,sub,,False,False,False,False,0,False,partial,medium — SERP looks like another page,no tracked competitor in top 30,0.18,1,write one sentence that says it,Corporate Catering,3,6,0,678.0,0,1,ga4,,,,,,
corporate catering contract dubai,0,commercial,0,,,20,/corporate-retainer-dubai,primary,,True,False,True,False,1,False,partial,low,no tracked competitor in top 30,1.0,5,"no measured UAE demand, but the page gets visits — check the phrasing against what they search; say it in the meta description; one H2 carries it; use it at least twice in the body; answer a FAQ that contains it; get an inbound link with this anchor",Corporate Catering,2,2,0,,0.0,1,first-party,,,,,,
catering contract examples,0,,0,,,20,/corporate-retainer-dubai,sub,,False,False,False,False,0,False,none,low,,,0,write one sentence that says it,Corporate Catering,2,2,0,,0.0,1,first-party,,,,,,
catering contract with cancellation policy,0,transactional,0,,,20,/corporate-retainer-dubai,sub,,False,False,False,False,0,False,none,medium — SERP looks like another page,no tracked competitor in top 30,0.0,0,write one sentence that says it,Corporate Catering,2,2,0,,0.0,1,first-party,,,,,,
catering services company in dubai,0,commercial,0,,,20,/corporate-retainer-dubai,sub,,False,False,False,False,0,False,none,medium — SERP looks like another page,no tracked competitor in top 30,0.09,0,write one sentence that says it; merge → /best-catering-companies-dubai,Corporate Catering,2,2,0,,0.0,1,first-party,,,,,,
corporate catering contract dubai cost,0,commercial,0,,19,10,/corporate-retainer-dubai,sub,,False,False,False,False,0,False,partial,medium — SERP looks like another page,"no tracked competitor in top 30, we #19",0.08,1,write one sentence that says it,Corporate Catering,2,2,0,,0.0,1,first-party,,,,,,
corporate catering difc dubai,0,commercial,0,,10,10,/corporate-retainer-dubai,sub,,False,False,False,False,0,False,partial,medium — SERP looks like another page,"no tracked competitor in top 30, we #10",0.08,1,write one sentence that says it,Corporate Catering,2,2,0,,0.0,1,first-party,,,,,,
corporate catering supplier dubai,0,commercial,0,,,20,/corporate-retainer-dubai,sub,,False,False,False,False,0,False,partial,medium — SERP looks like another page,no tracked competitor in top 30,0.18,1,write one sentence that says it,Corporate Catering,2,2,0,,0.0,1,first-party,,,,,,
corporate meal prep packages dubai,0,,0,,,20,/corporate-retainer-dubai,sub,,False,False,False,False,0,False,partial,low,,,1,write one sentence that says it,Corporate Catering,2,2,0,,0.0,1,first-party,,,,,,
iftar dubai for corporate,0,,0,,,20,/corporate-retainer-dubai,sub,,False,False,False,False,0,False,partial,low,,,1,write one sentence that says it,Corporate Catering,2,2,0,,0.0,1,first-party,,,,,,
monthly corporate catering dubai,0,commercial,0,,28,10,/corporate-retainer-dubai,sub,,False,False,False,False,0,False,partial,medium — SERP looks like another page,"no tracked competitor in top 30, we #28",0.33,1,write one sentence that says it,Corporate Catering,2,2,0,,0.0,1,first-party,,,,,,
multi cuisine catering dubai,0,commercial,0,,,20,/cuisines-dubai,primary,,True,True,True,True,4,False,partial,low,no tracked competitor in top 30,1.0,8,"no measured UAE demand, but the page gets visits — check the phrasing against what they search; answer a FAQ that contains it; get an inbound link with this anchor",Cuisines and Dietary,11,32,1,1345.0,0,1,ga4,,,,,,
best food catering in dubai,0,commercial,0,,,20,/cuisines-dubai,sub,,False,False,False,False,1,False,partial,medium — SERP looks like another page,no tracked competitor in top 30,0.08,3,a second natural mention; merge → /best-catering-companies-dubai,Cuisines and Dietary,11,32,1,1345.0,0,1,ga4,,,,,,
biggest catering companies in uae,0,,0,,,20,/cuisines-dubai,sub,,False,False,False,False,1,False,partial,low,,,3,a second natural mention,Cuisines and Dietary,11,32,1,1345.0,0,1,ga4,,,,,,
cuisines dubai catering,0,commercial,0,,,20,/cuisines-dubai,sub,,False,False,False,False,0,False,partial,low,,,1,write one sentence that says it,Cuisines and Dietary,11,32,1,1345.0,0,1,ga4,,,,,,
fusion catering dubai,0,commercial,0,,,20,/cuisines-dubai,sub,,False,False,False,False,0,False,partial,medium — SERP looks like another page,no tracked competitor in top 30,0.07,1,write one sentence that says it,Cuisines and Dietary,11,32,1,1345.0,0,1,ga4,,,,,,
international catering dubai,0,commercial,0,,,20,/cuisines-dubai,sub,,False,False,False,False,0,False,partial,medium — SERP looks like another page,no tracked competitor in top 30,0.0,1,write one sentence that says it,Cuisines and Dietary,11,32,1,1345.0,0,1,ga4,,,,,,
largest catering companies in uae,0,commercial,0,,,20,/cuisines-dubai,sub,,False,False,False,False,1,False,partial,medium — SERP looks like another page,no tracked competitor in top 30,0.0,3,a second natural mention,Cuisines and Dietary,11,32,1,1345.0,0,1,ga4,,,,,,
multi cuisine catering packages dubai,0,commercial,0,,,20,/cuisines-dubai,sub,,False,False,False,False,1,False,partial,medium — SERP looks like another page,no tracked competitor in top 30,0.27,3,a second natural mention,Cuisines and Dietary,11,32,1,1345.0,0,1,ga4,,,,,,
top 10 catering companies in uae,0,,0,,,20,/cuisines-dubai,sub,,False,False,False,False,1,False,partial,low,,,3,a second natural mention,Cuisines and Dietary,11,32,1,1345.0,0,1,ga4,,,,,,
top catering providers in dubai,0,,0,,,20,/cuisines-dubai,sub,,False,False,False,False,1,False,partial,low,,,3,a second natural mention,Cuisines and Dietary,11,32,1,1345.0,0,1,ga4,,,,,,
top rated catering services in dubai,0,commercial,0,,,20,/cuisines-dubai,sub,,False,False,False,False,1,False,partial,medium — SERP looks like another page,no tracked competitor in top 30,0.08,3,a second natural mention; merge → /best-catering-companies-dubai,Cuisines and Dietary,11,32,1,1345.0,0,1,ga4,,,,,,
date night package dubai,0,commercial,0,,,20,/date-night-package-dubai,primary,,True,True,True,False,3,False,partial,low,no tracked competitor in top 30,1.0,7,no measured UAE demand for this primary — re-target it or merge the page; one H2 carries it; answer a FAQ that contains it; get an inbound link with this anchor,Dining Experiences,0,0,0,,,0,,,,,,,
best date night package dubai,0,commercial,0,,,20,/date-night-package-dubai,sub,,False,False,False,False,0,False,partial,medium — SERP looks like another page,no tracked competitor in top 30,0.4,1,write one sentence that says it,Dining Experiences,0,0,0,,,0,,,,,,,
couples dinner package dubai,0,,0,,,20,/date-night-package-dubai,sub,,False,False,False,False,0,False,partial,low,,,1,write one sentence that says it,Dining Experiences,0,0,0,,,0,,,,,,,
date night at home dubai,0,transactional,0,,,20,/date-night-package-dubai,sub,,False,False,False,False,0,False,partial,low,,,1,write one sentence that says it,Dining Experiences,0,0,0,,,0,,,,,,,
date night dinner menu dubai,0,transactional,0,,,20,/date-night-package-dubai,sub,,False,False,False,False,0,False,partial,medium — SERP looks like another page,no tracked competitor in top 30,0.17,1,write one sentence that says it,Dining Experiences,0,0,0,,,0,,,,,,,
date night dubai private dinner,0,transactional,0,,,20,/date-night-package-dubai,sub,,False,False,False,False,0,False,partial,medium — SERP looks like another page,no tracked competitor in top 30,0.08,1,write one sentence that says it,Dining Experiences,0,0,0,,,0,,,,,,,
date night package dubai price,0,commercial,0,,,20,/date-night-package-dubai,sub,,False,False,False,False,0,False,partial,medium — SERP looks like another page,no tracked competitor in top 30,0.14,1,write one sentence that says it,Dining Experiences,0,0,0,,,0,,,,,,,
dinner package for two dubai,0,,0,,,20,/date-night-package-dubai,sub,,False,False,False,False,0,False,partial,low,,,1,write one sentence that says it,Dining Experiences,0,0,0,,,0,,,,,,,
halal date night dubai,0,transactional,0,,,20,/date-night-package-dubai,sub,,False,False,False,False,0,False,partial,low,,,1,write one sentence that says it,Dining Experiences,0,0,0,,,0,,,,,,,
lunch date dubai,0,,0,,,20,/date-night-package-dubai,sub,,False,False,False,False,0,False,partial,low,,,1,write one sentence that says it,Dining Experiences,0,0,0,,,0,,,,,,,
private dinner package dubai,0,,0,,,20,/date-night-package-dubai,sub,,False,False,False,False,0,False,partial,low,,,1,write one sentence that says it,Dining Experiences,0,0,0,,,0,,,,,,,
wednesday night dinner dubai,0,informational,0,,,20,/date-night-package-dubai,sub,,False,False,False,False,0,False,partial,medium — SERP looks like another page,no tracked competitor in top 30,0.0,1,write one sentence that says it,Dining Experiences,0,0,0,,,0,,,,,,,
what is included in a date night package dubai,0,commercial,0,,,20,/date-night-package-dubai,sub,,False,False,False,False,0,False,partial,medium — SERP looks like another page,no tracked competitor in top 30,0.23,1,write one sentence that says it,Dining Experiences,0,0,0,,,0,,,,,,,
best desert dining dubai,0,informational,0,,,20,/desert-dining-dubai,sub,,False,False,False,False,1,False,partial,low,no tracked competitor in top 30,0.71,3,a second natural mention,Dining Experiences,2,2,0,,,0,,,,,,,
best desert dinner dubai,0,,0,,,20,/desert-dining-dubai,sub,,False,False,False,False,1,False,partial,low,,,3,a second natural mention,Dining Experiences,2,2,0,,,0,,,,,,,
desert dining dubai price,0,commercial,0,,,20,/desert-dining-dubai,sub,,False,False,False,False,1,False,partial,medium — SERP looks like another page,no tracked competitor in top 30,0.44,3,a second natural mention,Dining Experiences,2,2,0,,,0,,,,,,,
desert dining experience dubai,0,,0,,,20,/desert-dining-dubai,sub,,False,False,False,False,1,False,partial,low,,,3,a second natural mention,Dining Experiences,2,2,0,,,0,,,,,,,
desert dining menu dubai,0,informational,0,,,20,/desert-dining-dubai,sub,,False,False,False,False,1,False,partial,low,,,3,a second natural mention,Dining Experiences,2,2,0,,,0,,,,,,,
desert dining packages dubai,0,commercial,0,,,20,/desert-dining-dubai,sub,,False,False,False,False,1,False,partial,low,no tracked competitor in top 30,0.6,3,a second natural mention,Dining Experiences,2,2,0,,,0,,,,,,,
desert dining price per person dubai,0,commercial,0,,,20,/desert-dining-dubai,sub,,False,False,False,False,1,False,partial,medium — SERP looks like another page,no tracked competitor in top 30,0.44,3,a second natural mention,Dining Experiences,2,2,0,,,0,,,,,,,
desert dinner dubai private,0,,0,,,20,/desert-dining-dubai,sub,,False,False,False,False,1,False,partial,low,,,3,a second natural mention,Dining Experiences,2,2,0,,,0,,,,,,,
desert dinner experience dubai,0,,0,,,20,/desert-dining-dubai,sub,,False,False,False,False,1,False,partial,low,,,3,a second natural mention,Dining Experiences,2,2,0,,,0,,,,,,,
halal desert dining dubai,0,informational,0,,,20,/desert-dining-dubai,sub,,False,False,False,False,1,False,partial,low,no tracked competitor in top 30,0.86,3,a second natural mention,Dining Experiences,2,2,0,,,0,,,,,,,
luxury desert dining dubai,0,informational,0,,,20,/desert-dining-dubai,sub,,False,False,False,False,1,False,partial,low,no tracked competitor in top 30,0.5,3,a second natural mention,Dining Experiences,2,2,0,,,0,,,,,,,
private desert dining dubai,0,informational,0,,,20,/desert-dining-dubai,sub,,False,False,False,False,1,False,partial,medium — SERP looks like another page,no tracked competitor in top 30,0.4,3,a second natural mention,Dining Experiences,2,2,0,,,0,,,,,,,
dessert table catering dubai,0,commercial,0,,,20,/dessert-table-catering-dubai,primary,/afternoon-tea-catering-dubai,True,True,True,True,5,True,exact,low,,1.0,10,"no measured UAE demand, but the page gets visits — check the phrasing against what they search",Catering,9,10,0,,,0,,,,,,,
best dessert table catering dubai,0,commercial,0,,,20,/dessert-table-catering-dubai,sub,,False,False,False,False,0,False,partial,low,no tracked competitor in top 30,,1,write one sentence that says it,Catering,9,10,0,,,0,,,,,,,
childrens dessert table dubai,0,,0,,,20,/dessert-table-catering-dubai,sub,,False,False,False,False,0,False,partial,low,,,1,write one sentence that says it,Catering,9,10,0,,,0,,,,,,,
dessert shops in dubai,0,,0,,,20,/dessert-table-catering-dubai,sub,,False,False,False,False,0,False,partial,low,,,1,write one sentence that says it,Catering,9,10,0,,,0,,,,,,,
dessert table catering dubai price,0,commercial,0,,,20,/dessert-table-catering-dubai,sub,,False,False,False,False,3,True,partial,low,no tracked competitor in top 30,,7,hold — nothing to do,Catering,9,10,0,,,0,,,,,,,
dessert table catering menu dubai,0,informational,0,,,20,/dessert-table-catering-dubai,sub,,False,False,False,False,0,False,partial,low,no tracked competitor in top 30,,1,write one sentence that says it,Catering,9,10,0,,,0,,,,,,,
dessert table catering packages dubai,0,commercial,0,,,20,/dessert-table-catering-dubai,sub,,False,False,False,False,3,True,partial,low,no tracked competitor in top 30,,7,hold — nothing to do,Catering,9,10,0,,,0,,,,,,,
dessert table catering price per person dubai,0,commercial,0,,21,10,/dessert-table-catering-dubai,sub,,False,False,False,False,1,True,partial,low,"no tracked competitor in top 30, we #21",,5,a second natural mention,Catering,9,10,0,,,0,,,,,,,
dessert table dubai,0,,0,,,20,/dessert-table-catering-dubai,sub,,False,False,False,False,1,False,partial,low,,,3,a second natural mention,Catering,9,10,0,,,0,,,,,,,
dessert table setup dubai,0,transactional,0,,,20,/dessert-table-catering-dubai,sub,,False,False,False,False,0,False,partial,low,no tracked competitor in top 30,,1,write one sentence that says it,Catering,9,10,0,,,0,,,,,,,
halal dessert table catering dubai,0,commercial,0,,,20,/dessert-table-catering-dubai,sub,,False,False,False,False,0,False,partial,low,no tracked competitor in top 30,,1,write one sentence that says it,Catering,9,10,0,,,0,,,,,,,
sweet table dubai,0,informational,0,,7,10,/dessert-table-catering-dubai,sub,,False,False,False,False,0,False,partial,low,"no tracked competitor in top 30, we #7",,1,write one sentence that says it,Catering,9,10,0,,,0,,,,,,,
wedding catering in dubai,0,,0,,64,20,/dessert-table-catering-dubai,sub,/blog/wedding-catering-cost-dubai /catering-dubai /engagement-catering-dubai /events /private-party-catering-dubai /vegan-catering-dubai,False,False,False,False,1,True,partial,medium — many bodies say it,,,6,a second natural mention,Catering,9,10,0,,,0,,0,10,0,63.5,/wedding-catering-menu-planning-dubai,
best diwali catering dubai,0,commercial,0,,,20,/diwali-catering-dubai,sub,,False,False,False,False,1,False,partial,medium — SERP looks like another page,no tracked competitor in top 30,0.4,3,a second natural mention,Seasonal and Occasions,1,1,0,,,0,,,,,,,
diwali buffet style food,0,,0,,,20,/diwali-catering-dubai,sub,,False,False,False,False,1,True,partial,low,,,5,a second natural mention,Seasonal and Occasions,1,1,0,,,0,,,,,,,
diwali catering cost per person dubai,0,commercial,0,,,20,/diwali-catering-dubai,sub,,False,False,False,False,1,False,partial,medium — SERP looks like another page,no tracked competitor in top 30,0.25,3,a second natural mention,Seasonal and Occasions,1,1,0,,,0,,,,,,,
diwali catering dubai price,0,commercial,0,,,20,/diwali-catering-dubai,sub,,False,False,False,False,1,False,partial,low,no tracked competitor in top 30,0.67,3,a second natural mention,Seasonal and Occasions,1,1,0,,,0,,,,,,,
diwali catering menu dubai,0,transactional,0,,,20,/diwali-catering-dubai,sub,,False,False,False,False,1,False,partial,low,no tracked competitor in top 30,0.62,3,a second natural mention,Seasonal and Occasions,1,1,0,,,0,,,,,,,
diwali catering packages dubai,0,commercial,0,,34,20,/diwali-catering-dubai,sub,,False,False,False,False,1,False,partial,low,"no tracked competitor in top 30, we #34",0.75,3,a second natural mention,Seasonal and Occasions,1,1,0,,,0,,,,,,,
diwali food catering near me,0,commercial,0,,,20,/diwali-catering-dubai,sub,,False,False,False,False,1,False,partial,medium — SERP looks like another page,no tracked competitor in top 30,0.17,3,a second natural mention,Seasonal and Occasions,1,1,0,,,0,,,,,,,
diwali food facts,0,,0,,,20,/diwali-catering-dubai,sub,,False,False,False,False,1,True,partial,low,,,5,a second natural mention,Seasonal and Occasions,1,1,0,,,0,,,,,,,
diwali food traditions,0,,0,,,20,/diwali-catering-dubai,sub,,False,False,False,False,1,True,partial,low,,,5,a second natural mention,Seasonal and Occasions,1,1,0,,,0,,,,,,,
diwali traditional food,0,,0,,,20,/diwali-catering-dubai,sub,,False,False,False,False,2,True,partial,low,,,7,hold — nothing to do,Seasonal and Occasions,1,1,0,,,0,,,,,,,
vegetarian diwali catering dubai,0,transactional,0,,,20,/diwali-catering-dubai,sub,,False,False,False,False,1,False,partial,medium — SERP looks like another page,no tracked competitor in top 30,0.45,3,a second natural mention,Seasonal and Occasions,1,1,0,,,0,,,,,,,
drop off catering dubai,0,transactional,0,,,20,/drop-off-catering-dubai,primary,/blog/corporate-catering-full-service-vs-drop-off /business-lunch-catering-dubai,True,True,True,True,7,True,exact,low,,1.0,10,"no measured UAE demand, but the page gets visits — check the phrasing against what they search",Catering,1,2,0,1,1.0,2,first-party,,,,,,
best drop off catering dubai,0,commercial,0,,,20,/drop-off-catering-dubai,sub,,False,False,False,False,1,False,partial,low,no tracked competitor in top 30,,3,a second natural mention; merge → /best-catering-companies-dubai,Catering,1,2,0,1,1.0,2,first-party,,,,,,
catering delivery dubai,0,commercial,0,,,20,/drop-off-catering-dubai,sub,,False,False,False,False,1,True,partial,low,no tracked competitor in top 30,,5,a second natural mention,Catering,1,2,0,1,1.0,2,first-party,,,,,,
drop off catering dubai price,0,commercial,0,,,20,/drop-off-catering-dubai,sub,,False,False,False,False,1,False,partial,low,no tracked competitor in top 30,,3,a second natural mention,Catering,1,2,0,1,1.0,2,first-party,,,,,,
drop off catering menu dubai,0,transactional,0,,,20,/drop-off-catering-dubai,sub,,False,False,False,False,1,False,partial,low,no tracked competitor in top 30,,3,a second natural mention,Catering,1,2,0,1,1.0,2,first-party,,,,,,
drop off catering packages dubai,0,transactional,0,,22,10,/drop-off-catering-dubai,sub,,False,False,False,False,1,False,partial,low,"no tracked competitor in top 30, we #22",,3,a second natural mention,Catering,1,2,0,1,1.0,2,first-party,,,,,,
drop off catering price per person dubai,0,commercial,0,,,20,/drop-off-catering-dubai,sub,,False,False,False,False,1,False,partial,low,no tracked competitor in top 30,,3,a second natural mention,Catering,1,2,0,1,1.0,2,first-party,,,,,,
halal drop off catering dubai,0,commercial,0,,20,10,/drop-off-catering-dubai,sub,,False,False,False,False,1,False,partial,low,"no tracked competitor in top 30, we #20",,3,a second natural mention,Catering,1,2,0,1,1.0,2,first-party,,,,,,
healthy food delivery dubai,0,,0,,,20,/drop-off-catering-dubai,sub,,False,False,False,False,1,False,partial,low,,,3,a second natural mention,Catering,1,2,0,1,1.0,2,first-party,,,,,,
healthy meal delivery dubai,0,,0,,,20,/drop-off-catering-dubai,sub,,False,False,False,False,1,False,none,low,,,2,a second natural mention,Catering,1,2,0,1,1.0,2,first-party,,,,,,
luxury food delivery dubai,0,,0,,,20,/drop-off-catering-dubai,sub,,False,False,False,False,1,False,partial,low,,,3,a second natural mention,Catering,1,2,0,1,1.0,2,first-party,,,,,,
meal plans delivery dubai,0,,0,,,20,/drop-off-catering-dubai,sub,,False,False,False,False,1,False,none,low,,,2,a second natural mention,Catering,1,2,0,1,1.0,2,first-party,,,,,,
party food delivery dubai,0,,0,,,20,/drop-off-catering-dubai,sub,,False,False,False,False,1,False,partial,low,,,3,a second natural mention,Catering,1,2,0,1,1.0,2,first-party,,,,,,
catering prices dubai,0,commercial,0,,,20,/dubai-catering-prices-guide,primary,/blog/brunch-at-home-dubai /blog/nye-party-catering-dubai,True,True,True,True,4,True,partial,low,no tracked competitor in top 30,1.0,9,"no measured UAE demand, but the page gets visits — check the phrasing against what they search; get an inbound link with this anchor",Blog and Guides,1,1,0,2,1.0,2,first-party,,,,,,
birthday catering prices dubai,0,commercial,0,,22,10,/dubai-catering-prices-guide,sub,,False,False,False,False,1,False,partial,medium — SERP looks like another page,"no tracked competitor in top 30, we #22",0.07,3,a second natural mention,Blog and Guides,1,1,0,2,1.0,2,first-party,,,,,,
catering cost per person dubai,0,commercial,0,,22,10,/dubai-catering-prices-guide,sub,/allergy-safe-catering-dubai /arabic-catering-dubai /baby-shower-catering-dubai /christmas-catering-dubai /diwali-catering-dubai /eid-catering-dubai,False,False,False,False,1,False,partial,medium — many bodies say it,"no tracked competitor in top 30, we #22",0.14,4,a second natural mention,Blog and Guides,1,1,0,2,1.0,2,first-party,,,,,,
catering price list dubai,0,commercial,0,,,20,/dubai-catering-prices-guide,sub,,False,False,False,False,1,False,partial,low,,,3,a second natural mention,Blog and Guides,1,1,0,2,1.0,2,first-party,,,,,,
event catering cost dubai,0,commercial,0,,,20,/dubai-catering-prices-guide,sub,,False,False,False,False,1,False,partial,medium — SERP looks like another page,no tracked competitor in top 30,0.23,3,a second natural mention,Blog and Guides,1,1,0,2,1.0,2,first-party,,,,,,
event catering prices dubai 2026,0,commercial,0,,,20,/dubai-catering-prices-guide,sub,,False,False,False,False,1,False,partial,medium — SERP looks like another page,no tracked competitor in top 30,0.0,3,a second natural mention,Blog and Guides,1,1,0,2,1.0,2,first-party,,,,,,
how much does catering cost for 50 guests dubai,0,commercial,0,,,20,/dubai-catering-prices-guide,sub,,False,False,False,False,1,True,partial,low,,,5,a second natural mention,Blog and Guides,1,1,0,2,1.0,2,first-party,,,,,,
how much does catering cost in dubai,0,commercial,0,,,20,/dubai-catering-prices-guide,sub,/catering-dubai,False,False,False,False,2,True,partial,low,,,8,hold — nothing to do,Blog and Guides,1,1,0,2,1.0,2,first-party,,,,,,
event catering price guide dubai 2026,0,commercial,0,,,20,/dubai-event-catering-price-guide-2026,primary,,False,False,False,False,0,False,partial,low,,1.0,0,no measured UAE demand for this primary — re-target it or merge the page; put the exact primary in the title; put the exact primary in the H1; say it in the meta description; say it in the first 100 words; one H2 carries it; use it at least twice in the body; answer a FAQ that contains it; get an inbound link with this anchor,Blog and Guides,0,0,0,0,1.0,1,first-party,,,,,,
average catering cost per person dubai 2026,0,commercial,0,,19,10,/dubai-event-catering-price-guide-2026,sub,,False,False,False,False,0,False,partial,low,"no tracked competitor in top 30, we #19",,1,write one sentence that says it,Blog and Guides,0,0,0,0,1.0,1,first-party,,,,,,
catering for 50 people cost dubai,0,commercial,0,,,20,/dubai-event-catering-price-guide-2026,sub,,False,False,False,False,0,False,partial,low,no tracked competitor in top 30,,1,write one sentence that says it,Blog and Guides,0,0,0,0,1.0,1,first-party,,,,,,
catering rates during spring 2024 in dubai,0,commercial,0,,,20,/dubai-event-catering-price-guide-2026,sub,,False,False,False,False,0,False,partial,low,no tracked competitor in top 30,,1,write one sentence that says it,Blog and Guides,0,0,0,0,1.0,1,first-party,,,,,,
dubai catering prices 2026,0,commercial,0,,19,10,/dubai-event-catering-price-guide-2026,sub,,False,False,False,False,0,False,partial,low,"no tracked competitor in top 30, we #19",,1,write one sentence that says it,Blog and Guides,0,0,0,0,1.0,1,first-party,,,,,,
event catering activities,0,,0,,,20,/dubai-event-catering-price-guide-2026,sub,,False,False,False,False,0,False,partial,low,,,1,write one sentence that says it,Blog and Guides,0,0,0,0,1.0,1,first-party,,,,,,
event catering buffet,0,,0,,,20,/dubai-event-catering-price-guide-2026,sub,,False,False,False,False,0,False,partial,low,,,1,write one sentence that says it,Blog and Guides,0,0,0,0,1.0,1,first-party,,,,,,
event catering cost dubai 2026,0,commercial,0,,21,10,/dubai-event-catering-price-guide-2026,sub,,False,False,False,False,0,False,partial,low,"no tracked competitor in top 30, we #21",,1,write one sentence that says it,Blog and Guides,0,0,0,0,1.0,1,first-party,,,,,,
event catering for 100 people,0,,0,,,20,/dubai-event-catering-price-guide-2026,sub,,False,False,False,False,0,False,partial,low,,,1,write one sentence that says it,Blog and Guides,0,0,0,0,1.0,1,first-party,,,,,,
event catering prices,0,,0,,,20,/dubai-event-catering-price-guide-2026,sub,/birthday-catering-dubai /dubai-catering-prices-guide /events,True,True,False,False,2,False,partial,low,,,4,remove it from the heading (subs live in sentences),Blog and Guides,0,0,0,0,1.0,1,first-party,,,,,,
how much does catering cost in dubai 2026,0,commercial,0,,26,10,/dubai-event-catering-price-guide-2026,sub,,False,False,False,False,0,False,partial,low,"no tracked competitor in top 30, we #26",,1,write one sentence that says it,Blog and Guides,0,0,0,0,1.0,1,first-party,,,,,,
dubai food trends 2026,0,informational,0,,14,10,/dubai-food-trends-report-2026,primary,/,True,True,True,True,3,True,exact,low,"no tracked competitor in top 30, we #14",1.0,10,"no measured UAE demand, but the page gets visits — check the phrasing against what they search",Blog and Guides,2,2,0,,,0,,,,,,,
dubai catering trends 2026,0,commercial,0,,17,10,/dubai-food-trends-report-2026,sub,,False,False,False,False,0,False,partial,medium — SERP looks like another page,"no tracked competitor in top 30, we #17",0.14,1,write one sentence that says it,Blog and Guides,2,2,0,,,0,,,,,,,
dubai food trends report,0,commercial,0,,9,10,/dubai-food-trends-report-2026,sub,/guides /press,False,False,False,False,1,False,exact,medium — SERP looks like another page,"no tracked competitor in top 30, we #9",0.33,5,a second natural mention,Blog and Guides,2,2,0,,,0,,,,,,,
private dining trends dubai 2026,0,commercial,0,,,20,/dubai-food-trends-report-2026,sub,,False,False,False,False,0,False,partial,low,,,1,write one sentence that says it,Blog and Guides,2,2,0,,,0,,,,,,,
uae food trends 2026,0,informational,0,,,20,/dubai-food-trends-report-2026,sub,,False,False,False,False,0,False,partial,low,,,1,write one sentence that says it,Blog and Guides,2,2,0,,,0,,,,,,,
what are the big food trends for 2026,0,informational,0,,,20,/dubai-food-trends-report-2026,sub,,False,False,False,False,1,True,partial,medium — SERP looks like another page,no tracked competitor in top 30,0.0,5,a second natural mention,Blog and Guides,2,2,0,,,0,,,,,,,
what are the food design trends in 2026,0,informational,0,,,20,/dubai-food-trends-report-2026,sub,,False,False,False,False,1,True,partial,medium — SERP looks like another page,no tracked competitor in top 30,0.0,5,a second natural mention,Blog and Guides,2,2,0,,,0,,,,,,,
eid catering dubai,0,commercial,0,,11,10,/eid-catering-dubai,primary,/iftar-catering-dubai /ramadan-catering-guide-dubai /uae-national-day-catering-dubai,True,True,True,True,5,True,exact,low,"no tracked competitor in top 30, we #11",1.0,10,no measured UAE demand for this primary — re-target it or merge the page,Seasonal and Occasions,0,0,0,,,0,,,,,,,
best eid catering dubai,0,commercial,0,,,20,/eid-catering-dubai,sub,,False,False,False,False,1,False,partial,medium — SERP looks like another page,no tracked competitor in top 30,0.17,3,a second natural mention,Seasonal and Occasions,0,0,0,,,0,,,,,,,
eid al adha catering dubai,0,transactional,0,,,20,/eid-catering-dubai,sub,,False,False,False,False,1,False,partial,low,,,3,a second natural mention,Seasonal and Occasions,0,0,0,,,0,,,,,,,
eid al fitr catering dubai,0,transactional,0,,,20,/eid-catering-dubai,sub,,False,False,False,False,1,False,partial,low,,,3,a second natural mention,Seasonal and Occasions,0,0,0,,,0,,,,,,,
eid catering cost per person dubai,0,commercial,0,,20,10,/eid-catering-dubai,sub,,False,False,False,False,1,False,partial,medium — SERP looks like another page,"no tracked competitor in top 30, we #20",0.0,3,a second natural mention,Seasonal and Occasions,0,0,0,,,0,,,,,,,
eid catering dubai price,0,commercial,0,,,20,/eid-catering-dubai,sub,,False,False,False,False,1,False,partial,medium — SERP looks like another page,no tracked competitor in top 30,0.07,3,a second natural mention,Seasonal and Occasions,0,0,0,,,0,,,,,,,
eid catering menu dubai,0,transactional,0,,,20,/eid-catering-dubai,sub,,False,False,False,False,1,False,partial,low,,,3,a second natural mention,Seasonal and Occasions,0,0,0,,,0,,,,,,,
eid catering packages dubai,0,commercial,0,,35,20,/eid-catering-dubai,sub,,False,False,False,False,1,False,partial,medium — SERP looks like another page,"no tracked competitor in top 30, we #35",0.3,3,a second natural mention,Seasonal and Occasions,0,0,0,,,0,,,,,,,
engagement party catering dubai,0,,0,,,20,/engagement-catering-dubai,primary,,True,True,True,True,3,False,partial,low,,1.0,8,"no measured UAE demand, but the page gets visits — check the phrasing against what they search; answer a FAQ that contains it; get an inbound link with this anchor",Private Events,3,3,0,0.0,0,1,ga4,,,,,,
best engagement catering dubai,0,,0,,,20,/engagement-catering-dubai,sub,,False,False,False,False,0,False,partial,low,,,1,write one sentence that says it,Private Events,3,3,0,0.0,0,1,ga4,,,,,,
engagement catering dubai,0,,0,,,20,/engagement-catering-dubai,sub,,False,False,False,False,1,False,partial,low,,,3,a second natural mention,Private Events,3,3,0,0.0,0,1,ga4,,,,,,
engagement catering dubai price,0,,0,,,20,/engagement-catering-dubai,sub,,False,False,False,False,0,False,partial,low,,,1,write one sentence that says it,Private Events,3,3,0,0.0,0,1,ga4,,,,,,
engagement catering menu dubai,0,,0,,,20,/engagement-catering-dubai,sub,,False,False,False,False,0,False,partial,low,,,1,write one sentence that says it,Private Events,3,3,0,0.0,0,1,ga4,,,,,,
engagement catering packages dubai,0,,0,,,20,/engagement-catering-dubai,sub,,False,False,False,False,0,False,partial,low,,,1,write one sentence that says it,Private Events,3,3,0,0.0,0,1,ga4,,,,,,
engagement dinner catering dubai,0,,0,,,20,/engagement-catering-dubai,sub,,False,False,False,False,0,False,partial,low,,,1,write one sentence that says it,Private Events,3,3,0,0.0,0,1,ga4,,,,,,
engagement party catering cost per person dubai,0,,0,,,20,/engagement-catering-dubai,sub,,False,False,False,False,0,False,partial,low,,,1,write one sentence that says it,Private Events,3,3,0,0.0,0,1,ga4,,,,,,
halal engagement catering dubai,0,,0,,,20,/engagement-catering-dubai,sub,,False,False,False,False,0,False,partial,low,,,1,write one sentence that says it,Private Events,3,3,0,0.0,0,1,ga4,,,,,,
birthday event catering dubai,0,commercial,0,,,20,/events,sub,,False,False,False,False,0,False,partial,medium — SERP looks like another page,no tracked competitor in top 30,0.09,1,write one sentence that says it; merge → /birthday-catering-package-dubai,Private Events,18,55,0,992.0,0,1,ga4,,,,,,
brand event catering dubai,0,commercial,0,,,20,/events,sub,,False,False,False,False,0,False,partial,low,no tracked competitor in top 30,0.5,1,write one sentence that says it; merge → /best-catering-companies-dubai,Private Events,18,55,0,992.0,0,1,ga4,,,,,,
business event catering dubai,0,,0,,,20,/events,sub,,False,False,False,False,0,False,partial,low,,,1,write one sentence that says it,Private Events,18,55,0,992.0,0,1,ga4,,,,,,
event caterers dubai,0,commercial,0,,,20,/events,sub,,False,False,False,False,0,False,partial,medium — SERP looks like another page,no tracked competitor in top 30,0.44,1,write one sentence that says it; merge → /corporate-event-catering-dubai,Private Events,18,55,0,992.0,0,1,ga4,,,,,,
event catering packages dubai,0,commercial,0,,,20,/events,sub,,False,False,False,False,0,False,partial,medium — SERP looks like another page,no tracked competitor in top 30,0.44,1,write one sentence that says it; merge → /catering-dubai,Private Events,18,55,0,992.0,0,1,ga4,,,,,,
launch event catering dubai,0,,0,,,20,/events,sub,,False,False,False,False,0,False,partial,low,,,1,write one sentence that says it,Private Events,18,55,0,992.0,0,1,ga4,,,,,,
networking event catering dubai,0,,0,,,20,/events,sub,,False,False,False,False,0,False,partial,low,,,1,write one sentence that says it,Private Events,18,55,0,992.0,0,1,ga4,,,,,,
official event catering dubai,0,,0,,,20,/events,sub,,False,False,False,False,0,False,partial,low,,,1,write one sentence that says it,Private Events,18,55,0,992.0,0,1,ga4,,,,,,
outdoor event catering dubai,0,commercial,0,,,20,/events,sub,,False,False,False,False,0,False,partial,medium — SERP looks like another page,no tracked competitor in top 30,0.3,1,write one sentence that says it,Private Events,18,55,0,992.0,0,1,ga4,,,,,,
private event catering dubai,0,commercial,0,,38,20,/events,sub,,False,False,False,False,0,False,partial,medium — SERP looks like another page,no tracked competitor in top 30,0.33,1,write one sentence that says it,Private Events,18,55,0,992.0,0,1,ga4,0,4,0,37.5,/events,
small event catering dubai,0,commercial,0,,,20,/events,sub,,False,False,False,False,0,False,partial,medium — SERP looks like another page,no tracked competitor in top 30,0.18,1,write one sentence that says it,Private Events,18,55,0,992.0,0,1,ga4,,,,,,
wedding event catering dubai,0,commercial,0,,,20,/events,sub,,False,False,False,False,0,False,partial,medium — SERP looks like another page,no tracked competitor in top 30,0.33,1,write one sentence that says it; merge → /corporate-event-catering-dubai,Private Events,18,55,0,992.0,0,1,ga4,,,,,,
exhibition catering dubai,0,commercial,0,,,20,/exhibition-catering-dubai,primary,/brand-activation-catering-dubai,True,False,True,False,2,False,exact,low,no tracked competitor in top 30,1.0,7,"no measured UAE demand, but the page gets visits — check the phrasing against what they search; say it in the meta description; one H2 carries it; answer a FAQ that contains it",Corporate Catering,1,3,0,3,1.0,1,first-party,,,,,,
exhibition catering dubai cost per person,0,commercial,0,,,20,/exhibition-catering-dubai,sub,,False,False,False,False,0,False,partial,low,,,1,write one sentence that says it,Corporate Catering,1,3,0,3,1.0,1,first-party,,,,,,
exhibition catering dubai price,0,commercial,0,,19,10,/exhibition-catering-dubai,sub,,False,False,False,False,0,False,partial,medium — SERP looks like another page,"no tracked competitor in top 30, we #19",0.17,1,write one sentence that says it,Corporate Catering,1,3,0,3,1.0,1,first-party,,,,,,
exhibition catering menu dubai,0,commercial,0,,,20,/exhibition-catering-dubai,sub,,False,False,False,False,0,False,partial,medium — SERP looks like another page,no tracked competitor in top 30,0.25,1,write one sentence that says it,Corporate Catering,1,3,0,3,1.0,1,first-party,,,,,,
exhibition catering packages dubai,0,commercial,0,,33,20,/exhibition-catering-dubai,sub,,False,False,False,False,0,False,partial,low,"no tracked competitor in top 30, we #33",0.5,1,write one sentence that says it,Corporate Catering,1,3,0,3,1.0,1,first-party,,,,,,
exhibition stand catering dubai,0,commercial,0,,,20,/exhibition-catering-dubai,sub,,False,False,False,False,0,False,partial,medium — SERP looks like another page,no tracked competitor in top 30,0.33,1,write one sentence that says it,Corporate Catering,1,3,0,3,1.0,1,first-party,,,,,,
food exhibition catering dubai,0,commercial,0,,,20,/exhibition-catering-dubai,sub,,False,False,False,False,0,False,partial,medium — SERP looks like another page,no tracked competitor in top 30,0.0,1,write one sentence that says it,Corporate Catering,1,3,0,3,1.0,1,first-party,,,,,,
trade show catering dubai,0,commercial,0,,,20,/exhibition-catering-dubai,sub,,False,False,False,False,0,False,partial,medium — SERP looks like another page,no tracked competitor in top 30,0.25,1,drop — off-intent,Corporate Catering,1,3,0,3,1.0,1,first-party,,,,,,
family catering dubai,0,commercial,0,,,20,/family-feast-package-dubai,primary,,True,False,True,False,1,False,partial,low,no tracked competitor in top 30,1.0,5,no measured UAE demand for this primary — re-target it or merge the page; say it in the meta description; one H2 carries it; use it at least twice in the body; answer a FAQ that contains it; get an inbound link with this anchor,Packages / Offers,0,0,0,,,0,,,,,,,
best family catering dubai,0,commercial,0,,,20,/family-feast-package-dubai,sub,,False,False,False,False,0,False,partial,medium — SERP looks like another page,no tracked competitor in top 30,0.0,1,write one sentence that says it; merge → /best-catering-companies-dubai,Packages / Offers,0,0,0,,,0,,,,,,,
catering for family gathering dubai,0,commercial,0,,,20,/family-feast-package-dubai,sub,,False,False,False,False,0,False,partial,low,,,1,write one sentence that says it,Packages / Offers,0,0,0,,,0,,,,,,,
family catering cost per person dubai,0,commercial,0,,30,10,/family-feast-package-dubai,sub,,False,False,False,False,0,False,partial,medium — SERP looks like another page,"no tracked competitor in top 30, we #30",0.0,1,write one sentence that says it,Packages / Offers,0,0,0,,,0,,,,,,,
family catering dubai price,0,commercial,0,,,20,/family-feast-package-dubai,sub,,False,False,False,False,0,False,partial,medium — SERP looks like another page,no tracked competitor in top 30,0.0,1,write one sentence that says it,Packages / Offers,0,0,0,,,0,,,,,,,
family catering menu dubai,0,commercial,0,,,20,/family-feast-package-dubai,sub,,False,False,False,False,0,False,partial,medium — SERP looks like another page,no tracked competitor in top 30,0.08,1,write one sentence that says it,Packages / Offers,0,0,0,,,0,,,,,,,
family chef,0,,0,,22,20,/family-feast-package-dubai,sub,/part-time-private-chef-dubai,False,False,False,False,0,False,partial,low,,,2,write one sentence that says it,Packages / Offers,0,0,0,,,0,,0,5,0,22.2,/,
family dinner package dubai,0,commercial,0,,,20,/family-feast-package-dubai,sub,,False,False,False,False,0,False,partial,medium — SERP looks like another page,no tracked competitor in top 30,0.0,1,write one sentence that says it,Packages / Offers,0,0,0,,,0,,,,,,,
family feast package dubai,0,commercial,0,,,20,/family-feast-package-dubai,sub,/kids-nutrition-chef-dubai,False,False,False,False,1,False,exact,medium — SERP looks like another page,no tracked competitor in top 30,0.0,5,a second natural mention,Packages / Offers,0,0,0,,,0,,,,,,,
family meal package dubai,0,,0,,,20,/family-feast-package-dubai,sub,,False,False,False,False,0,False,partial,low,,,1,write one sentence that says it,Packages / Offers,0,0,0,,,0,,,,,,,
family nutrition chef dubai,0,,0,,,20,/family-feast-package-dubai,sub,,False,False,False,False,0,False,partial,low,,,1,write one sentence that says it,Packages / Offers,0,0,0,,,0,,,,,,,
halal family catering dubai,0,commercial,0,,,20,/family-feast-package-dubai,sub,,False,False,False,False,0,False,partial,low,,,1,write one sentence that says it,Packages / Offers,0,0,0,,,0,,,,,,,
catering faq dubai,0,informational,0,,2,10,/faq,primary,,True,True,True,True,3,False,partial,low,"no tracked competitor in top 30, we #2",1.0,8,"no measured UAE demand, but the page gets visits — check the phrasing against what they search; answer a FAQ that contains it; get an inbound link with this anchor",Trust / Utility,4,4,0,1,1.0,2,first-party,,,,,,
catering minimum order dubai,0,transactional,0,,21,10,/faq,sub,,False,False,False,False,0,False,partial,medium — SERP looks like another page,"no tracked competitor in top 30, we #21",0.0,1,write one sentence that says it,Trust / Utility,4,4,0,1,1.0,2,first-party,,,,,,
does a private chef clean up dubai,0,commercial,0,,22,10,/faq,sub,,False,False,False,False,0,False,partial,medium — SERP looks like another page,"no tracked competitor in top 30, we #22",0.0,1,write one sentence that says it,Trust / Utility,4,4,0,1,1.0,2,first-party,,,,,,
how much notice does a caterer need dubai,0,commercial,0,,,20,/faq,sub,,False,False,False,False,0,False,none,low,,,0,write one sentence that says it,Trust / Utility,4,4,0,1,1.0,2,first-party,,,,,,
is catering in dubai halal,0,commercial,0,,,20,/faq,sub,,False,False,False,False,0,False,partial,medium — SERP looks like another page,no tracked competitor in top 30,0.0,1,write one sentence that says it,Trust / Utility,4,4,0,1,1.0,2,first-party,,,,,,
what are common red flags with catering companies,0,commercial,0,,5,10,/faq,sub,/best-catering-companies-dubai,False,False,False,False,0,False,partial,medium — SERP looks like another page,"no tracked competitor in top 30, we #5",0.07,2,write one sentence that says it,Trust / Utility,4,4,0,1,1.0,2,first-party,,,,,,
what questions to ask for a catering service,0,informational,0,,,20,/faq,sub,,False,False,False,False,0,False,partial,medium — SERP looks like another page,no tracked competitor in top 30,0.0,1,write one sentence that says it,Trust / Utility,4,4,0,1,1.0,2,first-party,,,,,,
festive catering dubai,0,commercial,0,,18,10,/festive-catering-dubai,primary,/catering-dubai,True,True,True,True,8,True,exact,low,"no tracked competitor in top 30, we #24",1.0,10,"no measured UAE demand, but the page gets visits — check the phrasing against what they search",Seasonal and Occasions,3,3,0,0,1.0,2,first-party,0,41,0,18.5,/festive-catering-dubai,
best festive catering dubai,0,commercial,0,,32,20,/festive-catering-dubai,sub,,False,False,False,False,3,True,partial,medium — SERP looks like another page,"no tracked competitor in top 30, we #32",0.4,7,hold — nothing to do,Seasonal and Occasions,3,3,0,0,1.0,2,first-party,,,,,,
christmas catering in dubai,0,commercial,0,,32,20,/festive-catering-dubai,sub,/christmas-catering-dubai,False,False,False,False,0,False,partial,medium — SERP looks like another page,"no tracked competitor in top 30, we #32",0.4,2,write one sentence that says it; merge → /christmas-catering-dubai,Seasonal and Occasions,3,3,0,0,1.0,2,first-party,,,,,,
diwali catering,0,,0,,,20,/festive-catering-dubai,sub,/diwali-catering-dubai /events /indian-catering-dubai /private-party-catering-dubai,False,False,False,False,3,False,partial,low,,,6,hold — nothing to do,Seasonal and Occasions,3,3,0,0,1.0,2,first-party,,,,,,
festive catering cost per person dubai,0,commercial,0,,,20,/festive-catering-dubai,sub,,False,False,False,False,1,True,partial,low,,,5,a second natural mention,Seasonal and Occasions,3,3,0,0,1.0,2,first-party,,,,,,
festive catering dubai price,0,commercial,0,,,20,/festive-catering-dubai,sub,,False,False,False,False,3,True,partial,medium — SERP looks like another page,no tracked competitor in top 30,0.4,7,hold — nothing to do,Seasonal and Occasions,3,3,0,0,1.0,2,first-party,,,,,,
festive catering menu dubai,0,commercial,0,,19,10,/festive-catering-dubai,sub,,False,False,False,False,0,False,partial,medium — SERP looks like another page,"no tracked competitor in top 30, we #19",0.45,1,write one sentence that says it,Seasonal and Occasions,3,3,0,0,1.0,2,first-party,,,,,,
festive catering packages dubai,0,commercial,0,,23,10,/festive-catering-dubai,sub,,False,False,False,False,3,True,partial,low,"no tracked competitor in top 30, we #23",0.75,7,hold — nothing to do,Seasonal and Occasions,3,3,0,0,1.0,2,first-party,,,,,,
festive season catering dubai,0,commercial,0,,,20,/festive-catering-dubai,sub,,False,False,False,False,0,False,partial,low,,,1,write one sentence that says it,Seasonal and Occasions,3,3,0,0,1.0,2,first-party,,,,,,
halal festive catering dubai,0,commercial,0,,22,10,/festive-catering-dubai,sub,,False,False,False,False,0,False,partial,medium — SERP looks like another page,"no tracked competitor in top 30, we #22",0.44,1,write one sentence that says it,Seasonal and Occasions,3,3,0,0,1.0,2,first-party,,,,,,
fitness meal prep dubai,0,commercial,0,,,20,/fitness-meal-prep-dubai,primary,,True,False,True,False,2,False,partial,low,no tracked competitor in top 30,1.0,6,"no measured UAE demand, but the page gets visits — check the phrasing against what they search; say it in the meta description; one H2 carries it; answer a FAQ that contains it; get an inbound link with this anchor",Private Chef,1,1,0,,,0,,,,,,,
best fitness meal prep dubai,0,commercial,0,,,20,/fitness-meal-prep-dubai,sub,,False,False,False,False,0,False,partial,low,no tracked competitor in top 30,0.62,1,write one sentence that says it; merge → /weekly-meal-prep-dubai,Private Chef,1,1,0,,,0,,,,,,,
best meal prep companies dubai,0,,0,,,20,/fitness-meal-prep-dubai,sub,,False,False,False,False,0,False,partial,low,,,1,write one sentence that says it,Private Chef,1,1,0,,,0,,,,,,,
fitness meal plan dubai,0,,0,,,20,/fitness-meal-prep-dubai,sub,,False,False,False,False,0,False,partial,low,,,1,write one sentence that says it,Private Chef,1,1,0,,,0,,,,,,,
fitness meal prep dubai price,0,commercial,0,,,20,/fitness-meal-prep-dubai,sub,,False,False,False,False,0,False,partial,low,,,1,write one sentence that says it,Private Chef,1,1,0,,,0,,,,,,,
fitness meal prep dubai price per meal,0,commercial,0,,,20,/fitness-meal-prep-dubai,sub,,False,False,False,False,0,False,partial,low,no tracked competitor in top 30,0.5,1,write one sentence that says it; merge → /weekly-meal-prep-dubai,Private Chef,1,1,0,,,0,,,,,,,
fitness meal prep menu dubai,0,transactional,0,,,20,/fitness-meal-prep-dubai,sub,,False,False,False,False,0,False,partial,low,no tracked competitor in top 30,0.5,1,write one sentence that says it; merge → /weekly-meal-prep-dubai,Private Chef,1,1,0,,,0,,,,,,,
fitness meal prep packages dubai,0,commercial,0,,,20,/fitness-meal-prep-dubai,sub,,False,False,False,False,0,False,partial,low,no tracked competitor in top 30,0.71,1,write one sentence that says it; merge → /weekly-meal-prep-dubai,Private Chef,1,1,0,,,0,,,,,,,
halal fitness meal prep dubai,0,commercial,0,,,20,/fitness-meal-prep-dubai,sub,,False,False,False,False,0,False,partial,medium — SERP looks like another page,no tracked competitor in top 30,0.44,1,write one sentence that says it; merge → /weekly-meal-prep-dubai,Private Chef,1,1,0,,,0,,,,,,,
high protein meal prep dubai,0,commercial,0,,,20,/fitness-meal-prep-dubai,sub,,False,False,False,False,0,False,partial,medium — SERP looks like another page,no tracked competitor in top 30,0.36,1,write one sentence that says it; merge → /wellness-meal-prep-dubai,Private Chef,1,1,0,,,0,,,,,,,
personal chef meal prep near me cost,0,,0,,,20,/fitness-meal-prep-dubai,sub,,False,False,False,False,0,False,partial,low,,,1,write one sentence that says it,Private Chef,1,1,0,,,0,,,,,,,
practical meal prep uae,0,,0,,,20,/fitness-meal-prep-dubai,sub,,False,False,False,False,0,False,partial,low,,,1,write one sentence that says it,Private Chef,1,1,0,,,0,,,,,,,
mychef founding customer offer,0,navigational,0,,2,10,/founding-customer-offer,primary,/catering-packages-dubai,True,True,True,True,2,True,exact,low,"no tracked competitor in top 30, we #2",1.0,10,no measured UAE demand for this primary — re-target it or merge the page,Packages / Offers,0,0,0,,,0,,,,,,,
catering services on offer in dubai,0,commercial,0,,,20,/founding-customer-offer,sub,,False,False,False,False,1,False,partial,medium — SERP looks like another page,no tracked competitor in top 30,0.0,3,a second natural mention,Packages / Offers,0,0,0,,,0,,,,,,,
meal plan dubai offer,0,commercial,0,,,20,/founding-customer-offer,sub,,False,False,False,False,1,False,partial,medium — SERP looks like another page,no tracked competitor in top 30,0.0,3,a second natural mention; merge → /wellness-meal-prep-dubai,Packages / Offers,0,0,0,,,0,,,,,,,
mychef dubai offer,0,commercial,0,,2,10,/founding-customer-offer,sub,,False,False,False,False,1,False,partial,medium — SERP looks like another page,"no tracked competitor in top 30, we #2",0.13,3,a second natural mention,Packages / Offers,0,0,0,,,0,,,,,,,
best time to hire caterers,0,,0,,,20,/full-time-private-chef-dubai,sub,,False,False,False,False,1,False,partial,low,,,3,a second natural mention,Private Chef,2,2,0,2,0.75,4,first-party,,,,,,
full time private chef cost dubai,0,commercial,0,,32,20,/full-time-private-chef-dubai,sub,,False,False,False,False,1,False,partial,medium — SERP looks like another page,"no tracked competitor in top 30, we #32",0.45,3,a second natural mention; merge → /blog/how-much-does-private-chef-cost-dubai,Private Chef,2,2,0,2,0.75,4,first-party,,,,,,
hire a full time chef dubai,0,transactional,0,,,20,/full-time-private-chef-dubai,sub,,False,False,False,False,0,False,partial,medium — SERP looks like another page,no tracked competitor in top 30,0.29,1,write one sentence that says it; merge → /blog/how-to-hire-a-private-chef-dubai,Private Chef,2,2,0,2,0.75,4,first-party,,,,,,
household chef dubai,0,commercial,0,,33,20,/full-time-private-chef-dubai,sub,,False,False,False,False,0,False,partial,low,"no tracked competitor in top 30, we #33",0.5,1,write one sentence that says it,Private Chef,2,2,0,2,0.75,4,first-party,,,,,,
monthly private chef dubai,0,commercial,0,,,20,/full-time-private-chef-dubai,sub,,False,False,False,False,0,False,partial,medium — SERP looks like another page,no tracked competitor in top 30,0.33,1,write one sentence that says it; merge → /apartment-private-dining-dubai,Private Chef,2,2,0,2,0.75,4,first-party,,,,,,
top personal chef providers in dubai,0,commercial,0,,,20,/full-time-private-chef-dubai,sub,,False,False,False,False,1,False,partial,medium — SERP looks like another page,no tracked competitor in top 30,0.27,3,a second natural mention; merge → /apartment-private-dining-dubai,Private Chef,2,2,0,2,0.75,4,first-party,,,,,,
gala dinner catering dubai,0,commercial,0,,,20,/gala-dinner-catering-dubai,primary,,True,False,True,False,2,False,none,low,no tracked competitor in top 30,1.0,6,"no measured UAE demand, but the page gets visits — check the phrasing against what they search; say it in the meta description; one H2 carries it; answer a FAQ that contains it; get an inbound link with this anchor",Corporate Catering,1,2,0,3,1.0,1,first-party,,,,,,
awards dinner catering dubai,0,commercial,0,,,20,/gala-dinner-catering-dubai,sub,,False,False,False,False,0,False,none,medium — SERP looks like another page,no tracked competitor in top 30,0.3,0,write one sentence that says it,Corporate Catering,1,2,0,3,1.0,1,first-party,,,,,,
best gala dinner catering dubai,0,commercial,0,,,20,/gala-dinner-catering-dubai,sub,,False,False,False,False,0,False,none,medium — SERP looks like another page,no tracked competitor in top 30,0.2,0,write one sentence that says it; merge → /best-catering-companies-dubai,Corporate Catering,1,2,0,3,1.0,1,first-party,,,,,,
diwali dinner catering,0,,0,,,20,/gala-dinner-catering-dubai,sub,,False,False,False,False,0,False,none,low,,,0,write one sentence that says it,Corporate Catering,1,2,0,3,1.0,1,first-party,,,,,,
gala dinner catering cost per person dubai,0,commercial,0,,6,10,/gala-dinner-catering-dubai,sub,,False,False,False,False,0,False,none,medium — SERP looks like another page,"no tracked competitor in top 30, we #6",0.0,0,write one sentence that says it,Corporate Catering,1,2,0,3,1.0,1,first-party,,,,,,
gala dinner catering dubai price,0,commercial,0,,,20,/gala-dinner-catering-dubai,sub,,False,False,False,False,0,False,none,low,,,0,write one sentence that says it,Corporate Catering,1,2,0,3,1.0,1,first-party,,,,,,
gala dinner catering menu dubai,0,transactional,0,,,20,/gala-dinner-catering-dubai,sub,,False,False,False,False,0,False,none,medium — SERP looks like another page,no tracked competitor in top 30,0.09,0,write one sentence that says it,Corporate Catering,1,2,0,3,1.0,1,first-party,,,,,,
gala dinner catering packages dubai,0,commercial,0,,,20,/gala-dinner-catering-dubai,sub,,False,False,False,False,0,False,none,low,,,0,write one sentence that says it,Corporate Catering,1,2,0,3,1.0,1,first-party,,,,,,
gala dinner theme ideas,0,,0,,,20,/gala-dinner-catering-dubai,sub,,False,False,False,False,0,False,none,low,,,0,write one sentence that says it,Corporate Catering,1,2,0,3,1.0,1,first-party,,,,,,
gala food menu ideas,0,,0,,,20,/gala-dinner-catering-dubai,sub,,False,False,False,False,0,False,none,low,,,0,write one sentence that says it,Corporate Catering,1,2,0,3,1.0,1,first-party,,,,,,
halal gala dinner catering dubai,0,commercial,0,,17,10,/gala-dinner-catering-dubai,sub,,False,False,False,False,0,False,none,medium — SERP looks like another page,"no tracked competitor in top 30, we #17",0.2,0,write one sentence that says it,Corporate Catering,1,2,0,3,1.0,1,first-party,,,,,,
office dinner catering package dubai,0,,0,,,20,/gala-dinner-catering-dubai,sub,,False,False,False,False,0,False,none,low,,,0,write one sentence that says it,Corporate Catering,1,2,0,3,1.0,1,first-party,,,,,,
what is gala dinner,0,,0,,,20,/gala-dinner-catering-dubai,sub,,False,False,False,False,0,False,none,low,,,0,write one sentence that says it,Corporate Catering,1,2,0,3,1.0,1,first-party,,,,,,
,0,,0,,,,/gallery,untargeted (in sitemap),,False,False,False,False,0,False,none,n/a,,,0,decide: lock a primary or keep untargeted by decision,Trust / Utility,5,6,0,138,0.0,1,first-party,,,,,,
best grazing table dubai,0,commercial,0,,,20,/grazing-table-dubai,sub,,False,False,False,False,1,False,partial,medium — SERP looks like another page,no tracked competitor in top 30,0.36,3,a second natural mention,Catering,13,19,0,4,1.0,3,first-party,,,,,,
birthday grazing table dubai,0,,0,,,20,/grazing-table-dubai,sub,,False,False,False,False,1,False,partial,low,,,3,a second natural mention,Catering,13,19,0,4,1.0,3,first-party,,,,,,
grazing board,0,,0,,,20,/grazing-table-dubai,sub,/blog/dinner-party-menu-ideas-dubai /blog/grazing-table-vs-buffet-dubai /blog/vegan-catering-dubai-guide,False,False,False,False,0,False,partial,low,,,2,write one sentence that says it,Catering,13,19,0,4,1.0,3,first-party,,,,,,
grazing table delivery dubai,0,transactional,0,,,20,/grazing-table-dubai,sub,,False,False,False,False,0,False,partial,low,,,1,write one sentence that says it,Catering,13,19,0,4,1.0,3,first-party,,,,,,
grazing table dubai price,0,commercial,0,,,20,/grazing-table-dubai,sub,,False,False,False,False,1,False,partial,low,,,3,a second natural mention,Catering,13,19,0,4,1.0,3,first-party,,,,,,
grazing table for 20 guests dubai,0,transactional,0,,,20,/grazing-table-dubai,sub,,False,False,False,False,0,False,partial,medium — SERP looks like another page,no tracked competitor in top 30,0.36,1,write one sentence that says it,Catering,13,19,0,4,1.0,3,first-party,,,,,,
grazing table menu dubai,0,transactional,0,,,20,/grazing-table-dubai,sub,,False,False,False,False,1,False,partial,medium — SERP looks like another page,no tracked competitor in top 30,0.36,3,a second natural mention,Catering,13,19,0,4,1.0,3,first-party,,,,,,
grazing table packages dubai,0,commercial,0,,,20,/grazing-table-dubai,sub,,False,False,False,False,1,False,partial,low,,,3,a second natural mention,Catering,13,19,0,4,1.0,3,first-party,,,,,,
grazing tables dubai,0,,0,,,20,/grazing-table-dubai,sub,,False,False,False,False,0,False,partial,low,,,1,write one sentence that says it,Catering,13,19,0,4,1.0,3,first-party,,,,,,
halal grazing table dubai,0,transactional,0,,,20,/grazing-table-dubai,sub,,False,False,False,False,1,False,partial,medium — SERP looks like another page,no tracked competitor in top 30,0.36,3,a second natural mention,Catering,13,19,0,4,1.0,3,first-party,,,,,,
indian grazing table dubai,0,,0,,,20,/grazing-table-dubai,sub,,False,False,False,False,0,False,partial,low,,,1,write one sentence that says it,Catering,13,19,0,4,1.0,3,first-party,,,,,,
amazonico private dining dubai,0,transactional,0,,,20,/guide/private-dining-dubai,sub,,False,False,False,False,0,False,partial,medium — SERP looks like another page,no tracked competitor in top 30,0.0,1,write one sentence that says it,Blog and Guides,1,1,0,59,1.0,1,first-party,,,,,,
luxury private dining dubai menu,0,commercial,0,,,20,/guide/private-dining-dubai,sub,,False,False,False,False,1,False,partial,low,no tracked competitor in top 30,0.5,3,a second natural mention; merge → /luxury-dining-experiences,Blog and Guides,1,1,0,59,1.0,1,first-party,,,,,,
private dining at home dubai,0,transactional,0,,31,20,/guide/private-dining-dubai,sub,,False,False,False,False,1,False,partial,medium — SERP looks like another page,"no tracked competitor in top 30, we #31",0.07,3,a second natural mention,Blog and Guides,1,1,0,59,1.0,1,first-party,,,,,,
private dining dubai for couples,0,commercial,0,,,20,/guide/private-dining-dubai,sub,,False,False,False,False,0,False,partial,medium — SERP looks like another page,no tracked competitor in top 30,0.18,1,write one sentence that says it,Blog and Guides,1,1,0,59,1.0,1,first-party,,,,,,
private dining ideas dubai,0,commercial,0,,,20,/guide/private-dining-dubai,sub,,False,False,False,False,0,False,partial,low,no tracked competitor in top 30,0.88,1,write one sentence that says it,Blog and Guides,1,1,0,59,1.0,1,first-party,,,,,,
private dinner party dubai,0,transactional,0,,,20,/guide/private-dining-dubai,sub,,False,False,False,False,1,False,partial,low,no tracked competitor in top 30,0.86,3,a second natural mention; merge → /luxury-dining-experiences,Blog and Guides,1,1,0,59,1.0,1,first-party,,,,,,
catering checklist dubai,0,informational,0,,2,10,/guides,primary,/corporate-catering-checklist-dubai /wedding-catering-checklist-dubai /wedding-catering-menu-planning-dubai /yacht-catering-checklist-dubai,True,True,True,True,3,True,none,low,"no tracked competitor in top 30, we #2",1.0,9,"no measured UAE demand, but the page gets visits — check the phrasing against what they search; get an inbound link with this anchor",Blog and Guides,4,4,0,2,1.0,1,first-party,,,,,,
bbq catering checklist,0,,0,,,20,/guides,sub,,False,False,False,False,0,False,none,low,,,0,write one sentence that says it,Blog and Guides,4,4,0,2,1.0,1,first-party,,,,,,
catering checklist fssai,0,,0,,,20,/guides,sub,,False,False,False,False,0,False,none,low,,,0,write one sentence that says it,Blog and Guides,4,4,0,2,1.0,1,first-party,,,,,,
catering checklist template,0,,0,,,20,/guides,sub,,False,False,False,False,0,False,none,low,,,0,write one sentence that says it,Blog and Guides,4,4,0,2,1.0,1,first-party,,,,,,
catering cleaning checklist,0,,0,,,20,/guides,sub,,False,False,False,False,0,False,none,low,,,0,write one sentence that says it,Blog and Guides,4,4,0,2,1.0,1,first-party,,,,,,
catering delivery checklist,0,transactional,0,,21,10,/guides,sub,,False,False,False,False,0,False,none,medium — SERP looks like another page,"no tracked competitor in top 30, we #21",0.0,0,write one sentence that says it,Blog and Guides,4,4,0,2,1.0,1,first-party,,,,,,
catering food checklist,0,informational,0,,25,10,/guides,sub,,False,False,False,False,0,False,none,medium — SERP looks like another page,"no tracked competitor in top 30, we #25",0.07,0,write one sentence that says it,Blog and Guides,4,4,0,2,1.0,1,first-party,,,,,,
catering guides dubai price,0,commercial,0,,8,10,/guides,sub,,False,False,False,False,2,True,partial,medium — SERP looks like another page,"no tracked competitor in top 30, we #8",0.0,7,hold — nothing to do,Blog and Guides,4,4,0,2,1.0,1,first-party,,,,,,
catering order checklist,0,transactional,0,,,20,/guides,sub,,False,False,False,False,0,False,none,medium — SERP looks like another page,no tracked competitor in top 30,0.06,0,write one sentence that says it,Blog and Guides,4,4,0,2,1.0,1,first-party,,,,,,
event catering planning dubai,0,commercial,0,,,20,/guides,sub,,False,False,False,False,1,True,none,medium — SERP looks like another page,no tracked competitor in top 30,0.0,4,a second natural mention; merge → /blog/corporate-event-catering-ideas-dubai,Blog and Guides,4,4,0,2,1.0,1,first-party,,,,,,
event planning food checklist dubai,0,informational,0,,14,10,/guides,sub,,False,False,False,False,1,True,none,medium — SERP looks like another page,"no tracked competitor in top 30, we #14",0.0,4,a second natural mention,Blog and Guides,4,4,0,2,1.0,1,first-party,,,,,,
how to plan catering for an event dubai,0,informational,0,,,20,/guides,sub,,False,False,False,False,2,True,none,low,,,6,hold — nothing to do,Blog and Guides,4,4,0,2,1.0,1,first-party,,,,,,
halal catering dubai,0,commercial,0,,,20,/halal-catering-dubai,primary,/halal-private-dining-dubai /ramadan-catering-guide-dubai,True,True,True,True,5,True,exact,low,no tracked competitor in top 30,1.0,10,"no measured UAE demand, but the page gets visits — check the phrasing against what they search",Cuisines and Dietary,2,2,0,,,0,,,,,,,
best halal catering dubai,0,commercial,0,,,20,/halal-catering-dubai,sub,,False,False,False,False,1,False,partial,medium — SERP looks like another page,no tracked competitor in top 30,0.17,3,a second natural mention,Cuisines and Dietary,2,2,0,,,0,,,,,,,
best halal food dubai,0,commercial,0,,,20,/halal-catering-dubai,sub,,False,False,False,False,1,False,partial,medium — SERP looks like another page,no tracked competitor in top 30,0.09,3,a second natural mention,Cuisines and Dietary,2,2,0,,,0,,,,,,,
catering foods near me halal,0,commercial,0,,,20,/halal-catering-dubai,sub,,False,False,False,False,1,False,partial,medium — SERP looks like another page,no tracked competitor in top 30,0.07,3,a second natural mention,Cuisines and Dietary,2,2,0,,,0,,,,,,,
deepavali catering halal,0,,0,,,20,/halal-catering-dubai,sub,,False,False,False,False,1,False,partial,low,,,3,a second natural mention,Cuisines and Dietary,2,2,0,,,0,,,,,,,
dinner near me halal,0,,0,,,20,/halal-catering-dubai,sub,,False,False,False,False,1,False,partial,low,,,3,a second natural mention,Cuisines and Dietary,2,2,0,,,0,,,,,,,
event catering halal,0,,0,,,20,/halal-catering-dubai,sub,,False,False,False,False,1,False,partial,low,,,3,a second natural mention,Cuisines and Dietary,2,2,0,,,0,,,,,,,
halal caterers dubai,0,commercial,0,,,20,/halal-catering-dubai,sub,,False,False,False,False,1,False,partial,medium — SERP looks like another page,no tracked competitor in top 30,0.3,3,a second natural mention,Cuisines and Dietary,2,2,0,,,0,,,,,,,
halal catering companies dubai,0,commercial,0,,,20,/halal-catering-dubai,sub,,False,False,False,False,1,False,partial,medium — SERP looks like another page,no tracked competitor in top 30,0.08,3,a second natural mention,Cuisines and Dietary,2,2,0,,,0,,,,,,,
halal catering cost per person dubai,0,commercial,0,,,20,/halal-catering-dubai,sub,,False,False,False,False,1,False,partial,low,,,3,a second natural mention,Cuisines and Dietary,2,2,0,,,0,,,,,,,
halal catering dubai price,0,commercial,0,,,20,/halal-catering-dubai,sub,,False,False,False,False,1,False,partial,low,,,3,a second natural mention,Cuisines and Dietary,2,2,0,,,0,,,,,,,
halal catering menu dubai,0,commercial,0,,,20,/halal-catering-dubai,sub,,False,False,False,False,1,False,partial,medium — SERP looks like another page,no tracked competitor in top 30,0.08,3,a second natural mention,Cuisines and Dietary,2,2,0,,,0,,,,,,,
is all food in dubai halal,0,,0,,,20,/halal-catering-dubai,sub,,False,False,False,False,1,False,partial,low,,,3,a second natural mention,Cuisines and Dietary,2,2,0,,,0,,,,,,,
halal private dining dubai,0,commercial,0,,,20,/halal-private-dining-dubai,primary,/blog/halal-private-dining-dubai-what-to-ask /guide/private-dining-dubai,True,True,True,True,6,True,exact,high — used in other pages' headings,,1.0,10,"no measured UAE demand, but the page gets visits — check the phrasing against what they search; remove it from 1 other page(s)' headings",Dining Experiences,5,5,0,,,0,,,,,,,
best halal private dining dubai,0,commercial,0,,,20,/halal-private-dining-dubai,sub,,False,False,False,False,1,False,partial,low,no tracked competitor in top 30,,3,a second natural mention,Dining Experiences,5,5,0,,,0,,,,,,,
dining near me halal,0,transactional,0,,,20,/halal-private-dining-dubai,sub,,False,False,False,False,1,False,partial,low,no tracked competitor in top 30,,3,a second natural mention,Dining Experiences,5,5,0,,,0,,,,,,,
dubai small private dining,0,,0,,,20,/halal-private-dining-dubai,sub,,False,False,False,False,0,False,partial,low,,,1,write one sentence that says it,Dining Experiences,5,5,0,,,0,,,,,,,
gaia dubai private dining,0,,0,,,20,/halal-private-dining-dubai,sub,,False,False,False,False,0,False,partial,low,,,1,write one sentence that says it,Dining Experiences,5,5,0,,,0,,,,,,,
halal fine dining at home dubai,0,commercial,0,,4,10,/halal-private-dining-dubai,sub,,False,False,False,False,1,False,partial,low,"no tracked competitor in top 30, we #4",,3,a second natural mention,Dining Experiences,5,5,0,,,0,,,,,,,
halal private chef dubai,0,commercial,0,,24,10,/halal-private-dining-dubai,sub,,False,False,False,False,1,False,partial,low,"no tracked competitor in top 30, we #24",,3,a second natural mention; merge → /private-chef-dubai/how-it-works,Dining Experiences,5,5,0,,,0,,,,,,,
halal private dining cost per person dubai,0,commercial,0,,2,10,/halal-private-dining-dubai,sub,,False,False,False,False,1,False,partial,low,"no tracked competitor in top 30, we #2",,3,a second natural mention,Dining Experiences,5,5,0,,,0,,,,,,,
halal private dining dubai price,0,commercial,0,,5,10,/halal-private-dining-dubai,sub,,False,False,False,False,1,False,partial,low,"no tracked competitor in top 30, we #5",,3,a second natural mention,Dining Experiences,5,5,0,,,0,,,,,,,
halal private dining menu dubai,0,commercial,0,,18,10,/halal-private-dining-dubai,sub,,False,False,False,False,1,False,partial,low,"no tracked competitor in top 30, we #18",,3,a second natural mention,Dining Experiences,5,5,0,,,0,,,,,,,
halal private dining packages dubai,0,commercial,0,,26,10,/halal-private-dining-dubai,sub,,False,False,False,False,1,False,partial,low,"no tracked competitor in top 30, we #26",,3,a second natural mention; merge → /guide/private-dining-dubai,Dining Experiences,5,5,0,,,0,,,,,,,
hutong dubai private dining,0,,0,,,20,/halal-private-dining-dubai,sub,,False,False,False,False,2,True,partial,low,,,7,hold — nothing to do,Dining Experiences,5,5,0,,,0,,,,,,,
private fine dining dubai,0,,0,,,20,/halal-private-dining-dubai,sub,,False,False,False,False,0,False,partial,low,,,1,write one sentence that says it,Dining Experiences,5,5,0,,,0,,,,,,,
how to book a private chef dubai,0,informational,0,,17,10,/how-it-works,primary,,True,True,True,True,2,False,partial,low,"no tracked competitor in top 30, we #17",1.0,8,"no measured UAE demand, but the page gets visits — check the phrasing against what they search; answer a FAQ that contains it; get an inbound link with this anchor",Trust / Utility,12,15,0,2,1.0,3,first-party,,,,,,
does a private chef bring the ingredients dubai,0,commercial,0,,29,10,/how-it-works,sub,,False,False,False,False,0,False,none,medium — SERP looks like another page,"no tracked competitor in top 30, we #29",0.23,0,write one sentence that says it,Trust / Utility,12,15,0,2,1.0,3,first-party,,,,,,
how does a private chef work in dubai,0,informational,0,,,20,/how-it-works,sub,,False,False,False,False,0,False,partial,medium — SERP looks like another page,no tracked competitor in top 30,0.14,1,drop — off-intent,Trust / Utility,12,15,0,2,1.0,3,first-party,,,,,,
live in chef dubai,0,transactional,0,,,20,/how-it-works,sub,,False,False,False,False,0,False,none,low,,,0,write one sentence that says it,Trust / Utility,12,15,0,2,1.0,3,first-party,,,,,,
personal chef packages on offer in dubai,0,commercial,0,,27,10,/how-it-works,sub,,False,False,False,False,0,False,none,medium — SERP looks like another page,"no tracked competitor in top 30, we #27",0.3,0,write one sentence that says it; merge → /apartment-private-dining-dubai,Trust / Utility,12,15,0,2,1.0,3,first-party,,,,,,
private chef booking process dubai,0,transactional,0,,27,10,/how-it-works,sub,,False,False,False,False,0,False,partial,low,"no tracked competitor in top 30, we #27",0.78,1,write one sentence that says it,Trust / Utility,12,15,0,2,1.0,3,first-party,,,,,,
how to choose a caterer dubai,0,informational,0,,17,10,/how-to-choose-caterer-dubai,primary,,True,True,True,True,2,True,partial,low,"no tracked competitor in top 30, we #17",1.0,9,"no measured UAE demand, but the page gets visits — check the phrasing against what they search; get an inbound link with this anchor",Blog and Guides,1,1,0,,,0,,,,,,,
how far ahead to book a caterer dubai,0,informational,0,,,20,/how-to-choose-caterer-dubai,sub,/blog /blog/brunch-at-home-dubai /blog/halal-private-dining-dubai-what-to-ask /blog/vegan-catering-dubai-guide,False,False,False,False,1,True,partial,medium — SERP looks like another page,no tracked competitor in top 30,0.0,6,a second natural mention,Blog and Guides,1,1,0,,,0,,,,,,,
how to choose birthday caterer dubai,0,,0,,,20,/how-to-choose-caterer-dubai,sub,,False,False,False,False,0,False,partial,low,,,1,write one sentence that says it,Blog and Guides,1,1,0,,,0,,,,,,,
how to compare catering quotes dubai,0,commercial,0,,,20,/how-to-choose-caterer-dubai,sub,,False,False,False,False,0,False,partial,low,,,1,write one sentence that says it,Blog and Guides,1,1,0,,,0,,,,,,,
how to find a good caterer in dubai,0,informational,0,,,20,/how-to-choose-caterer-dubai,sub,,False,False,False,False,0,False,partial,medium — SERP looks like another page,no tracked competitor in top 30,0.0,1,write one sentence that says it,Blog and Guides,1,1,0,,,0,,,,,,,
how to pick a caterer dubai,0,informational,0,,,20,/how-to-choose-caterer-dubai,sub,,False,False,False,False,0,False,partial,low,,,1,write one sentence that says it,Blog and Guides,1,1,0,,,0,,,,,,,
preferred caterer list,0,,0,,,20,/how-to-choose-caterer-dubai,sub,,False,False,False,False,1,False,partial,low,,,3,a second natural mention,Blog and Guides,1,1,0,,,0,,,,,,,
questions to ask a caterer dubai,0,informational,0,,,20,/how-to-choose-caterer-dubai,sub,,False,False,False,False,1,False,partial,medium — SERP looks like another page,no tracked competitor in top 30,0.06,3,a second natural mention,Blog and Guides,1,1,0,,,0,,,,,,,
what to look for in a catering company,0,informational,0,,,20,/how-to-choose-caterer-dubai,sub,,False,False,False,False,2,True,none,medium — SERP looks like another page,no tracked competitor in top 30,0.0,6,hold — nothing to do,Blog and Guides,1,1,0,,,0,,,,,,,
when to hire a caterer,0,,0,,,20,/how-to-choose-caterer-dubai,sub,,False,False,False,False,1,True,partial,low,,,5,a second natural mention,Blog and Guides,1,1,0,,,0,,,,,,,
private chef background checks dubai,0,commercial,0,,17,10,/how-we-vet-our-chefs,primary,,True,True,True,True,2,True,partial,low,"no tracked competitor in top 30, we #17",1.0,9,"no measured UAE demand, but the page gets visits — check the phrasing against what they search; get an inbound link with this anchor",Trust / Utility,1,1,0,2,0.5,2,first-party,,,,,,
are private chefs licensed in dubai,0,commercial,0,,6,10,/how-we-vet-our-chefs,sub,,False,False,False,False,0,False,partial,medium — SERP looks like another page,"no tracked competitor in top 30, we #6",0.07,1,write one sentence that says it,Trust / Utility,1,1,0,2,0.5,2,first-party,,,,,,
are private chefs vetted dubai,0,commercial,0,,,20,/how-we-vet-our-chefs,sub,,False,False,False,False,0,False,partial,low,,,1,write one sentence that says it,Trust / Utility,1,1,0,2,0.5,2,first-party,,,,,,
find a personal chef,0,,0,,,20,/how-we-vet-our-chefs,sub,,False,False,False,False,0,False,partial,low,,,1,write one sentence that says it,Trust / Utility,1,1,0,2,0.5,2,first-party,,,,,,
personal chefs on offer in dubai,0,commercial,0,,34,20,/how-we-vet-our-chefs,sub,,False,False,False,False,1,False,partial,medium — SERP looks like another page,"no tracked competitor in top 30, we #34",0.17,3,a second natural mention; merge → /private-chef-dubai/how-it-works,Trust / Utility,1,1,0,2,0.5,2,first-party,,,,,,
private chef food safety dubai,0,commercial,0,,,20,/how-we-vet-our-chefs,sub,,False,False,False,False,0,False,partial,low,,,1,write one sentence that says it,Trust / Utility,1,1,0,2,0.5,2,first-party,,,,,,
top personal chef services policies,0,,0,,,20,/how-we-vet-our-chefs,sub,,False,False,False,False,1,False,partial,low,,,3,a second natural mention,Trust / Utility,1,1,0,2,0.5,2,first-party,,,,,,
best iftar buffet dubai 2026 packages,0,,0,,,20,/iftar-catering-dubai,sub,,False,False,False,False,1,False,partial,low,,,3,a second natural mention,Seasonal and Occasions,1,1,0,,,0,,,,,,,
best iftar buffet dubai offers,0,,0,,,20,/iftar-catering-dubai,sub,,False,False,False,False,1,False,partial,low,,,3,a second natural mention,Seasonal and Occasions,1,1,0,,,0,,,,,,,
best iftar catering dubai,0,commercial,0,,,20,/iftar-catering-dubai,sub,,False,False,False,False,1,False,partial,medium — SERP looks like another page,no tracked competitor in top 30,0.36,3,a second natural mention,Seasonal and Occasions,1,1,0,,,0,,,,,,,
corporate iftar catering dubai,0,commercial,0,,,20,/iftar-catering-dubai,sub,,False,False,False,False,0,False,partial,low,no tracked competitor in top 30,0.55,1,write one sentence that says it,Seasonal and Occasions,1,1,0,,,0,,,,,,,
iftar buffet catering dubai,0,transactional,0,,,20,/iftar-catering-dubai,sub,,False,False,False,False,1,False,partial,medium — SERP looks like another page,no tracked competitor in top 30,0.33,3,a second natural mention,Seasonal and Occasions,1,1,0,,,0,,,,,,,
iftar buffet dubai near me,0,,0,,,20,/iftar-catering-dubai,sub,,False,False,False,False,1,False,partial,low,,,3,a second natural mention,Seasonal and Occasions,1,1,0,,,0,,,,,,,
iftar catering at home dubai,0,transactional,0,,,20,/iftar-catering-dubai,sub,,False,False,False,False,1,False,partial,low,,,3,a second natural mention,Seasonal and Occasions,1,1,0,,,0,,,,,,,
iftar catering cost per person dubai,0,commercial,0,,,20,/iftar-catering-dubai,sub,,False,False,False,False,1,False,partial,medium — SERP looks like another page,no tracked competitor in top 30,0.13,3,a second natural mention,Seasonal and Occasions,1,1,0,,,0,,,,,,,
iftar catering dubai price,0,commercial,0,,,20,/iftar-catering-dubai,sub,,False,False,False,False,1,False,partial,low,no tracked competitor in top 30,0.5,3,a second natural mention,Seasonal and Occasions,1,1,0,,,0,,,,,,,
iftar catering menu dubai,0,transactional,0,,,20,/iftar-catering-dubai,sub,,False,False,False,False,1,False,partial,low,no tracked competitor in top 30,0.58,3,a second natural mention,Seasonal and Occasions,1,1,0,,,0,,,,,,,
iftar catering packages dubai,0,commercial,0,,,20,/iftar-catering-dubai,sub,,False,False,False,False,1,False,partial,low,no tracked competitor in top 30,0.8,3,a second natural mention,Seasonal and Occasions,1,1,0,,,0,,,,,,,
what to eat for iftar,0,,0,,,20,/iftar-catering-dubai,sub,,False,False,False,False,3,True,partial,low,,,7,hold — nothing to do,Seasonal and Occasions,1,1,0,,,0,,,,,,,
best indian catering dubai,0,commercial,0,,,20,/indian-catering-dubai,sub,,False,False,False,False,1,False,partial,low,no tracked competitor in top 30,0.62,3,a second natural mention,Cuisines and Dietary,2,2,0,186,1.0,1,first-party,,,,,,
halal indian catering dubai,0,commercial,0,,,20,/indian-catering-dubai,sub,,False,False,False,False,1,False,partial,medium — SERP looks like another page,no tracked competitor in top 30,0.27,3,a second natural mention; merge → /diwali-catering-dubai,Cuisines and Dietary,2,2,0,186,1.0,1,first-party,,,,,,
how much does indian catering usually cost,0,,0,,,20,/indian-catering-dubai,sub,,False,False,False,False,1,True,partial,low,,,5,a second natural mention,Cuisines and Dietary,2,2,0,186,1.0,1,first-party,,,,,,
how much indian food cost in dubai,0,,0,,,20,/indian-catering-dubai,sub,,False,False,False,False,3,True,partial,low,,,7,hold — nothing to do,Cuisines and Dietary,2,2,0,186,1.0,1,first-party,,,,,,
indian catering cost per head,0,,0,,,20,/indian-catering-dubai,sub,,False,False,False,False,1,False,partial,low,,,3,a second natural mention,Cuisines and Dietary,2,2,0,186,1.0,1,first-party,,,,,,
indian catering cost per person dubai,0,commercial,0,,,20,/indian-catering-dubai,sub,,False,False,False,False,1,False,partial,medium — SERP looks like another page,no tracked competitor in top 30,0.0,3,a second natural mention,Cuisines and Dietary,2,2,0,186,1.0,1,first-party,,,,,,
indian catering dubai price,0,commercial,0,,,20,/indian-catering-dubai,sub,,False,False,False,False,1,False,partial,medium — SERP looks like another page,no tracked competitor in top 30,0.33,3,a second natural mention,Cuisines and Dietary,2,2,0,186,1.0,1,first-party,,,,,,
indian catering menu dubai,0,transactional,0,,,20,/indian-catering-dubai,sub,,False,False,False,False,1,False,partial,medium — SERP looks like another page,no tracked competitor in top 30,0.3,3,a second natural mention,Cuisines and Dietary,2,2,0,186,1.0,1,first-party,,,,,,
indian catering packages dubai,0,commercial,0,,,20,/indian-catering-dubai,sub,,False,False,False,False,1,False,partial,low,,,3,a second natural mention,Cuisines and Dietary,2,2,0,186,1.0,1,first-party,,,,,,
indian wedding catering dubai,0,transactional,0,,,20,/indian-catering-dubai,sub,,False,False,False,False,1,False,partial,low,,,3,a second natural mention,Cuisines and Dietary,2,2,0,186,1.0,1,first-party,,,,,,
north indian catering dubai,0,commercial,0,,,20,/indian-catering-dubai,sub,,False,False,False,False,2,True,partial,medium — SERP looks like another page,no tracked competitor in top 30,0.4,7,hold — nothing to do,Cuisines and Dietary,2,2,0,186,1.0,1,first-party,,,,,,
south indian catering dubai,0,,0,,,20,/indian-catering-dubai,sub,,False,False,False,False,1,True,partial,low,,,5,a second natural mention,Cuisines and Dietary,2,2,0,186,1.0,1,first-party,,,,,,
food influencer partnerships dubai,0,commercial,0,,,20,/influencer-partnerships,primary,,True,True,True,True,2,True,partial,low,,1.0,9,no measured UAE demand for this primary — re-target it or merge the page; get an inbound link with this anchor,Partners / Recruit,0,0,0,,,0,,,,,,,
baby shower food catering near me,0,commercial,0,,,20,/influencer-partnerships,sub,,False,False,False,False,1,False,none,low,no tracked competitor in top 30,,2,a second natural mention,Partners / Recruit,0,0,0,,,0,,,,,,,
catering food cost calculator,0,commercial,0,,,20,/influencer-partnerships,sub,,False,False,False,False,1,False,none,low,no tracked competitor in top 30,,2,a second natural mention,Partners / Recruit,0,0,0,,,0,,,,,,,
checklist for food preparation,0,,0,,,20,/influencer-partnerships,sub,,False,False,False,False,1,False,none,low,,,2,a second natural mention,Partners / Recruit,0,0,0,,,0,,,,,,,
dubai food for lunch,0,,0,,,20,/influencer-partnerships,sub,,False,False,False,False,0,False,none,low,,,0,write one sentence that says it,Partners / Recruit,0,0,0,,,0,,,,,,,
food blogger collaboration dubai,0,commercial,0,,,20,/influencer-partnerships,sub,,False,False,False,False,0,False,none,low,no tracked competitor in top 30,,0,write one sentence that says it,Partners / Recruit,0,0,0,,,0,,,,,,,
food influencer collaboration dubai,0,commercial,0,,,20,/influencer-partnerships,sub,,False,False,False,False,0,False,partial,low,no tracked competitor in top 30,,1,write one sentence that says it,Partners / Recruit,0,0,0,,,0,,,,,,,
food prep dubai,0,,0,,,20,/influencer-partnerships,sub,,False,False,False,False,0,False,none,low,,,0,write one sentence that says it,Partners / Recruit,0,0,0,,,0,,,,,,,
how to calculate food cost for catering,0,,0,,,20,/influencer-partnerships,sub,,False,False,False,False,2,True,none,low,,,6,hold — nothing to do,Partners / Recruit,0,0,0,,,0,,,,,,,
veg food in dubai price,0,commercial,0,,,20,/influencer-partnerships,sub,,False,False,False,False,1,False,none,low,no tracked competitor in top 30,,2,a second natural mention,Partners / Recruit,0,0,0,,,0,,,,,,,
best italian catering dubai,0,commercial,0,,,20,/italian-catering-dubai,sub,,False,False,False,False,1,False,partial,medium — SERP looks like another page,no tracked competitor in top 30,0.3,3,a second natural mention,Cuisines and Dietary,7,10,0,30,0.0,1,first-party,,,,,,
halal italian catering dubai,0,commercial,0,,,20,/italian-catering-dubai,sub,,False,False,False,False,1,False,partial,medium — SERP looks like another page,no tracked competitor in top 30,0.45,3,a second natural mention,Cuisines and Dietary,7,10,0,30,0.0,1,first-party,,,,,,
italian catering cost per person dubai,0,commercial,0,,18,10,/italian-catering-dubai,sub,,False,False,False,False,1,False,partial,medium — SERP looks like another page,"no tracked competitor in top 30, we #18",0.2,3,a second natural mention,Cuisines and Dietary,7,10,0,30,0.0,1,first-party,,,,,,
italian catering dubai delivery,0,transactional,0,,,20,/italian-catering-dubai,sub,,False,False,False,False,0,False,partial,low,,,1,write one sentence that says it,Cuisines and Dietary,7,10,0,30,0.0,1,first-party,,,,,,
italian catering dubai price,0,commercial,0,,,20,/italian-catering-dubai,sub,,False,False,False,False,1,False,partial,medium — SERP looks like another page,no tracked competitor in top 30,0.36,3,a second natural mention,Cuisines and Dietary,7,10,0,30,0.0,1,first-party,,,,,,
italian catering menu dubai,0,transactional,0,,,20,/italian-catering-dubai,sub,,False,False,False,False,1,False,partial,low,no tracked competitor in top 30,0.62,3,a second natural mention,Cuisines and Dietary,7,10,0,30,0.0,1,first-party,,,,,,
italian catering packages dubai,0,commercial,0,,,20,/italian-catering-dubai,sub,,False,False,False,False,1,False,partial,low,no tracked competitor in top 30,0.56,3,a second natural mention,Cuisines and Dietary,7,10,0,30,0.0,1,first-party,,,,,,
private italian chef near me,0,,0,,,20,/italian-catering-dubai,sub,,False,False,False,False,1,False,partial,low,,,3,a second natural mention,Cuisines and Dietary,7,10,0,30,0.0,1,first-party,,,,,,
the italian supper food truck dubai menu,0,,0,,,20,/italian-catering-dubai,sub,,False,False,False,False,1,False,partial,low,,,3,a second natural mention,Cuisines and Dietary,7,10,0,30,0.0,1,first-party,,,,,,
jain catering dubai,0,commercial,0,,,20,/jain-catering-dubai,primary,,True,False,True,False,2,False,none,low,no tracked competitor in top 30,1.0,6,no measured UAE demand for this primary — re-target it or merge the page; say it in the meta description; one H2 carries it; answer a FAQ that contains it; get an inbound link with this anchor,Cuisines and Dietary,0,0,0,,,0,,,,,,,
best jain catering dubai,0,commercial,0,,,20,/jain-catering-dubai,sub,,False,False,False,False,0,False,none,medium — SERP looks like another page,no tracked competitor in top 30,0.33,0,write one sentence that says it,Cuisines and Dietary,0,0,0,,,0,,,,,,,
emirates jain meal menu,0,,0,,,20,/jain-catering-dubai,sub,,False,False,False,False,0,False,none,low,,,0,write one sentence that says it,Cuisines and Dietary,0,0,0,,,0,,,,,,,
jain catering cost per person dubai,0,commercial,0,,28,10,/jain-catering-dubai,sub,,False,False,False,False,0,False,none,medium — SERP looks like another page,"no tracked competitor in top 30, we #28",0.17,0,write one sentence that says it,Cuisines and Dietary,0,0,0,,,0,,,,,,,
jain catering dubai price,0,commercial,0,,,20,/jain-catering-dubai,sub,,False,False,False,False,0,False,none,low,,,0,write one sentence that says it,Cuisines and Dietary,0,0,0,,,0,,,,,,,
jain catering menu dubai,0,transactional,0,,,20,/jain-catering-dubai,sub,,False,False,False,False,0,False,none,medium — SERP looks like another page,no tracked competitor in top 30,0.44,0,write one sentence that says it,Cuisines and Dietary,0,0,0,,,0,,,,,,,
jain catering packages dubai,0,commercial,0,,,20,/jain-catering-dubai,sub,,False,False,False,False,0,False,none,medium — SERP looks like another page,no tracked competitor in top 30,0.3,0,write one sentence that says it,Cuisines and Dietary,0,0,0,,,0,,,,,,,
jain food rules,0,,0,,,20,/jain-catering-dubai,sub,,False,False,False,False,0,False,none,low,,,0,write one sentence that says it,Cuisines and Dietary,0,0,0,,,0,,,,,,,
jain wedding catering dubai,0,commercial,0,,,20,/jain-catering-dubai,sub,,False,False,False,False,0,False,none,medium — SERP looks like another page,no tracked competitor in top 30,0.33,0,write one sentence that says it,Cuisines and Dietary,0,0,0,,,0,,,,,,,
no onion no garlic catering dubai,0,transactional,0,,26,10,/jain-catering-dubai,sub,,False,False,False,False,0,False,none,medium — SERP looks like another page,"no tracked competitor in top 30, we #26",0.0,0,write one sentence that says it,Cuisines and Dietary,0,0,0,,,0,,,,,,,
satvik catering dubai,0,commercial,0,,,20,/jain-catering-dubai,sub,,False,False,False,False,0,False,none,medium — SERP looks like another page,no tracked competitor in top 30,0.0,0,write one sentence that says it,Cuisines and Dietary,0,0,0,,,0,,,,,,,
kids meal prep dubai,0,transactional,0,,,20,/kids-nutrition-chef-dubai,primary,,True,False,True,False,1,False,partial,low,no tracked competitor in top 30,1.0,5,no measured UAE demand for this primary — re-target it or merge the page; say it in the meta description; one H2 carries it; use it at least twice in the body; answer a FAQ that contains it; get an inbound link with this anchor,Private Chef,0,0,0,,,0,,,,,,,
chef meal prep company,0,commercial,0,,,20,/kids-nutrition-chef-dubai,sub,,False,False,False,False,0,False,partial,medium — SERP looks like another page,no tracked competitor in top 30,0.06,1,write one sentence that says it,Private Chef,0,0,0,,,0,,,,,,,
coles meal prep dubai,0,,0,,,20,/kids-nutrition-chef-dubai,sub,,False,False,False,False,0,False,none,low,,,0,write one sentence that says it,Private Chef,0,0,0,,,0,,,,,,,
dubai food prep service,0,commercial,0,,,20,/kids-nutrition-chef-dubai,sub,,False,False,False,False,0,False,none,low,,,0,write one sentence that says it,Private Chef,0,0,0,,,0,,,,,,,
emirates kids meal menu,0,informational,0,,,20,/kids-nutrition-chef-dubai,sub,,False,False,False,False,0,False,partial,medium — SERP looks like another page,no tracked competitor in top 30,0.0,1,write one sentence that says it,Private Chef,0,0,0,,,0,,,,,,,
healthy kids meals delivery dubai,0,commercial,0,,,20,/kids-nutrition-chef-dubai,sub,,False,False,False,False,0,False,partial,medium — SERP looks like another page,no tracked competitor in top 30,0.36,1,write one sentence that says it,Private Chef,0,0,0,,,0,,,,,,,
how to meal prep for school,0,,0,,,20,/kids-nutrition-chef-dubai,sub,,False,False,False,False,0,False,none,low,,,0,write one sentence that says it,Private Chef,0,0,0,,,0,,,,,,,
kids meal plan dubai,0,commercial,0,,,20,/kids-nutrition-chef-dubai,sub,,False,False,False,False,0,False,partial,low,no tracked competitor in top 30,0.5,1,write one sentence that says it,Private Chef,0,0,0,,,0,,,,,,,
kids meal prep dubai price,0,commercial,0,,,20,/kids-nutrition-chef-dubai,sub,,False,False,False,False,0,False,partial,medium — SERP looks like another page,no tracked competitor in top 30,0.4,1,write one sentence that says it,Private Chef,0,0,0,,,0,,,,,,,
meal prep dubai delivery,0,,0,,,20,/kids-nutrition-chef-dubai,sub,,False,False,False,False,0,False,none,low,,,0,write one sentence that says it,Private Chef,0,0,0,,,0,,,,,,,
meal prep dubai healthy,0,,0,,,20,/kids-nutrition-chef-dubai,sub,,False,False,False,False,0,False,none,low,,,0,write one sentence that says it,Private Chef,0,0,0,,,0,,,,,,,
meal prep for 5 year old,0,transactional,0,,,20,/kids-nutrition-chef-dubai,sub,,False,False,False,False,0,False,none,medium — SERP looks like another page,no tracked competitor in top 30,0.0,0,write one sentence that says it,Private Chef,0,0,0,,,0,,,,,,,
practical meal prep dubai,0,,0,,,20,/kids-nutrition-chef-dubai,sub,,False,False,False,False,0,False,none,low,,,0,write one sentence that says it,Private Chef,0,0,0,,,0,,,,,,,
best live cooking stations dubai,0,commercial,0,,,20,/live-cooking-stations-dubai,sub,,False,False,False,False,1,False,partial,low,no tracked competitor in top 30,0.75,3,a second natural mention,Catering,3,3,0,1,1.0,1,first-party,,,,,,
halal live cooking stations dubai,0,commercial,0,,,20,/live-cooking-stations-dubai,sub,,False,False,False,False,1,False,partial,low,,,3,a second natural mention,Catering,3,3,0,1,1.0,1,first-party,,,,,,
live cooking classes,0,,0,,,20,/live-cooking-stations-dubai,sub,,False,False,False,False,0,False,partial,low,,,1,write one sentence that says it,Catering,3,3,0,1,1.0,1,first-party,,,,,,
live cooking station ideas,0,,0,,,20,/live-cooking-stations-dubai,sub,,False,False,False,False,0,False,partial,low,,,1,write one sentence that says it,Catering,3,3,0,1,1.0,1,first-party,,,,,,
live cooking station price per person dubai,0,commercial,0,,,20,/live-cooking-stations-dubai,sub,,False,False,False,False,1,False,partial,low,,,3,a second natural mention,Catering,3,3,0,1,1.0,1,first-party,,,,,,
live cooking stations dubai price,0,commercial,0,,,20,/live-cooking-stations-dubai,sub,,False,False,False,False,1,False,partial,medium — SERP looks like another page,no tracked competitor in top 30,0.2,3,a second natural mention,Catering,3,3,0,1,1.0,1,first-party,,,,,,
live cooking stations menu dubai,0,commercial,0,,,20,/live-cooking-stations-dubai,sub,,False,False,False,False,1,False,partial,medium — SERP looks like another page,no tracked competitor in top 30,0.23,3,a second natural mention,Catering,3,3,0,1,1.0,1,first-party,,,,,,
live cooking stations packages dubai,0,commercial,0,,,20,/live-cooking-stations-dubai,sub,,False,False,False,False,1,False,partial,medium — SERP looks like another page,no tracked competitor in top 30,0.0,3,a second natural mention,Catering,3,3,0,1,1.0,1,first-party,,,,,,
live pasta station dubai,0,transactional,0,,,20,/live-cooking-stations-dubai,sub,,False,False,False,False,0,False,partial,medium — SERP looks like another page,no tracked competitor in top 30,0.18,1,write one sentence that says it,Catering,3,3,0,1,1.0,1,first-party,,,,,,
private classes for cooking,0,,0,,,20,/live-cooking-stations-dubai,sub,,False,False,False,False,0,False,partial,low,,,1,write one sentence that says it,Catering,3,3,0,1,1.0,1,first-party,,,,,,
shawarma live station,0,,0,,,20,/live-cooking-stations-dubai,sub,,False,False,False,False,0,False,partial,low,,,1,write one sentence that says it,Catering,3,3,0,1,1.0,1,first-party,,,,,,
catering near me dubai,0,commercial,0,,,20,/locations,primary,,True,True,True,True,3,False,none,low,no tracked competitor in top 30,1.0,8,"no measured UAE demand, but the page gets visits — check the phrasing against what they search; answer a FAQ that contains it; get an inbound link with this anchor",Locations,29,48,0,7.0,0,1,ga4,,,,,,
best catering locations dubai,0,commercial,0,,,20,/locations,sub,,False,False,False,False,0,False,partial,low,no tracked competitor in top 30,0.5,1,write one sentence that says it; merge → /best-catering-companies-dubai,Locations,29,48,0,7.0,0,1,ga4,,,,,,
birthday catering locations dubai,0,commercial,0,,,20,/locations,sub,,False,False,False,False,0,False,partial,medium — SERP looks like another page,no tracked competitor in top 30,0.2,1,write one sentence that says it; merge → /birthday-catering-package-dubai,Locations,29,48,0,7.0,0,1,ga4,,,,,,
caterers near by,0,,0,,,20,/locations,sub,,False,False,False,False,0,False,none,low,,,0,write one sentence that says it,Locations,29,48,0,7.0,0,1,ga4,,,,,,
catering services near me dubai,0,commercial,0,,,20,/locations,sub,,False,False,False,False,0,False,none,low,no tracked competitor in top 30,0.5,0,write one sentence that says it; merge → /buffet-catering-dubai,Locations,29,48,0,7.0,0,1,ga4,,,,,,
dubai chocolate catering near me,0,commercial,0,,,20,/locations,sub,,False,False,False,False,0,False,none,medium — SERP looks like another page,no tracked competitor in top 30,0.0,0,write one sentence that says it,Locations,29,48,0,7.0,0,1,ga4,,,,,,
dubai private chef locations,0,,0,,,20,/locations,sub,,False,False,False,False,0,False,partial,low,,,1,write one sentence that says it,Locations,29,48,0,7.0,0,1,ga4,,,,,,
food catering locations dubai,0,commercial,0,,,20,/locations,sub,,False,False,False,False,0,False,partial,low,no tracked competitor in top 30,0.5,1,write one sentence that says it; merge → /best-catering-companies-dubai,Locations,29,48,0,7.0,0,1,ga4,,,,,,
private chef service areas dubai,0,commercial,0,,27,10,/locations,sub,,False,False,False,False,0,False,partial,medium — SERP looks like another page,"no tracked competitor in top 30, we #27",0.0,1,write one sentence that says it; merge → /our-chefs,Locations,29,48,0,7.0,0,1,ga4,,,,,,
small catering locations dubai,0,commercial,0,,,20,/locations,sub,,False,False,False,False,0,False,partial,medium — SERP looks like another page,no tracked competitor in top 30,0.33,1,write one sentence that says it,Locations,29,48,0,7.0,0,1,ga4,,,,,,
what is the largest catering company,0,commercial,0,,,20,/locations,sub,,False,False,False,False,0,False,none,medium — SERP looks like another page,no tracked competitor in top 30,0.08,0,write one sentence that says it,Locations,29,48,0,7.0,0,1,ga4,,,,,,
private chef al barsha,0,informational,0,,12,10,/locations/al-barsha,primary,,True,False,True,False,2,False,partial,low,"no tracked competitor in top 30, we #12",1.0,6,"no measured UAE demand, but the page gets visits — check the phrasing against what they search; say it in the meta description; one H2 carries it; answer a FAQ that contains it; get an inbound link with this anchor",Locations,3,3,0,0,1.0,1,first-party,,,,,,
catering al barsha,0,commercial,0,,8,10,/locations/al-barsha,sub,,False,False,False,False,6,False,partial,medium — SERP looks like another page,"no tracked competitor in top 30, we #8",0.0,5,hold — nothing to do,Locations,3,3,0,0,1.0,1,first-party,,,,,,
chef at home al barsha,0,informational,0,,17,10,/locations/al-barsha,sub,,False,False,False,False,0,False,partial,medium — SERP looks like another page,"no tracked competitor in top 30, we #17",0.2,1,write one sentence that says it,Locations,3,3,0,0,1.0,1,first-party,,,,,,
party catering al barsha,0,commercial,0,,4,10,/locations/al-barsha,sub,,False,False,False,False,0,False,partial,medium — SERP looks like another page,"no tracked competitor in top 30, we #4",0.0,1,write one sentence that says it,Locations,3,3,0,0,1.0,1,first-party,,,,,,
personal chef al barsha,0,informational,0,,9,10,/locations/al-barsha,sub,,False,False,False,False,0,False,partial,medium — SERP looks like another page,"no tracked competitor in top 30, we #9",0.1,1,write one sentence that says it,Locations,3,3,0,0,1.0,1,first-party,,,,,,
private dining al barsha,0,informational,0,,23,10,/locations/al-barsha,sub,,False,False,False,False,0,False,partial,medium — SERP looks like another page,"no tracked competitor in top 30, we #23",0.0,1,write one sentence that says it,Locations,3,3,0,0,1.0,1,first-party,,,,,,
private chef arabian ranches,0,commercial,0,,13,10,/locations/arabian-ranches,primary,,True,False,False,False,1,False,partial,low,"no tracked competitor in top 30, we #13",1.0,2,"no measured UAE demand, but the page gets visits — check the phrasing against what they search; put the exact primary in the H1; say it in the meta description; say it in the first 100 words; one H2 carries it; use it at least twice in the body; answer a FAQ that contains it; get an inbound link with this anchor",Locations,1,1,0,,,0,,,,,,,
catering arabian ranches,0,commercial,0,,,20,/locations/arabian-ranches,sub,,False,False,True,False,7,False,partial,low,,,2,remove it from the heading (subs live in sentences),Locations,1,1,0,,,0,,,,,,,
chef at home arabian ranches,0,commercial,0,,19,10,/locations/arabian-ranches,sub,,False,False,False,False,0,False,partial,low,"no tracked competitor in top 30, we #19",0.6,1,write one sentence that says it,Locations,1,1,0,,,0,,,,,,,
female private chef arabian ranches,0,commercial,0,,21,10,/locations/arabian-ranches,sub,,False,False,False,False,0,False,partial,low,"no tracked competitor in top 30, we #21",0.75,1,write one sentence that says it,Locations,1,1,0,,,0,,,,,,,
party catering arabian ranches,0,commercial,0,,,20,/locations/arabian-ranches,sub,,False,False,False,False,0,False,partial,medium — SERP looks like another page,no tracked competitor in top 30,0.0,1,write one sentence that says it,Locations,1,1,0,,,0,,,,,,,
personal chef arabian ranches,0,commercial,0,,23,10,/locations/arabian-ranches,sub,,False,False,False,False,0,False,partial,low,"no tracked competitor in top 30, we #23",0.62,1,write one sentence that says it,Locations,1,1,0,,,0,,,,,,,
private dining arabian ranches,0,commercial,0,,,20,/locations/arabian-ranches,sub,,False,False,False,False,0,False,partial,medium — SERP looks like another page,no tracked competitor in top 30,0.0,1,write one sentence that says it,Locations,1,1,0,,,0,,,,,,,
private chef bluewaters island,0,transactional,0,,8,10,/locations/bluewaters-island,primary,,False,False,False,False,0,False,partial,low,"no tracked competitor in top 30, we #8",1.0,0,"no measured UAE demand, but the page gets visits — check the phrasing against what they search; put the exact primary in the title; put the exact primary in the H1; say it in the meta description; say it in the first 100 words; one H2 carries it; use it at least twice in the body; answer a FAQ that contains it; get an inbound link with this anchor",Locations,1,1,0,,,0,,,,,,,
catering bluewaters dubai,0,,0,,,20,/locations/bluewaters-island,sub,,False,False,False,False,0,False,partial,low,,,1,write one sentence that says it,Locations,1,1,0,,,0,,,,,,,
catering bluewaters island,0,transactional,0,,,20,/locations/bluewaters-island,sub,,False,False,True,False,1,False,partial,low,,,0,a second natural mention; remove it from the heading (subs live in sentences),Locations,1,1,0,,,0,,,,,,,
chef at home bluewaters island,0,navigational,0,,3,10,/locations/bluewaters-island,sub,,False,False,False,False,0,False,partial,medium — SERP looks like another page,"no tracked competitor in top 30, we #3",0.27,1,write one sentence that says it,Locations,1,1,0,,,0,,,,,,,
female private chef bluewaters island,0,transactional,0,,11,10,/locations/bluewaters-island,sub,,False,False,False,False,0,False,partial,medium — SERP looks like another page,"no tracked competitor in top 30, we #11",0.22,1,write one sentence that says it,Locations,1,1,0,,,0,,,,,,,
party catering bluewaters island,0,commercial,0,,31,20,/locations/bluewaters-island,sub,,False,False,False,False,0,False,partial,medium — SERP looks like another page,"no tracked competitor in top 30, we #31",0.0,1,write one sentence that says it,Locations,1,1,0,,,0,,,,,,,
personal chef bluewaters island,0,navigational,0,,18,10,/locations/bluewaters-island,sub,,False,False,False,False,0,False,partial,medium — SERP looks like another page,"no tracked competitor in top 30, we #18",0.2,1,write one sentence that says it,Locations,1,1,0,,,0,,,,,,,
private dining bluewaters island,0,navigational,0,,,20,/locations/bluewaters-island,sub,,False,False,False,False,0,False,partial,medium — SERP looks like another page,no tracked competitor in top 30,0.0,1,write one sentence that says it,Locations,1,1,0,,,0,,,,,,,
private chef business bay,0,transactional,0,,28,10,/locations/business-bay,primary,,True,False,False,False,1,False,partial,low,"no tracked competitor in top 30, we #28",1.0,2,no measured UAE demand for this primary — re-target it or merge the page; put the exact primary in the H1; say it in the meta description; say it in the first 100 words; one H2 carries it; use it at least twice in the body; answer a FAQ that contains it; get an inbound link with this anchor,Locations,0,0,0,,,0,,,,,,,
business dinner package dubai,0,,0,,,20,/locations/business-bay,sub,,False,False,False,False,0,False,partial,low,,,1,write one sentence that says it,Locations,0,0,0,,,0,,,,,,,
business lunches in dubai,0,,0,,,20,/locations/business-bay,sub,,False,False,False,False,0,False,partial,low,,,1,write one sentence that says it,Locations,0,0,0,,,0,,,,,,,
catering business bay,0,commercial,0,,,20,/locations/business-bay,sub,,False,False,True,False,7,False,partial,medium — SERP looks like another page,no tracked competitor in top 30,0.0,2,remove it from the heading (subs live in sentences),Locations,0,0,0,,,0,,,,,,,
chef at home business bay,0,commercial,0,,20,10,/locations/business-bay,sub,,False,False,False,False,0,False,partial,low,"no tracked competitor in top 30, we #20",0.56,1,write one sentence that says it,Locations,0,0,0,,,0,,,,,,,
event catering business,0,,0,,,20,/locations/business-bay,sub,/business-lunch-catering-dubai /conference-catering-dubai /corporate,False,False,False,False,1,False,partial,low,,,4,a second natural mention,Locations,0,0,0,,,0,,,,,,,
female private chef business bay,0,transactional,0,,,20,/locations/business-bay,sub,,False,False,False,False,0,False,partial,low,,,1,write one sentence that says it,Locations,0,0,0,,,0,,,,,,,
iftar buffet dubai business bay,0,,0,,,20,/locations/business-bay,sub,,False,False,False,False,0,False,partial,low,,,1,write one sentence that says it,Locations,0,0,0,,,0,,,,,,,
office catering business bay,0,commercial,0,,19,20,/locations/business-bay,sub,,False,False,False,False,0,False,partial,medium — SERP looks like another page,no tracked competitor in top 30,0.0,1,write one sentence that says it,Locations,0,0,0,,,0,,0,10,0,18.9,/business-lunch-catering-dubai,
party catering business bay,0,commercial,0,,35,20,/locations/business-bay,sub,,False,False,False,False,0,False,partial,medium — SERP looks like another page,"no tracked competitor in top 30, we #35",0.0,1,write one sentence that says it,Locations,0,0,0,,,0,,,,,,,
personal chef business bay,0,commercial,0,,27,10,/locations/business-bay,sub,,False,False,False,False,0,False,partial,low,"no tracked competitor in top 30, we #27",0.5,1,write one sentence that says it; merge → /apartment-private-dining-dubai,Locations,0,0,0,,,0,,,,,,,
private dining business bay,0,commercial,0,,,20,/locations/business-bay,sub,,False,False,False,False,1,False,partial,low,,,3,a second natural mention,Locations,0,0,0,,,0,,,,,,,
private chef difc,0,navigational,0,,,20,/locations/difc,primary,,True,True,True,False,4,True,partial,low,,1.0,8,"no measured UAE demand, but the page gets visits — check the phrasing against what they search; one H2 carries it; get an inbound link with this anchor",Locations,6,7,0,2,1.0,3,first-party,,,,,,
business lunch in difc,0,,0,,,20,/locations/difc,sub,,False,False,False,False,1,True,partial,low,,,5,a second natural mention,Locations,6,7,0,2,1.0,3,first-party,,,,,,
catering difc,0,informational,0,,22,10,/locations/difc,sub,/locations/business-bay,False,False,False,False,8,True,partial,low,"no tracked competitor in top 30, we #22",,8,hold — nothing to do,Locations,6,7,0,2,1.0,3,first-party,,,,,,
chef at home difc,0,navigational,0,,,20,/locations/difc,sub,,False,False,False,False,1,True,partial,low,no tracked competitor in top 30,,5,a second natural mention; merge → /apartment-private-dining-dubai,Locations,6,7,0,2,1.0,3,first-party,,,,,,
corporate catering difc,0,commercial,0,,,20,/locations/difc,sub,/locations/business-bay,False,False,False,False,1,False,partial,low,,,4,a second natural mention,Locations,6,7,0,2,1.0,3,first-party,,,,,,
office catering difc,0,commercial,0,,7,10,/locations/difc,sub,,False,False,False,False,1,True,partial,low,"no tracked competitor in top 30, we #7",,5,a second natural mention,Locations,6,7,0,2,1.0,3,first-party,,,,,,
party catering difc,0,commercial,0,,22,10,/locations/difc,sub,,False,False,False,False,1,True,partial,low,"no tracked competitor in top 30, we #22",,5,a second natural mention,Locations,6,7,0,2,1.0,3,first-party,,,,,,
personal chef difc,0,navigational,0,,23,10,/locations/difc,sub,,False,False,False,False,1,True,partial,low,"no tracked competitor in top 30, we #23",,5,a second natural mention; merge → /locations/downtown-dubai,Locations,6,7,0,2,1.0,3,first-party,,,,,,
private dining difc,0,commercial,0,,,20,/locations/difc,sub,,False,False,False,False,1,True,partial,low,no tracked competitor in top 30,,5,a second natural mention,Locations,6,7,0,2,1.0,3,first-party,,,,,,
private chef downtown dubai,0,transactional,0,,25,10,/locations/downtown-dubai,primary,,True,False,False,False,1,False,partial,low,"no tracked competitor in top 30, we #25",1.0,2,no measured UAE demand for this primary — re-target it or merge the page; put the exact primary in the H1; say it in the meta description; say it in the first 100 words; one H2 carries it; use it at least twice in the body; answer a FAQ that contains it; get an inbound link with this anchor,Locations,0,0,0,6,1.0,2,first-party,,,,,,
catering downtown dubai,0,commercial,0,,,20,/locations/downtown-dubai,sub,,False,False,True,False,7,False,partial,low,,,2,remove it from the heading (subs live in sentences),Locations,0,0,0,6,1.0,2,first-party,,,,,,
chef at home downtown dubai,0,transactional,0,,23,10,/locations/downtown-dubai,sub,,False,False,False,False,0,False,partial,medium — SERP looks like another page,"no tracked competitor in top 30, we #23",0.38,1,write one sentence that says it,Locations,0,0,0,6,1.0,2,first-party,,,,,,
event catering downtown dubai,0,commercial,0,,,20,/locations/downtown-dubai,sub,,False,False,False,False,1,False,partial,low,,,3,a second natural mention,Locations,0,0,0,6,1.0,2,first-party,,,,,,
fine dining in downtown dubai,0,informational,0,,,20,/locations/downtown-dubai,sub,,False,False,False,False,0,False,partial,medium — SERP looks like another page,no tracked competitor in top 30,0.0,1,write one sentence that says it,Locations,0,0,0,6,1.0,2,first-party,,,,,,
iftar buffet dubai downtown,0,,0,,,20,/locations/downtown-dubai,sub,,False,False,False,False,0,False,partial,low,,,1,write one sentence that says it,Locations,0,0,0,6,1.0,2,first-party,,,,,,
office catering downtown dubai,0,commercial,0,,25,10,/locations/downtown-dubai,sub,,False,False,False,False,0,False,partial,medium — SERP looks like another page,"no tracked competitor in top 30, we #25",0.0,1,write one sentence that says it,Locations,0,0,0,6,1.0,2,first-party,,,,,,
party catering downtown dubai,0,commercial,0,,,20,/locations/downtown-dubai,sub,,False,False,False,False,0,False,partial,low,,,1,write one sentence that says it,Locations,0,0,0,6,1.0,2,first-party,,,,,,
personal chef downtown dubai,0,transactional,0,,33,20,/locations/downtown-dubai,sub,,False,False,False,False,0,False,partial,low,"no tracked competitor in top 30, we #33",0.5,1,write one sentence that says it; merge → /apartment-private-dining-dubai,Locations,0,0,0,6,1.0,2,first-party,,,,,,
private dining downtown dubai,0,transactional,0,,,20,/locations/downtown-dubai,sub,,False,False,False,False,0,False,partial,medium — SERP looks like another page,no tracked competitor in top 30,0.0,1,write one sentence that says it; merge → /luxury-dining-experiences,Locations,0,0,0,6,1.0,2,first-party,,,,,,
private chef dubai hills,0,commercial,0,,28,10,/locations/dubai-hills,primary,,True,False,False,False,1,False,partial,low,"no tracked competitor in top 30, we #28",1.0,2,"no measured UAE demand, but the page gets visits — check the phrasing against what they search; put the exact primary in the H1; say it in the meta description; say it in the first 100 words; one H2 carries it; use it at least twice in the body; answer a FAQ that contains it; get an inbound link with this anchor",Locations,1,1,0,,,0,,,,,,,
catering dubai hills,0,commercial,0,,,20,/locations/dubai-hills,sub,,False,False,True,False,7,False,partial,medium — SERP looks like another page,no tracked competitor in top 30,0.0,2,remove it from the heading (subs live in sentences),Locations,1,1,0,,,0,,,,,,,
chef at home dubai hills,0,informational,0,,29,10,/locations/dubai-hills,sub,,False,False,False,False,0,False,partial,medium — SERP looks like another page,"no tracked competitor in top 30, we #29",0.38,1,write one sentence that says it; merge → /apartment-private-dining-dubai,Locations,1,1,0,,,0,,,,,,,
iftar buffet dubai hills,0,informational,0,,,20,/locations/dubai-hills,sub,,False,False,False,False,0,False,partial,medium — SERP looks like another page,no tracked competitor in top 30,0.0,1,write one sentence that says it,Locations,1,1,0,,,0,,,,,,,
party catering dubai hills,0,commercial,0,,30,10,/locations/dubai-hills,sub,,False,False,False,False,0,False,partial,medium — SERP looks like another page,"no tracked competitor in top 30, we #30",0.0,1,write one sentence that says it,Locations,1,1,0,,,0,,,,,,,
personal chef dubai hills,0,commercial,0,,,20,/locations/dubai-hills,sub,,False,False,False,False,0,False,partial,medium — SERP looks like another page,no tracked competitor in top 30,0.3,1,write one sentence that says it,Locations,1,1,0,,,0,,,,,,,
private chef luxury villa dubai hills,0,commercial,0,,,20,/locations/dubai-hills,sub,,False,False,False,False,0,False,partial,medium — SERP looks like another page,no tracked competitor in top 30,0.08,1,write one sentence that says it,Locations,1,1,0,,,0,,,,,,,
private dining dubai hills,0,commercial,0,,,20,/locations/dubai-hills,sub,,False,False,False,False,0,False,partial,low,,,1,write one sentence that says it,Locations,1,1,0,,,0,,,,,,,
private chef dubai marina,0,commercial,0,,,20,/locations/dubai-marina,primary,,True,False,False,False,1,False,partial,low,no tracked competitor in top 30,1.0,2,"no measured UAE demand, but the page gets visits — check the phrasing against what they search; put the exact primary in the H1; say it in the meta description; say it in the first 100 words; one H2 carries it; use it at least twice in the body; answer a FAQ that contains it; get an inbound link with this anchor",Locations,2,2,0,,,0,,,,,,,
catering dubai marina,0,commercial,0,,24,10,/locations/dubai-marina,sub,,False,False,True,False,7,False,partial,medium — SERP looks like another page,"no tracked competitor in top 30, we #24",0.0,2,remove it from the heading (subs live in sentences),Locations,2,2,0,,,0,,,,,,,
chef at home dubai marina,0,transactional,0,,,20,/locations/dubai-marina,sub,,False,False,False,False,0,False,partial,medium — SERP looks like another page,no tracked competitor in top 30,0.33,1,write one sentence that says it,Locations,2,2,0,,,0,,,,,,,
female private chef dubai marina,0,commercial,0,,,20,/locations/dubai-marina,sub,,False,False,False,False,0,False,partial,low,,,1,write one sentence that says it,Locations,2,2,0,,,0,,,,,,,
fine dining in dubai marina,0,,0,,,20,/locations/dubai-marina,sub,,False,False,False,False,0,False,partial,low,,,1,write one sentence that says it,Locations,2,2,0,,,0,,,,,,,
iftar buffet dubai marina,0,,0,,,20,/locations/dubai-marina,sub,,False,False,False,False,0,False,partial,low,,,1,write one sentence that says it,Locations,2,2,0,,,0,,,,,,,
party catering dubai marina,0,commercial,0,,,20,/locations/dubai-marina,sub,,False,False,False,False,0,False,partial,medium — SERP looks like another page,no tracked competitor in top 30,0.0,1,write one sentence that says it,Locations,2,2,0,,,0,,,,,,,
personal chef dubai marina,0,commercial,0,,31,20,/locations/dubai-marina,sub,,False,False,False,False,0,False,partial,low,"no tracked competitor in top 30, we #31",0.83,1,write one sentence that says it,Locations,2,2,0,,,0,,,,,,,
private chef dubai marina menu,0,informational,0,,9,10,/locations/dubai-marina,sub,,False,False,False,False,0,False,partial,medium — SERP looks like another page,"no tracked competitor in top 30, we #9",0.08,1,write one sentence that says it,Locations,2,2,0,,,0,,,,,,,
private dining dubai marina,0,informational,0,,,20,/locations/dubai-marina,sub,,False,False,False,False,0,False,partial,medium — SERP looks like another page,no tracked competitor in top 30,0.0,1,write one sentence that says it,Locations,2,2,0,,,0,,,,,,,
yacht catering dubai marina,0,informational,0,,,20,/locations/dubai-marina,sub,,False,False,False,False,1,False,partial,medium — SERP looks like another page,no tracked competitor in top 30,0.0,3,a second natural mention; merge → /yachts,Locations,2,2,0,,,0,,,,,,,
private chef emirates hills,0,commercial,0,,23,10,/locations/emirates-hills,primary,,True,False,False,False,1,False,partial,low,"no tracked competitor in top 30, we #23",1.0,2,"no measured UAE demand, but the page gets visits — check the phrasing against what they search; put the exact primary in the H1; say it in the meta description; say it in the first 100 words; one H2 carries it; use it at least twice in the body; answer a FAQ that contains it; get an inbound link with this anchor",Locations,1,1,0,,,0,,,,,,,
catering emirates hills,0,commercial,0,,,20,/locations/emirates-hills,sub,,False,False,True,False,7,False,partial,low,,,2,remove it from the heading (subs live in sentences),Locations,1,1,0,,,0,,,,,,,
chef at home emirates hills,0,navigational,0,,,20,/locations/emirates-hills,sub,,False,False,False,False,0,False,partial,medium — SERP looks like another page,no tracked competitor in top 30,0.4,1,write one sentence that says it; merge → /apartment-private-dining-dubai,Locations,1,1,0,,,0,,,,,,,
healthy food dubai hills,0,,0,,,20,/locations/emirates-hills,sub,,False,False,False,False,0,False,partial,low,,,1,write one sentence that says it,Locations,1,1,0,,,0,,,,,,,
is emirates food halal,0,,0,,,20,/locations/emirates-hills,sub,,False,False,False,False,0,False,partial,low,,,1,write one sentence that says it,Locations,1,1,0,,,0,,,,,,,
party catering emirates hills,0,commercial,0,,,20,/locations/emirates-hills,sub,,False,False,False,False,0,False,partial,low,,,1,write one sentence that says it,Locations,1,1,0,,,0,,,,,,,
personal chef emirates hills,0,commercial,0,,,20,/locations/emirates-hills,sub,,False,False,False,False,0,False,partial,low,,,1,write one sentence that says it,Locations,1,1,0,,,0,,,,,,,
private chef emirates hills villa,0,informational,0,,,20,/locations/emirates-hills,sub,,False,False,False,False,0,False,partial,low,,,1,write one sentence that says it,Locations,1,1,0,,,0,,,,,,,
private dining emirates hills,0,navigational,0,,,20,/locations/emirates-hills,sub,,False,False,False,False,0,False,partial,medium — SERP looks like another page,no tracked competitor in top 30,0.0,1,write one sentence that says it,Locations,1,1,0,,,0,,,,,,,
private chef jbr,0,commercial,0,,10,10,/locations/jbr,primary,,True,True,True,False,4,True,partial,low,"no tracked competitor in top 30, we #10",1.0,8,"no measured UAE demand, but the page gets visits — check the phrasing against what they search; one H2 carries it; get an inbound link with this anchor",Locations,4,4,0,2,1.0,3,first-party,,,,,,
catering jbr,0,commercial,0,,6,10,/locations/jbr,sub,,False,False,False,False,7,True,partial,medium — SERP looks like another page,"no tracked competitor in top 30, we #6",0.08,7,hold — nothing to do,Locations,4,4,0,2,1.0,3,first-party,,,,,,
chef at home jbr,0,informational,0,,17,10,/locations/jbr,sub,,False,False,False,False,1,True,partial,medium — SERP looks like another page,"no tracked competitor in top 30, we #17",0.27,5,a second natural mention; merge → /apartment-private-dining-dubai,Locations,4,4,0,2,1.0,3,first-party,,,,,,
party catering jbr,0,commercial,0,,,20,/locations/jbr,sub,,False,False,False,False,1,True,partial,low,,,5,a second natural mention,Locations,4,4,0,2,1.0,3,first-party,,,,,,
personal chef jbr,0,commercial,0,,15,10,/locations/jbr,sub,,False,False,False,False,1,True,partial,low,"no tracked competitor in top 30, we #15",0.62,5,a second natural mention; merge → /locations/dubai-marina,Locations,4,4,0,2,1.0,3,first-party,,,,,,
private dining jbr,0,commercial,0,,29,10,/locations/jbr,sub,,False,False,False,False,1,True,partial,medium — SERP looks like another page,"no tracked competitor in top 30, we #29",0.0,5,a second natural mention,Locations,4,4,0,2,1.0,3,first-party,,,,,,
private chef jlt,0,commercial,0,,6,10,/locations/jlt,primary,,True,False,True,False,2,False,partial,low,"no tracked competitor in top 30, we #6",1.0,6,"no measured UAE demand, but the page gets visits — check the phrasing against what they search; say it in the meta description; one H2 carries it; answer a FAQ that contains it; get an inbound link with this anchor",Locations,8,9,0,1,0.5,2,first-party,,,,,,
catering jlt,0,commercial,0,,12,10,/locations/jlt,sub,,False,False,False,False,6,False,partial,medium — SERP looks like another page,"no tracked competitor in top 30, we #12",0.0,5,hold — nothing to do,Locations,8,9,0,1,0.5,2,first-party,,,,,,
chef at home jlt,0,informational,0,,26,10,/locations/jlt,sub,,False,False,False,False,0,False,partial,medium — SERP looks like another page,"no tracked competitor in top 30, we #26",0.17,1,write one sentence that says it; merge → /apartment-private-dining-dubai,Locations,8,9,0,1,0.5,2,first-party,,,,,,
indian food company jlt,0,,0,,,20,/locations/jlt,sub,,False,False,False,False,0,False,partial,low,,,1,write one sentence that says it,Locations,8,9,0,1,0.5,2,first-party,,,,,,
office catering jlt,0,informational,0,,8,10,/locations/jlt,sub,,False,False,False,False,0,False,partial,medium — SERP looks like another page,"no tracked competitor in top 30, we #8",0.08,1,write one sentence that says it,Locations,8,9,0,1,0.5,2,first-party,,,,,,
party catering jlt,0,commercial,0,,18,10,/locations/jlt,sub,,False,False,False,False,0,False,partial,medium — SERP looks like another page,"no tracked competitor in top 30, we #18",0.0,1,write one sentence that says it,Locations,8,9,0,1,0.5,2,first-party,,,,,,
personal chef jlt,0,commercial,0,,8,10,/locations/jlt,sub,,False,False,False,False,0,False,partial,low,"no tracked competitor in top 30, we #8",0.71,1,write one sentence that says it,Locations,8,9,0,1,0.5,2,first-party,,,,,,
private dining jlt,0,commercial,0,,,20,/locations/jlt,sub,,False,False,False,False,0,False,partial,medium — SERP looks like another page,no tracked competitor in top 30,0.0,1,write one sentence that says it,Locations,8,9,0,1,0.5,2,first-party,,,,,,
private chef jumeirah,0,commercial,0,,,20,/locations/jumeirah,primary,,True,False,False,False,1,False,partial,low,,1.0,2,"no measured UAE demand, but the page gets visits — check the phrasing against what they search; put the exact primary in the H1; say it in the meta description; say it in the first 100 words; one H2 carries it; use it at least twice in the body; answer a FAQ that contains it; get an inbound link with this anchor",Locations,1,1,0,,,0,,,,,,,
catering jumeirah,0,commercial,0,,,20,/locations/jumeirah,sub,,False,False,True,False,7,False,partial,low,no tracked competitor in top 30,,2,remove it from the heading (subs live in sentences),Locations,1,1,0,,,0,,,,,,,
chef at home jumeirah,0,informational,0,,34,20,/locations/jumeirah,sub,,False,False,False,False,0,False,partial,low,"no tracked competitor in top 30, we #34",,1,write one sentence that says it; merge → /apartment-private-dining-dubai,Locations,1,1,0,,,0,,,,,,,
female private chef jumeirah,0,informational,0,,,20,/locations/jumeirah,sub,,False,False,False,False,0,False,partial,low,no tracked competitor in top 30,,1,write one sentence that says it,Locations,1,1,0,,,0,,,,,,,
party catering jumeirah,0,commercial,0,,,20,/locations/jumeirah,sub,,False,False,False,False,0,False,partial,low,no tracked competitor in top 30,,1,write one sentence that says it,Locations,1,1,0,,,0,,,,,,,
personal chef jumeirah,0,commercial,0,,,20,/locations/jumeirah,sub,,False,False,False,False,0,False,partial,low,,,1,write one sentence that says it,Locations,1,1,0,,,0,,,,,,,
private chef near palm jumeirah,0,commercial,0,,21,10,/locations/jumeirah,sub,,False,False,False,False,0,False,partial,low,"no tracked competitor in top 30, we #21",,1,write one sentence that says it; merge → /locations/palm-jumeirah,Locations,1,1,0,,,0,,,,,,,
private dining jumeirah,0,commercial,0,,,20,/locations/jumeirah,sub,,False,False,False,False,0,False,partial,low,no tracked competitor in top 30,,1,write one sentence that says it,Locations,1,1,0,,,0,,,,,,,
private chef jvc,0,commercial,0,,26,10,/locations/jvc,primary,,True,False,False,False,1,False,partial,low,"no tracked competitor in top 30, we #26",1.0,2,no measured UAE demand for this primary — re-target it or merge the page; put the exact primary in the H1; say it in the meta description; say it in the first 100 words; one H2 carries it; use it at least twice in the body; answer a FAQ that contains it; get an inbound link with this anchor,Locations,0,0,0,,,0,,,,,,,
catering jvc,0,commercial,0,,,20,/locations/jvc,sub,,False,False,True,False,7,False,partial,medium — SERP looks like another page,no tracked competitor in top 30,0.0,2,remove it from the heading (subs live in sentences),Locations,0,0,0,,,0,,,,,,,
chef at home jvc,0,navigational,0,,,20,/locations/jvc,sub,,False,False,False,False,0,False,partial,low,,,1,write one sentence that says it,Locations,0,0,0,,,0,,,,,,,
party catering jvc,0,commercial,0,,,20,/locations/jvc,sub,,False,False,False,False,0,False,partial,medium — SERP looks like another page,no tracked competitor in top 30,0.0,1,write one sentence that says it,Locations,0,0,0,,,0,,,,,,,
personal chef jvc,0,commercial,0,,,20,/locations/jvc,sub,,False,False,False,False,0,False,partial,medium — SERP looks like another page,no tracked competitor in top 30,0.27,1,write one sentence that says it,Locations,0,0,0,,,0,,,,,,,
private dining jvc,0,commercial,0,,,20,/locations/jvc,sub,,False,False,False,False,0,False,partial,medium — SERP looks like another page,no tracked competitor in top 30,0.0,1,write one sentence that says it,Locations,0,0,0,,,0,,,,,,,
private chef palm jumeirah,0,commercial,0,,25,10,/locations/palm-jumeirah,primary,/blog /blog/how-much-does-private-chef-cost-dubai /blog/how-to-hire-a-private-chef-dubai,True,False,False,False,1,False,partial,low,"no tracked competitor in top 30, we #25",1.0,2,"no measured UAE demand, but the page gets visits — check the phrasing against what they search; put the exact primary in the H1; say it in the meta description; say it in the first 100 words; one H2 carries it; use it at least twice in the body; answer a FAQ that contains it; get an inbound link with this anchor",Locations,3,3,0,5,1.0,1,first-party,,,,,,
catering jumeirah dubai,0,,0,,,20,/locations/palm-jumeirah,sub,/locations/jumeirah,False,False,False,False,0,False,partial,low,,,2,write one sentence that says it,Locations,3,3,0,5,1.0,1,first-party,,,,,,
catering palm jumeirah,0,commercial,0,,,20,/locations/palm-jumeirah,sub,/christmas-catering-dubai /new-year-catering-dubai,False,False,True,False,7,False,partial,medium — SERP looks like another page,no tracked competitor in top 30,0.0,3,remove it from the heading (subs live in sentences),Locations,3,3,0,5,1.0,1,first-party,,,,,,
chef at home palm jumeirah,0,commercial,0,,24,10,/locations/palm-jumeirah,sub,,False,False,False,False,0,False,partial,medium — SERP looks like another page,"no tracked competitor in top 30, we #24",0.33,1,write one sentence that says it,Locations,3,3,0,5,1.0,1,first-party,,,,,,
iftar buffet dubai palm jumeirah,0,,0,,,20,/locations/palm-jumeirah,sub,,False,False,False,False,0,False,partial,low,,,1,write one sentence that says it,Locations,3,3,0,5,1.0,1,first-party,,,,,,
party catering palm jumeirah,0,commercial,0,,26,10,/locations/palm-jumeirah,sub,,False,False,False,False,0,False,partial,medium — SERP looks like another page,"no tracked competitor in top 30, we #26",0.0,1,write one sentence that says it,Locations,3,3,0,5,1.0,1,first-party,,,,,,
personal chef palm jumeirah,0,commercial,0,,33,20,/locations/palm-jumeirah,sub,,False,False,False,False,0,False,partial,medium — SERP looks like another page,"no tracked competitor in top 30, we #33",0.33,1,write one sentence that says it; merge → /full-time-private-chef-dubai,Locations,3,3,0,5,1.0,1,first-party,,,,,,
private dining palm jumeirah,0,commercial,0,,,20,/locations/palm-jumeirah,sub,/blog/private-chef-palm-jumeirah-guide /villas-private-residences,False,False,False,False,0,False,partial,medium — SERP looks like another page,no tracked competitor in top 30,0.0,2,write one sentence that says it,Locations,3,3,0,5,1.0,1,first-party,,,,,,
private dinner palm jumeirah,0,transactional,0,,,20,/locations/palm-jumeirah,sub,,False,False,False,False,0,False,partial,medium — SERP looks like another page,no tracked competitor in top 30,0.0,1,write one sentence that says it,Locations,3,3,0,5,1.0,1,first-party,,,,,,
villa chef palm jumeirah,0,informational,0,,26,10,/locations/palm-jumeirah,sub,,False,False,False,False,0,False,partial,medium — SERP looks like another page,"no tracked competitor in top 30, we #26",0.13,1,write one sentence that says it,Locations,3,3,0,5,1.0,1,first-party,,,,,,
private chef umm suqeim,0,transactional,0,,15,10,/locations/umm-suqeim,primary,,True,False,False,False,1,False,partial,low,"no tracked competitor in top 30, we #15",1.0,2,no measured UAE demand for this primary — re-target it or merge the page; put the exact primary in the H1; say it in the meta description; say it in the first 100 words; one H2 carries it; use it at least twice in the body; answer a FAQ that contains it; get an inbound link with this anchor,Locations,0,0,0,,,0,,,,,,,
catering umm suqeim,0,transactional,0,,,20,/locations/umm-suqeim,sub,,False,False,True,False,7,False,partial,low,,,2,remove it from the heading (subs live in sentences),Locations,0,0,0,,,0,,,,,,,
chef at home umm suqeim,0,transactional,0,,9,10,/locations/umm-suqeim,sub,,False,False,False,False,0,False,partial,medium — SERP looks like another page,"no tracked competitor in top 30, we #9",0.18,1,write one sentence that says it,Locations,0,0,0,,,0,,,,,,,
party catering umm suqeim,0,informational,0,,29,10,/locations/umm-suqeim,sub,,False,False,False,False,0,False,partial,medium — SERP looks like another page,"no tracked competitor in top 30, we #29",0.0,1,write one sentence that says it,Locations,0,0,0,,,0,,,,,,,
personal chef umm suqeim,0,transactional,0,,12,10,/locations/umm-suqeim,sub,,False,False,False,False,0,False,partial,medium — SERP looks like another page,"no tracked competitor in top 30, we #12",0.17,1,write one sentence that says it,Locations,0,0,0,,,0,,,,,,,
private dining umm suqeim,0,transactional,0,,,20,/locations/umm-suqeim,sub,,False,False,False,False,0,False,partial,medium — SERP looks like another page,no tracked competitor in top 30,0.0,1,write one sentence that says it,Locations,0,0,0,,,0,,,,,,,
mychef loyalty programme,0,navigational,0,,3,10,/loyalty-programme,primary,/catering-packages-dubai,True,True,True,True,2,True,exact,low,"no tracked competitor in top 30, we #3",1.0,10,no measured UAE demand for this primary — re-target it or merge the page,Packages / Offers,0,0,0,,,0,,,,,,,
mychef rewards,0,navigational,0,,,20,/loyalty-programme,sub,,False,False,False,False,0,False,partial,low,,,1,write one sentence that says it,Packages / Offers,0,0,0,,,0,,,,,,,
private dining experience dubai,0,informational,0,,,20,/luxury-dining-experiences,primary,,True,False,True,True,2,False,partial,low,no tracked competitor in top 30,1.0,7,"no measured UAE demand, but the page gets visits — check the phrasing against what they search; say it in the meta description; answer a FAQ that contains it; get an inbound link with this anchor",Dining Experiences,49,107,0,267.3,0.3333,3,ga4,,,,,,
best fine dining experience dubai,0,,0,,,20,/luxury-dining-experiences,sub,,False,False,False,False,0,False,partial,low,,,1,write one sentence that says it,Dining Experiences,49,107,0,267.3,0.3333,3,ga4,,,,,,
best luxury dining experiences dubai,0,commercial,0,,,20,/luxury-dining-experiences,sub,,False,False,False,False,0,False,partial,medium — SERP looks like another page,no tracked competitor in top 30,0.0,1,write one sentence that says it,Dining Experiences,49,107,0,267.3,0.3333,3,ga4,,,,,,
dining offers in dubai,0,,0,,,20,/luxury-dining-experiences,sub,,False,False,False,False,0,False,partial,low,,,1,write one sentence that says it,Dining Experiences,49,107,0,267.3,0.3333,3,ga4,,,,,,
dubai fine dining offers,0,,0,,,20,/luxury-dining-experiences,sub,,False,False,False,False,0,False,partial,low,,,1,write one sentence that says it,Dining Experiences,49,107,0,267.3,0.3333,3,ga4,,,,,,
luxury dining experience cost per person dubai,0,commercial,0,,,20,/luxury-dining-experiences,sub,,False,False,False,False,0,False,partial,medium — SERP looks like another page,no tracked competitor in top 30,0.0,1,write one sentence that says it,Dining Experiences,49,107,0,267.3,0.3333,3,ga4,,,,,,
luxury dining experience dubai,0,informational,0,,,20,/luxury-dining-experiences,sub,,False,False,False,False,0,False,partial,medium — SERP looks like another page,no tracked competitor in top 30,0.0,1,write one sentence that says it,Dining Experiences,49,107,0,267.3,0.3333,3,ga4,,,,,,
luxury dining experiences dubai,0,informational,0,,,20,/luxury-dining-experiences,sub,,False,False,False,False,0,False,partial,low,,,1,write one sentence that says it,Dining Experiences,49,107,0,267.3,0.3333,3,ga4,,,,,,
luxury dining experiences dubai price,0,commercial,0,,,20,/luxury-dining-experiences,sub,,False,False,False,False,0,False,partial,low,,,1,write one sentence that says it,Dining Experiences,49,107,0,267.3,0.3333,3,ga4,,,,,,
luxury dining experiences packages dubai,0,commercial,0,,35,20,/luxury-dining-experiences,sub,,False,False,False,False,0,False,partial,medium — SERP looks like another page,"no tracked competitor in top 30, we #35",0.08,1,write one sentence that says it,Dining Experiences,49,107,0,267.3,0.3333,3,ga4,,,,,,
luxury dining menu dubai,0,informational,0,,,20,/luxury-dining-experiences,sub,,False,False,False,False,0,False,partial,medium — SERP looks like another page,no tracked competitor in top 30,0.0,1,write one sentence that says it,Dining Experiences,49,107,0,267.3,0.3333,3,ga4,,,,,,
how to plan a luxury dinner dubai,0,informational,0,,,20,/luxury-dinner-planning-guide-dubai,primary,,False,False,False,False,0,False,partial,low,no tracked competitor in top 30,1.0,0,"no measured UAE demand, but the page gets visits — check the phrasing against what they search; put the exact primary in the title; put the exact primary in the H1; say it in the meta description; say it in the first 100 words; one H2 carries it; use it at least twice in the body; answer a FAQ that contains it; get an inbound link with this anchor",Blog and Guides,1,1,0,,,0,,,,,,,
dinner party planning checklist dubai,0,informational,0,,,20,/luxury-dinner-planning-guide-dubai,sub,,False,False,False,False,0,False,partial,medium — SERP looks like another page,no tracked competitor in top 30,0.0,1,write one sentence that says it,Blog and Guides,1,1,0,,,0,,,,,,,
how much dinner in dubai,0,commercial,0,,,20,/luxury-dinner-planning-guide-dubai,sub,,False,False,False,False,0,False,partial,medium — SERP looks like another page,no tracked competitor in top 30,0.0,1,write one sentence that says it,Blog and Guides,1,1,0,,,0,,,,,,,
how to host a dinner party dubai,0,informational,0,,,20,/luxury-dinner-planning-guide-dubai,sub,,False,False,False,False,0,False,partial,medium — SERP looks like another page,no tracked competitor in top 30,0.0,1,write one sentence that says it,Blog and Guides,1,1,0,,,0,,,,,,,
luxury dinner party planning dubai,0,informational,0,,,20,/luxury-dinner-planning-guide-dubai,sub,,False,False,False,False,0,False,partial,medium — SERP looks like another page,no tracked competitor in top 30,0.0,1,write one sentence that says it,Blog and Guides,1,1,0,,,0,,,,,,,
luxury dinner set in dubai price,0,transactional,0,,,20,/luxury-dinner-planning-guide-dubai,sub,,False,False,False,False,0,False,partial,medium — SERP looks like another page,no tracked competitor in top 30,0.0,1,write one sentence that says it,Blog and Guides,1,1,0,,,0,,,,,,,
mediterranean catering dubai,0,commercial,0,,,20,/mediterranean-catering-dubai,primary,/yacht-catering-checklist-dubai,True,True,True,True,6,True,exact,low,no tracked competitor in top 30,1.0,10,"no measured UAE demand, but the page gets visits — check the phrasing against what they search",Cuisines and Dietary,4,6,0,,,0,,,,,,,
best mediterranean catering dubai,0,commercial,0,,,20,/mediterranean-catering-dubai,sub,,False,False,False,False,1,False,partial,medium — SERP looks like another page,no tracked competitor in top 30,0.22,3,a second natural mention,Cuisines and Dietary,4,6,0,,,0,,,,,,,
best mediterranean food in dubai,0,,0,,,20,/mediterranean-catering-dubai,sub,,False,False,False,False,1,False,partial,low,,,3,a second natural mention,Cuisines and Dietary,4,6,0,,,0,,,,,,,
daily mediterranean meals,0,,0,,,20,/mediterranean-catering-dubai,sub,,False,False,False,False,0,False,partial,low,,,1,write one sentence that says it,Cuisines and Dietary,4,6,0,,,0,,,,,,,
greek catering dubai,0,commercial,0,,,20,/mediterranean-catering-dubai,sub,,False,False,False,False,0,False,partial,medium — SERP looks like another page,no tracked competitor in top 30,0.0,1,write one sentence that says it,Cuisines and Dietary,4,6,0,,,0,,,,,,,
halal mediterranean catering dubai,0,commercial,0,,,20,/mediterranean-catering-dubai,sub,,False,False,False,False,1,False,partial,medium — SERP looks like another page,no tracked competitor in top 30,0.0,3,a second natural mention,Cuisines and Dietary,4,6,0,,,0,,,,,,,
mediterranean buffet dubai,0,informational,0,,,20,/mediterranean-catering-dubai,sub,,False,False,False,False,0,False,partial,medium — SERP looks like another page,no tracked competitor in top 30,0.22,1,write one sentence that says it,Cuisines and Dietary,4,6,0,,,0,,,,,,,
mediterranean catering cost per person dubai,0,commercial,0,,,20,/mediterranean-catering-dubai,sub,,False,False,False,False,1,False,partial,medium — SERP looks like another page,no tracked competitor in top 30,0.08,3,a second natural mention,Cuisines and Dietary,4,6,0,,,0,,,,,,,
mediterranean catering dubai price,0,commercial,0,,,20,/mediterranean-catering-dubai,sub,,False,False,False,False,1,False,partial,medium — SERP looks like another page,no tracked competitor in top 30,0.09,3,a second natural mention,Cuisines and Dietary,4,6,0,,,0,,,,,,,
mediterranean catering menu dubai,0,informational,0,,,20,/mediterranean-catering-dubai,sub,,False,False,False,False,1,False,partial,medium — SERP looks like another page,no tracked competitor in top 30,0.25,3,a second natural mention,Cuisines and Dietary,4,6,0,,,0,,,,,,,
mediterranean catering packages dubai,0,commercial,0,,,20,/mediterranean-catering-dubai,sub,,False,False,False,False,1,False,partial,low,,,3,a second natural mention,Cuisines and Dietary,4,6,0,,,0,,,,,,,
mediterranean food dubai marina,0,,0,,,20,/mediterranean-catering-dubai,sub,,False,False,False,False,0,False,partial,low,,,1,write one sentence that says it,Cuisines and Dietary,4,6,0,,,0,,,,,,,
mediterranean food for catering,0,,0,,,20,/mediterranean-catering-dubai,sub,,False,False,False,False,0,False,partial,low,,,1,write one sentence that says it,Cuisines and Dietary,4,6,0,,,0,,,,,,,
catering menus dubai,0,commercial,0,,,20,/menus,primary,,True,True,True,True,3,False,partial,low,no tracked competitor in top 30,1.0,8,"no measured UAE demand, but the page gets visits — check the phrasing against what they search; answer a FAQ that contains it; get an inbound link with this anchor",Catering,6,6,0,2,1.0,2,first-party,,,,,,
catering menu description,0,informational,0,,,20,/menus,sub,,False,False,False,False,0,False,partial,medium — SERP looks like another page,no tracked competitor in top 30,0.0,1,write one sentence that says it,Catering,6,6,0,2,1.0,2,first-party,,,,,,
catering menu ideas dubai,0,commercial,0,,,20,/menus,sub,,False,False,False,False,0,False,partial,medium — SERP looks like another page,no tracked competitor in top 30,0.25,1,write one sentence that says it,Catering,6,6,0,2,1.0,2,first-party,,,,,,
family catering menus dubai,0,commercial,0,,,20,/menus,sub,,False,False,False,False,0,False,partial,medium — SERP looks like another page,no tracked competitor in top 30,0.18,1,write one sentence that says it,Catering,6,6,0,2,1.0,2,first-party,,,,,,
finger foods to cater,0,,0,,,20,/menus,sub,,False,False,False,False,0,False,none,low,,,0,write one sentence that says it,Catering,6,6,0,2,1.0,2,first-party,,,,,,
food catering menus dubai,0,commercial,0,,,20,/menus,sub,,False,False,False,False,0,False,partial,medium — SERP looks like another page,no tracked competitor in top 30,0.08,1,write one sentence that says it,Catering,6,6,0,2,1.0,2,first-party,,,,,,
paul catering menu dubai,0,transactional,0,,,20,/menus,sub,,False,False,False,False,0,False,partial,medium — SERP looks like another page,no tracked competitor in top 30,0.06,1,write one sentence that says it,Catering,6,6,0,2,1.0,2,first-party,,,,,,
sample catering menu dubai,0,transactional,0,,,20,/menus,sub,,False,False,False,False,0,False,partial,low,,,1,write one sentence that says it,Catering,6,6,0,2,1.0,2,first-party,,,,,,
small catering menus dubai,0,commercial,0,,,20,/menus,sub,,False,False,False,False,0,False,partial,medium — SERP looks like another page,no tracked competitor in top 30,0.08,1,write one sentence that says it,Catering,6,6,0,2,1.0,2,first-party,,,,,,
what is a good catering menu,0,,0,,,20,/menus,sub,,False,False,False,False,0,False,partial,low,,,1,write one sentence that says it,Catering,6,6,0,2,1.0,2,first-party,,,,,,
mychef certified chefs,0,navigational,0,,,20,/mychef-certified,primary,/faq,True,True,True,True,2,True,exact,low,,1.0,10,no measured UAE demand for this primary — re-target it or merge the page,Trust / Utility,0,0,0,,,0,,,,,,,
certified private chefs dubai,0,commercial,0,,33,20,/mychef-certified,sub,,False,False,False,False,0,False,partial,low,"no tracked competitor in top 30, we #33",,1,write one sentence that says it; merge → /private-chef-dubai/how-it-works,Trust / Utility,0,0,0,,,0,,,,,,,
personal chefs in dubai,0,commercial,0,,30,10,/mychef-certified,sub,,False,False,False,False,0,False,partial,low,"no tracked competitor in top 30, we #30",,1,write one sentence that says it; merge → /private-chef-dubai/how-it-works,Trust / Utility,0,0,0,,,0,,,,,,,
the chefs table private chef and catering,0,commercial,0,,,20,/mychef-certified,sub,,False,False,False,False,0,False,partial,low,no tracked competitor in top 30,,1,write one sentence that says it,Trust / Utility,0,0,0,,,0,,,,,,,
verified private chef dubai,0,informational,0,,28,10,/mychef-certified,sub,,False,False,False,False,0,False,partial,low,"no tracked competitor in top 30, we #28",,1,write one sentence that says it; merge → /private-chef-dubai/how-it-works,Trust / Utility,0,0,0,,,0,,,,,,,
mychef membership,0,navigational,0,,,20,/mychef-membership,primary,/catering-packages-dubai /founding-customer-offer /loyalty-programme /trust-and-programs /vip-club,True,True,True,True,6,True,exact,high — used in other pages' headings,,1.0,10,no measured UAE demand for this primary — re-target it or merge the page; remove it from 1 other page(s)' headings,Packages / Offers,0,0,0,3,1.0,1,first-party,,,,,,
priority consideration private chef dubai,0,commercial,0,,4,10,/mychef-membership,sub,,False,False,False,False,0,False,partial,low,"no tracked competitor in top 30, we #4",,1,write one sentence that says it,Packages / Offers,0,0,0,3,1.0,1,first-party,,,,,,
private chef membership dubai,0,commercial,0,,21,10,/mychef-membership,sub,,False,False,False,False,0,False,partial,low,"no tracked competitor in top 30, we #21",,1,write one sentence that says it; merge → /blog/private-chef-date-night-dubai,Packages / Offers,0,0,0,3,1.0,1,first-party,,,,,,
surprise dinner experience dubai,0,informational,0,,,20,/mystery-dining-dubai,primary,,True,False,True,False,1,False,none,low,no tracked competitor in top 30,1.0,5,no measured UAE demand for this primary — re-target it or merge the page; say it in the meta description; one H2 carries it; use it at least twice in the body; answer a FAQ that contains it; get an inbound link with this anchor,Dining Experiences,0,0,0,,,0,,,,,,,
best dinner experience in dubai,0,informational,0,,,20,/mystery-dining-dubai,sub,,False,False,False,False,0,False,none,medium — SERP looks like another page,no tracked competitor in top 30,0.09,0,write one sentence that says it,Dining Experiences,0,0,0,,,0,,,,,,,
best surprise dining experience dubai,0,commercial,0,,,20,/mystery-dining-dubai,sub,,False,False,False,False,0,False,partial,low,,,1,write one sentence that says it,Dining Experiences,0,0,0,,,0,,,,,,,
chef dining experience dubai,0,,0,,,20,/mystery-dining-dubai,sub,,False,False,False,False,0,False,partial,low,,,1,write one sentence that says it,Dining Experiences,0,0,0,,,0,,,,,,,
dinner experience for couples dubai,0,,0,,,20,/mystery-dining-dubai,sub,,False,False,False,False,0,False,none,low,,,0,write one sentence that says it,Dining Experiences,0,0,0,,,0,,,,,,,
fine dining experience dubai,0,,0,,,20,/mystery-dining-dubai,sub,,False,False,False,False,0,False,partial,low,,,1,write one sentence that says it,Dining Experiences,0,0,0,,,0,,,,,,,
private dinner experience dubai,0,informational,0,,,20,/mystery-dining-dubai,sub,,False,False,False,False,0,False,none,medium — SERP looks like another page,no tracked competitor in top 30,0.0,0,write one sentence that says it; merge → /luxury-dining-experiences,Dining Experiences,0,0,0,,,0,,,,,,,
surprise cake delivery in dubai,0,transactional,0,18,,20,/mystery-dining-dubai,sub,,False,False,False,False,0,False,none,medium — SERP looks like another page,no tracked competitor in top 30,0.0,0,write one sentence that says it,Dining Experiences,0,0,0,,,0,,,,,,,
surprise dinner experience dubai price,0,commercial,0,,,20,/mystery-dining-dubai,sub,,False,False,False,False,0,False,none,medium — SERP looks like another page,no tracked competitor in top 30,0.0,0,write one sentence that says it,Dining Experiences,0,0,0,,,0,,,,,,,
surprise dinner for two dubai,0,transactional,0,,,20,/mystery-dining-dubai,sub,,False,False,False,False,0,False,none,low,,,0,write one sentence that says it,Dining Experiences,0,0,0,,,0,,,,,,,
surprise dinner package dubai,0,commercial,0,,,20,/mystery-dining-dubai,sub,,False,False,False,False,0,False,none,low,,,0,write one sentence that says it,Dining Experiences,0,0,0,,,0,,,,,,,
unique dining experience dubai,0,,0,,,20,/mystery-dining-dubai,sub,,False,False,False,False,0,False,partial,low,,,1,write one sentence that says it,Dining Experiences,0,0,0,,,0,,,,,,,
new year catering dubai,0,commercial,0,,18,10,/new-year-catering-dubai,primary,,True,True,True,True,7,True,partial,low,"no tracked competitor in top 30, we #18",1.0,9,"no measured UAE demand, but the page gets visits — check the phrasing against what they search; get an inbound link with this anchor",Seasonal and Occasions,1,1,0,,,0,,,,,,,
best new year catering dubai,0,commercial,0,,14,10,/new-year-catering-dubai,sub,,False,False,False,False,1,False,partial,low,"no tracked competitor in top 30, we #14",0.5,3,a second natural mention; merge → /blog/nye-party-catering-dubai,Seasonal and Occasions,1,1,0,,,0,,,,,,,
chinese new year catering dubai buffet,0,informational,0,,,20,/new-year-catering-dubai,sub,,False,False,False,False,1,True,partial,medium — SERP looks like another page,no tracked competitor in top 30,0.3,5,a second natural mention,Seasonal and Occasions,1,1,0,,,0,,,,,,,
chinese new year dinner at home dubai,0,,0,,,20,/new-year-catering-dubai,sub,,False,False,False,False,1,False,partial,low,,,3,a second natural mention,Seasonal and Occasions,1,1,0,,,0,,,,,,,
chinese new year set menu dubai,0,,0,,,20,/new-year-catering-dubai,sub,,False,False,False,False,1,False,partial,low,,,3,a second natural mention,Seasonal and Occasions,1,1,0,,,0,,,,,,,
halal new year catering dubai,0,commercial,0,,10,10,/new-year-catering-dubai,sub,,False,False,False,False,1,False,partial,low,"no tracked competitor in top 30, we #10",0.5,3,a second natural mention; merge → /blog/nye-party-catering-dubai,Seasonal and Occasions,1,1,0,,,0,,,,,,,
new year catering cost per person dubai,0,commercial,0,,3,10,/new-year-catering-dubai,sub,,False,False,False,False,1,False,partial,medium — SERP looks like another page,"no tracked competitor in top 30, we #3",0.17,3,a second natural mention,Seasonal and Occasions,1,1,0,,,0,,,,,,,
new year catering dubai price,0,commercial,0,,10,10,/new-year-catering-dubai,sub,,False,False,False,False,1,False,partial,low,"no tracked competitor in top 30, we #10",0.56,3,a second natural mention,Seasonal and Occasions,1,1,0,,,0,,,,,,,
new year catering menu dubai,0,informational,0,,17,10,/new-year-catering-dubai,sub,,False,False,False,False,1,False,partial,low,"no tracked competitor in top 30, we #17",0.5,3,a second natural mention; merge → /blog/nye-party-catering-dubai,Seasonal and Occasions,1,1,0,,,0,,,,,,,
new year catering packages dubai,0,commercial,0,,18,10,/new-year-catering-dubai,sub,,False,False,False,False,1,False,partial,medium — SERP looks like another page,"no tracked competitor in top 30, we #18",0.44,3,a second natural mention; merge → /blog/nye-party-catering-dubai,Seasonal and Occasions,1,1,0,,,0,,,,,,,
new year dinner dubai,0,,0,,,20,/new-year-catering-dubai,sub,,False,False,False,False,2,True,partial,low,,,7,hold — nothing to do,Seasonal and Occasions,1,1,0,,,0,,,,,,,
new year party food dubai,0,,0,,,20,/new-year-catering-dubai,sub,,False,False,False,False,1,False,partial,low,,,3,a second natural mention,Seasonal and Occasions,1,1,0,,,0,,,,,,,
catering for office meeting dubai,0,,0,,,20,/office-catering-dubai,sub,,False,False,False,False,0,False,partial,low,,,1,write one sentence that says it,Corporate Catering,6,12,0,4,1.0,5,first-party,,,,,,
corporate lunch delivery dubai,0,commercial,0,,,20,/office-catering-dubai,sub,,False,False,False,False,0,False,none,medium — SERP looks like another page,no tracked competitor in top 30,0.08,0,write one sentence that says it,Corporate Catering,6,12,0,4,1.0,5,first-party,,,,,,
daily office catering dubai,0,,0,,,20,/office-catering-dubai,sub,,False,False,False,False,0,False,partial,low,,,1,write one sentence that says it,Corporate Catering,6,12,0,4,1.0,5,first-party,,,,,,
daily office lunch dubai,0,informational,0,,,20,/office-catering-dubai,sub,,False,False,False,False,0,False,partial,medium — SERP looks like another page,no tracked competitor in top 30,0.0,1,write one sentence that says it,Corporate Catering,6,12,0,4,1.0,5,first-party,,,,,,
luxury office catering dubai,0,commercial,0,,,20,/office-catering-dubai,sub,,False,False,False,False,0,False,partial,medium — SERP looks like another page,no tracked competitor in top 30,0.17,1,write one sentence that says it,Corporate Catering,6,12,0,4,1.0,5,first-party,,,,,,
office catering packages dubai,0,commercial,0,,,20,/office-catering-dubai,sub,,False,False,False,False,0,False,partial,medium — SERP looks like another page,no tracked competitor in top 30,0.44,1,write one sentence that says it; merge → /blog/corporate-event-catering-ideas-dubai,Corporate Catering,6,12,0,4,1.0,5,first-party,,,,,,
office food delivery dubai,0,commercial,0,,,20,/office-catering-dubai,sub,,False,False,False,False,0,False,partial,medium — SERP looks like another page,no tracked competitor in top 30,0.08,1,write one sentence that says it,Corporate Catering,6,12,0,4,1.0,5,first-party,,,,,,
office lunch catering dubai,0,commercial,0,,34,20,/office-catering-dubai,sub,,False,False,False,False,0,False,partial,medium — SERP looks like another page,"no tracked competitor in top 30, we #34",0.27,1,write one sentence that says it; merge → /business-lunch-catering-dubai,Corporate Catering,6,12,0,4,1.0,5,first-party,,,,,,
ramadan office catering dubai,0,,0,,,20,/office-catering-dubai,sub,,False,False,False,False,0,False,partial,low,,,1,write one sentence that says it,Corporate Catering,6,12,0,4,1.0,5,first-party,,,,,,
small office catering dubai,0,,0,,,20,/office-catering-dubai,sub,,False,False,False,False,0,False,partial,low,,,1,write one sentence that says it,Corporate Catering,6,12,0,4,1.0,5,first-party,,,,,,
team lunch catering dubai,0,commercial,0,,34,20,/office-catering-dubai,sub,,False,False,False,False,0,False,partial,medium — SERP looks like another page,"no tracked competitor in top 30, we #34",0.18,1,write one sentence that says it,Corporate Catering,6,12,0,4,1.0,5,first-party,,,,,,
weekly office catering dubai,0,commercial,0,,,20,/office-catering-dubai,sub,,False,False,False,False,0,False,partial,low,,,1,write one sentence that says it,Corporate Catering,6,12,0,4,1.0,5,first-party,,,,,,
are private chefs in dubai licensed,0,commercial,0,,4,10,/our-chefs,sub,,False,False,False,False,0,False,partial,medium — SERP looks like another page,"no tracked competitor in top 30, we #4",0.3,1,write one sentence that says it,Private Chef,11,14,1,58,0.444,9,first-party,,,,,,
chef for hire,0,,0,,,20,/our-chefs,sub,,False,False,False,False,0,False,none,medium — SERP looks like another page,no tracked competitor in top 30,0.22,0,write one sentence that says it; merge → /locations/downtown-dubai,Private Chef,11,14,1,58,0.444,9,first-party,,,,,,
female private chef dubai,0,transactional,0,,,20,/our-chefs,sub,,False,False,False,False,0,False,partial,medium — SERP looks like another page,no tracked competitor in top 30,0.3,1,write one sentence that says it; merge → /apartment-private-dining-dubai,Private Chef,11,14,1,58,0.444,9,first-party,,,,,,
female private chefs dubai,0,commercial,0,,,20,/our-chefs,sub,,False,False,False,False,0,False,partial,low,,,1,write one sentence that says it,Private Chef,11,14,1,58,0.444,9,first-party,,,,,,
how are private chefs vetted dubai,0,informational,0,,,20,/our-chefs,sub,,False,False,False,False,0,False,partial,low,,,1,write one sentence that says it,Private Chef,11,14,1,58,0.444,9,first-party,,,,,,
personal chef,0,,0,,55,20,/our-chefs,sub,/about /blog/how-to-hire-a-private-chef-dubai /dubai-catering-prices-guide /dubai-event-catering-price-guide-2026 /dubai-food-trends-report-2026 /full-time-private-chef-dubai,False,False,False,False,0,False,none,medium — many bodies say it,no tracked competitor in top 30,0.11,1,"write one sentence that says it; Google ranks / for this, not the owner — move the keyword or the content",Private Chef,11,14,1,58,0.444,9,first-party,0,22,0,54.8,/,
private bbq chef dubai,0,,0,,,20,/our-chefs,sub,,False,False,False,False,0,False,partial,low,,,1,write one sentence that says it,Private Chef,11,14,1,58,0.444,9,first-party,,,,,,
private cook in dubai,0,,0,,,20,/our-chefs,sub,,False,False,False,False,0,False,partial,low,,,1,write one sentence that says it,Private Chef,11,14,1,58,0.444,9,first-party,,,,,,
part time private chef dubai,0,transactional,0,,,20,/part-time-private-chef-dubai,primary,/full-time-private-chef-dubai,True,True,True,True,5,True,exact,low,no tracked competitor in top 30,1.0,10,no measured UAE demand for this primary — re-target it or merge the page,Private Chef,0,0,0,2,1.0,3,first-party,,,,,,
family chef dubai full time,0,,0,,,20,/part-time-private-chef-dubai,sub,,False,False,False,False,0,False,partial,low,,,1,write one sentence that says it,Private Chef,0,0,0,2,1.0,3,first-party,,,,,,
hire part time private chef dubai,0,transactional,0,,,20,/part-time-private-chef-dubai,sub,,False,False,False,False,0,False,partial,low,no tracked competitor in top 30,0.6,1,write one sentence that says it; merge → /locations/dubai-marina,Private Chef,0,0,0,2,1.0,3,first-party,,,,,,
part time private chef dubai monthly cost,0,commercial,0,,24,10,/part-time-private-chef-dubai,sub,,False,False,False,False,1,False,partial,medium — SERP looks like another page,"no tracked competitor in top 30, we #24",0.23,3,a second natural mention; merge → /blog/how-much-does-private-chef-cost-dubai,Private Chef,0,0,0,2,1.0,3,first-party,,,,,,
part time private chef dubai price,0,commercial,0,,28,10,/part-time-private-chef-dubai,sub,,False,False,False,False,1,False,partial,medium — SERP looks like another page,"no tracked competitor in top 30, we #28",0.25,3,a second natural mention; merge → /blog/how-much-does-private-chef-cost-dubai,Private Chef,0,0,0,2,1.0,3,first-party,,,,,,
part time private chef packages dubai,0,commercial,0,,,20,/part-time-private-chef-dubai,sub,,False,False,False,False,1,False,partial,low,no tracked competitor in top 30,0.6,3,a second natural mention; merge → /locations/dubai-marina,Private Chef,0,0,0,2,1.0,3,first-party,,,,,,
personal chef near me,0,,0,,,20,/part-time-private-chef-dubai,sub,,False,False,False,False,1,False,partial,medium — SERP looks like another page,no tracked competitor in top 30,0.0,3,a second natural mention,Private Chef,0,0,0,2,1.0,3,first-party,,,,,,
catering partnerships dubai,0,commercial,0,,35,20,/partner-with-us,primary,,True,True,True,True,3,False,partial,low,"no tracked competitor in top 30, we #35",1.0,8,"no measured UAE demand, but the page gets visits — check the phrasing against what they search; answer a FAQ that contains it; get an inbound link with this anchor",Partners / Recruit,3,3,0,,,0,,,,,,,
become a catering partner dubai,0,transactional,0,,33,20,/partner-with-us,sub,,False,False,False,False,0,False,partial,medium — SERP looks like another page,"no tracked competitor in top 30, we #33",0.08,1,write one sentence that says it,Partners / Recruit,3,3,0,,,0,,,,,,,
catering examples,0,,0,,,20,/partner-with-us,sub,/case-studies,False,False,False,False,0,False,partial,low,,,2,write one sentence that says it,Partners / Recruit,3,3,0,,,0,,,,,,,
catering services list of menu,0,,0,,,20,/partner-with-us,sub,,False,False,False,False,1,False,partial,low,,,3,a second natural mention,Partners / Recruit,3,3,0,,,0,,,,,,,
chef partnership dubai,0,commercial,0,,10,10,/partner-with-us,sub,,False,False,False,False,1,False,partial,medium — SERP looks like another page,"no tracked competitor in top 30, we #10",0.0,3,a second natural mention,Partners / Recruit,3,3,0,,,0,,,,,,,
partnership catering business,0,commercial,0,,,20,/partner-with-us,sub,,False,False,False,False,1,False,partial,medium — SERP looks like another page,no tracked competitor in top 30,0.0,3,a second natural mention,Partners / Recruit,3,3,0,,,0,,,,,,,
top catering services providers in dubai,0,commercial,0,,,20,/partner-with-us,sub,,False,False,False,False,1,False,partial,medium — SERP looks like another page,no tracked competitor in top 30,0.0,3,a second natural mention; merge → /best-catering-companies-dubai,Partners / Recruit,3,3,0,,,0,,,,,,,
work with mychef dubai,0,transactional,0,,2,10,/partner-with-us,sub,,False,False,False,False,0,False,partial,medium — SERP looks like another page,"no tracked competitor in top 30, we #2",0.0,1,write one sentence that says it,Partners / Recruit,3,3,0,,,0,,,,,,,
,0,,0,,,,/partners,untargeted (in sitemap),,False,False,False,False,0,False,none,n/a,,,0,decide: lock a primary or keep untargeted by decision,Partners / Recruit,0,0,0,,,0,,,,,,,
concierge services partnership dubai,0,commercial,0,,,20,/partners/concierge-services-dubai,primary,,True,True,True,False,1,False,partial,low,no tracked competitor in top 30,1.0,6,no measured UAE demand for this primary — re-target it or merge the page; one H2 carries it; use it at least twice in the body; answer a FAQ that contains it; get an inbound link with this anchor,Partners / Recruit,0,0,0,,,0,,,,,,,
catering partner for concierge companies dubai,0,commercial,0,,,20,/partners/concierge-services-dubai,sub,,False,False,False,False,0,False,partial,medium — SERP looks like another page,no tracked competitor in top 30,0.27,1,write one sentence that says it,Partners / Recruit,0,0,0,,,0,,,,,,,
partner with a private chef company dubai,0,transactional,0,,,20,/partners/concierge-services-dubai,sub,,False,False,False,False,0,False,partial,low,,,1,write one sentence that says it,Partners / Recruit,0,0,0,,,0,,,,,,,
event planners partnership dubai,0,commercial,0,,,20,/partners/event-planners-dubai,primary,,True,True,True,False,1,False,partial,low,no tracked competitor in top 30,1.0,6,no measured UAE demand for this primary — re-target it or merge the page; one H2 carries it; use it at least twice in the body; answer a FAQ that contains it; get an inbound link with this anchor,Partners / Recruit,0,0,0,,,0,,,,,,,
catering event dubai,0,commercial,0,,,20,/partners/event-planners-dubai,sub,,False,False,False,False,0,False,partial,medium — SERP looks like another page,no tracked competitor in top 30,0.0,1,write one sentence that says it,Partners / Recruit,0,0,0,,,0,,,,,,,
catering partner for event planners dubai,0,commercial,0,,,20,/partners/event-planners-dubai,sub,,False,False,False,False,0,False,partial,low,,,1,write one sentence that says it,Partners / Recruit,0,0,0,,,0,,,,,,,
event catering at home,0,,0,,,20,/partners/event-planners-dubai,sub,,False,False,False,False,0,False,partial,low,,,1,write one sentence that says it,Partners / Recruit,0,0,0,,,0,,,,,,,
event catering ballarat,0,,0,,,20,/partners/event-planners-dubai,sub,,False,False,False,False,0,False,partial,low,,,1,write one sentence that says it,Partners / Recruit,0,0,0,,,0,,,,,,,
event catering bbq,0,,0,,,20,/partners/event-planners-dubai,sub,,False,False,False,False,0,False,partial,low,,,1,write one sentence that says it,Partners / Recruit,0,0,0,,,0,,,,,,,
event catering near me for birthday party,0,commercial,0,,,20,/partners/event-planners-dubai,sub,,False,False,False,False,0,False,partial,medium — SERP looks like another page,no tracked competitor in top 30,0.0,1,write one sentence that says it; merge → /birthday-catering-dubai,Partners / Recruit,0,0,0,,,0,,,,,,,
how to cater an event,0,informational,0,,,20,/partners/event-planners-dubai,sub,,False,False,False,False,0,False,partial,medium — SERP looks like another page,no tracked competitor in top 30,0.0,1,write one sentence that says it,Partners / Recruit,0,0,0,,,0,,,,,,,
villa rentals partnership dubai,0,commercial,0,,,20,/partners/villa-rentals-dubai,primary,,True,True,True,False,1,False,partial,low,,1.0,6,no measured UAE demand for this primary — re-target it or merge the page; one H2 carries it; use it at least twice in the body; answer a FAQ that contains it; get an inbound link with this anchor,Partners / Recruit,0,0,0,,,0,,,,,,,
catering partner for holiday homes dubai,0,commercial,0,,,20,/partners/villa-rentals-dubai,sub,,False,False,False,False,0,False,partial,low,,,1,write one sentence that says it,Partners / Recruit,0,0,0,,,0,,,,,,,
cooks villa blackburn,0,,0,,,20,/partners/villa-rentals-dubai,sub,,False,False,False,False,0,False,partial,low,,,1,write one sentence that says it,Partners / Recruit,0,0,0,,,0,,,,,,,
cooks villa near me,0,commercial,0,,12,10,/partners/villa-rentals-dubai,sub,,False,False,False,False,0,False,partial,low,"no tracked competitor in top 30, we #12",,1,write one sentence that says it,Partners / Recruit,0,0,0,,,0,,,,,,,
cooks villa raipur,0,,0,,,20,/partners/villa-rentals-dubai,sub,,False,False,False,False,0,False,partial,low,,,1,write one sentence that says it,Partners / Recruit,0,0,0,,,0,,,,,,,
cooks villa rarotonga,0,,0,,,20,/partners/villa-rentals-dubai,sub,,False,False,False,False,0,False,partial,low,,,1,write one sentence that says it,Partners / Recruit,0,0,0,,,0,,,,,,,
holiday villa with chef,0,informational,0,,,20,/partners/villa-rentals-dubai,sub,,False,False,False,False,0,False,partial,low,no tracked competitor in top 30,,1,write one sentence that says it,Partners / Recruit,0,0,0,,,0,,,,,,,
villa catering package dubai,0,commercial,0,,6,10,/partners/villa-rentals-dubai,sub,,False,False,False,False,0,False,partial,low,"no tracked competitor in top 30, we #6",,1,write one sentence that says it,Partners / Recruit,0,0,0,,,0,,,,,,,
villa private chef,0,transactional,0,,12,10,/partners/villa-rentals-dubai,sub,/brunch-catering-dubai /locations/arabian-ranches /locations/dubai-hills /mystery-dining-dubai /partners /private-cooking-classes-dubai,False,True,False,False,1,False,exact,medium — many bodies say it,"no tracked competitor in top 30, we #26",,6,a second natural mention,Partners / Recruit,0,0,0,,,0,,0,2,0,12.5,/villas-private-residences,
yacht charters partnership dubai,0,commercial,0,,,20,/partners/yacht-charters-dubai,primary,,True,True,True,False,1,False,partial,low,no tracked competitor in top 30,1.0,6,no measured UAE demand for this primary — re-target it or merge the page; one H2 carries it; use it at least twice in the body; answer a FAQ that contains it; get an inbound link with this anchor,Partners / Recruit,0,0,0,,,0,,,,,,,
catering partner for yacht charter companies dubai,0,commercial,0,,,20,/partners/yacht-charters-dubai,sub,,False,False,False,False,0,False,partial,medium — SERP looks like another page,no tracked competitor in top 30,0.0,1,write one sentence that says it,Partners / Recruit,0,0,0,,,0,,,,,,,
dubai canal dinner yacht,0,informational,0,,,20,/partners/yacht-charters-dubai,sub,,False,False,False,False,0,False,partial,medium — SERP looks like another page,no tracked competitor in top 30,0.0,1,write one sentence that says it,Partners / Recruit,0,0,0,,,0,,,,,,,
private yacht dinner dubai price,0,commercial,0,,,20,/partners/yacht-charters-dubai,sub,,False,False,False,False,0,False,partial,medium — SERP looks like another page,no tracked competitor in top 30,0.0,1,write one sentence that says it,Partners / Recruit,0,0,0,,,0,,,,,,,
postpartum meal prep dubai,0,transactional,0,,,20,/postpartum-meal-prep-dubai,primary,,True,False,True,False,2,False,partial,low,no tracked competitor in top 30,1.0,6,no measured UAE demand for this primary — re-target it or merge the page; say it in the meta description; one H2 carries it; answer a FAQ that contains it; get an inbound link with this anchor,Private Chef,0,0,0,,,0,,,,,,,
best meal prep companies in dubai,0,,0,,,20,/postpartum-meal-prep-dubai,sub,,False,False,False,False,0,False,partial,low,,,1,write one sentence that says it,Private Chef,0,0,0,,,0,,,,,,,
confinement food delivery dubai,0,transactional,0,,,20,/postpartum-meal-prep-dubai,sub,,False,False,False,False,0,False,none,medium — SERP looks like another page,no tracked competitor in top 30,0.07,0,write one sentence that says it,Private Chef,0,0,0,,,0,,,,,,,
easy meal prep for after baby,0,transactional,0,,,20,/postpartum-meal-prep-dubai,sub,,False,False,False,False,0,False,partial,medium — SERP looks like another page,no tracked competitor in top 30,0.0,1,write one sentence that says it,Private Chef,0,0,0,,,0,,,,,,,
fitness meal prep delivery,0,,0,,,20,/postpartum-meal-prep-dubai,sub,/weekly-meal-prep-dubai,False,False,False,False,0,False,partial,low,,,2,write one sentence that says it,Private Chef,0,0,0,,,0,,,,,,,
meal prep food dubai,0,,0,,,20,/postpartum-meal-prep-dubai,sub,,False,False,False,False,0,False,partial,low,,,1,write one sentence that says it,Private Chef,0,0,0,,,0,,,,,,,
meals for new mums dubai,0,commercial,0,,,20,/postpartum-meal-prep-dubai,sub,,False,False,False,False,0,False,none,medium — SERP looks like another page,no tracked competitor in top 30,0.08,0,write one sentence that says it,Private Chef,0,0,0,,,0,,,,,,,
postpartum chef dubai,0,,0,,,20,/postpartum-meal-prep-dubai,sub,,False,False,False,False,0,False,partial,low,,,1,write one sentence that says it,Private Chef,0,0,0,,,0,,,,,,,
postpartum meal delivery dubai,0,transactional,0,,,20,/postpartum-meal-prep-dubai,sub,,False,False,False,False,0,False,partial,medium — SERP looks like another page,no tracked competitor in top 30,0.08,1,write one sentence that says it,Private Chef,0,0,0,,,0,,,,,,,
postpartum meal plan dubai,0,transactional,0,,,20,/postpartum-meal-prep-dubai,sub,,False,False,False,False,0,False,partial,medium — SERP looks like another page,no tracked competitor in top 30,0.17,1,write one sentence that says it,Private Chef,0,0,0,,,0,,,,,,,
postpartum meal prep dubai price,0,commercial,0,,,20,/postpartum-meal-prep-dubai,sub,,False,False,False,False,0,False,partial,medium — SERP looks like another page,no tracked competitor in top 30,0.17,1,write one sentence that says it,Private Chef,0,0,0,,,0,,,,,,,
postpartum meal prep menu dubai,0,transactional,0,,,20,/postpartum-meal-prep-dubai,sub,,False,False,False,False,0,False,partial,medium — SERP looks like another page,no tracked competitor in top 30,0.15,1,write one sentence that says it,Private Chef,0,0,0,,,0,,,,,,,
postpartum meal prep packages dubai,0,commercial,0,,,20,/postpartum-meal-prep-dubai,sub,,False,False,False,False,0,False,partial,medium — SERP looks like another page,no tracked competitor in top 30,0.17,1,write one sentence that says it,Private Chef,0,0,0,,,0,,,,,,,
,0,,0,,,,/press,untargeted (in sitemap),,False,False,False,False,0,False,none,n/a,,,0,decide: lock a primary or keep untargeted by decision,Trust / Utility,1,1,0,,,0,,,,,,,
book a private chef dubai,0,transactional,0,,21,10,/private-chef-dubai,sub,/how-it-works,False,False,False,False,0,False,partial,medium — SERP looks like another page,"no tracked competitor in top 30, we #21",0.38,2,write one sentence that says it; merge → /blog/private-chef-date-night-dubai,Private Chef,114,355,0,143.3,0.3571,14,ga4,,,,,,
french private chef dubai,0,,0,,,20,/private-chef-dubai,sub,,False,False,False,False,0,False,partial,low,,,1,write one sentence that says it,Private Chef,114,355,0,143.3,0.3571,14,ga4,,,,,,
private chef dubai daily,0,,0,,,20,/private-chef-dubai,sub,,False,False,False,False,0,False,partial,low,,,1,write one sentence that says it,Private Chef,114,355,0,143.3,0.3571,14,ga4,,,,,,
private chef dubai full time,0,,0,,,20,/private-chef-dubai,sub,/full-time-private-chef-dubai,False,False,False,False,0,False,partial,low,,,2,write one sentence that says it,Private Chef,114,355,0,143.3,0.3571,14,ga4,,,,,,
private chef for dinner party dubai,0,transactional,0,,35,20,/private-chef-dubai,sub,,False,False,False,False,0,False,partial,medium — SERP looks like another page,"no tracked competitor in top 30, we #35",0.22,1,write one sentence that says it; merge → /blog/private-chef-date-night-dubai,Private Chef,114,355,0,143.3,0.3571,14,ga4,,,,,,
private chef near me,0,,0,,,20,/private-chef-dubai,sub,,False,False,False,False,1,False,partial,medium — SERP looks like another page,no tracked competitor in top 30,0.0,3,a second natural mention,Private Chef,114,355,0,143.3,0.3571,14,ga4,,,,,,
private chef near me dubai,0,transactional,0,,,20,/private-chef-dubai,sub,,False,False,False,False,0,False,partial,low,,,1,write one sentence that says it,Private Chef,114,355,0,143.3,0.3571,14,ga4,,,,,,
private chef service dubai,0,commercial,0,,25,10,/private-chef-dubai,sub,/private-chef-dubai/how-it-works /vip-club,False,False,False,False,0,False,partial,medium — SERP looks like another page,"no tracked competitor in top 30, we #25",0.43,2,write one sentence that says it; merge → /private-chef-dubai/how-it-works,Private Chef,114,355,0,143.3,0.3571,14,ga4,,,,,,
managed private chef service dubai,0,commercial,0,,31,20,/private-chef-dubai/how-it-works,primary,,True,False,True,True,2,True,partial,low,"no tracked competitor in top 30, we #31",1.0,8,"no measured UAE demand, but the page gets visits — check the phrasing against what they search; say it in the meta description; get an inbound link with this anchor",Private Chef,29,47,0,20,0.5,18,first-party,,,,,,
hire a private chef,0,,0,,35,20,/private-chef-dubai/how-it-works,sub,/blog /blog/best-private-chef-birthday-dinner-dubai /blog/brunch-at-home-dubai /blog/corporate-catering-full-service-vs-drop-off /blog/corporate-event-catering-ideas-dubai /blog/desert-dinner-party-dubai,False,False,False,False,0,False,partial,medium — many bodies say it,no tracked competitor in top 30,0.38,2,write one sentence that says it; merge → /blog/private-chef-date-night-dubai,Private Chef,29,47,0,20,0.5,18,first-party,0,3,0,35,/private-chef-dubai/pricing,
most reliable personal chef services in dubai,0,commercial,0,,,20,/private-chef-dubai/how-it-works,sub,,False,False,False,False,0,False,partial,low,,,1,write one sentence that says it,Private Chef,29,47,0,20,0.5,18,first-party,,,,,,
private chef without managing staff dubai,0,transactional,0,,,20,/private-chef-dubai/how-it-works,sub,,False,False,False,False,0,False,partial,medium — SERP looks like another page,no tracked competitor in top 30,0.2,1,write one sentence that says it,Private Chef,29,47,0,20,0.5,18,first-party,,,,,,
private chef dubai price,0,commercial,0,,28,10,/private-chef-dubai/pricing,primary,/part-time-private-chef-dubai,True,True,True,True,7,True,partial,low,"no tracked competitor in top 30, we #28",1.0,9,"no measured UAE demand, but the page gets visits — check the phrasing against what they search; get an inbound link with this anchor",Private Chef,32,39,1,0.0,1,1,ga4,,,,,,
average cost of personal chef in dubai,0,commercial,0,,,20,/private-chef-dubai/pricing,sub,,False,False,False,False,1,True,partial,low,,,5,a second natural mention,Private Chef,32,39,1,0.0,1,1,ga4,,,,,,
cost of private chef dubai,0,commercial,0,,27,10,/private-chef-dubai/pricing,sub,,False,False,False,False,1,True,partial,low,"no tracked competitor in top 30, we #27",0.62,5,a second natural mention; merge → /blog/how-much-does-private-chef-cost-dubai,Private Chef,32,39,1,0.0,1,1,ga4,,,,,,
part time cook for home dubai cost,0,,0,,,20,/private-chef-dubai/pricing,sub,,False,False,False,False,1,True,partial,low,,,5,a second natural mention,Private Chef,32,39,1,0.0,1,1,ga4,,,,,,
part time private chef catering dubai price,0,,0,,,20,/private-chef-dubai/pricing,sub,,False,False,False,False,1,True,partial,low,,,5,a second natural mention,Private Chef,32,39,1,0.0,1,1,ga4,,,,,,
personal chef services rates dubai,0,commercial,0,,,20,/private-chef-dubai/pricing,sub,,False,False,False,False,1,True,partial,low,no tracked competitor in top 30,0.5,5,a second natural mention; merge → /blog/how-much-does-private-chef-cost-dubai,Private Chef,32,39,1,0.0,1,1,ga4,,,,,,
private chef catering,0,,0,,4,10,/private-chef-dubai/pricing,sub,/ /blog /locations /locations/al-barsha /locations/arabian-ranches /locations/bluewaters-island,False,False,False,False,2,True,partial,medium — many bodies say it,"no tracked competitor in top 30, we #1",0.09,8,hold — nothing to do,Private Chef,32,39,1,0.0,1,1,ga4,0,2,0,3.5,/,
private chef cost dubai,0,commercial,0,,28,10,/private-chef-dubai/pricing,sub,/blog/how-much-does-private-chef-cost-dubai /full-time-private-chef-dubai,False,False,False,True,1,False,partial,low,"no tracked competitor in top 30, we #28",0.62,1,a second natural mention; remove it from the heading (subs live in sentences); merge → /blog/how-much-does-private-chef-cost-dubai,Private Chef,32,39,1,0.0,1,1,ga4,,,,,,
private chef dubai price per day,0,commercial,0,,,20,/private-chef-dubai/pricing,sub,,False,False,False,False,2,True,partial,low,,,7,hold — nothing to do,Private Chef,32,39,1,0.0,1,1,ga4,,,,,,
private chef dubai rates,0,commercial,0,,,20,/private-chef-dubai/pricing,sub,,False,False,False,False,1,True,partial,low,,,5,a second natural mention,Private Chef,32,39,1,0.0,1,1,ga4,,,,,,
private chef vs catering dubai,0,commercial,0,,7,10,/private-chef-vs-catering-dubai,primary,,True,True,True,True,3,True,partial,low,"no tracked competitor in top 30, we #7",1.0,9,"no measured UAE demand, but the page gets visits — check the phrasing against what they search; get an inbound link with this anchor",Blog and Guides,1,1,0,,,0,,,,,,,
average cost of personal chef vs catering,0,commercial,0,,,20,/private-chef-vs-catering-dubai,sub,,False,False,False,False,1,False,partial,low,,,3,a second natural mention,Blog and Guides,1,1,0,,,0,,,,,,,
comparing personal chef services vs catering,0,commercial,0,,,20,/private-chef-vs-catering-dubai,sub,,False,False,False,False,1,False,partial,medium — SERP looks like another page,no tracked competitor in top 30,0.07,3,a second natural mention,Blog and Guides,1,1,0,,,0,,,,,,,
difference between private chef and caterer,0,commercial,0,,,20,/private-chef-vs-catering-dubai,sub,,False,False,False,False,1,False,partial,medium — SERP looks like another page,no tracked competitor in top 30,0.07,3,a second natural mention,Blog and Guides,1,1,0,,,0,,,,,,,
private chef catering company,0,commercial,0,,20,10,/private-chef-vs-catering-dubai,sub,,False,False,False,False,1,False,partial,medium — SERP looks like another page,"no tracked competitor in top 30, we #20",0.15,3,a second natural mention; merge → /locations/downtown-dubai,Blog and Guides,1,1,0,,,0,,,,,,,
private chef or catering for a party,0,commercial,0,,27,10,/private-chef-vs-catering-dubai,sub,,False,False,False,False,1,False,partial,medium — SERP looks like another page,"no tracked competitor in top 30, we #27",0.23,3,a second natural mention; merge → /blog/private-chef-date-night-dubai,Blog and Guides,1,1,0,,,0,,,,,,,
private chef vs caterer cost dubai,0,commercial,0,,,20,/private-chef-vs-catering-dubai,sub,,False,False,False,False,1,False,partial,low,,,3,a second natural mention,Blog and Guides,1,1,0,,,0,,,,,,,
should i hire a chef or a caterer,0,commercial,0,,,20,/private-chef-vs-catering-dubai,sub,,False,False,False,False,1,False,partial,medium — SERP looks like another page,no tracked competitor in top 30,0.0,3,a second natural mention,Blog and Guides,1,1,0,,,0,,,,,,,
private cooking classes dubai,0,commercial,0,,34,20,/private-cooking-classes-dubai,primary,,True,True,True,True,5,True,partial,low,"no tracked competitor in top 30, we #34",1.0,9,"no measured UAE demand, but the page gets visits — check the phrasing against what they search; get an inbound link with this anchor",Dining Experiences,14,26,2,1256.0,0,1,ga4,,,,,,
best private cooking classes dubai,0,commercial,0,,,20,/private-cooking-classes-dubai,sub,,False,False,False,False,1,False,partial,medium — SERP looks like another page,no tracked competitor in top 30,0.33,3,a second natural mention,Dining Experiences,14,26,2,1256.0,0,1,ga4,,,,,,
cooking class cost per person dubai,0,commercial,0,,16,10,/private-cooking-classes-dubai,sub,,False,False,False,False,1,False,partial,medium — SERP looks like another page,"no tracked competitor in top 30, we #16",0.09,3,a second natural mention,Dining Experiences,14,26,2,1256.0,0,1,ga4,,,,,,
cooking class packages dubai,0,commercial,0,,,20,/private-cooking-classes-dubai,sub,,False,False,False,False,1,False,partial,low,no tracked competitor in top 30,0.71,3,a second natural mention,Dining Experiences,14,26,2,1256.0,0,1,ga4,,,,,,
cooking classes at home dubai,0,commercial,0,,,20,/private-cooking-classes-dubai,sub,,False,False,False,False,1,False,partial,medium — SERP looks like another page,no tracked competitor in top 30,0.2,3,a second natural mention,Dining Experiences,14,26,2,1256.0,0,1,ga4,,,,,,
cooking classes availability dubai,0,commercial,0,,,20,/private-cooking-classes-dubai,sub,,False,False,False,False,0,False,partial,low,no tracked competitor in top 30,0.71,1,write one sentence that says it,Dining Experiences,14,26,2,1256.0,0,1,ga4,,,,,,
cooking classes in dubai for adults,0,,0,,,20,/private-cooking-classes-dubai,sub,,False,False,False,False,0,False,partial,low,,,1,write one sentence that says it,Dining Experiences,14,26,2,1256.0,0,1,ga4,,,,,,
cooking classes in dubai for beginners,0,,0,,,20,/private-cooking-classes-dubai,sub,,False,False,False,False,0,False,partial,low,,,1,write one sentence that says it,Dining Experiences,14,26,2,1256.0,0,1,ga4,,,,,,
cooking classes rates dubai,0,commercial,0,,,20,/private-cooking-classes-dubai,sub,,False,False,False,False,1,False,partial,medium — SERP looks like another page,no tracked competitor in top 30,0.33,3,a second natural mention,Dining Experiences,14,26,2,1256.0,0,1,ga4,,,,,,
group cooking classes dubai,0,,0,,,20,/private-cooking-classes-dubai,sub,,False,False,False,False,0,False,partial,low,,,1,write one sentence that says it,Dining Experiences,14,26,2,1256.0,0,1,ga4,,,,,,
private cooking class dubai,0,,0,,,20,/private-cooking-classes-dubai,sub,,False,False,False,False,0,False,partial,low,,,1,write one sentence that says it,Dining Experiences,14,26,2,1256.0,0,1,ga4,,,,,,
private cooking classes dubai price,0,commercial,0,,,20,/private-cooking-classes-dubai,sub,,False,False,False,False,1,False,partial,low,,,3,a second natural mention,Dining Experiences,14,26,2,1256.0,0,1,ga4,,,,,,
private jet catering dubai,0,commercial,0,,,20,/private-jet-catering-dubai,primary,,True,False,False,False,0,False,partial,low,no tracked competitor in top 30,1.0,2,"no measured UAE demand, but the page gets visits — check the phrasing against what they search; put the exact primary in the H1; say it in the meta description; say it in the first 100 words; one H2 carries it; use it at least twice in the body; answer a FAQ that contains it; get an inbound link with this anchor",Packages,2,3,0,52.0,0,1,ga4,,,,,,
deluxe private jet catering,0,,0,,,20,/private-jet-catering-dubai,sub,,False,False,False,False,0,False,partial,low,,,1,write one sentence that says it,Packages,2,3,0,52.0,0,1,ga4,,,,,,
emirates airline catering near dubai,0,commercial,0,,,20,/private-jet-catering-dubai,sub,,False,False,False,False,0,False,partial,medium — SERP looks like another page,no tracked competitor in top 30,0.15,1,write one sentence that says it,Packages,2,3,0,52.0,0,1,ga4,,,,,,
in flight catering dubai,0,transactional,0,,,20,/private-jet-catering-dubai,sub,,False,False,False,False,0,False,partial,medium — SERP looks like another page,no tracked competitor in top 30,0.08,1,write one sentence that says it,Packages,2,3,0,52.0,0,1,ga4,,,,,,
jet catering menu dubai,0,transactional,0,,,20,/private-jet-catering-dubai,sub,,False,False,False,False,0,False,partial,low,,,1,write one sentence that says it,Packages,2,3,0,52.0,0,1,ga4,,,,,,
luxury private jet catering,0,,0,,,20,/private-jet-catering-dubai,sub,,False,False,False,False,0,False,partial,low,,,1,write one sentence that says it,Packages,2,3,0,52.0,0,1,ga4,,,,,,
odyssey private jet catering,0,,0,,,20,/private-jet-catering-dubai,sub,,False,False,False,False,0,False,partial,low,,,1,write one sentence that says it,Packages,2,3,0,52.0,0,1,ga4,,,,,,
private jet catering aspen,0,,0,,,20,/private-jet-catering-dubai,sub,,False,False,False,False,0,False,partial,low,,,1,write one sentence that says it,Packages,2,3,0,52.0,0,1,ga4,,,,,,
private jet catering austin,0,,0,,,20,/private-jet-catering-dubai,sub,,False,False,False,False,0,False,partial,low,,,1,write one sentence that says it,Packages,2,3,0,52.0,0,1,ga4,,,,,,
private jet catering farnborough,0,,0,,,20,/private-jet-catering-dubai,sub,,False,False,False,False,0,False,partial,low,,,1,write one sentence that says it,Packages,2,3,0,52.0,0,1,ga4,,,,,,
private jet chef dubai,0,transactional,0,,,20,/private-jet-catering-dubai,sub,,False,False,False,False,0,False,partial,medium — SERP looks like another page,no tracked competitor in top 30,0.06,1,write one sentence that says it,Packages,2,3,0,52.0,0,1,ga4,,,,,,
private jet food dubai,0,informational,0,,,20,/private-jet-catering-dubai,sub,,False,False,False,False,0,False,partial,medium — SERP looks like another page,no tracked competitor in top 30,0.36,1,write one sentence that says it,Packages,2,3,0,52.0,0,1,ga4,,,,,,
private jet meals dubai,0,commercial,0,,,20,/private-jet-catering-dubai,sub,,False,False,False,False,0,False,partial,medium — SERP looks like another page,no tracked competitor in top 30,0.36,1,write one sentence that says it,Packages,2,3,0,52.0,0,1,ga4,,,,,,
private party catering dubai,0,commercial,0,,,20,/private-party-catering-dubai,primary,,True,True,True,True,4,False,partial,low,no tracked competitor in top 30,1.0,8,"no measured UAE demand, but the page gets visits — check the phrasing against what they search; answer a FAQ that contains it; get an inbound link with this anchor",Private Events,13,15,0,1,1.0,5,first-party,,,,,,
annual company party catering dubai,0,,0,,,20,/private-party-catering-dubai,sub,,False,False,False,False,0,False,partial,low,,,1,write one sentence that says it,Private Events,13,15,0,1,1.0,5,first-party,,,,,,
best private party catering dubai,0,commercial,0,,,20,/private-party-catering-dubai,sub,,False,False,False,False,0,False,partial,low,,,1,write one sentence that says it,Private Events,13,15,0,1,1.0,5,first-party,,,,,,
dinner party catering dubai,0,,0,,,20,/private-party-catering-dubai,sub,,False,False,False,False,0,False,partial,low,,,1,write one sentence that says it,Private Events,13,15,0,1,1.0,5,first-party,,,,,,
halal private party catering dubai,0,commercial,0,,30,10,/private-party-catering-dubai,sub,,False,False,False,False,0,False,partial,medium — SERP looks like another page,"no tracked competitor in top 30, we #30",0.44,1,write one sentence that says it,Private Events,13,15,0,1,1.0,5,first-party,,,,,,
house party catering dubai,0,commercial,0,,,20,/private-party-catering-dubai,sub,,False,False,False,False,1,False,partial,low,no tracked competitor in top 30,0.71,3,a second natural mention,Private Events,13,15,0,1,1.0,5,first-party,,,,,,
private catering near me,0,,0,,,20,/private-party-catering-dubai,sub,,False,False,False,False,0,False,partial,low,,,1,write one sentence that says it,Private Events,13,15,0,1,1.0,5,first-party,,,,,,
private party catering cost per person dubai,0,commercial,0,,,20,/private-party-catering-dubai,sub,,False,False,False,False,0,False,partial,low,,,1,write one sentence that says it,Private Events,13,15,0,1,1.0,5,first-party,,,,,,
private party catering dubai price,0,commercial,0,,,20,/private-party-catering-dubai,sub,,False,False,False,False,1,False,partial,low,,,3,a second natural mention,Private Events,13,15,0,1,1.0,5,first-party,,,,,,
private party catering menu dubai,0,commercial,0,,,20,/private-party-catering-dubai,sub,,False,False,False,False,0,False,partial,low,no tracked competitor in top 30,0.71,1,write one sentence that says it,Private Events,13,15,0,1,1.0,5,first-party,,,,,,
private party catering packages dubai,0,commercial,0,,,20,/private-party-catering-dubai,sub,,False,False,False,False,0,False,partial,low,no tracked competitor in top 30,0.83,1,write one sentence that says it,Private Events,13,15,0,1,1.0,5,first-party,,,,,,
small party catering dubai indian price list,0,,0,,,20,/private-party-catering-dubai,sub,,False,False,False,False,0,False,partial,low,,,1,write one sentence that says it,Private Events,13,15,0,1,1.0,5,first-party,,,,,,
product launch catering dubai,0,commercial,0,,,20,/product-launch-catering-dubai,primary,/brand-activation-catering-dubai,True,False,True,False,2,False,exact,low,,1.0,7,"no measured UAE demand, but the page gets visits — check the phrasing against what they search; say it in the meta description; one H2 carries it; answer a FAQ that contains it",Corporate Catering,3,7,0,6,0.667,3,first-party,,,,,,
catering for store opening dubai,0,transactional,0,,,20,/product-launch-catering-dubai,sub,,False,False,False,False,0,False,partial,low,no tracked competitor in top 30,,1,write one sentence that says it,Corporate Catering,3,7,0,6,0.667,3,first-party,,,,,,
catering planning checklist,0,informational,0,,,20,/product-launch-catering-dubai,sub,,False,False,False,True,1,False,partial,low,no tracked competitor in top 30,,0,a second natural mention; remove it from the heading (subs live in sentences),Corporate Catering,3,7,0,6,0.667,3,first-party,,,,,,
launch party catering dubai,0,commercial,0,,,20,/product-launch-catering-dubai,sub,,False,False,False,False,0,False,partial,low,,,1,write one sentence that says it,Corporate Catering,3,7,0,6,0.667,3,first-party,,,,,,
product launch catering dubai cost per person,0,commercial,0,,,20,/product-launch-catering-dubai,sub,,False,False,False,False,0,False,partial,low,,,1,write one sentence that says it,Corporate Catering,3,7,0,6,0.667,3,first-party,,,,,,
product launch catering dubai price,0,commercial,0,,2,10,/product-launch-catering-dubai,sub,,False,False,False,False,0,False,partial,low,"no tracked competitor in top 30, we #2",,1,write one sentence that says it,Corporate Catering,3,7,0,6,0.667,3,first-party,,,,,,
product launch catering menu dubai,0,commercial,0,,4,10,/product-launch-catering-dubai,sub,,False,False,False,False,0,False,partial,low,"no tracked competitor in top 30, we #4",,1,write one sentence that says it,Corporate Catering,3,7,0,6,0.667,3,first-party,,,,,,
product launch catering packages dubai,0,commercial,0,,,20,/product-launch-catering-dubai,sub,,False,False,False,False,0,False,partial,low,,,1,write one sentence that says it,Corporate Catering,3,7,0,6,0.667,3,first-party,,,,,,
production catering dubai,0,commercial,0,,,20,/production-catering-dubai,primary,,True,False,True,False,2,False,none,low,no tracked competitor in top 30,1.0,6,"no measured UAE demand, but the page gets visits — check the phrasing against what they search; say it in the meta description; one H2 carries it; answer a FAQ that contains it; get an inbound link with this anchor",Corporate Catering,1,1,0,,,0,,,,,,,
film crew catering dubai,0,commercial,0,,27,10,/production-catering-dubai,sub,,False,False,False,False,0,False,none,medium — SERP looks like another page,"no tracked competitor in top 30, we #27",0.27,0,write one sentence that says it,Corporate Catering,1,1,0,,,0,,,,,,,
film production catering dubai,0,,0,,,20,/production-catering-dubai,sub,,False,False,False,False,0,False,none,low,,,0,write one sentence that says it,Corporate Catering,1,1,0,,,0,,,,,,,
film set catering dubai,0,transactional,0,,,20,/production-catering-dubai,sub,,False,False,False,False,0,False,none,medium — SERP looks like another page,no tracked competitor in top 30,0.36,0,write one sentence that says it,Corporate Catering,1,1,0,,,0,,,,,,,
photoshoot catering dubai,0,transactional,0,,,20,/production-catering-dubai,sub,,False,False,False,False,0,False,none,medium — SERP looks like another page,no tracked competitor in top 30,0.08,0,write one sentence that says it,Corporate Catering,1,1,0,,,0,,,,,,,
production catering companies dubai,0,commercial,0,,,20,/production-catering-dubai,sub,,False,False,False,False,0,False,none,low,,,0,write one sentence that says it,Corporate Catering,1,1,0,,,0,,,,,,,
production catering dubai cost per person,0,commercial,0,,,20,/production-catering-dubai,sub,,False,False,False,False,0,False,none,low,,,0,write one sentence that says it,Corporate Catering,1,1,0,,,0,,,,,,,
production catering dubai price,0,commercial,0,,17,10,/production-catering-dubai,sub,,False,False,False,False,0,False,none,medium — SERP looks like another page,"no tracked competitor in top 30, we #17",0.33,0,write one sentence that says it,Corporate Catering,1,1,0,,,0,,,,,,,
production catering menu dubai,0,commercial,0,,31,20,/production-catering-dubai,sub,,False,False,False,False,0,False,none,medium — SERP looks like another page,"no tracked competitor in top 30, we #31",0.21,0,write one sentence that says it,Corporate Catering,1,1,0,,,0,,,,,,,
production catering packages dubai,0,commercial,0,,,20,/production-catering-dubai,sub,,False,False,False,False,0,False,none,medium — SERP looks like another page,no tracked competitor in top 30,0.45,0,write one sentence that says it,Corporate Catering,1,1,0,,,0,,,,,,,
proposal dinner dubai,0,transactional,0,,,20,/proposal-dinner-dubai,primary,,True,True,True,True,12,True,partial,low,no tracked competitor in top 30,1.0,9,no measured UAE demand for this primary — re-target it or merge the page; get an inbound link with this anchor,Dining Experiences,0,0,0,,,0,,,,,,,
best proposal dinner dubai,0,commercial,0,,,20,/proposal-dinner-dubai,sub,,False,False,False,False,1,False,partial,medium — SERP looks like another page,no tracked competitor in top 30,0.27,3,a second natural mention,Dining Experiences,0,0,0,,,0,,,,,,,
dinner for couples in dubai,0,,0,,,20,/proposal-dinner-dubai,sub,,False,False,False,False,1,True,partial,low,,,5,a second natural mention,Dining Experiences,0,0,0,,,0,,,,,,,
dinner offers in dubai,0,,0,,,20,/proposal-dinner-dubai,sub,,False,False,False,False,1,False,partial,low,,,3,a second natural mention,Dining Experiences,0,0,0,,,0,,,,,,,
dinner set price in dubai,0,,0,,,20,/proposal-dinner-dubai,sub,,False,False,False,False,1,False,partial,low,,,3,a second natural mention,Dining Experiences,0,0,0,,,0,,,,,,,
halal proposal dinner dubai,0,transactional,0,,,20,/proposal-dinner-dubai,sub,,False,False,False,False,1,False,partial,medium — SERP looks like another page,no tracked competitor in top 30,0.23,3,a second natural mention,Dining Experiences,0,0,0,,,0,,,,,,,
marriage proposal dinner dubai,0,transactional,0,,,20,/proposal-dinner-dubai,sub,,False,False,False,False,1,True,partial,medium — SERP looks like another page,no tracked competitor in top 30,0.4,5,a second natural mention,Dining Experiences,0,0,0,,,0,,,,,,,
private chef proposal dinner dubai,0,transactional,0,,,20,/proposal-dinner-dubai,sub,,False,False,False,False,1,False,partial,medium — SERP looks like another page,no tracked competitor in top 30,0.0,3,a second natural mention; merge → /private-chef-dubai/how-it-works,Dining Experiences,0,0,0,,,0,,,,,,,
proposal dinner dubai price,0,commercial,0,,,20,/proposal-dinner-dubai,sub,,False,False,False,False,1,False,partial,medium — SERP looks like another page,no tracked competitor in top 30,0.33,3,a second natural mention,Dining Experiences,0,0,0,,,0,,,,,,,
proposal dinner menu dubai,0,transactional,0,,,20,/proposal-dinner-dubai,sub,,False,False,False,False,1,False,partial,medium — SERP looks like another page,no tracked competitor in top 30,0.23,3,a second natural mention,Dining Experiences,0,0,0,,,0,,,,,,,
proposal dinner packages dubai,0,commercial,0,,,20,/proposal-dinner-dubai,sub,,False,False,False,False,1,False,partial,low,,,3,a second natural mention,Dining Experiences,0,0,0,,,0,,,,,,,
romantic proposal dinner dubai,0,,0,,,20,/proposal-dinner-dubai,sub,,False,False,False,False,1,True,partial,low,,,5,a second natural mention,Dining Experiences,0,0,0,,,0,,,,,,,
yacht proposal dinner dubai,0,transactional,0,,,20,/proposal-dinner-dubai,sub,,False,False,False,False,1,False,partial,medium — SERP looks like another page,no tracked competitor in top 30,0.0,3,a second natural mention,Dining Experiences,0,0,0,,,0,,,,,,,
catering quality guarantee dubai,0,commercial,0,,,20,/quality-guarantee-dubai,primary,,True,True,True,True,3,True,partial,low,no tracked competitor in top 30,1.0,9,no measured UAE demand for this primary — re-target it or merge the page; get an inbound link with this anchor,Trust / Utility,0,0,0,,,0,,,,,,,
catering complaint policy dubai,0,informational,0,,,20,/quality-guarantee-dubai,sub,,False,False,False,False,0,False,partial,low,,,1,write one sentence that says it,Trust / Utility,0,0,0,,,0,,,,,,,
catering vs delivery,0,commercial,0,,,20,/quality-guarantee-dubai,sub,,False,False,False,False,1,False,partial,medium — SERP looks like another page,no tracked competitor in top 30,0.0,3,a second natural mention,Trust / Utility,0,0,0,,,0,,,,,,,
how to complain about a caterer dubai,0,informational,0,,,20,/quality-guarantee-dubai,sub,,False,False,False,False,2,True,partial,medium — SERP looks like another page,no tracked competitor in top 30,0.0,7,hold — nothing to do,Trust / Utility,0,0,0,,,0,,,,,,,
what if catering goes wrong dubai,0,informational,0,,16,10,/quality-guarantee-dubai,sub,,False,False,False,False,1,True,partial,medium — SERP looks like another page,"no tracked competitor in top 30, we #16",0.07,5,a second natural mention,Trust / Utility,0,0,0,,,0,,,,,,,
best ramadan catering dubai,0,commercial,0,,,20,/ramadan-catering-dubai,sub,,False,False,False,False,1,False,partial,low,no tracked competitor in top 30,0.5,3,a second natural mention,Seasonal and Occasions,0,0,0,,,0,,,,,,,
ramadan catering cost per person dubai,0,commercial,0,,,20,/ramadan-catering-dubai,sub,,False,False,False,False,1,False,partial,medium — SERP looks like another page,no tracked competitor in top 30,0.06,3,a second natural mention,Seasonal and Occasions,0,0,0,,,0,,,,,,,
ramadan catering dubai price,0,commercial,0,,,20,/ramadan-catering-dubai,sub,,False,False,False,False,1,False,partial,low,,,3,a second natural mention,Seasonal and Occasions,0,0,0,,,0,,,,,,,
ramadan catering menu dubai,0,commercial,0,,,20,/ramadan-catering-dubai,sub,,False,False,False,False,1,False,partial,low,,,3,a second natural mention,Seasonal and Occasions,0,0,0,,,0,,,,,,,
ramadan catering packages dubai,0,commercial,0,,,20,/ramadan-catering-dubai,sub,,False,False,False,False,1,False,partial,medium — SERP looks like another page,no tracked competitor in top 30,0.36,3,a second natural mention,Seasonal and Occasions,0,0,0,,,0,,,,,,,
ramadan iftar buffet dubai price,0,commercial,0,,,20,/ramadan-catering-dubai,sub,,False,False,False,False,1,False,partial,medium — SERP looks like another page,no tracked competitor in top 30,0.0,3,a second natural mention,Seasonal and Occasions,0,0,0,,,0,,,,,,,
ramadan majlis catering dubai,0,commercial,0,,,20,/ramadan-catering-dubai,sub,,False,False,False,False,0,False,partial,medium — SERP looks like another page,no tracked competitor in top 30,0.15,1,write one sentence that says it,Seasonal and Occasions,0,0,0,,,0,,,,,,,
ramadan catering guide dubai,0,commercial,0,,,20,/ramadan-catering-guide-dubai,primary,,True,False,False,False,1,False,partial,low,no tracked competitor in top 30,1.0,3,"no measured UAE demand, but the page gets visits — check the phrasing against what they search; put the exact primary in the H1; say it in the meta description; one H2 carries it; use it at least twice in the body; answer a FAQ that contains it; get an inbound link with this anchor",Blog and Guides,1,1,0,,,0,,,,,,,
catering guide dubai,0,commercial,0,,,20,/ramadan-catering-guide-dubai,sub,/yacht-catering-guide-dubai,True,False,False,False,1,False,partial,medium — SERP looks like another page,no tracked competitor in top 30,0.0,1,a second natural mention; remove it from the heading (subs live in sentences); merge → /catering-packages-dubai,Blog and Guides,1,1,0,,,0,,,,,,,
how much food per person for iftar dubai,0,commercial,0,,,20,/ramadan-catering-guide-dubai,sub,,False,False,False,False,0,False,none,medium — SERP looks like another page,no tracked competitor in top 30,0.0,0,write one sentence that says it,Blog and Guides,1,1,0,,,0,,,,,,,
how to plan iftar catering dubai,0,informational,0,,,20,/ramadan-catering-guide-dubai,sub,,False,False,False,False,0,False,partial,medium — SERP looks like another page,no tracked competitor in top 30,0.13,1,write one sentence that says it,Blog and Guides,1,1,0,,,0,,,,,,,
iftar catering checklist dubai,0,transactional,0,,,20,/ramadan-catering-guide-dubai,sub,,False,False,False,False,0,False,partial,medium — SERP looks like another page,no tracked competitor in top 30,0.2,1,write one sentence that says it,Blog and Guides,1,1,0,,,0,,,,,,,
ramadan iftar catering trends dubai,0,commercial,0,,,20,/ramadan-catering-guide-dubai,sub,,False,False,False,False,0,False,partial,medium — SERP looks like another page,no tracked competitor in top 30,0.31,1,write one sentence that says it,Blog and Guides,1,1,0,,,0,,,,,,,
suhoor planning guide dubai,0,informational,0,,,20,/ramadan-catering-guide-dubai,sub,,False,False,False,False,0,False,partial,medium — SERP looks like another page,no tracked competitor in top 30,0.0,1,write one sentence that says it,Blog and Guides,1,1,0,,,0,,,,,,,
when to book iftar catering dubai,0,informational,0,,,20,/ramadan-catering-guide-dubai,sub,,False,False,False,False,0,False,partial,low,,,1,write one sentence that says it,Blog and Guides,1,1,0,,,0,,,,,,,
mychef referral programme,0,commercial,0,,8,10,/referral-programme,primary,/catering-packages-dubai,True,True,True,True,5,False,exact,low,"no tracked competitor in top 30, we #8",1.0,9,no measured UAE demand for this primary — re-target it or merge the page; answer a FAQ that contains it,Packages / Offers,0,0,0,,,0,,,,,,,
refer a friend catering dubai,0,transactional,0,,,20,/referral-programme,sub,,False,False,False,False,0,False,partial,medium — SERP looks like another page,no tracked competitor in top 30,0.0,1,write one sentence that says it,Packages / Offers,0,0,0,,,0,,,,,,,
,0,,0,,,,/review,untargeted (in sitemap),,False,False,False,False,0,False,none,n/a,,,0,decide: lock a primary or keep untargeted by decision,Trust / Utility,1,1,0,,,0,,,,,,,
anniversary dinner dubai,0,,0,,,20,/romantic-dinner-dubai,sub,,False,False,False,False,1,False,partial,low,,,3,a second natural mention,Dining Experiences,3,3,0,13,1.0,3,first-party,,,,,,
date night private chef dubai,0,transactional,0,,24,10,/romantic-dinner-dubai,sub,,False,False,False,False,0,False,partial,medium — SERP looks like another page,"no tracked competitor in top 30, we #24",0.0,1,write one sentence that says it; merge → /private-chef-dubai/how-it-works,Dining Experiences,3,3,0,13,1.0,3,first-party,,,,,,
private chef romantic dinner dubai,0,,0,,,20,/romantic-dinner-dubai,sub,,False,False,False,False,2,False,partial,low,,,5,hold — nothing to do,Dining Experiences,3,3,0,13,1.0,3,first-party,,,,,,
romantic dinner at home dubai,0,,0,,,20,/romantic-dinner-dubai,sub,,False,False,False,False,2,False,partial,low,,,5,hold — nothing to do,Dining Experiences,3,3,0,13,1.0,3,first-party,,,,,,
romantic dinner dubai desert,0,informational,0,,,20,/romantic-dinner-dubai,sub,,False,False,False,False,2,False,partial,medium — SERP looks like another page,no tracked competitor in top 30,0.0,5,hold — nothing to do,Dining Experiences,3,3,0,13,1.0,3,first-party,,,,,,
romantic dinner dubai for couples,0,informational,0,,,20,/romantic-dinner-dubai,sub,,False,False,False,False,1,False,partial,low,no tracked competitor in top 30,0.62,3,a second natural mention,Dining Experiences,3,3,0,13,1.0,3,first-party,,,,,,
romantic dinner dubai marina,0,informational,0,,,20,/romantic-dinner-dubai,sub,,False,False,False,False,1,False,partial,medium — SERP looks like another page,no tracked competitor in top 30,0.17,3,a second natural mention,Dining Experiences,3,3,0,13,1.0,3,first-party,,,,,,
romantic dinner dubai with a view,0,informational,0,,,20,/romantic-dinner-dubai,sub,,False,False,False,False,1,False,partial,medium — SERP looks like another page,no tracked competitor in top 30,0.44,3,a second natural mention,Dining Experiences,3,3,0,13,1.0,3,first-party,,,,,,
valentines private dinner dubai,0,,0,,,20,/romantic-dinner-dubai,sub,,False,False,False,False,2,False,partial,low,,,5,hold — nothing to do,Dining Experiences,3,3,0,13,1.0,3,first-party,,,,,,
staff meals catering dubai,0,commercial,0,,,20,/staff-meals-catering-dubai,primary,/faq,True,False,True,False,2,False,partial,low,,1.0,6,no measured UAE demand for this primary — re-target it or merge the page; say it in the meta description; one H2 carries it; answer a FAQ that contains it; get an inbound link with this anchor,Corporate Catering,0,0,0,29.0,0,1,ga4,,,,,,
best veg meals in dubai,0,,0,,,20,/staff-meals-catering-dubai,sub,,False,False,False,False,0,False,partial,low,,,1,write one sentence that says it,Corporate Catering,0,0,0,29.0,0,1,ga4,,,,,,
catering staff hire for private catering,0,transactional,0,,,20,/staff-meals-catering-dubai,sub,,False,False,False,False,0,False,partial,low,no tracked competitor in top 30,,1,write one sentence that says it,Corporate Catering,0,0,0,29.0,0,1,ga4,,,,,,
catering with service staff,0,commercial,0,,,20,/staff-meals-catering-dubai,sub,,False,False,False,False,0,False,partial,low,no tracked competitor in top 30,,1,write one sentence that says it,Corporate Catering,0,0,0,29.0,0,1,ga4,,,,,,
chief of staff catering,0,,0,,,20,/staff-meals-catering-dubai,sub,,False,False,False,False,0,False,partial,low,,,1,write one sentence that says it,Corporate Catering,0,0,0,29.0,0,1,ga4,,,,,,
event catering staff,0,,0,,,20,/staff-meals-catering-dubai,sub,,False,False,False,False,0,False,partial,low,,,1,write one sentence that says it,Corporate Catering,0,0,0,29.0,0,1,ga4,,,,,,
halal staff meals catering dubai,0,commercial,0,,17,10,/staff-meals-catering-dubai,sub,,False,False,False,False,0,False,partial,low,"no tracked competitor in top 30, we #17",,1,write one sentence that says it,Corporate Catering,0,0,0,29.0,0,1,ga4,,,,,,
monthly meals in dubai,0,,0,,,20,/staff-meals-catering-dubai,sub,,False,False,False,False,0,False,partial,low,,,1,write one sentence that says it,Corporate Catering,0,0,0,29.0,0,1,ga4,,,,,,
ready to cook meals dubai,0,,0,,,20,/staff-meals-catering-dubai,sub,,False,False,False,False,0,False,partial,low,,,1,write one sentence that says it,Corporate Catering,0,0,0,29.0,0,1,ga4,,,,,,
staff lunch catering dubai,0,informational,0,,31,20,/staff-meals-catering-dubai,sub,,False,False,False,False,0,False,partial,low,"no tracked competitor in top 30, we #31",,1,write one sentence that says it; merge → /business-lunch-catering-dubai,Corporate Catering,0,0,0,29.0,0,1,ga4,,,,,,
staff meals catering dubai cost per person,0,commercial,0,,8,10,/staff-meals-catering-dubai,sub,,False,False,False,False,0,False,partial,low,"no tracked competitor in top 30, we #8",,1,write one sentence that says it,Corporate Catering,0,0,0,29.0,0,1,ga4,,,,,,
staff meals catering dubai price,0,commercial,0,,,20,/staff-meals-catering-dubai,sub,,False,False,False,False,0,False,partial,low,no tracked competitor in top 30,,1,write one sentence that says it,Corporate Catering,0,0,0,29.0,0,1,ga4,,,,,,
staff meals dubai,0,informational,0,,,20,/staff-meals-catering-dubai,sub,,False,False,False,False,0,False,partial,low,,,1,write one sentence that says it,Corporate Catering,0,0,0,29.0,0,1,ga4,,,,,,
best sushi catering dubai,0,commercial,0,,,20,/sushi-catering-dubai,sub,,False,False,False,False,1,False,partial,medium — SERP looks like another page,no tracked competitor in top 30,0.3,3,a second natural mention,Cuisines and Dietary,3,4,0,157.0,0,1,ga4,,,,,,
birthday sushi catering dubai,0,,0,,,20,/sushi-catering-dubai,sub,,False,False,False,False,1,False,partial,low,,,3,a second natural mention,Cuisines and Dietary,3,4,0,157.0,0,1,ga4,,,,,,
halal sushi catering dubai,0,commercial,0,,,20,/sushi-catering-dubai,sub,,False,False,False,False,1,False,partial,medium — SERP looks like another page,no tracked competitor in top 30,0.36,3,a second natural mention,Cuisines and Dietary,3,4,0,157.0,0,1,ga4,,,,,,
japanese catering dubai,0,commercial,0,,,20,/sushi-catering-dubai,sub,,False,False,False,False,0,False,partial,medium — SERP looks like another page,no tracked competitor in top 30,0.21,1,write one sentence that says it,Cuisines and Dietary,3,4,0,157.0,0,1,ga4,,,,,,
private sushi chef dubai,0,,0,,,20,/sushi-catering-dubai,sub,,False,False,False,False,0,False,partial,low,,,1,write one sentence that says it,Cuisines and Dietary,3,4,0,157.0,0,1,ga4,,,,,,
sushi caterer dubai,0,,0,,,20,/sushi-catering-dubai,sub,,False,False,False,False,0,False,partial,low,,,1,write one sentence that says it,Cuisines and Dietary,3,4,0,157.0,0,1,ga4,,,,,,
sushi catering cost per person dubai,0,commercial,0,,,20,/sushi-catering-dubai,sub,,False,False,False,False,1,False,partial,medium — SERP looks like another page,no tracked competitor in top 30,0.15,3,a second natural mention,Cuisines and Dietary,3,4,0,157.0,0,1,ga4,,,,,,
sushi catering dubai price,0,commercial,0,,,20,/sushi-catering-dubai,sub,,False,False,False,False,1,False,partial,low,,,3,a second natural mention,Cuisines and Dietary,3,4,0,157.0,0,1,ga4,,,,,,
sushi catering menu dubai,0,transactional,0,,,20,/sushi-catering-dubai,sub,,False,False,False,False,1,False,partial,medium — SERP looks like another page,no tracked competitor in top 30,0.4,3,a second natural mention,Cuisines and Dietary,3,4,0,157.0,0,1,ga4,,,,,,
sushi catering packages dubai,0,commercial,0,,,20,/sushi-catering-dubai,sub,,False,False,False,False,1,False,partial,low,,,3,a second natural mention,Cuisines and Dietary,3,4,0,157.0,0,1,ga4,,,,,,
sushi chef at home dubai,0,informational,0,,,20,/sushi-catering-dubai,sub,,False,False,False,False,1,False,partial,medium — SERP looks like another page,no tracked competitor in top 30,0.07,3,a second natural mention,Cuisines and Dietary,3,4,0,157.0,0,1,ga4,,,,,,
sushi platter dubai,0,,0,,,20,/sushi-catering-dubai,sub,,False,False,False,False,0,False,partial,low,,,1,write one sentence that says it,Cuisines and Dietary,3,4,0,157.0,0,1,ga4,,,,,,
private tasting menu dubai,0,commercial,0,,,20,/tasting-menu-dubai,primary,,False,False,False,False,0,False,partial,low,,1.0,0,"no measured UAE demand, but the page gets visits — check the phrasing against what they search; put the exact primary in the title; put the exact primary in the H1; say it in the meta description; say it in the first 100 words; one H2 carries it; use it at least twice in the body; answer a FAQ that contains it; get an inbound link with this anchor",Dining Experiences,4,4,0,,,0,,,,,,,
chef tasting menu dubai,0,transactional,0,,,20,/tasting-menu-dubai,sub,,True,False,False,False,0,False,partial,low,no tracked competitor in top 30,,0,write one sentence that says it; remove it from the heading (subs live in sentences),Dining Experiences,4,4,0,,,0,,,,,,,
degustation menu dubai private,0,,0,,,20,/tasting-menu-dubai,sub,,False,False,False,False,0,False,partial,low,,,1,write one sentence that says it,Dining Experiences,4,4,0,,,0,,,,,,,
halal tasting menu dubai,0,commercial,0,,,20,/tasting-menu-dubai,sub,,False,False,False,False,0,False,partial,low,no tracked competitor in top 30,,1,write one sentence that says it,Dining Experiences,4,4,0,,,0,,,,,,,
private chef set menu dubai,0,transactional,0,,29,10,/tasting-menu-dubai,sub,,False,False,False,False,0,False,partial,low,"no tracked competitor in top 30, we #29",,1,write one sentence that says it; merge → /how-it-works,Dining Experiences,4,4,0,,,0,,,,,,,
private chef tasting menu dubai,0,transactional,0,,23,10,/tasting-menu-dubai,sub,,True,False,False,False,0,False,partial,low,"no tracked competitor in top 30, we #23",,0,write one sentence that says it; remove it from the heading (subs live in sentences); merge → /blog/best-private-chef-birthday-dinner-dubai,Dining Experiences,4,4,0,,,0,,,,,,,
private chef tasting menu price per person dubai,0,commercial,0,,13,10,/tasting-menu-dubai,sub,,False,False,False,False,0,False,partial,low,"no tracked competitor in top 30, we #13",,1,write one sentence that says it,Dining Experiences,4,4,0,,,0,,,,,,,
private jet catering menu prices,0,,0,,,20,/tasting-menu-dubai,sub,,False,False,False,False,0,False,partial,low,,,1,write one sentence that says it,Dining Experiences,4,4,0,,,0,,,,,,,
tasting menu at home dubai,0,transactional,0,,,20,/tasting-menu-dubai,sub,,False,False,False,False,0,False,partial,low,no tracked competitor in top 30,,1,write one sentence that says it,Dining Experiences,4,4,0,,,0,,,,,,,
tasting menu birthday dubai,0,,0,,,20,/tasting-menu-dubai,sub,,False,False,False,False,0,False,partial,low,,,1,write one sentence that says it,Dining Experiences,4,4,0,,,0,,,,,,,
tasting menu courses,0,,0,,,20,/tasting-menu-dubai,sub,,False,False,False,False,0,False,partial,low,,,1,write one sentence that says it,Dining Experiences,4,4,0,,,0,,,,,,,
tasting menu dubai price,0,commercial,0,,,20,/tasting-menu-dubai,sub,,False,False,False,False,0,False,partial,low,,,1,write one sentence that says it,Dining Experiences,4,4,0,,,0,,,,,,,
tasting menu packages dubai,0,commercial,0,,,20,/tasting-menu-dubai,sub,,False,False,False,False,0,False,partial,low,no tracked competitor in top 30,,1,write one sentence that says it,Dining Experiences,4,4,0,,,0,,,,,,,
holiday villa chef dubai,0,transactional,0,,12,10,/tourist-villa-chef-dubai,primary,,True,False,True,False,1,False,none,low,"no tracked competitor in top 30, we #12",1.0,5,no measured UAE demand for this primary — re-target it or merge the page; say it in the meta description; one H2 carries it; use it at least twice in the body; answer a FAQ that contains it; get an inbound link with this anchor,Private Chef,0,0,0,,,0,,,,,,,
chef for holiday home dubai,0,commercial,0,,31,20,/tourist-villa-chef-dubai,sub,,False,False,False,False,0,False,none,medium — SERP looks like another page,"no tracked competitor in top 30, we #31",0.21,0,write one sentence that says it; merge → /apartment-private-dining-dubai,Private Chef,0,0,0,,,0,,,,,,,
chef villa vanderpump,0,,0,,,20,/tourist-villa-chef-dubai,sub,,False,False,False,False,0,False,none,low,,,0,write one sentence that says it,Private Chef,0,0,0,,,0,,,,,,,
chef villa zaira,0,,0,,,20,/tourist-villa-chef-dubai,sub,,False,False,False,False,0,False,none,low,,,0,write one sentence that says it,Private Chef,0,0,0,,,0,,,,,,,
exclusive villa chef heated pool,0,,0,,,20,/tourist-villa-chef-dubai,sub,,False,False,False,False,0,False,none,low,,,0,write one sentence that says it,Private Chef,0,0,0,,,0,,,,,,,
private chef airbnb dubai,0,transactional,0,,,20,/tourist-villa-chef-dubai,sub,,False,False,False,False,0,False,none,medium — SERP looks like another page,no tracked competitor in top 30,0.21,0,write one sentence that says it,Private Chef,0,0,0,,,0,,,,,,,
private chef for a week dubai,0,transactional,0,,24,10,/tourist-villa-chef-dubai,sub,,False,False,False,False,0,False,none,medium — SERP looks like another page,"no tracked competitor in top 30, we #24",0.4,0,write one sentence that says it; merge → /locations/dubai-hills,Private Chef,0,0,0,,,0,,,,,,,
private chef for tourists dubai,0,transactional,0,,,20,/tourist-villa-chef-dubai,sub,,False,False,False,False,0,False,none,low,no tracked competitor in top 30,0.56,0,write one sentence that says it; merge → /blog/private-chef-date-night-dubai,Private Chef,0,0,0,,,0,,,,,,,
private chef holiday villa dubai,0,transactional,0,,18,10,/tourist-villa-chef-dubai,sub,,False,False,False,False,0,False,none,medium — SERP looks like another page,"no tracked competitor in top 30, we #18",0.45,0,write one sentence that says it; merge → /locations/dubai-hills,Private Chef,0,0,0,,,0,,,,,,,
top chef offering home in dubai,0,transactional,0,,33,20,/tourist-villa-chef-dubai,sub,,False,False,False,False,0,False,none,medium — SERP looks like another page,"no tracked competitor in top 30, we #33",0.08,0,write one sentence that says it,Private Chef,0,0,0,,,0,,,,,,,
vacation villa with chef,0,,0,,,20,/tourist-villa-chef-dubai,sub,,False,False,False,False,0,False,none,low,,,0,write one sentence that says it,Private Chef,0,0,0,,,0,,,,,,,
villa with private chef jamaica,0,,0,,,20,/tourist-villa-chef-dubai,sub,,False,False,False,False,0,False,none,low,,,0,write one sentence that says it,Private Chef,0,0,0,,,0,,,,,,,
villa with private chef thailand,0,,0,,,20,/tourist-villa-chef-dubai,sub,,False,False,False,False,0,False,none,low,,,0,write one sentence that says it,Private Chef,0,0,0,,,0,,,,,,,
,0,,0,,,,/trust-and-programs,untargeted (in sitemap),,False,False,False,False,0,False,none,n/a,,,0,decide: lock a primary or keep untargeted by decision,Trust / Utility,2,3,0,,,0,,,,,,,
uae national day catering dubai,0,commercial,0,,,20,/uae-national-day-catering-dubai,primary,,True,False,False,False,1,False,none,low,no tracked competitor in top 30,1.0,3,no measured UAE demand for this primary — re-target it or merge the page; put the exact primary in the H1; say it in the meta description; one H2 carries it; use it at least twice in the body; answer a FAQ that contains it; get an inbound link with this anchor,Seasonal and Occasions,0,0,0,,,0,,,,,,,
best uae national day catering dubai,0,commercial,0,,,20,/uae-national-day-catering-dubai,sub,,False,False,False,False,0,False,none,low,no tracked competitor in top 30,0.5,0,write one sentence that says it,Seasonal and Occasions,0,0,0,,,0,,,,,,,
mothers day brunch dubai catering,0,commercial,0,,,20,/uae-national-day-catering-dubai,sub,,False,False,False,False,0,False,none,low,,,0,write one sentence that says it,Seasonal and Occasions,0,0,0,,,0,,,,,,,
mothers day lunch at home dubai,0,,0,,,20,/uae-national-day-catering-dubai,sub,,False,False,False,False,0,False,none,low,,,0,write one sentence that says it,Seasonal and Occasions,0,0,0,,,0,,,,,,,
national day catering dubai,0,commercial,0,,30,10,/uae-national-day-catering-dubai,sub,,True,False,False,False,1,False,none,medium — SERP looks like another page,"no tracked competitor in top 30, we #30",0.3,0,a second natural mention; remove it from the heading (subs live in sentences),Seasonal and Occasions,0,0,0,,,0,,,,,,,
new years day brunch dubai,0,,0,,,20,/uae-national-day-catering-dubai,sub,,False,False,False,False,0,False,none,low,,,0,write one sentence that says it,Seasonal and Occasions,0,0,0,,,0,,,,,,,
uae national day catering cost per person dubai,0,commercial,0,,24,10,/uae-national-day-catering-dubai,sub,,False,False,False,False,0,False,none,medium — SERP looks like another page,"no tracked competitor in top 30, we #24",0.15,0,write one sentence that says it,Seasonal and Occasions,0,0,0,,,0,,,,,,,
uae national day catering dubai price,0,commercial,0,,,20,/uae-national-day-catering-dubai,sub,,False,False,False,False,0,False,none,low,,,0,write one sentence that says it,Seasonal and Occasions,0,0,0,,,0,,,,,,,
uae national day catering menu dubai,0,transactional,0,,,20,/uae-national-day-catering-dubai,sub,,False,False,False,False,0,False,none,low,,,0,write one sentence that says it,Seasonal and Occasions,0,0,0,,,0,,,,,,,
uae national day catering packages dubai,0,commercial,0,,,20,/uae-national-day-catering-dubai,sub,,False,False,False,False,0,False,none,low,,,0,write one sentence that says it,Seasonal and Occasions,0,0,0,,,0,,,,,,,
valentines day dinner at home dubai,0,,0,,,20,/uae-national-day-catering-dubai,sub,,False,False,False,False,0,False,none,low,,,0,write one sentence that says it,Seasonal and Occasions,0,0,0,,,0,,,,,,,
valentines day special dinner,0,,0,,,20,/uae-national-day-catering-dubai,sub,,False,False,False,False,0,False,none,low,,,0,write one sentence that says it,Seasonal and Occasions,0,0,0,,,0,,,,,,,
best vegan catering dubai,0,commercial,0,,14,10,/vegan-catering-dubai,sub,,False,False,False,False,1,False,partial,low,"no tracked competitor in top 30, we #14",0.62,3,a second natural mention,Cuisines and Dietary,2,2,0,,,0,,,,,,,
plant based catering dubai,0,commercial,0,,11,10,/vegan-catering-dubai,sub,/blog/halal-private-dining-dubai-what-to-ask /blog/vegan-catering-dubai-guide,False,False,False,False,0,False,partial,low,"no tracked competitor in top 30, we #11",0.86,2,write one sentence that says it,Cuisines and Dietary,2,2,0,,,0,,,,,,,
vegan cakes in dubai,0,,0,,,20,/vegan-catering-dubai,sub,,False,False,False,False,1,False,partial,low,,,3,a second natural mention,Cuisines and Dietary,2,2,0,,,0,,,,,,,
vegan caterers dubai,0,commercial,0,,26,10,/vegan-catering-dubai,sub,,False,False,False,False,1,False,partial,medium — SERP looks like another page,"no tracked competitor in top 30, we #26",0.4,3,a second natural mention,Cuisines and Dietary,2,2,0,,,0,,,,,,,
vegan catering cost per person dubai,0,commercial,0,,3,10,/vegan-catering-dubai,sub,,False,False,False,False,1,False,partial,medium — SERP looks like another page,"no tracked competitor in top 30, we #3",0.15,3,a second natural mention,Cuisines and Dietary,2,2,0,,,0,,,,,,,
vegan catering dubai price,0,commercial,0,,4,10,/vegan-catering-dubai,sub,,False,False,False,False,1,False,partial,low,"no tracked competitor in top 30, we #4",0.5,3,a second natural mention,Cuisines and Dietary,2,2,0,,,0,,,,,,,
vegan catering menu dubai,0,transactional,0,,12,10,/vegan-catering-dubai,sub,,False,False,False,False,1,False,partial,medium — SERP looks like another page,"no tracked competitor in top 30, we #12",0.4,3,a second natural mention,Cuisines and Dietary,2,2,0,,,0,,,,,,,
vegan catering packages dubai,0,commercial,0,,18,10,/vegan-catering-dubai,sub,,False,False,False,False,1,False,partial,medium — SERP looks like another page,"no tracked competitor in top 30, we #18",0.45,3,a second natural mention,Cuisines and Dietary,2,2,0,,,0,,,,,,,
vegan christmas dinner dubai,0,,0,,,20,/vegan-catering-dubai,sub,,False,False,False,False,1,False,partial,low,,,3,a second natural mention,Cuisines and Dietary,2,2,0,,,0,,,,,,,
vegan food dubai,0,,0,,,20,/vegan-catering-dubai,sub,,False,False,False,False,1,False,partial,low,,,3,a second natural mention,Cuisines and Dietary,2,2,0,,,0,,,,,,,
vegan private chef dubai,0,transactional,0,,34,20,/vegan-catering-dubai,sub,,False,False,False,False,1,False,partial,medium — SERP looks like another page,"no tracked competitor in top 30, we #34",0.0,3,a second natural mention,Cuisines and Dietary,2,2,0,,,0,,,,,,,
vegan ready meals dubai,0,,0,,,20,/vegan-catering-dubai,sub,,False,False,False,False,1,False,partial,low,,,3,a second natural mention,Cuisines and Dietary,2,2,0,,,0,,,,,,,
best vegetarian catering dubai,0,commercial,0,,,20,/vegetarian-catering-dubai,sub,,False,False,False,False,1,False,partial,low,no tracked competitor in top 30,0.86,3,a second natural mention,Cuisines and Dietary,0,0,0,,,0,,,,,,,
best vegetarian food dubai,0,,0,,,20,/vegetarian-catering-dubai,sub,,False,False,False,False,1,False,partial,low,,,3,a second natural mention,Cuisines and Dietary,0,0,0,,,0,,,,,,,
is vegetarian food available in dubai,0,,0,,,20,/vegetarian-catering-dubai,sub,,False,False,False,False,1,False,partial,low,,,3,a second natural mention,Cuisines and Dietary,0,0,0,,,0,,,,,,,
pure veg catering dubai,0,transactional,0,,,20,/vegetarian-catering-dubai,sub,,False,False,False,False,0,False,partial,low,no tracked competitor in top 30,0.56,1,write one sentence that says it,Cuisines and Dietary,0,0,0,,,0,,,,,,,
veg catering dubai,0,commercial,0,,,20,/vegetarian-catering-dubai,sub,,False,False,False,False,0,False,partial,medium — SERP looks like another page,no tracked competitor in top 30,0.44,1,write one sentence that says it,Cuisines and Dietary,0,0,0,,,0,,,,,,,
vegetarian buffet catering dubai,0,commercial,0,,,20,/vegetarian-catering-dubai,sub,,False,False,False,False,1,False,partial,low,no tracked competitor in top 30,0.75,3,a second natural mention,Cuisines and Dietary,0,0,0,,,0,,,,,,,
vegetarian catering cost per person dubai,0,commercial,0,,,20,/vegetarian-catering-dubai,sub,,False,False,False,False,1,False,partial,medium — SERP looks like another page,no tracked competitor in top 30,0.18,3,a second natural mention,Cuisines and Dietary,0,0,0,,,0,,,,,,,
vegetarian catering dubai price,0,commercial,0,,,20,/vegetarian-catering-dubai,sub,,False,False,False,False,1,False,partial,low,,,3,a second natural mention,Cuisines and Dietary,0,0,0,,,0,,,,,,,
vegetarian catering menu dubai,0,informational,0,,33,20,/vegetarian-catering-dubai,sub,,False,False,False,False,1,False,partial,low,"no tracked competitor in top 30, we #33",0.75,3,a second natural mention,Cuisines and Dietary,0,0,0,,,0,,,,,,,
vegetarian catering packages dubai,0,commercial,0,,,20,/vegetarian-catering-dubai,sub,,False,False,False,False,1,False,partial,low,no tracked competitor in top 30,0.62,3,a second natural mention,Cuisines and Dietary,0,0,0,,,0,,,,,,,
vegetarian meal plans dubai,0,,0,,,20,/vegetarian-catering-dubai,sub,,False,False,False,False,1,False,partial,low,,,3,a second natural mention,Cuisines and Dietary,0,0,0,,,0,,,,,,,
vegetarian meals for catering,0,,0,,,20,/vegetarian-catering-dubai,sub,,False,False,False,False,1,False,partial,low,,,3,a second natural mention,Cuisines and Dietary,0,0,0,,,0,,,,,,,
preferred caterer dubai,0,commercial,0,,,20,/venue-partners,primary,,True,True,True,True,3,False,partial,low,no tracked competitor in top 30,1.0,8,"no measured UAE demand, but the page gets visits — check the phrasing against what they search; answer a FAQ that contains it; get an inbound link with this anchor",Partners / Recruit,4,4,0,,,0,,,,,,,
approved caterer list dubai,0,commercial,0,,,20,/venue-partners,sub,,False,False,False,False,0,False,partial,medium — SERP looks like another page,no tracked competitor in top 30,0.17,1,write one sentence that says it,Partners / Recruit,4,4,0,,,0,,,,,,,
preferred caterer agreement,0,commercial,0,,,20,/venue-partners,sub,,False,False,False,False,0,False,partial,medium — SERP looks like another page,no tracked competitor in top 30,0.0,1,write one sentence that says it,Partners / Recruit,4,4,0,,,0,,,,,,,
preferred caterer program,0,commercial,0,,,20,/venue-partners,sub,,False,False,False,False,0,False,partial,medium — SERP looks like another page,no tracked competitor in top 30,0.0,1,write one sentence that says it,Partners / Recruit,4,4,0,,,0,,,,,,,
preferred caterers,0,,0,,,20,/venue-partners,sub,,False,False,False,False,0,False,partial,low,,,1,write one sentence that says it,Partners / Recruit,4,4,0,,,0,,,,,,,
venue catering partnership dubai,0,commercial,0,,22,10,/venue-partners,sub,,False,False,False,False,0,False,partial,medium — SERP looks like another page,"no tracked competitor in top 30, we #22",0.0,1,write one sentence that says it,Partners / Recruit,4,4,0,,,0,,,,,,,
venues that allow outside catering dubai,0,commercial,0,,,20,/venue-partners,sub,,False,False,False,False,0,False,partial,medium — SERP looks like another page,no tracked competitor in top 30,0.0,1,write one sentence that says it,Partners / Recruit,4,4,0,,,0,,,,,,,
what does preferred caterer mean,0,informational,0,,,20,/venue-partners,sub,,False,False,False,False,0,False,partial,medium — SERP looks like another page,no tracked competitor in top 30,0.0,1,write one sentence that says it,Partners / Recruit,4,4,0,,,0,,,,,,,
villa catering ideas dubai,0,commercial,0,,22,10,/villa-catering-ideas-dubai,primary,,True,True,True,True,5,True,partial,low,"no tracked competitor in top 30, we #22",1.0,9,no measured UAE demand for this primary — re-target it or merge the page; get an inbound link with this anchor,Blog and Guides,0,0,0,,,0,,,,,,,
birthday catering for villa party dubai,0,transactional,0,,18,10,/villa-catering-ideas-dubai,sub,,False,False,False,False,1,True,partial,medium — SERP looks like another page,"no tracked competitor in top 30, we #18",0.09,5,a second natural mention; merge → /private-party-catering-dubai,Blog and Guides,0,0,0,,,0,,,,,,,
birthday dinner at villa dubai,0,,0,,,20,/villa-catering-ideas-dubai,sub,,False,False,False,False,1,False,partial,low,,,3,a second natural mention,Blog and Guides,0,0,0,,,0,,,,,,,
chef for villa,0,,0,,,20,/villa-catering-ideas-dubai,sub,,False,False,False,False,1,False,partial,low,,,3,a second natural mention,Blog and Guides,0,0,0,,,0,,,,,,,
giuseppe villa chef,0,,0,,,20,/villa-catering-ideas-dubai,sub,,False,False,False,False,1,False,partial,low,,,3,a second natural mention,Blog and Guides,0,0,0,,,0,,,,,,,
home entertaining ideas dubai,0,commercial,0,,,20,/villa-catering-ideas-dubai,sub,,False,False,False,False,1,False,partial,medium — SERP looks like another page,no tracked competitor in top 30,0.0,3,a second natural mention,Blog and Guides,0,0,0,,,0,,,,,,,
jerry villa chef,0,,0,,,20,/villa-catering-ideas-dubai,sub,,False,False,False,False,1,False,partial,low,,,3,a second natural mention,Blog and Guides,0,0,0,,,0,,,,,,,
outdoor villa catering ideas dubai,0,commercial,0,,,20,/villa-catering-ideas-dubai,sub,,False,False,False,False,1,True,partial,low,,,5,a second natural mention,Blog and Guides,0,0,0,,,0,,,,,,,
small villa catering ideas dubai,0,commercial,0,,,20,/villa-catering-ideas-dubai,sub,,False,False,False,False,1,True,partial,medium — SERP looks like another page,no tracked competitor in top 30,0.1,5,a second natural mention,Blog and Guides,0,0,0,,,0,,,,,,,
villa and yacht catering partners dubai,0,commercial,0,,,20,/villa-catering-ideas-dubai,sub,,False,False,False,False,2,True,partial,low,,,7,hold — nothing to do,Blog and Guides,0,0,0,,,0,,,,,,,
villa dinner party ideas dubai,0,commercial,0,,,20,/villa-catering-ideas-dubai,sub,,False,False,False,False,1,False,partial,medium — SERP looks like another page,no tracked competitor in top 30,0.0,3,a second natural mention,Blog and Guides,0,0,0,,,0,,,,,,,
villa party food ideas dubai,0,commercial,0,,,20,/villa-catering-ideas-dubai,sub,,False,False,False,False,1,False,partial,medium — SERP looks like another page,no tracked competitor in top 30,0.0,3,a second natural mention,Blog and Guides,0,0,0,,,0,,,,,,,
villa chef dubai,0,transactional,0,,7,10,/villas-private-residences,primary,/tourist-villa-chef-dubai,True,True,True,True,3,False,partial,low,"no tracked competitor in top 30, we #7",1.0,8,"no measured UAE demand, but the page gets visits — check the phrasing against what they search; answer a FAQ that contains it; get an inbound link with this anchor",Private Chef,15,18,0,15,0.6,5,first-party,,,,,,
chef villa heanor,0,,0,,,20,/villas-private-residences,sub,,False,False,False,False,1,False,partial,low,,,3,a second natural mention,Private Chef,15,18,0,15,0.6,5,first-party,,,,,,
chef villa in the sky,0,,0,,,20,/villas-private-residences,sub,,False,False,False,False,1,False,partial,low,,,3,a second natural mention,Private Chef,15,18,0,15,0.6,5,first-party,,,,,,
chef villa klope,0,,0,,,20,/villas-private-residences,sub,,False,False,False,False,1,False,partial,low,,,3,a second natural mention,Private Chef,15,18,0,15,0.6,5,first-party,,,,,,
chef villa lorraine,0,,0,,,20,/villas-private-residences,sub,,False,False,False,False,1,False,partial,low,,,3,a second natural mention,Private Chef,15,18,0,15,0.6,5,first-party,,,,,,
chef villa navarre,0,,0,,,20,/villas-private-residences,sub,,False,False,False,False,1,False,partial,low,,,3,a second natural mention,Private Chef,15,18,0,15,0.6,5,first-party,,,,,,
chef villa orsini,0,,0,,,20,/villas-private-residences,sub,,False,False,False,False,1,False,partial,low,,,3,a second natural mention,Private Chef,15,18,0,15,0.6,5,first-party,,,,,,
palm jumeirah villa dining,0,informational,0,,,20,/villas-private-residences,sub,/blog/private-chef-palm-jumeirah-guide,False,False,False,False,1,False,partial,medium — SERP looks like another page,no tracked competitor in top 30,0.0,4,a second natural mention,Private Chef,15,18,0,15,0.6,5,first-party,,,,,,
private chef villa dubai,0,transactional,0,,,20,/villas-private-residences,sub,,False,False,False,False,1,False,partial,medium — SERP looks like another page,no tracked competitor in top 30,0.36,3,a second natural mention; merge → /blog/private-chef-date-night-dubai,Private Chef,15,18,0,15,0.6,5,first-party,,,,,,
private dining at villa dubai,0,transactional,0,,24,10,/villas-private-residences,sub,,False,False,False,False,1,False,partial,medium — SERP looks like another page,"no tracked competitor in top 30, we #24",0.0,3,a second natural mention,Private Chef,15,18,0,15,0.6,5,first-party,,,,,,
villa catering dubai,0,transactional,0,,,20,/villas-private-residences,sub,/locations/dubai-hills /locations/dubai-marina,False,False,False,False,2,False,partial,low,,,6,hold — nothing to do,Private Chef,15,18,0,15,0.6,5,first-party,,,,,,
villa catering dubai menu,0,transactional,0,,15,10,/villas-private-residences,sub,,False,False,False,False,1,False,partial,medium — SERP looks like another page,"no tracked competitor in top 30, we #15",0.0,3,a second natural mention,Private Chef,15,18,0,15,0.6,5,first-party,,,,,,
villa dinner party dubai,0,transactional,0,,,20,/villas-private-residences,sub,,False,False,False,False,1,False,partial,low,,,3,a second natural mention,Private Chef,15,18,0,15,0.6,5,first-party,,,,,,
mychef vip club,0,navigational,0,,1,10,/vip-club,primary,/catering-packages-dubai /faq /wellness-meal-prep-dubai,True,True,True,True,6,True,exact,low,"no tracked competitor in top 30, we #1",1.0,10,"no measured UAE demand, but the page gets visits — check the phrasing against what they search",Packages / Offers,5,7,0,,,0,,,,,,,
exclusive dining club dubai,0,informational,0,,,20,/vip-club,sub,,False,False,False,False,1,True,partial,medium — SERP looks like another page,no tracked competitor in top 30,0.0,5,a second natural mention,Packages / Offers,5,7,0,,,0,,,,,,,
vip dining club dubai,0,informational,0,,,20,/vip-club,sub,,False,False,False,False,1,True,partial,medium — SERP looks like another page,no tracked competitor in top 30,0.0,5,a second natural mention,Packages / Offers,5,7,0,,,0,,,,,,,
vip government dining dubai,0,transactional,0,,,20,/vip-club,sub,,False,False,False,False,1,True,partial,medium — SERP looks like another page,no tracked competitor in top 30,0.0,5,a second natural mention,Packages / Offers,5,7,0,,,0,,,,,,,
wedding catering checklist dubai,0,informational,0,,6,10,/wedding-catering-checklist-dubai,primary,,True,True,True,False,2,False,partial,low,"no tracked competitor in top 30, we #6",1.0,7,"no measured UAE demand, but the page gets visits — check the phrasing against what they search; one H2 carries it; answer a FAQ that contains it; get an inbound link with this anchor",Blog and Guides,3,6,0,,,0,,,,,,,
afternoon tea wedding catering,0,commercial,0,,,20,/wedding-catering-checklist-dubai,sub,,False,False,False,False,0,False,partial,medium — SERP looks like another page,no tracked competitor in top 30,0.0,1,write one sentence that says it,Blog and Guides,3,6,0,,,0,,,,,,,
catering contract wedding checklist,0,transactional,0,,,20,/wedding-catering-checklist-dubai,sub,,False,False,False,False,0,False,partial,medium — SERP looks like another page,no tracked competitor in top 30,0.06,1,write one sentence that says it,Blog and Guides,3,6,0,,,0,,,,,,,
how much food for a wedding dubai,0,commercial,0,,9,10,/wedding-catering-checklist-dubai,sub,,False,False,False,False,2,True,partial,medium — SERP looks like another page,"no tracked competitor in top 30, we #9",0.06,7,hold — nothing to do,Blog and Guides,3,6,0,,,0,,,,,,,
how to plan wedding catering dubai,0,informational,0,,13,10,/wedding-catering-checklist-dubai,sub,,False,False,False,False,2,True,partial,medium — SERP looks like another page,"no tracked competitor in top 30, we #13",0.12,7,hold — nothing to do,Blog and Guides,3,6,0,,,0,,,,,,,
wedding catering questions to ask,0,informational,0,,,20,/wedding-catering-checklist-dubai,sub,,False,False,False,True,1,False,partial,medium — SERP looks like another page,no tracked competitor in top 30,0.0,0,a second natural mention; remove it from the heading (subs live in sentences),Blog and Guides,3,6,0,,,0,,,,,,,
wedding catering timeline dubai,0,informational,0,,12,10,/wedding-catering-checklist-dubai,sub,,False,False,False,False,0,False,partial,medium — SERP looks like another page,"no tracked competitor in top 30, we #12",0.12,1,write one sentence that says it,Blog and Guides,3,6,0,,,0,,,,,,,
catering checklist for wedding,0,,0,,,20,/wedding-catering-dubai,sub,,False,False,False,False,1,False,partial,low,,,3,a second natural mention,Catering,5,8,0,111.0,0,1,ga4,,,,,,
event catering for wedding,0,,0,,,20,/wedding-catering-dubai,sub,,False,False,False,False,1,False,partial,low,,,3,a second natural mention,Catering,5,8,0,111.0,0,1,ga4,,,,,,
nikah catering dubai,0,transactional,0,,,20,/wedding-catering-dubai,sub,,False,False,False,False,1,False,partial,medium — SERP looks like another page,no tracked competitor in top 30,0.1,3,a second natural mention,Catering,5,8,0,111.0,0,1,ga4,,,,,,
small wedding catering dubai,0,commercial,0,,,20,/wedding-catering-dubai,sub,,False,False,False,False,1,False,partial,low,,,3,a second natural mention,Catering,5,8,0,111.0,0,1,ga4,,,,,,
wedding buffet catering dubai,0,commercial,0,,,20,/wedding-catering-dubai,sub,,False,False,False,False,1,False,partial,low,,,3,a second natural mention,Catering,5,8,0,111.0,0,1,ga4,,,,,,
wedding caterers dubai,0,commercial,0,,,20,/wedding-catering-dubai,sub,,False,False,False,False,1,False,partial,medium — SERP looks like another page,no tracked competitor in top 30,0.3,3,a second natural mention,Catering,5,8,0,111.0,0,1,ga4,,,,,,
wedding catering blog dubai,0,,0,,,20,/wedding-catering-dubai,sub,,False,False,False,False,1,False,partial,low,,,3,a second natural mention,Catering,5,8,0,111.0,0,1,ga4,,,,,,
wedding catering packages dubai,0,commercial,0,,35,20,/wedding-catering-dubai,sub,,False,False,False,False,1,False,partial,medium — SERP looks like another page,"no tracked competitor in top 30, we #35",0.3,3,a second natural mention; merge → /catering-packages-dubai,Catering,5,8,0,111.0,0,1,ga4,,,,,,
wedding catering price per person dubai,0,commercial,0,,2,10,/wedding-catering-dubai,sub,,False,False,False,False,1,False,partial,medium — SERP looks like another page,"no tracked competitor in top 30, we #2",0.0,3,a second natural mention,Catering,5,8,0,111.0,0,1,ga4,,,,,,
wedding food packages dubai,0,commercial,0,,25,10,/wedding-catering-dubai,sub,,False,False,False,False,1,False,partial,medium — SERP looks like another page,"no tracked competitor in top 30, we #25",0.09,3,a second natural mention,Catering,5,8,0,111.0,0,1,ga4,,,,,,
when to book catering for wedding,0,,0,,,20,/wedding-catering-dubai,sub,,False,False,False,False,0,False,partial,low,,,1,write one sentence that says it,Catering,5,8,0,111.0,0,1,ga4,,,,,,
wedding menu planning dubai,0,transactional,0,,1,10,/wedding-catering-menu-planning-dubai,primary,,True,True,True,False,2,False,partial,low,"no tracked competitor in top 30, we #1",1.0,7,"no measured UAE demand, but the page gets visits — check the phrasing against what they search; one H2 carries it; answer a FAQ that contains it; get an inbound link with this anchor",Blog and Guides,1,1,0,,1.0,2,first-party,,,,,,
catering menu near me halal,0,commercial,0,,,20,/wedding-catering-menu-planning-dubai,sub,,False,False,False,False,0,False,partial,medium — SERP looks like another page,no tracked competitor in top 30,0.0,1,write one sentence that says it,Blog and Guides,1,1,0,,1.0,2,first-party,,,,,,
catering price list for wedding,0,,0,,,20,/wedding-catering-menu-planning-dubai,sub,,False,False,False,False,2,True,partial,low,,,7,hold — nothing to do,Blog and Guides,1,1,0,,1.0,2,first-party,,,,,,
catering wedding checklist,0,,0,,,20,/wedding-catering-menu-planning-dubai,sub,,False,False,False,False,0,False,partial,low,,,1,write one sentence that says it,Blog and Guides,1,1,0,,1.0,2,first-party,,,,,,
event catering wedding,0,,0,,,20,/wedding-catering-menu-planning-dubai,sub,,False,False,False,False,0,False,partial,low,,,1,write one sentence that says it,Blog and Guides,1,1,0,,1.0,2,first-party,,,,,,
finger food catering menu dubai,0,,0,,,20,/wedding-catering-menu-planning-dubai,sub,,False,False,False,False,0,False,partial,low,,,1,write one sentence that says it,Blog and Guides,1,1,0,,1.0,2,first-party,,,,,,
how to plan a wedding menu dubai,0,informational,0,,7,10,/wedding-catering-menu-planning-dubai,sub,,False,False,False,False,0,False,partial,medium — SERP looks like another page,"no tracked competitor in top 30, we #7",0.36,1,write one sentence that says it,Blog and Guides,1,1,0,,1.0,2,first-party,,,,,,
wedding buffet menu ideas dubai,0,commercial,0,,,20,/wedding-catering-menu-planning-dubai,sub,,False,False,False,False,0,False,partial,medium — SERP looks like another page,no tracked competitor in top 30,0.23,1,write one sentence that says it,Blog and Guides,1,1,0,,1.0,2,first-party,,,,,,
wedding catering menu planning dubai,0,commercial,0,,2,10,/wedding-catering-menu-planning-dubai,sub,,False,False,False,False,0,False,partial,medium — SERP looks like another page,"no tracked competitor in top 30, we #2",0.44,1,write one sentence that says it,Blog and Guides,1,1,0,,1.0,2,first-party,,,,,,
wedding food ideas dubai,0,commercial,0,,,20,/wedding-catering-menu-planning-dubai,sub,,False,False,False,False,0,False,partial,medium — SERP looks like another page,no tracked competitor in top 30,0.14,1,write one sentence that says it,Blog and Guides,1,1,0,,1.0,2,first-party,,,,,,
wedding menu ideas dubai,0,commercial,0,,6,10,/wedding-catering-menu-planning-dubai,sub,,False,False,False,False,0,False,partial,medium — SERP looks like another page,"no tracked competitor in top 30, we #6",0.33,1,write one sentence that says it,Blog and Guides,1,1,0,,1.0,2,first-party,,,,,,
wedding menu planning dubai checklist,0,informational,0,,6,10,/wedding-catering-menu-planning-dubai,sub,,False,False,False,False,0,False,partial,medium — SERP looks like another page,"no tracked competitor in top 30, we #6",0.23,1,write one sentence that says it,Blog and Guides,1,1,0,,1.0,2,first-party,,,,,,
batch cooking service dubai,0,commercial,0,,,20,/weekly-meal-prep-dubai,sub,,False,False,False,False,0,False,partial,medium — SERP looks like another page,no tracked competitor in top 30,0.0,1,write one sentence that says it,Private Chef,8,10,0,2,1.0,3,first-party,,,,,,
best meal prep delivery dubai,0,commercial,0,,,20,/weekly-meal-prep-dubai,sub,,False,False,False,False,0,False,partial,low,no tracked competitor in top 30,0.62,1,write one sentence that says it,Private Chef,8,10,0,2,1.0,3,first-party,,,,,,
family meal prep dubai,0,transactional,0,,,20,/weekly-meal-prep-dubai,sub,,False,False,False,False,0,False,partial,medium — SERP looks like another page,no tracked competitor in top 30,0.4,1,write one sentence that says it; merge → /fitness-meal-prep-dubai,Private Chef,8,10,0,2,1.0,3,first-party,,,,,,
fitness meal prep delivery menu,0,,0,,,20,/weekly-meal-prep-dubai,sub,,False,False,False,False,1,False,partial,low,,,3,a second natural mention,Private Chef,8,10,0,2,1.0,3,first-party,,,,,,
fitness meal prep services,0,,0,,,20,/weekly-meal-prep-dubai,sub,,False,False,False,False,0,False,partial,low,,,1,write one sentence that says it,Private Chef,8,10,0,2,1.0,3,first-party,,,,,,
is weekly meal prep healthy,0,commercial,0,,,20,/weekly-meal-prep-dubai,sub,,False,False,False,False,0,False,partial,medium — SERP looks like another page,no tracked competitor in top 30,0.0,1,write one sentence that says it,Private Chef,8,10,0,2,1.0,3,first-party,,,,,,
kids meal prep service,0,,0,,,20,/weekly-meal-prep-dubai,sub,,False,False,False,False,1,False,partial,low,,,3,a second natural mention,Private Chef,8,10,0,2,1.0,3,first-party,,,,,,
meal prep chef dubai,0,commercial,0,,,20,/weekly-meal-prep-dubai,sub,,False,False,False,False,0,False,partial,medium — SERP looks like another page,no tracked competitor in top 30,0.0,1,write one sentence that says it,Private Chef,8,10,0,2,1.0,3,first-party,,,,,,
personal chef meal prep dubai,0,transactional,0,,,20,/weekly-meal-prep-dubai,sub,,False,False,False,False,0,False,partial,low,,,1,write one sentence that says it,Private Chef,8,10,0,2,1.0,3,first-party,,,,,,
private chef meal prep dubai,0,transactional,0,,25,10,/weekly-meal-prep-dubai,sub,,False,False,False,False,0,False,partial,medium — SERP looks like another page,"no tracked competitor in top 30, we #25",0.0,1,write one sentence that says it,Private Chef,8,10,0,2,1.0,3,first-party,,,,,,
weekly meal plan dubai,0,,0,,,20,/weekly-meal-prep-dubai,sub,,False,False,False,False,1,False,partial,low,,,3,a second natural mention,Private Chef,8,10,0,2,1.0,3,first-party,,,,,,
weekly meal prep dubai,0,transactional,0,,,20,/weekly-meal-prep-dubai,sub,/fitness-meal-prep-dubai /full-time-private-chef-dubai /kids-nutrition-chef-dubai /mychef-membership /part-time-private-chef-dubai /postpartum-meal-prep-dubai,False,False,False,False,1,False,exact,medium — many bodies say it,no tracked competitor in top 30,0.62,5,a second natural mention,Private Chef,8,10,0,2,1.0,3,first-party,,,,,,
chef meal prep cost,0,,0,,,20,/wellness-meal-prep-dubai,sub,,False,False,False,False,0,False,partial,low,,,1,write one sentence that says it,Private Chef,6,11,0,16,0.429,7,first-party,,,,,,
healthy food plan dubai,0,,0,,,20,/wellness-meal-prep-dubai,sub,,False,False,False,False,0,False,none,low,,,0,write one sentence that says it,Private Chef,6,11,0,16,0.429,7,first-party,,,,,,
healthy meal plans dubai,0,,0,,,20,/wellness-meal-prep-dubai,sub,,False,False,False,False,0,False,partial,low,,,1,write one sentence that says it,Private Chef,6,11,0,16,0.429,7,first-party,,,,,,
healthy meal prep delivery dubai,0,commercial,0,,,20,/wellness-meal-prep-dubai,sub,,False,False,False,False,0,False,partial,low,,,1,write one sentence that says it,Private Chef,6,11,0,16,0.429,7,first-party,,,,,,
healthy meal prep dubai price,0,commercial,0,,,20,/wellness-meal-prep-dubai,sub,,False,False,False,False,0,False,partial,low,no tracked competitor in top 30,0.88,1,write one sentence that says it,Private Chef,6,11,0,16,0.429,7,first-party,,,,,,
healthy meal prep dubai price per meal,0,commercial,0,,,20,/wellness-meal-prep-dubai,sub,,False,False,False,False,0,False,partial,low,no tracked competitor in top 30,0.71,1,write one sentence that says it; merge → /weekly-meal-prep-dubai,Private Chef,6,11,0,16,0.429,7,first-party,,,,,,
meal prep in dubai,0,,0,,,20,/wellness-meal-prep-dubai,sub,/blog/weekly-meal-prep-vs-full-time-chef-dubai,False,False,False,False,0,False,partial,low,,,2,write one sentence that says it,Private Chef,6,11,0,16,0.429,7,first-party,,,,,,
wellness meal prep dubai,0,commercial,0,,,20,/wellness-meal-prep-dubai,sub,,False,False,False,False,0,False,partial,low,,,1,write one sentence that says it,Private Chef,6,11,0,16,0.429,7,first-party,,,,,,
yacht catering checklist dubai,0,transactional,0,,2,10,/yacht-catering-checklist-dubai,primary,,True,True,True,True,2,True,partial,low,"no tracked competitor in top 30, we #2",1.0,9,no measured UAE demand for this primary — re-target it or merge the page; get an inbound link with this anchor,Blog and Guides,0,0,0,,,0,,,,,,,
catering checklist example,0,informational,0,,,20,/yacht-catering-checklist-dubai,sub,,False,False,False,False,1,False,partial,medium — SERP looks like another page,no tracked competitor in top 30,0.0,3,a second natural mention,Blog and Guides,0,0,0,,,0,,,,,,,
catering menu checklist,0,informational,0,,13,10,/yacht-catering-checklist-dubai,sub,,False,False,False,False,1,False,partial,medium — SERP looks like another page,"no tracked competitor in top 30, we #13",0.0,3,a second natural mention,Blog and Guides,0,0,0,,,0,,,,,,,
how much food for a yacht party dubai,0,commercial,0,,,20,/yacht-catering-checklist-dubai,sub,,False,False,False,False,2,True,partial,medium — SERP looks like another page,no tracked competitor in top 30,0.13,7,hold — nothing to do,Blog and Guides,0,0,0,,,0,,,,,,,
how to plan yacht catering dubai,0,informational,0,,,20,/yacht-catering-checklist-dubai,sub,,False,False,False,False,2,True,partial,low,,,7,hold — nothing to do,Blog and Guides,0,0,0,,,0,,,,,,,
what to ask a yacht caterer dubai,0,informational,0,,7,10,/yacht-catering-checklist-dubai,sub,,False,False,False,False,0,False,partial,medium — SERP looks like another page,"no tracked competitor in top 30, we #7",0.06,1,write one sentence that says it,Blog and Guides,0,0,0,,,0,,,,,,,
yacht catering package dubai,0,commercial,0,,,20,/yacht-catering-checklist-dubai,sub,,False,False,False,False,1,False,partial,medium — SERP looks like another page,no tracked competitor in top 30,0.12,3,a second natural mention; merge → /yachts,Blog and Guides,0,0,0,,,0,,,,,,,
yacht catering guide dubai,0,commercial,0,,,20,/yacht-catering-guide-dubai,primary,,True,True,True,True,4,True,partial,low,,1.0,9,"no measured UAE demand, but the page gets visits — check the phrasing against what they search; get an inbound link with this anchor",Blog and Guides,1,1,0,,,0,,,,,,,
catering for yacht party,0,transactional,0,,,20,/yacht-catering-guide-dubai,sub,,False,False,False,False,1,False,partial,low,no tracked competitor in top 30,,3,a second natural mention,Blog and Guides,1,1,0,,,0,,,,,,,
do yachts allow outside catering dubai,0,commercial,0,,31,20,/yacht-catering-guide-dubai,sub,,False,False,False,False,0,False,partial,low,"no tracked competitor in top 30, we #31",,1,write one sentence that says it,Blog and Guides,1,1,0,,,0,,,,,,,
how yacht catering works dubai,0,commercial,0,,,20,/yacht-catering-guide-dubai,sub,,False,False,False,False,1,True,partial,low,,,5,a second natural mention,Blog and Guides,1,1,0,,,0,,,,,,,
small yacht catering guide dubai,0,commercial,0,,14,10,/yacht-catering-guide-dubai,sub,,False,False,False,False,1,False,partial,low,"no tracked competitor in top 30, we #14",,3,a second natural mention,Blog and Guides,1,1,0,,,0,,,,,,,
what to serve on a yacht dubai,0,informational,0,,,20,/yacht-catering-guide-dubai,sub,,False,False,False,False,1,True,partial,low,no tracked competitor in top 30,,5,a second natural mention,Blog and Guides,1,1,0,,,0,,,,,,,
boat catering dubai,0,transactional,0,,26,10,/yachts,sub,,False,False,False,False,1,False,partial,low,"no tracked competitor in top 30, we #26",0.7,3,a second natural mention,Private Chef,10,10,0,0,1.0,2,first-party,,,,,,
chef for yacht charter dubai,0,transactional,0,,,20,/yachts,sub,,False,False,False,False,1,False,partial,low,,,3,a second natural mention,Private Chef,10,10,0,0,1.0,2,first-party,,,,,,
food to bring on a yacht party,0,,0,,,20,/yachts,sub,,False,False,False,False,0,False,partial,low,,,1,write one sentence that says it,Private Chef,10,10,0,0,1.0,2,first-party,,,,,,
new year yacht catering dubai,0,informational,0,,,20,/yachts,sub,,False,False,False,False,0,False,partial,medium — SERP looks like another page,no tracked competitor in top 30,0.07,1,write one sentence that says it,Private Chef,10,10,0,0,1.0,2,first-party,,,,,,
private chef yacht dubai,0,transactional,0,,27,10,/yachts,sub,,False,False,False,False,1,False,partial,medium — SERP looks like another page,"no tracked competitor in top 30, we #27",0.08,3,a second natural mention,Private Chef,10,10,0,0,1.0,2,first-party,,,,,,
small yacht catering dubai,0,commercial,0,,24,10,/yachts,sub,,False,False,False,False,0,False,partial,medium — SERP looks like another page,"no tracked competitor in top 30, we #24",0.36,1,write one sentence that says it,Private Chef,10,10,0,0,1.0,2,first-party,,,,,,
yacht catering dubai harbour,0,,0,,,20,/yachts,sub,,False,False,False,False,0,False,partial,low,,,1,write one sentence that says it,Private Chef,10,10,0,0,1.0,2,first-party,,,,,,
yacht catering packages dubai,0,commercial,0,,,20,/yachts,sub,,False,False,False,False,1,False,partial,low,no tracked competitor in top 30,0.55,3,a second natural mention,Private Chef,10,10,0,0,1.0,2,first-party,,,,,,
yacht chef dubai,0,informational,0,,,20,/yachts,sub,,False,False,False,False,1,False,partial,medium — SERP looks like another page,no tracked competitor in top 30,0.0,3,a second natural mention,Private Chef,10,10,0,0,1.0,2,first-party,,,,,,
yacht dinner cruise dubai,0,,0,,,20,/yachts,sub,,False,False,False,False,0,False,partial,low,,,1,write one sentence that says it,Private Chef,10,10,0,0,1.0,2,first-party,,,,,,
yacht party catering dubai,0,commercial,0,,,20,/yachts,sub,,False,False,False,False,1,False,partial,low,no tracked competitor in top 30,0.64,3,a second natural mention,Private Chef,10,10,0,0,1.0,2,first-party,,,,,,
