keyword,search_volume_uae,intent,commercial_value_usd,serp_similarity_to_owner,ranking_difficulty,current_position_uae,gsc_impressions,gsc_ctr,bing_impressions,bing_ctr,competitor_gap,entity_coverage_tokens,exact_phrase_on_page,owner_page,role,recommended_page,action
catering dubai,2400,commercial,10896.0,1.0,21,,,,,,"competitor #6, we not in top 30",1.0,True,/catering-dubai,primary,/catering-dubai,keep (primary)
catering in dubai,2400,commercial,10896.0,,29,n/a,,,,,,1.0,True,/asian-catering-dubai,sub,/asian-catering-dubai,keep (sub)
catering service in dubai,2400,commercial,10896.0,0.3,8,,,,,,no tracked competitor in top 30,1.0,True,/catering-dubai,sub,/best-catering-companies-dubai,merge → /best-catering-companies-dubai
catering services dubai,2400,commercial,10896.0,0.3,8,,,,,,"competitor #6, we not in top 30",1.0,True,/catering-dubai,sub,/catering-dubai,keep (sub)
catering services in dubai,2400,commercial,10896.0,0.3,14,,,,,,"competitor #5, we not in top 30",1.0,True,/catering-dubai,sub,/catering-dubai,keep (sub)
top chef dubai,1600,informational,2336.0,,5,,,,,,"competitor #30, we not in top 30",0.5,False,,,,backlog
catering companies in dubai,1000,commercial,5070.0,0.5,25,,,,,,no tracked competitor in top 30,1.0,True,/best-catering-companies-dubai,sub,/best-catering-companies-dubai,keep (sub)
catering company dubai,1000,commercial,5070.0,0.5,22,,,,,,"competitor #8, we not in top 30",1.0,True,/best-catering-companies-dubai,sub,/best-catering-companies-dubai,keep (sub)
catering company in dubai,1000,commercial,5070.0,0.5,22,,,,,,"competitor #4, we not in top 30",1.0,True,/best-catering-companies-dubai,sub,/best-catering-companies-dubai,keep (sub)
dubai tattoo by chef,1000,commercial,210.0,,0,,,,,,"competitor #29, we not in top 30",,,,,,drop — off-intent
abu dhabi catering,880,commercial,0,,20,n/a,,,,,"competitor #7, we not in top 30",,,,,,drop — off-intent
caterers abu dhabi,880,commercial,0,,10,,,,,,"competitor #7, we not in top 30",,,,,,drop — off-intent
caterers close to me,880,commercial,0,,5,,,,,,"competitor #5, we not in top 30",1.0,False,,,,new page candidate (passes demand; apply the 3-of-8 rule)
caterers in near me,880,commercial,0,,6,,,,,,"competitor #4, we not in top 30",1.0,False,,,,new page candidate (passes demand; apply the 3-of-8 rule)
catering abu dhabi,880,commercial,0,,20,n/a,,,,,"competitor #4, we not in top 30",,,,,,drop — off-intent
catering close to me,880,commercial,0,,1,,,,,,"competitor #8, we not in top 30",1.0,False,,,,new page candidate (passes demand; apply the 3-of-8 rule)
catering near by me,880,commercial,0,,2,,,,,,"competitor #5, we not in top 30",1.0,False,,,,new page candidate (passes demand; apply the 3-of-8 rule)
catering service abu dhabi,880,commercial,0,,20,n/a,,,,,"competitor #11, we not in top 30",,,,,,drop — off-intent
catering services abu dhabi,880,commercial,0,,20,n/a,,,,,"competitor #6, we not in top 30",,,,,,drop — off-intent
chef hiring dubai,720,commercial,288.0,,0,,,,,,no tracked competitor in top 30,0.5,False,,,/become-a-mychef,merge → /become-a-mychef
chef hiring in dubai,720,commercial,460.8,,0,,,,,,"competitor #27, we not in top 30",0.5,False,,,/become-a-mychef,merge → /become-a-mychef
chef jobs dubai,720,transactional,460.8,0.07,0,,,,,,no tracked competitor in top 30,1.0,True,/become-a-mychef,sub,/become-a-mychef,keep on /become-a-mychef
chef work in dubai,720,commercial,460.8,,0,,,,,,no tracked competitor in top 30,1.0,False,,,,drop — off-intent
chefs dubai,720,commercial,0,0.1,0,,,,,,"competitor #7, we not in top 30",1.0,True,/our-chefs,sub,/our-chefs,keep (sub)
dubai chef vacancies,720,informational,460.8,,0,,,,,,no tracked competitor in top 30,1.0,False,,,/become-a-mychef,merge → /become-a-mychef
catering companies in abu dhabi,590,commercial,0,,20,n/a,,,,,"competitor #10, we not in top 30",,,,,,drop — off-intent
catering company in abu dhabi,590,commercial,0,,8,n/a,,,,,"competitor #11, we not in top 30",,,,,,drop — off-intent
luxury dining in dubai,590,informational,1303.9,1.0,8,,,,,,no tracked competitor in top 30,1.0,True,/luxury-dining-experiences,primary,/luxury-dining-experiences,keep (primary)
meal prep dubai,590,transactional,4124.1,1.0,21,,,,,,no tracked competitor in top 30,1.0,True,/weekly-meal-prep-dubai,primary,/weekly-meal-prep-dubai,keep (primary)
romantic dinner dubai,590,informational,1156.4,1.0,0,,,,,,no tracked competitor in top 30,1.0,True,/romantic-dinner-dubai,primary,/romantic-dinner-dubai,keep (primary)
the indian chef,480,informational,0,,0,,,,,,"competitor #22, we not in top 30",,,,,,backlog
healthy meal plan dubai,390,commercial,2102.1,0.4,21,,,,,,no tracked competitor in top 30,1.0,False,/wellness-meal-prep-dubai,sub,/wellness-meal-prep-dubai,keep (sub)
lezzeti catering,390,informational,0,,2,n/a,,,,,"competitor #25, we not in top 30",,,,,,backlog
steak chef al ain,390,commercial,0,,0,,,,,,"competitor #26, we not in top 30",,,,,,drop — off-intent
yacht dinner in dubai,390,transactional,748.8,,10,,,,,,no tracked competitor in top 30,1.0,True,/yacht-catering-guide-dubai,sub,/yacht-catering-guide-dubai,keep (sub)
caterer middle east,320,commercial,0,,2,,,,,,"competitor #10, we not in top 30",0.33,False,,,,drop — off-intent
caterers services near me,320,commercial,0,,7,,,,,,"competitor #3, we not in top 30",1.0,False,,,,new page candidate (passes demand; apply the 3-of-8 rule)
catering companies in uae,320,commercial,0,0.08,26,,,,,,"competitor #6, we not in top 30",1.0,True,/cuisines-dubai,sub,/cuisines-dubai,keep (sub)
catering middle east,320,commercial,0,,11,n/a,,,,,"competitor #26, we not in top 30",,,,,,drop — off-intent
cooks in dubai,320,commercial,0,,0,,,,,,"competitor #4, we not in top 30",1.0,False,,,,new page candidate (passes demand; apply the 3-of-8 rule)
private chef dubai,320,commercial,1020.8,1.0,0,23,,,5,0.2,"competitor #2, we #23",1.0,True,/private-chef-dubai,primary,/private-chef-dubai,keep (primary)
private chef in dubai,320,transactional,1020.8,0.36,0,25,,,,,"no tracked competitor in top 30, we #25",1.0,True,/,sub,/private-chef-dubai/how-it-works,merge → /private-chef-dubai/how-it-works
private chef jobs dubai,320,transactional,51.2,1.0,0,,,,,,"competitor #18, we not in top 30",1.0,True,/become-a-mychef,primary,/become-a-mychef,keep (primary)
private chefs dubai,320,commercial,1020.8,1.0,0,,,,,,no tracked competitor in top 30,1.0,True,/our-chefs,primary,/our-chefs,keep (primary)
private chefs in dubai,320,commercial,1020.8,0.27,0,27,,,,,"no tracked competitor in top 30, we #27",1.0,True,/how-we-vet-our-chefs,sub,/private-chef-dubai/how-it-works,merge → /private-chef-dubai/how-it-works
beyond catering,260,commercial,0,,0,n/a,,,,,"competitor #22, we not in top 30",,,,,,new page candidate (passes demand; apply the 3-of-8 rule)
catering company in uae,260,commercial,878.8,0.0,26,,,,,,"competitor #8, we not in top 30",0.5,False,/,sub,/,keep (sub)
catering service in abu dhabi,260,commercial,0,,10,n/a,,,,,"competitor #11, we not in top 30",,,,,,drop — off-intent
desert dining dubai,260,informational,871.0,1.0,2,,,,,,no tracked competitor in top 30,1.0,True,/desert-dining-dubai,primary,/desert-dining-dubai,keep (primary)
desert dinner in dubai,260,informational,871.0,0.5,2,,,,,,no tracked competitor in top 30,1.0,True,/blog/desert-dinner-party-dubai,sub,/blog/desert-dinner-party-dubai,keep (sub)
aqaya catering,210,informational,0,,0,n/a,,,,,"competitor #30, we not in top 30",,,,,,backlog
catering dubai party,210,commercial,1092.0,0.18,0,,,,,,"competitor #6, we not in top 30",1.0,True,/catering-dubai,sub,/birthday-catering-package-dubai,merge → /birthday-catering-package-dubai
catering in sharjah,210,commercial,0,,0,,,,,,"competitor #5, we not in top 30",,,,,,drop — off-intent
catering sharjah,210,commercial,0,,0,,,,,,"competitor #8, we not in top 30",,,,,,drop — off-intent
chef cook,210,informational,0,,3,,,,,,"competitor #10, we not in top 30",1.0,True,,,,backlog
chef cooking,210,informational,0,,15,,,,,,"competitor #25, we not in top 30",1.0,True,,,,backlog
delicut meal plan,210,informational,0,,0,,,,,,"competitor #16, we not in top 30",,,,,,backlog
food caterers,210,commercial,0,,9,,,,,,"competitor #5, we not in top 30",0.5,False,,,,new page candidate (passes demand; apply the 3-of-8 rule)
iftar meal box,210,transactional,0,,0,,,,,,no tracked competitor in top 30,1.0,True,/blog/iftar-at-home-dubai,sub,/blog/iftar-at-home-dubai,keep (sub)
la vita catering services dubai,210,commercial,0,,0,,,,,,no tracked competitor in top 30,,,,,,new page candidate (passes demand; apply the 3-of-8 rule)
party catering dubai,210,commercial,1092.0,0.57,7,,,,,,"competitor #6, we not in top 30",1.0,True,/private-party-catering-dubai,sub,/private-party-catering-dubai,keep (sub)
party catering in dubai,210,commercial,1092.0,,3,n/a,,,,,"competitor #5, we not in top 30",1.0,True,/baby-shower-catering-dubai,sub,/baby-shower-catering-dubai,keep (sub)
pink pepper services party event catering equipment rental dubai,210,commercial,0,,0,,,,,,"competitor #26, we not in top 30",,,,,,new page candidate (passes demand; apply the 3-of-8 rule)
private chef,210,informational,703.5,0.57,0,33,,,,,"competitor #5, we #33",1.0,True,/private-chef-dubai,sub,/private-chef-dubai,keep (sub)
xl catering,210,commercial,0,,2,n/a,,,,,"competitor #19, we not in top 30",,,,,,new page candidate (passes demand; apply the 3-of-8 rule)
best caterers in dubai,170,commercial,0,0.0,13,,,,,,"competitor #4, we not in top 30",1.0,True,/how-to-choose-caterer-dubai,sub,/best-catering-companies-dubai,merge → /best-catering-companies-dubai
best catering dubai,170,commercial,487.9,,22,,,,,,"competitor #4, we not in top 30",1.0,False,,,/best-catering-companies-dubai,merge → /best-catering-companies-dubai
best catering in dubai,170,commercial,663.0,,22,,,,,,"competitor #4, we not in top 30",1.0,False,,,/best-catering-companies-dubai,merge → /best-catering-companies-dubai
catering service in sharjah,170,commercial,0,,0,,,,,,"competitor #6, we not in top 30",,,,,,drop — off-intent
catering services in sharjah,170,commercial,0,,0,,,,,,"competitor #6, we not in top 30",,,,,,drop — off-intent
catering services sharjah,170,commercial,0,,0,,,,,,"competitor #7, we not in top 30",,,,,,drop — off-intent
chef course dubai,170,informational,260.1,,12,,,,,,no tracked competitor in top 30,1.0,False,,,/chef-training-academy,merge → /chef-training-academy
chef course in dubai,170,commercial,248.2,,23,,,,,,no tracked competitor in top 30,1.0,False,,,/chef-training-academy,merge → /chef-training-academy
chef courses dubai,170,commercial,248.2,,11,,,,,,no tracked competitor in top 30,1.0,False,,,/chef-training-academy,merge → /chef-training-academy
chef courses in dubai,170,commercial,260.1,,6,,,,,,no tracked competitor in top 30,1.0,False,,,/chef-training-academy,merge → /chef-training-academy
chef india,170,informational,0,,4,,,,,,"competitor #14, we not in top 30",,,,,,backlog
chef indian,170,informational,0,,0,,,,,,"competitor #13, we not in top 30",,,,,,backlog
chef training dubai,170,commercial,260.1,1.0,4,,,,,,no tracked competitor in top 30,1.0,True,/chef-training-academy,primary,/chef-training-academy,keep (primary)
chef yasser dubai,170,commercial,0,,0,,,,,,"competitor #15, we not in top 30",,,,,,new page candidate (passes demand; apply the 3-of-8 rule)
chefs indian,170,informational,0,,0,,,,,,"competitor #17, we not in top 30",,,,,,backlog
food catering dubai,170,commercial,651.1,0.4,10,,,,,,"competitor #8, we not in top 30",1.0,True,/catering-dubai,sub,/catering-dubai,keep (sub)
grandiose catering dubai,170,commercial,244.8,,1,,,,,,no tracked competitor in top 30,,,,,,new page candidate (passes demand; apply the 3-of-8 rule)
independent food company dubai,170,commercial,142.8,,1,,,,,,no tracked competitor in top 30,1.0,True,/influencer-partnerships,sub,/influencer-partnerships,keep (sub)
indian chef,170,informational,0,,0,,,,,,"competitor #18, we not in top 30",,,,,,backlog
indian chefs,170,informational,0,,0,,,,,,"competitor #17, we not in top 30",,,,,,backlog
ncc catering company dubai,170,commercial,448.8,,0,,,,,,no tracked competitor in top 30,,,,,,new page candidate (passes demand; apply the 3-of-8 rule)
part time cook for home dubai,170,transactional,346.8,,0,,,,,,"competitor #7, we not in top 30",0.5,False,,,,new page candidate (passes demand; apply the 3-of-8 rule)
private dining dubai,170,commercial,436.9,1.0,0,,,,,,no tracked competitor in top 30,1.0,True,/guide/private-dining-dubai,primary,/guide/private-dining-dubai,keep (primary)
romantic private dining dubai,170,informational,436.9,0.09,0,,,,,,no tracked competitor in top 30,1.0,True,/guide/private-dining-dubai,sub,/guide/private-dining-dubai,keep (sub)
white boutique catering,170,commercial,0,,3,n/a,,,,,"competitor #30, we not in top 30",,,,,,new page candidate (passes demand; apply the 3-of-8 rule)
catering for corporate lunch,140,commercial,0,,0,34,,,,,"competitor #3, we #34",1.0,False,,,,new page candidate (passes demand; apply the 3-of-8 rule)
chef chef cook,140,informational,0,,4,,,,,,"competitor #11, we not in top 30",,,,,,backlog
chef de cuisine,140,informational,0,,0,,,,,,"competitor #26, we not in top 30",,,,,,backlog
chef salaries in dubai,140,informational,0,,0,,,,,,no tracked competitor in top 30,,,,,,backlog
cook chef,140,informational,0,,7,,,,,,"competitor #6, we not in top 30",1.0,False,,,,backlog
cook near me,140,commercial,0,,0,,,,,,"competitor #11, we not in top 30",1.0,False,,,,new page candidate (passes demand; apply the 3-of-8 rule)
cookery chef,140,informational,0,,24,,,,,,"competitor #11, we not in top 30",0.5,False,,,,backlog
cooking chef,140,informational,0,,11,,,,,,"competitor #9, we not in top 30",1.0,False,,,,backlog
cooking chefs,140,informational,0,,14,,,,,,"competitor #1, we not in top 30",1.0,False,,,,backlog
corporate catering lunch,140,transactional,0,,0,27,,,,,"competitor #2, we #27",1.0,False,,,,new page candidate (passes demand; apply the 3-of-8 rule)
corporate lunch catering,140,commercial,0,,0,,,,,,"competitor #5, we not in top 30",1.0,False,,,,new page candidate (passes demand; apply the 3-of-8 rule)
fb catering abu dhabi,140,commercial,0,,11,n/a,,,,,"competitor #19, we not in top 30",,,,,,drop — off-intent
food party dubai menu,140,informational,0,0.0,0,,,,,,no tracked competitor in top 30,1.0,True,/blog/dinner-party-menu-ideas-dubai,sub,/blog/dinner-party-menu-ideas-dubai,keep (sub)
grand catering,140,commercial,0,,0,n/a,,,,,"competitor #24, we not in top 30",,,,,,new page candidate (passes demand; apply the 3-of-8 rule)
home catering dubai,140,commercial,746.2,0.08,4,,,,,,"competitor #7, we not in top 30",1.0,True,/catering-dubai,sub,/private-party-catering-dubai,merge → /private-party-catering-dubai
lunch corporate catering,140,commercial,0,,0,32,,,,,"competitor #5, we #32",1.0,False,,,,new page candidate (passes demand; apply the 3-of-8 rule)
barbecue catering dubai,110,commercial,0,,,,,,,,no tracked competitor in top 30,1.0,False,,,/bbq-catering-dubai,merge → /bbq-catering-dubai
barbeque catering dubai,110,commercial,786.5,,,,,,,,no tracked competitor in top 30,0.5,False,,,/bbq-catering-dubai,merge → /bbq-catering-dubai
bbq catering dubai,110,commercial,786.5,1.0,27,,,,,,no tracked competitor in top 30,1.0,True,/bbq-catering-dubai,primary,/bbq-catering-dubai,keep (primary)
canape catering dubai,110,commercial,761.2,1.0,0,,,,,,"competitor #12, we not in top 30",1.0,True,/canape-catering-dubai,primary,/canape-catering-dubai,keep (primary)
caterers for birthday party,110,commercial,0,,0,,,,,,"competitor #4, we not in top 30",0.67,False,,,/birthday-catering-dubai,merge → /birthday-catering-dubai
catering birthday parties,110,commercial,0,,0,,,,,,"competitor #5, we not in top 30",1.0,False,,,,new page candidate (passes demand; apply the 3-of-8 rule)
catering for birthday parties,110,commercial,0,,0,,,,,,"competitor #5, we not in top 30",1.0,False,,,,new page candidate (passes demand; apply the 3-of-8 rule)
chef coat in dubai,110,commercial,129.8,,13,,,,,,no tracked competitor in top 30,,,,,,new page candidate (passes demand; apply the 3-of-8 rule)
chef jacket dubai,110,transactional,129.8,,11,,,,,,no tracked competitor in top 30,,,,,,new page candidate (passes demand; apply the 3-of-8 rule)
chef jacket in dubai,110,transactional,129.8,,11,,,,,,no tracked competitor in top 30,,,,,,new page candidate (passes demand; apply the 3-of-8 rule)
chef jackets dubai,110,commercial,125.4,,11,,,,,,no tracked competitor in top 30,,,,,,new page candidate (passes demand; apply the 3-of-8 rule)
chef lanka dubai,110,commercial,0,,0,,,,,,no tracked competitor in top 30,,,,,,new page candidate (passes demand; apply the 3-of-8 rule)
chef uniform dubai,110,commercial,129.8,,8,,,,,,no tracked competitor in top 30,,,,,,new page candidate (passes demand; apply the 3-of-8 rule)
chef uniforms dubai,110,commercial,0,,13,,,,,,no tracked competitor in top 30,,,,,,new page candidate (passes demand; apply the 3-of-8 rule)
chef uniforms in dubai,110,commercial,125.4,,6,,,,,,no tracked competitor in top 30,,,,,,new page candidate (passes demand; apply the 3-of-8 rule)
classic catering dubai,110,commercial,0,,30,,,,,,no tracked competitor in top 30,,,,,,new page candidate (passes demand; apply the 3-of-8 rule)
dinner on a yacht,110,informational,113.3,0.0,,,,,,,no tracked competitor in top 30,0.5,False,/partners/yacht-charters-dubai,sub,/partners/yacht-charters-dubai,keep (sub)
top 10 catering companies in dubai,110,commercial,221.1,0.5,29,,,,,,no tracked competitor in top 30,1.0,True,/best-catering-companies-dubai,sub,/best-catering-companies-dubai,keep (sub)
weight loss meal plan dubai,110,commercial,434.5,0.6,26,,,,,,no tracked competitor in top 30,1.0,False,/wellness-meal-prep-dubai,sub,/wellness-meal-prep-dubai,keep (sub)
best catering companies dubai,90,commercial,445.5,1.0,41,,,,,,no tracked competitor in top 30,1.0,True,/best-catering-companies-dubai,primary,/best-catering-companies-dubai,keep (primary)
best catering companies in dubai,90,commercial,445.5,0.0,41,,,,,,no tracked competitor in top 30,1.0,True,/how-to-choose-caterer-dubai,sub,/best-catering-companies-dubai,merge → /best-catering-companies-dubai
best catering company in dubai,90,commercial,445.5,,41,,,,,,no tracked competitor in top 30,1.0,False,,,/best-catering-companies-dubai,merge → /best-catering-companies-dubai
breakfast catering dubai,90,commercial,264.6,1.0,,,,,,,no tracked competitor in top 30,1.0,True,/breakfast-catering-dubai,primary,/breakfast-catering-dubai,keep (primary)
business lunch palm jumeirah,90,commercial,209.7,0.0,,,,,,,no tracked competitor in top 30,1.0,True,/locations/palm-jumeirah,sub,/locations/palm-jumeirah,keep (sub)
event catering dubai,90,commercial,374.4,1.0,21,,,,,,"competitor #5, we not in top 30",1.0,True,/events,primary,/events,keep (primary)
global catering services dubai,90,commercial,164.7,,10,,,,,,no tracked competitor in top 30,,,,,,backlog
healthy meal prep ideas for the week,90,commercial,325.8,,,,,,,,no tracked competitor in top 30,1.0,True,/blog/weekly-meal-prep-vs-full-time-chef-dubai,sub,/blog/weekly-meal-prep-vs-full-time-chef-dubai,keep (sub)
i cat innovative catering services dubai,90,commercial,0,,,,,,,,no tracked competitor in top 30,,,,,,backlog
rainbow steak house catering services llc central kitchen dubai,90,commercial,167.4,,,,,,,,no tracked competitor in top 30,,,,,,backlog
best catering service in dubai,70,commercial,316.4,0.0,,,,,,,no tracked competitor in top 30,1.0,True,/allergy-safe-catering-dubai,sub,/best-catering-companies-dubai,merge → /best-catering-companies-dubai
best catering services in dubai,70,commercial,0,,,,,,,,no tracked competitor in top 30,1.0,False,,,/best-catering-companies-dubai,merge → /best-catering-companies-dubai
catering jobs dubai,70,informational,34.3,0.0,13,,,,,,no tracked competitor in top 30,1.0,True,/become-a-mychef,sub,/become-a-mychef,keep on /become-a-mychef
catering vacancies dubai,70,commercial,34.3,,,n/a,,,,,,,,,,/become-a-mychef,merge → /become-a-mychef
catering vacancies in dubai,70,commercial,34.3,,,,,,,,no tracked competitor in top 30,,,,,/become-a-mychef,merge → /become-a-mychef
chef at home dubai,70,informational,172.9,0.27,17,28,,,,,"no tracked competitor in top 30, we #28",1.0,False,/private-chef-dubai,sub,/apartment-private-dining-dubai,merge → /apartment-private-dining-dubai
chef hire,70,transactional,192.5,0.56,,30,,,,,"no tracked competitor in top 30, we #30",1.0,True,/blog/how-to-hire-a-private-chef-dubai,sub,/locations/dubai-marina,merge → /locations/dubai-marina
chef middle east dubai,70,informational,37.1,0.0,,,,,,,no tracked competitor in top 30,1.0,False,/chefs/layla-middle-eastern-chef,sub,/chefs/layla-middle-eastern-chef,keep (sub)
christmas catering dubai,70,commercial,668.5,1.0,32,32,,,,,"no tracked competitor in top 30, we #32",1.0,True,/christmas-catering-dubai,primary,/christmas-catering-dubai,keep (primary)
corporate catering dubai,70,commercial,711.2,1.0,,,,,,,no tracked competitor in top 30,1.0,True,/corporate,primary,/corporate,keep (primary)
dubai catering company list,70,commercial,193.9,0.14,17,,,,,,no tracked competitor in top 30,1.0,True,/arabic-catering-dubai,sub,/arabic-catering-dubai,keep (sub)
finger food catering dubai,70,commercial,275.8,0.0,,,,,,,no tracked competitor in top 30,1.0,True,/canape-catering-dubai,sub,/canape-catering-dubai,keep (sub)
freelance chef dubai,70,commercial,0,,0,27,,,,,"no tracked competitor in top 30, we #27",0.5,False,,,/blog/how-to-hire-a-private-chef-dubai,merge → /blog/how-to-hire-a-private-chef-dubai
gazebo catering services dubai,70,commercial,0,,,,,,,,no tracked competitor in top 30,0.33,False,,,,backlog
indian catering dubai,70,commercial,108.5,1.0,9,,,,,,no tracked competitor in top 30,1.0,True,/indian-catering-dubai,primary,/indian-catering-dubai,keep (primary)
indian catering services dubai,70,commercial,0,,28,,,,,,no tracked competitor in top 30,0.67,False,,,/indian-catering-dubai,merge → /indian-catering-dubai
indian food catering dubai,70,commercial,137.2,,,,,,,,no tracked competitor in top 30,1.0,False,,,,backlog
indian food catering in dubai,70,commercial,85.4,,,,,,,,no tracked competitor in top 30,1.0,False,,,/indian-catering-dubai,merge → /indian-catering-dubai
list of catering companies in dubai,70,commercial,172.9,0.33,17,,,,,,no tracked competitor in top 30,1.0,True,/best-catering-companies-dubai,sub,/best-catering-companies-dubai,keep (sub)
part time cook in dubai,70,informational,138.6,0.14,,,,,,,no tracked competitor in top 30,1.0,True,/part-time-private-chef-dubai,sub,/part-time-private-chef-dubai,keep (sub)
personal chef dubai,70,commercial,171.5,0.43,0,28,,,,,"no tracked competitor in top 30, we #28",1.0,False,/private-chef-dubai,sub,/private-chef-dubai/how-it-works,merge → /private-chef-dubai/how-it-works
private dinner in dubai,70,transactional,116.9,0.0,1,,,,,,no tracked competitor in top 30,1.0,True,/apartment-private-dining-dubai,sub,/guide/private-dining-dubai,merge → /guide/private-dining-dubai
unique dining experiences dubai,70,informational,59.5,0.0,7,,,,,,no tracked competitor in top 30,0.67,False,/luxury-dining-experiences,sub,/luxury-dining-experiences,keep (sub)
affordable catering services in dubai,50,commercial,181.5,,,,,,,,no tracked competitor in top 30,0.67,False,,,/best-catering-companies-dubai,merge → /best-catering-companies-dubai
beyond catering dubai,50,commercial,148.0,,,,,,,,no tracked competitor in top 30,0.5,False,,,,backlog
birthday catering dubai,50,commercial,192.5,1.0,29,,,,,,no tracked competitor in top 30,1.0,True,/birthday-catering-dubai,primary,/birthday-catering-dubai,keep (primary)
chef at home,50,informational,267.5,0.14,45,21,,,,,"no tracked competitor in top 30, we #21",1.0,True,/blog/private-chef-vs-restaurant-dubai,sub,/blog/private-chef-vs-restaurant-dubai,keep (sub)
chef kitchen dubai,50,informational,271.0,,,29,,,,,"no tracked competitor in top 30, we #29",1.0,False,,,,backlog
chef wong dubai,50,commercial,0,,0,,,,,,no tracked competitor in top 30,,,,,,backlog
grazing table dubai,50,navigational,112.5,1.0,,,,,,,no tracked competitor in top 30,1.0,True,/grazing-table-dubai,primary,/grazing-table-dubai,keep (primary)
home catering services dubai,50,commercial,95.0,,44,,,,,,no tracked competitor in top 30,1.0,False,,,/private-party-catering-dubai,merge → /private-party-catering-dubai
indian cook for home in dubai,50,transactional,106.5,,13,,,,,,no tracked competitor in top 30,0.67,False,,,,backlog
live cooking stations dubai,50,commercial,74.0,1.0,,,,,,,no tracked competitor in top 30,1.0,True,/live-cooking-stations-dubai,primary,/live-cooking-stations-dubai,keep (primary)
luxury catering dubai,50,commercial,349.5,0.0,,,,,,,no tracked competitor in top 30,1.0,False,/,sub,/,keep (sub)
meal prep companies dubai,50,commercial,545.0,,,,,,,,no tracked competitor in top 30,0.67,False,,,/weekly-meal-prep-dubai,merge → /weekly-meal-prep-dubai
office catering dubai,50,commercial,215.0,1.0,,,,,,,no tracked competitor in top 30,1.0,True,/office-catering-dubai,primary,/office-catering-dubai,keep (primary)
yacht catering dubai,50,commercial,175.0,1.0,,28,,,,,"no tracked competitor in top 30, we #28",1.0,True,/yachts,primary,/yachts,keep (primary)
adnh catering dubai,40,informational,70.8,,,,,,,,no tracked competitor in top 30,,,,,,backlog
birthday party catering dubai,40,commercial,159.6,0.5,,,,,,,no tracked competitor in top 30,1.0,False,/birthday-catering-dubai,sub,/birthday-catering-package-dubai,merge → /birthday-catering-package-dubai
buffet catering dubai,40,commercial,188.8,1.0,,,,,,,no tracked competitor in top 30,1.0,True,/buffet-catering-dubai,primary,/buffet-catering-dubai,keep (primary)
catering equipment dubai,40,commercial,47.6,,33,,,,,,no tracked competitor in top 30,,,,,,backlog
catering equipment in dubai,40,commercial,47.6,,,,,,,,no tracked competitor in top 30,,,,,,backlog
catering equipment rental dubai,40,commercial,48.0,,,,,,,,no tracked competitor in top 30,,,,,,backlog
chef burger dubai,40,commercial,0,,0,,,,,,no tracked competitor in top 30,,,,,,backlog
chef pillai dubai,40,commercial,10.4,,0,,,,,,no tracked competitor in top 30,,,,,,backlog
chef uniform shops in dubai,40,commercial,42.4,,,,,,,,no tracked competitor in top 30,,,,,,backlog
dubai catering equipment,40,commercial,47.6,,33,,,,,,no tracked competitor in top 30,,,,,,backlog
dubai food expo 2026,40,informational,98.0,0.07,,,,,,,no tracked competitor in top 30,1.0,True,/dubai-food-trends-report-2026,sub,/dubai-food-trends-report-2026,keep (sub)
dubai marina yacht tour with dinner,40,informational,42.8,0.0,,,,,,,no tracked competitor in top 30,0.5,False,/partners/yacht-charters-dubai,sub,/partners/yacht-charters-dubai,keep (sub)
food catering services dubai,40,commercial,0,,,,,,,,no tracked competitor in top 30,0.67,False,,,/buffet-catering-dubai,merge → /buffet-catering-dubai
food catering services in dubai,40,commercial,0,,41,,,,,,no tracked competitor in top 30,1.0,False,,,/best-catering-companies-dubai,merge → /best-catering-companies-dubai
good chef dubai,40,informational,0,,,,,,,,no tracked competitor in top 30,,,,,,backlog
iftar catering dubai,40,transactional,0,1.0,,,,,,,no tracked competitor in top 30,1.0,True,/iftar-catering-dubai,primary,/iftar-catering-dubai,keep (primary)
master chef in dubai,40,informational,0,,0,,,,,,no tracked competitor in top 30,,,,,,backlog
outdoor catering dubai,40,commercial,151.6,0.07,,,,,,,no tracked competitor in top 30,1.0,True,/catering-dubai,sub,/catering-dubai,keep (sub)
outside catering dubai,40,commercial,140.8,,,,,,,,no tracked competitor in top 30,0.5,False,,,/best-catering-companies-dubai,merge → /best-catering-companies-dubai
party catering services in dubai,40,commercial,0,,,,,,,,no tracked competitor in top 30,1.0,False,,,/catering-dubai,merge → /catering-dubai
party food catering dubai,40,commercial,0,0.17,,,,,,,no tracked competitor in top 30,1.0,True,/catering-dubai,sub,/catering-dubai,keep (sub)
private catering dubai,40,commercial,251.6,0.08,,,,,,,no tracked competitor in top 30,1.0,True,/catering-dubai,sub,/private-party-catering-dubai,merge → /private-party-catering-dubai
ramadan catering dubai,40,commercial,0,1.0,,,,,,,no tracked competitor in top 30,1.0,True,/ramadan-catering-dubai,primary,/ramadan-catering-dubai,keep (primary)
robo chef dubai marina,40,informational,0,,,,,,,,no tracked competitor in top 30,,,,,,backlog
slices catering services dubai,40,commercial,92.8,,,,,,,,no tracked competitor in top 30,,,,,,backlog
small party catering dubai indian,40,transactional,62.0,,,,,,,,no tracked competitor in top 30,1.0,False,,,/indian-catering-dubai,merge → /indian-catering-dubai
wedding catering dubai,40,commercial,0,1.0,,34,,,,,"no tracked competitor in top 30, we #34",1.0,True,/wedding-catering-dubai,primary,/wedding-catering-dubai,keep (primary)
weekly meal prep,40,informational,158.8,,,,,,,,no tracked competitor in top 30,1.0,True,/blog/weekly-meal-prep-vs-full-time-chef-dubai,sub,/blog/weekly-meal-prep-vs-full-time-chef-dubai,keep (sub)
yacht rental dubai with dinner,40,transactional,104.8,0.2,20,,,,,,no tracked competitor in top 30,0.33,False,/partners/yacht-charters-dubai,sub,/partners/yacht-charters-dubai,keep (sub)
5h catering services est dubai,30,informational,0,,,,,,,,no tracked competitor in top 30,,,,,,backlog
another one catering services dubai,30,commercial,0.9,,,,,,,,no tracked competitor in top 30,0.75,False,,,,backlog
best indian catering in dubai,30,commercial,0,,,n/a,,,,,,1.0,True,/asian-catering-dubai,sub,/asian-catering-dubai,keep (sub)
best meal prep dubai,30,commercial,151.8,,,,,,,,no tracked competitor in top 30,1.0,False,,,/fitness-meal-prep-dubai,merge → /fitness-meal-prep-dubai
bouffage catering services dubai,30,commercial,107.1,,0,,,,,,no tracked competitor in top 30,,,,,,backlog
business lunch in jlt,30,informational,36.3,0.0,,,,,,,no tracked competitor in top 30,1.0,False,/locations/jlt,sub,/locations/jlt,keep (sub)
catering business dubai,30,commercial,0,0.0,,,,,,,no tracked competitor in top 30,1.0,False,/locations/business-bay,sub,/locations/business-bay,keep (sub)
chef course in dubai fees,30,informational,28.8,,,,,,,,no tracked competitor in top 30,0.67,False,,,/chef-training-academy,merge → /chef-training-academy
chef courses in dubai fees,30,commercial,41.7,,,,,,,,no tracked competitor in top 30,0.67,False,,,/chef-training-academy,merge → /chef-training-academy
chef irina dubai,30,commercial,129.3,,,,,,,,no tracked competitor in top 30,,,,,,backlog
chef shoes dubai,30,transactional,0,,0,,,,,,no tracked competitor in top 30,,,,,,backlog
chef shoes in dubai,30,transactional,16.8,,,,,,,,no tracked competitor in top 30,,,,,,backlog
chef to chef dubai,30,informational,0,0.08,5,13,,,,,"no tracked competitor in top 30, we #13",1.0,True,/apartment-private-dining-dubai,sub,/apartment-private-dining-dubai,keep (sub)
chef training courses in dubai price,30,commercial,30.9,,,,,,,,no tracked competitor in top 30,0.75,False,,,,backlog
chefs table dubai,30,informational,15.0,1.0,32,,,,,,no tracked competitor in top 30,1.0,True,/chefs-table-dubai,primary,/chefs-table-dubai,keep (primary)
cocktail making class dubai,30,commercial,0,0.0,,,,,,,no tracked competitor in top 30,1.0,True,/cocktail-party-catering-dubai,sub,/cocktail-party-catering-dubai,keep (sub)
coffee catering dubai,30,commercial,183.3,,,,,,,,no tracked competitor in top 30,,,,,,backlog
commercial catering equipment llc dubai,30,commercial,0,,,,,,,,no tracked competitor in top 30,,,,,,backlog
corporate catering companies,30,commercial,548.7,0.0,,,,,,,no tracked competitor in top 30,1.0,True,/best-catering-companies-dubai,sub,/best-catering-companies-dubai,keep (sub)
corporate catering services in dubai,30,commercial,294.9,0.0,,,,,,,no tracked competitor in top 30,1.0,True,/corporate-catering-checklist-dubai,sub,/best-catering-companies-dubai,merge → /best-catering-companies-dubai
dubai hills business lunch,30,informational,33.0,0.0,,,,,,,no tracked competitor in top 30,1.0,True,/locations/dubai-hills,sub,/locations/dubai-hills,keep (sub)
dubai marina yacht dinner cruise,30,informational,33.3,0.0,14,,,,,,no tracked competitor in top 30,0.75,False,/partners/yacht-charters-dubai,sub,/partners/yacht-charters-dubai,keep (sub)
food catering companies in dubai,30,commercial,136.5,0.0,,,,,,,no tracked competitor in top 30,1.0,False,/,sub,/,keep (sub)
global catering dubai,30,commercial,28.8,,15,,,,,,no tracked competitor in top 30,,,,,,backlog
good chef dubai menu,30,informational,0,,,,,,,,no tracked competitor in top 30,,,,,,backlog
gourmet catering dubai,30,commercial,49.5,,18,,,,,,no tracked competitor in top 30,0.5,False,,,,backlog
grazing table ideas,30,informational,23.4,0.0,,,,,,,no tracked competitor in top 30,1.0,True,/blog/grazing-table-vs-buffet-dubai,sub,/blog/grazing-table-vs-buffet-dubai,keep (sub)
hire chef dubai,30,transactional,106.2,0.38,0,31,,,,,"no tracked competitor in top 30, we #31",1.0,True,/our-chefs,sub,/locations/downtown-dubai,merge → /locations/downtown-dubai
hiring chef in dubai,30,commercial,108.0,,0,,,,,,no tracked competitor in top 30,0.5,False,,,,backlog
house of delicatesse catering services dubai,30,commercial,0,,,,,,,,no tracked competitor in top 30,0.75,False,,,,backlog
intercat catering dubai,30,commercial,0,,,,,,,,no tracked competitor in top 30,,,,,,backlog
italian catering dubai,30,commercial,184.8,1.0,,,,,,,no tracked competitor in top 30,1.0,True,/italian-catering-dubai,primary,/italian-catering-dubai,keep (primary)
kelvin catering services dubai,30,commercial,73.2,,,,,,,,no tracked competitor in top 30,,,,,,backlog
la vita catering dubai,30,commercial,55.5,,,,,,,,no tracked competitor in top 30,,,,,,backlog
late lounge catering dubai,30,informational,0,,,,,,,,no tracked competitor in top 30,,,,,,backlog
lavita catering dubai,30,commercial,0,,,,,,,,no tracked competitor in top 30,,,,,,backlog
lebanese catering dubai,30,commercial,56.7,0.21,,,,,,,no tracked competitor in top 30,1.0,True,/arabic-catering-dubai,sub,/arabic-catering-dubai,keep (sub)
live bbq catering dubai,30,transactional,0,0.3,,,,,,,no tracked competitor in top 30,1.0,False,/bbq-catering-dubai,sub,/bbq-catering-dubai,keep (sub)
live cooking station catering dubai,30,informational,0,,,,,,,,no tracked competitor in top 30,1.0,False,,,/live-cooking-stations-dubai,merge → /live-cooking-stations-dubai
live station catering dubai,30,commercial,113.1,0.21,,,,,,,no tracked competitor in top 30,1.0,True,/live-cooking-stations-dubai,sub,/live-cooking-stations-dubai,keep (sub)
lunch catering dubai,30,commercial,100.8,,,,,,,,no tracked competitor in top 30,1.0,True,,,/business-lunch-catering-dubai,merge → /business-lunch-catering-dubai
luxury dinner cruise dubai marina,30,transactional,70.5,0.0,,,,,,,no tracked competitor in top 30,1.0,True,/luxury-dinner-planning-guide-dubai,sub,/luxury-dinner-planning-guide-dubai,keep (sub)
meal prep service dubai,30,commercial,403.2,0.75,,,,,,,no tracked competitor in top 30,1.0,True,/weekly-meal-prep-dubai,sub,/weekly-meal-prep-dubai,keep (sub)
meal prep services dubai,30,commercial,207.6,,,,,,,,no tracked competitor in top 30,0.67,False,,,/wellness-meal-prep-dubai,merge → /wellness-meal-prep-dubai
ncc catering dubai,30,commercial,79.5,,,,,,,,no tracked competitor in top 30,,,,,,backlog
part time indian cook in dubai,30,commercial,0,,,,,,,,no tracked competitor in top 30,0.75,False,,,,backlog
pizza catering dubai,30,commercial,51.6,,,,,,,,no tracked competitor in top 30,1.0,False,,,,backlog
rk termin dubai speciality chef,30,transactional,0,,,,,,,,no tracked competitor in top 30,,,,,,backlog
southern food catering service dubai,30,commercial,70.5,,,n/a,,,,,,,,,,,backlog
top chef cooking studio dubai,30,informational,25.8,,,,,,,,no tracked competitor in top 30,0.5,False,,,,backlog
vegan menu plan,30,informational,72.3,0.0,,,,,,,no tracked competitor in top 30,1.0,True,/blog/vegan-catering-dubai-guide,sub,/blog/vegan-catering-dubai-guide,keep (sub)
affordable catering dubai,20,commercial,88.4,,,,,,,,no tracked competitor in top 30,0.5,False,,,,backlog
arabic catering dubai,20,commercial,21.8,1.0,,,,,,,no tracked competitor in top 30,1.0,True,/arabic-catering-dubai,primary,/arabic-catering-dubai,keep (primary)
bbq chef dubai,20,commercial,51.0,,,,,,,,no tracked competitor in top 30,1.0,False,,,,backlog
best chef in dubai,20,commercial,0,,,,,,,,no tracked competitor in top 30,1.0,False,,,,backlog
catering services al quoz,20,commercial,55.4,0.0,,,,,,,no tracked competitor in top 30,0.75,False,/locations/al-barsha,sub,/locations/al-barsha,keep (sub)
cci catering dubai,20,commercial,59.8,,,,,,,,no tracked competitor in top 30,,,,,,backlog
cheap catering dubai,20,commercial,0,,,,,,,,no tracked competitor in top 30,0.5,False,,,,backlog
chef company dubai,20,commercial,24.0,,,15,,,,,"no tracked competitor in top 30, we #15",,,,,,backlog
chef izu dubai,20,commercial,0,,,,,,,,no tracked competitor in top 30,,,,,,backlog
chef knife dubai,20,commercial,16.6,,33,,,,,,no tracked competitor in top 30,,,,,,backlog
chef knives dubai,20,commercial,2.2,,33,,,,,,no tracked competitor in top 30,,,,,,backlog
chef nouel dubai chocolate,20,informational,4.6,,,,,,,,no tracked competitor in top 30,,,,,,backlog
chef shaheen dubai,20,commercial,0,,,,,,,,no tracked competitor in top 30,,,,,,backlog
chef umut dubai,20,commercial,0,,,,,,,,no tracked competitor in top 30,,,,,,backlog
chef vineet bhatia dubai,20,informational,0,,,,,,,,no tracked competitor in top 30,,,,,,backlog
chef wong menu dubai,20,informational,0,,,,,,,,no tracked competitor in top 30,,,,,,backlog
chef work dubai,20,commercial,16.6,,37,,,,,,no tracked competitor in top 30,1.0,True,,,,drop — off-intent
chef works dubai,20,commercial,13.6,,37,,,,,,no tracked competitor in top 30,,,,,,backlog
christmas dinner catering dubai,20,commercial,0,0.3,,,,,,,no tracked competitor in top 30,1.0,True,/christmas-catering-dubai,sub,/christmas-catering-dubai,keep (sub)
corporate catering companies in dubai,20,commercial,0,0.2,,,,,,,no tracked competitor in top 30,1.0,True,/corporate-retainer-dubai,sub,/best-catering-companies-dubai,merge → /best-catering-companies-dubai
couples cooking class dubai,20,transactional,37.8,0.36,,,,,,,no tracked competitor in top 30,1.0,True,/private-cooking-classes-dubai,sub,/private-cooking-classes-dubai,keep (sub)
dessert catering dubai,20,informational,0,,,,,,,,no tracked competitor in top 30,,,,,,backlog
diwali catering dubai,20,transactional,0,1.0,,,,,,,no tracked competitor in top 30,1.0,True,/diwali-catering-dubai,primary,/diwali-catering-dubai,keep (primary)
doner chef dubai,20,commercial,0,,,,,,,,no tracked competitor in top 30,0.5,False,,,,backlog
dubai chocolate chef,20,commercial,0,,,,,,,,no tracked competitor in top 30,,,,,,backlog
dubai food exhibition 2026,20,informational,0,0.0,,,,,,,no tracked competitor in top 30,1.0,True,/exhibition-catering-dubai,sub,/exhibition-catering-dubai,keep (sub)
emirates taste catering dubai,20,informational,0,,,,,,,,no tracked competitor in top 30,0.33,False,,,,backlog
executive chef dubai,20,commercial,4.4,,,,,,,,no tracked competitor in top 30,,,,,,backlog
executive chef in dubai,20,commercial,1.0,,,,,,,,no tracked competitor in top 30,,,,,,backlog
famous chef in dubai,20,commercial,0,,34,,,,,,no tracked competitor in top 30,,,,,,backlog
filipino catering dubai,20,commercial,5.8,,,,,,,,no tracked competitor in top 30,,,,,,backlog
filipino catering in dubai,20,commercial,0,,,,,,,,no tracked competitor in top 30,,,,,,backlog
fine dining in difc,20,informational,0,,,,,,,,no tracked competitor in top 30,1.0,True,/locations/difc,sub,/locations/difc,keep (sub)
fly dubai catering,20,transactional,0,,,,,,,,no tracked competitor in top 30,0.5,False,,,,backlog
free chef courses in dubai,20,informational,14.8,,,,,,,,no tracked competitor in top 30,0.67,False,,,/chef-training-academy,merge → /chef-training-academy
full time private chef dubai,20,transactional,58.8,1.0,,,,,,,no tracked competitor in top 30,1.0,True,/full-time-private-chef-dubai,primary,/full-time-private-chef-dubai,keep (primary)
gaya catering services calo dubai,20,commercial,0,,,,,,,,no tracked competitor in top 30,0.5,False,,,,backlog
healthy meal prep dubai,20,transactional,277.0,1.0,,,,,,,no tracked competitor in top 30,1.0,True,/wellness-meal-prep-dubai,primary,/wellness-meal-prep-dubai,keep (primary)
home party catering dubai,20,transactional,66.8,,,,,,,,no tracked competitor in top 30,1.0,False,,,/private-party-catering-dubai,merge → /private-party-catering-dubai
ice cream catering dubai,20,commercial,0,,,,,,,,no tracked competitor in top 30,,,,,,backlog
indian catering services in dubai,20,commercial,0,,28,,,,,,no tracked competitor in top 30,0.67,False,,,/indian-catering-dubai,merge → /indian-catering-dubai
indian food catering companies in dubai,20,commercial,20.6,,,,,,,,no tracked competitor in top 30,0.75,False,,,/diwali-catering-dubai,merge → /diwali-catering-dubai
kelvin catering dubai,20,commercial,0,,,,,,,,no tracked competitor in top 30,,,,,,backlog
lamb chef dubai,20,commercial,0,,0,,,,,,no tracked competitor in top 30,,,,,,backlog
luxury dinner in dubai,20,informational,23.2,0.08,,,,,,,no tracked competitor in top 30,1.0,False,/luxury-dinner-planning-guide-dubai,sub,/luxury-dinner-planning-guide-dubai,keep (sub)
outdoor catering services in dubai,20,commercial,0,,,,,,,,no tracked competitor in top 30,0.33,False,,,/catering-packages-dubai,merge → /catering-packages-dubai
pakistani catering dubai,20,commercial,17.0,,,,,,,,no tracked competitor in top 30,,,,,,backlog
pastry chef dubai,20,commercial,68.0,,,,,,,,no tracked competitor in top 30,,,,,,backlog
pastry chef in dubai,20,commercial,0.4,,,,,,,,no tracked competitor in top 30,,,,,,backlog
paul catering dubai,20,commercial,27.4,,,,,,,,no tracked competitor in top 30,0.5,False,,,,backlog
private beach dinner dubai,20,transactional,50.4,0.0,20,,,,,,no tracked competitor in top 30,1.0,True,/blog/best-private-chef-birthday-dinner-dubai,sub,/blog/best-private-chef-birthday-dinner-dubai,keep (sub)
private chef at home dubai,20,commercial,81.0,,25,28,,,,,"no tracked competitor in top 30, we #28",1.0,False,,,/apartment-private-dining-dubai,merge → /apartment-private-dining-dubai
procat catering services dubai,20,commercial,55.6,,,,,,,,no tracked competitor in top 30,0.67,False,,,,backlog
procat catering services in dubai uae,20,commercial,33.4,,,,,,,,no tracked competitor in top 30,0.67,False,,,,backlog
royal treat catering service dubai,20,commercial,0,,,,,,,,no tracked competitor in top 30,,,,,,backlog
sfc catering dubai,20,commercial,54.2,,,,,,,,no tracked competitor in top 30,,,,,,backlog
sushi catering dubai,20,commercial,28.2,1.0,,,,,,,no tracked competitor in top 30,1.0,True,/sushi-catering-dubai,primary,/sushi-catering-dubai,keep (primary)
sushi chef dubai,20,commercial,5.8,,,,,,,,no tracked competitor in top 30,,,,,,backlog
sushi chef hiring dubai,20,transactional,1.0,,33,,,,,,no tracked competitor in top 30,,,,,/become-a-mychef,merge → /become-a-mychef
thanksgiving catering dubai,20,commercial,0,,,,,,,,no tracked competitor in top 30,,,,,,backlog
top chef dubai photos,20,informational,0,,,,,,,,no tracked competitor in top 30,0.33,False,,,,backlog
top chef dubai reviews,20,informational,0,,,,,,,,no tracked competitor in top 30,0.33,False,,,,backlog
vegan catering dubai,20,commercial,12.2,1.0,,,,,,,no tracked competitor in top 30,1.0,True,/vegan-catering-dubai,primary,/vegan-catering-dubai,keep (primary)
vegetarian catering dubai,20,commercial,12.2,1.0,,,,,,,no tracked competitor in top 30,1.0,True,/vegetarian-catering-dubai,primary,/vegetarian-catering-dubai,keep (primary)
wedding catering services in dubai,20,commercial,0,0.0,,,,,,,no tracked competitor in top 30,1.0,False,/wedding-catering-checklist-dubai,sub,/wedding-catering-checklist-dubai,keep (sub)
yacht catering menu,20,informational,0,0.31,,19,,,,,"no tracked competitor in top 30, we #19",1.0,True,/yacht-catering-checklist-dubai,sub,/yacht-catering-checklist-dubai,keep (sub)
1762 catering dubai,10,commercial,0,,,,,,,,no tracked competitor in top 30,,,,,,backlog
a gala event catering,10,transactional,0,0.0,,,,,,,no tracked competitor in top 30,0.67,False,/partners/event-planners-dubai,sub,/partners/event-planners-dubai,keep (sub)
arabic food names in dubai,10,informational,0,0.0,,,,,,,no tracked competitor in top 30,0.67,False,/chefs/layla-middle-eastern-chef,sub,/chefs/layla-middle-eastern-chef,keep (sub)
average private chef cost,10,commercial,0,0.25,,,,,,,no tracked competitor in top 30,1.0,True,/blog/how-much-does-private-chef-cost-dubai,sub,/blog/how-much-does-private-chef-cost-dubai,keep (sub)
best indian food catering in dubai,10,commercial,0,,,,,,,,no tracked competitor in top 30,1.0,False,,,/indian-catering-dubai,merge → /indian-catering-dubai
best private dining rooms dubai,10,commercial,53.0,,,,,,,,no tracked competitor in top 30,1.0,True,/blog/private-chef-palm-jumeirah-guide,sub,/blog/private-chef-palm-jumeirah-guide,keep (sub)
bodybuilding meal prep dubai,10,transactional,0,0.44,,,,,,,no tracked competitor in top 30,1.0,True,/fitness-meal-prep-dubai,sub,/wellness-meal-prep-dubai,merge → /wellness-meal-prep-dubai
book a private chef,10,transactional,0,0.27,,20,,,,,"no tracked competitor in top 30, we #20",1.0,True,/blog/best-private-chef-birthday-dinner-dubai,sub,/blog/best-private-chef-birthday-dinner-dubai,keep (sub)
brunch ideas at home easy,10,informational,0,0.0,,,,,,,no tracked competitor in top 30,1.0,True,/blog/brunch-at-home-dubai,sub,/blog/brunch-at-home-dubai,keep (sub)
casual dinner party menu ideas,10,commercial,0,0.08,,,,,,,no tracked competitor in top 30,1.0,True,/blog/dinner-party-menu-ideas-dubai,sub,/blog/dinner-party-menu-ideas-dubai,keep (sub)
cat food price in dubai,10,commercial,2.9,,,,,,,,no tracked competitor in top 30,1.0,True,/influencer-partnerships,sub,/influencer-partnerships,keep (sub)
catering business examples,10,commercial,0,,,,,,,,no tracked competitor in top 30,,,,,,backlog
catering business for sale in dubai,10,transactional,0,,,,,,,,no tracked competitor in top 30,,,,,,backlog
catering checklist for events,10,informational,0,0.06,,,,,,,no tracked competitor in top 30,1.0,True,/corporate-catering-checklist-dubai,sub,/corporate-catering-checklist-dubai,keep (sub)
catering cost for 200 person wedding,10,commercial,0,0.07,,,,,,,no tracked competitor in top 30,1.0,True,/blog/wedding-catering-cost-dubai,sub,/blog/wedding-catering-cost-dubai,keep (sub)
catering courses in dubai,10,commercial,11.6,,,,,,,,no tracked competitor in top 30,0.5,False,,,,backlog
catering equipment suppliers dubai,10,commercial,0,,,,,,,,no tracked competitor in top 30,,,,,,backlog
catering equipment suppliers in dubai,10,commercial,0,,,,,,,,no tracked competitor in top 30,,,,,,backlog
catering event checklist,10,informational,0,0.06,,,,,,,no tracked competitor in top 30,1.0,True,/guides,sub,/guides,keep (sub)
catering food price list,10,commercial,0,0.07,,,,,,,no tracked competitor in top 30,1.0,True,/dubai-catering-prices-guide,sub,/dubai-catering-prices-guide,keep (sub)
catering kitchen for rent dubai,10,transactional,0,,,,,,,,no tracked competitor in top 30,,,,,,backlog
catering kitchen for rent in dubai,10,transactional,0,,,,,,,,no tracked competitor in top 30,,,,,,backlog
catering license dubai,10,informational,0,,31,,,,,,no tracked competitor in top 30,0.5,False,,,,backlog
catering menu dubai,10,transactional,7.2,0.0,,,,,,,no tracked competitor in top 30,1.0,True,/wedding-catering-menu-planning-dubai,sub,/wedding-catering-menu-planning-dubai,keep (sub)
catering requirements for events,10,informational,0,0.0,,,,,,,no tracked competitor in top 30,1.0,True,/partner-with-us,sub,/partner-with-us,keep (sub)
catering service checklist,10,informational,0,0.0,,,,,,,no tracked competitor in top 30,1.0,True,/yacht-catering-checklist-dubai,sub,/yacht-catering-checklist-dubai,keep (sub)
catering services list,10,commercial,0.9,0.0,,,,,,,no tracked competitor in top 30,1.0,True,/partner-with-us,sub,/partner-with-us,keep (sub)
chaat catering dubai,10,commercial,18.3,,,,,,,,no tracked competitor in top 30,0.5,False,,,,backlog
checklist for catering event,10,transactional,0,0.0,,,,,,,no tracked competitor in top 30,1.0,False,/wedding-catering-checklist-dubai,sub,/wedding-catering-checklist-dubai,keep (sub)
chef middle east llc dubai,10,navigational,3.6,0.0,,,,,,,no tracked competitor in top 30,0.25,False,/private-chef-dubai/how-it-works,sub,/private-chef-dubai/how-it-works,keep (sub)
chef recruitment agencies in dubai,10,commercial,0,0.0,,,,,,,no tracked competitor in top 30,1.0,True,/about,sub,/about,keep (sub)
corporate catering in dubai,10,commercial,66.7,0.44,,,,,,,no tracked competitor in top 30,1.0,True,/blog/corporate-event-catering-ideas-dubai,sub,/corporate,merge → /corporate
corporate event catering near me,10,commercial,0,,,,,,,,no tracked competitor in top 30,1.0,True,/dubai-event-catering-price-guide-2026,sub,/dubai-event-catering-price-guide-2026,keep (sub)
cost of a private chef,10,commercial,0,0.14,,,,,,,no tracked competitor in top 30,1.0,True,/blog/private-chef-vs-restaurant-dubai,sub,/blog/private-chef-vs-restaurant-dubai,keep (sub)
culinary academy dubai,10,commercial,26.0,0.57,,,,,,,no tracked competitor in top 30,1.0,True,/chef-training-academy,sub,/chef-training-academy,keep (sub)
damac catering dubai,10,commercial,0,,,,,,,,no tracked competitor in top 30,,,,,,backlog
desert catering dubai,10,commercial,0,,,,,,,,no tracked competitor in top 30,,,,,,backlog
dessert table catering near me,10,commercial,0,0.0,,,,,,,no tracked competitor in top 30,1.0,True,/chefs-table-dubai,sub,/chefs-table-dubai,keep (sub)
diwali food items,10,informational,0,0.0,,,,,,,no tracked competitor in top 30,1.0,True,/diwali-catering-dubai,sub,/diwali-catering-dubai,keep (sub)
dnata catering dubai,10,commercial,0,,,,,,,,no tracked competitor in top 30,0.5,False,,,,backlog
dubai cruise dinner booking,10,transactional,0,0.0,,,,,,,no tracked competitor in top 30,1.0,True,/luxury-dinner-planning-guide-dubai,sub,/luxury-dinner-planning-guide-dubai,keep (sub)
dubai dinner cruise deals,10,commercial,13.3,0.0,,,,,,,no tracked competitor in top 30,1.0,True,/corporate-dinner-package-dubai,sub,/corporate-dinner-package-dubai,drop — off-intent
dubai food fair 2026,10,informational,0,0.0,,,,,,,no tracked competitor in top 30,1.0,True,/dubai-food-trends-report-2026,sub,/dubai-food-trends-report-2026,keep (sub)
dubai food price list,10,commercial,0,,33,,,,,,no tracked competitor in top 30,1.0,True,/influencer-partnerships,sub,/influencer-partnerships,keep (sub)
dubai ncc catering company,10,commercial,25.4,,0,,,,,,no tracked competitor in top 30,,,,,,backlog
dubai self catering holidays,10,commercial,0,0.0,,,,,,,no tracked competitor in top 30,1.0,True,/villa-catering-ideas-dubai,sub,/villa-catering-ideas-dubai,keep (sub)
dubai semi government catering company,10,commercial,0,,,,,,,,no tracked competitor in top 30,,,,,,backlog
dubai semi govt catering company,10,commercial,0,,,,,,,,no tracked competitor in top 30,,,,,,backlog
eid lunch offers in dubai,10,commercial,0,0.0,,,,,,,no tracked competitor in top 30,1.0,True,/eid-catering-dubai,sub,/eid-catering-dubai,keep (sub)
ep catering dubai,10,commercial,0,,,,,,,,no tracked competitor in top 30,,,,,,backlog
event catering menu ideas,10,commercial,0,0.0,,,,,,,no tracked competitor in top 30,1.0,True,/blog/corporate-event-catering-ideas-dubai,sub,/blog/corporate-event-catering-ideas-dubai,keep (sub)
filipino catering services in dubai,10,commercial,0,,,,,,,,no tracked competitor in top 30,,,,,,backlog
find a private chef,10,transactional,0,0.18,,35,,,,,"no tracked competitor in top 30, we #35",1.0,True,/how-we-vet-our-chefs,sub,/locations/umm-suqeim,merge → /locations/umm-suqeim
fitt meals catering services dubai,10,commercial,0,,,,,,,,no tracked competitor in top 30,0.75,False,,,,backlog
foods to cater,10,informational,0,0.0,12,,,,,,no tracked competitor in top 30,0.0,False,/menus,sub,/menus,keep (sub)
full time private chef,10,commercial,49.7,0.33,,30,,,,,"no tracked competitor in top 30, we #30",1.0,True,/part-time-private-chef-dubai,sub,/part-time-private-chef-dubai,keep (sub)
ginza catering dubai,10,commercial,0,,,,,,,,no tracked competitor in top 30,0.5,False,,,,backlog
grazing platter dubai,10,transactional,0,0.31,,,,,,,no tracked competitor in top 30,1.0,True,/grazing-table-dubai,sub,/grazing-table-dubai,keep (sub)
grazing table catering,10,transactional,0,0.06,,,,,,,no tracked competitor in top 30,1.0,True,/blog/grazing-table-vs-buffet-dubai,sub,/blog/grazing-table-vs-buffet-dubai,keep (sub)
grazing table examples,10,informational,0,0.0,,,,,,,no tracked competitor in top 30,1.0,True,/blog/grazing-table-vs-buffet-dubai,sub,/blog/grazing-table-vs-buffet-dubai,keep (sub)
grazing table for 50 guests,10,transactional,0,0.0,,,,,,,no tracked competitor in top 30,1.0,True,/blog/grazing-table-vs-buffet-dubai,sub,/blog/grazing-table-vs-buffet-dubai,keep (sub)
gulf catering company uae,10,commercial,0,0.0,,,,,,,no tracked competitor in top 30,1.0,True,/quality-guarantee-dubai,sub,/quality-guarantee-dubai,keep (sub)
halal private dining,10,commercial,0,0.0,,,,,,,no tracked competitor in top 30,1.0,True,/blog/halal-private-dining-dubai-what-to-ask,sub,/blog/halal-private-dining-dubai-what-to-ask,keep (sub)
halal wedding catering prices,10,commercial,0,0.0,,,,,,,no tracked competitor in top 30,1.0,True,/blog/wedding-catering-cost-dubai,sub,/blog/wedding-catering-cost-dubai,keep (sub)
health road catering dubai,10,informational,0,,,,,,,,no tracked competitor in top 30,,,,,,backlog
healthy catering dubai,10,commercial,0,,,,,,,,no tracked competitor in top 30,1.0,False,,,,backlog
healthy food chef,10,commercial,0,0.0,,,,,,,no tracked competitor in top 30,1.0,False,/wellness-meal-prep-dubai,sub,/wellness-meal-prep-dubai,keep (sub)
hiring a private chef,10,transactional,0,0.25,,,,,,,no tracked competitor in top 30,1.0,True,/blog/how-to-hire-a-private-chef-dubai,sub,/blog/how-to-hire-a-private-chef-dubai,keep (sub)
household chef,10,informational,12.7,0.27,,29,,,,,"no tracked competitor in top 30, we #29",1.0,True,/private-chef-dubai/how-it-works,sub,/private-chef-dubai/how-it-works,keep (sub)
how many canapes per person,10,informational,0,0.0,,,,,,,no tracked competitor in top 30,1.0,True,/canape-catering-dubai,sub,/canape-catering-dubai,keep (sub)
how much do private chefs charge,10,commercial,0,,,,,,,,no tracked competitor in top 30,1.0,True,/mychef-certified,sub,/mychef-certified,keep (sub)
how much does a private chef charge,10,commercial,0,0.15,,,,,,,no tracked competitor in top 30,0.67,False,/blog/how-much-does-private-chef-cost-dubai,sub,/blog/how-much-does-private-chef-cost-dubai,keep (sub)
how much is a private chef in dubai,10,commercial,0,0.44,,31,,,,,"no tracked competitor in top 30, we #31",1.0,True,/private-chef-prices-dubai,sub,/blog/how-much-does-private-chef-cost-dubai,merge → /blog/how-much-does-private-chef-cost-dubai
how much is dinner in dubai,10,commercial,0,0.0,,,,,,,no tracked competitor in top 30,1.0,False,/blog/desert-dinner-party-dubai,sub,/blog/desert-dinner-party-dubai,keep (sub)
how to be a private chef,10,informational,0,,,33,,,,,"no tracked competitor in top 30, we #33",1.0,False,,,,backlog
how to become a chef in dubai,10,informational,0.2,0.33,,,,,,,no tracked competitor in top 30,1.0,True,/chef-training-academy,sub,/chef-training-academy,keep (sub)
how to start a catering business in dubai,10,informational,0,,,,,,,,no tracked competitor in top 30,0.67,False,,,,backlog
how to start a private chef business,10,informational,0,,,,,,,,no tracked competitor in top 30,,,,,,backlog
i cat innovative catering services dubai photos,10,informational,0,,,,,,,,no tracked competitor in top 30,,,,,,backlog
iftar buffet dubai 2026 price,10,commercial,0,,,,,,,,no tracked competitor in top 30,1.0,True,/dubai-event-catering-price-guide-2026,sub,/dubai-event-catering-price-guide-2026,keep (sub)
iftar buffet dubai al barsha,10,informational,0,0.0,,,,,,,no tracked competitor in top 30,0.75,False,/locations/al-barsha,sub,/locations/al-barsha,keep (sub)
iftar buffet dubai jbr,10,transactional,0,0.0,,,,,,,no tracked competitor in top 30,1.0,True,/locations/jbr,sub,/locations/jbr,keep (sub)
iftar buffet dubai jlt,10,transactional,0,0.0,,,,,,,no tracked competitor in top 30,0.67,False,/locations/jlt,sub,/locations/jlt,keep (sub)
iftar buffet dubai jumeirah,10,transactional,0,,,,,,,,no tracked competitor in top 30,1.0,True,/locations/jumeirah,sub,/locations/jumeirah,keep (sub)
iftar buffet menu dubai,10,transactional,0,,,,,,,,no tracked competitor in top 30,1.0,True,/blog/iftar-at-home-dubai,sub,/blog/iftar-at-home-dubai,keep (sub)
indian catering companies in dubai,10,commercial,0,,,,,,,,no tracked competitor in top 30,0.67,False,,,/indian-catering-dubai,merge → /indian-catering-dubai
indian food catering services in dubai,10,commercial,0,,,,,,,,no tracked competitor in top 30,0.75,False,,,/indian-catering-dubai,merge → /indian-catering-dubai
indian party catering dubai,10,commercial,0,,,,,,,,no tracked competitor in top 30,1.0,False,,,/diwali-catering-dubai,merge → /diwali-catering-dubai
industrial catering companies in dubai,10,commercial,22.9,,30,,,,,,no tracked competitor in top 30,0.67,False,,,,backlog
intercat catering company dubai,10,commercial,0.6,,,,,,,,no tracked competitor in top 30,,,,,,backlog
italian food supplier dubai,10,commercial,0,0.0,,,,,,,no tracked competitor in top 30,0.67,False,/chefs/marco-italian-chef,sub,/chefs/marco-italian-chef,keep (sub)
keita catering dubai,10,commercial,0,,,,,,,,no tracked competitor in top 30,,,,,,backlog
kosher catering dubai,10,commercial,0,,,,,,,,no tracked competitor in top 30,,,,,,backlog
leading catering company in dubai,10,commercial,15.0,0.5,,,,,,,no tracked competitor in top 30,1.0,True,/best-catering-companies-dubai,sub,/best-catering-companies-dubai,keep (sub)
list of food catering companies in dubai,10,commercial,0,,,,,,,,no tracked competitor in top 30,1.0,False,,,/best-catering-companies-dubai,merge → /best-catering-companies-dubai
looking for chef,10,informational,62.9,0.08,,,,,,,no tracked competitor in top 30,1.0,True,/our-chefs,sub,/our-chefs,keep (sub)
lunch meal prep ideas high protein,10,commercial,0,,,,,,,,no tracked competitor in top 30,1.0,True,/blog/weekly-meal-prep-vs-full-time-chef-dubai,sub,/blog/weekly-meal-prep-vs-full-time-chef-dubai,keep (sub)
luxury desert dinner dubai,10,informational,0,0.3,,,,,,,no tracked competitor in top 30,1.0,True,/blog/desert-dinner-party-dubai,sub,/desert-dining-dubai,merge → /desert-dining-dubai
majestic catering dubai,10,commercial,0,,,,,,,,no tracked competitor in top 30,,,,,,backlog
meal prep private chef,10,commercial,0,,,28,,,,,"no tracked competitor in top 30, we #28",1.0,True,/blog/weekly-meal-prep-vs-full-time-chef-dubai,sub,/blog/weekly-meal-prep-vs-full-time-chef-dubai,keep (sub)
monthly healthy meal plan dubai for weight loss,10,commercial,33.3,0.5,,,,,,,no tracked competitor in top 30,0.83,False,/wellness-meal-prep-dubai,sub,/wellness-meal-prep-dubai,keep (sub)
mystery dinner dubai,10,informational,0,0.0,,,,,,,no tracked competitor in top 30,1.0,True,/mystery-dining-dubai,sub,/mystery-dining-dubai,keep (sub)
ncth catering company dubai,10,commercial,0,,,,,,,,no tracked competitor in top 30,,,,,,backlog
new years day catering,10,commercial,0,0.0,,20,,,,,"no tracked competitor in top 30, we #20",1.0,True,/uae-national-day-catering-dubai,sub,/uae-national-day-catering-dubai,keep (sub)
new years eve catering dubai,10,informational,0,0.75,,18,,,,,"no tracked competitor in top 30, we #18",1.0,True,/new-year-catering-dubai,sub,/new-year-catering-dubai,keep (sub)
part time chef dubai,10,informational,7.7,0.07,,,,,,,no tracked competitor in top 30,1.0,True,/full-time-private-chef-dubai,sub,/full-time-private-chef-dubai,keep (sub)
party catering ideas,10,commercial,0,0.0,,,,,,,no tracked competitor in top 30,1.0,True,/blog/nye-party-catering-dubai,sub,/blog/nye-party-catering-dubai,keep (sub)
personal chef vs private chef,10,commercial,0,0.0,29,,,,,,no tracked competitor in top 30,1.0,True,/private-chef-vs-catering-dubai,sub,/private-chef-vs-catering-dubai,keep (sub)
private chef agency,10,commercial,50,0.08,,,,,,,no tracked competitor in top 30,0.67,False,/private-chef-dubai/how-it-works,sub,/private-chef-dubai/how-it-works,keep (sub)
private chef and catering,10,commercial,0,0.0,,25,,,,,"no tracked competitor in top 30, we #25",1.0,True,/become-a-mychef,sub,/become-a-mychef,keep (sub)
private chef cost per day,10,commercial,0,0.17,,18,,,,,"no tracked competitor in top 30, we #18",1.0,True,/blog/how-much-does-private-chef-cost-dubai,sub,/blog/how-much-does-private-chef-cost-dubai,keep (sub)
private chef dinner menu,10,transactional,0,0.17,,31,,,,,"no tracked competitor in top 30, we #31",1.0,True,/blog/best-private-chef-birthday-dinner-dubai,sub,/blog/best-private-chef-birthday-dinner-dubai,keep (sub)
private chef dubai monthly,10,commercial,25.9,,,n/a,,,,,,1.0,False,/private-chef-dubai,sub,/private-chef-dubai,keep (sub)
private chef for a day,10,transactional,0,0.08,,29,,,,,"no tracked competitor in top 30, we #29",1.0,True,/blog/how-to-hire-a-private-chef-dubai,sub,/blog/how-to-hire-a-private-chef-dubai,keep (sub)
private chef for dinner party,10,transactional,91.1,0.22,,,,,,,no tracked competitor in top 30,1.0,False,/private-chef-prices-dubai,sub,/private-chef-prices-dubai,keep (sub)
private chef for family,10,commercial,0,0.23,,19,,,,,"no tracked competitor in top 30, we #19",1.0,True,/full-time-private-chef-dubai,sub,/full-time-private-chef-dubai,keep (sub)
private chef hire,10,transactional,43.7,0.38,,,,,,,no tracked competitor in top 30,1.0,True,/our-chefs,sub,/locations/dubai-marina,merge → /locations/dubai-marina
private chef service,10,commercial,0,0.33,,,,,,,no tracked competitor in top 30,1.0,True,/private-chef-dubai/how-it-works,sub,/private-chef-dubai/how-it-works,keep (sub)
private chef services,10,commercial,0,0.22,,29,,,,,"no tracked competitor in top 30, we #29",0.67,False,/private-chef-dubai/how-it-works,sub,/private-chef-dubai/how-it-works,keep (sub)
private chef vs personal chef,10,commercial,0,0.0,29,,,,,,no tracked competitor in top 30,1.0,True,/blog/private-chef-vs-restaurant-dubai,sub,/blog/private-chef-vs-restaurant-dubai,keep (sub)
private chefs dublin,10,commercial,0,,,,,,,,no tracked competitor in top 30,,,,,,backlog
private cooking classes,10,commercial,0,0.0,,30,,,,,"no tracked competitor in top 30, we #30",1.0,True,/gift-cards,sub,/gift-cards,keep (sub)
private dining for two dubai,10,transactional,0,0.0,34,,,,,,no tracked competitor in top 30,1.0,True,/romantic-dinner-dubai,sub,/guide/private-dining-dubai,merge → /guide/private-dining-dubai
private dinner for two dubai,10,transactional,0,0.15,,,,,,,no tracked competitor in top 30,1.0,True,/romantic-dinner-dubai,sub,/romantic-dinner-dubai,keep (sub)
private dinner in the desert dubai,10,transactional,63.3,0.33,,,,,,,no tracked competitor in top 30,1.0,True,/blog/desert-dinner-party-dubai,sub,/blog/desert-dinner-party-dubai,keep (sub)
private vs personal chef,10,commercial,0,,,,,,,,no tracked competitor in top 30,1.0,True,/blog/weekly-meal-prep-vs-full-time-chef-dubai,sub,/blog/weekly-meal-prep-vs-full-time-chef-dubai,keep (sub)
ramadan buffet catering,10,commercial,0,0.38,,,,,,,no tracked competitor in top 30,1.0,False,/ramadan-catering-dubai,sub,/ramadan-catering-dubai,keep (sub)
ramadan catering menu,10,commercial,0,0.29,,,,,,,no tracked competitor in top 30,1.0,True,/ramadan-catering-guide-dubai,sub,/ramadan-catering-guide-dubai,keep (sub)
ripples catering services dubai,10,informational,0,,,,,,,,no tracked competitor in top 30,,,,,,backlog
rk catering services dubai,10,commercial,0,,,,,,,,no tracked competitor in top 30,,,,,,backlog
romantic dinner dubai beach,10,transactional,0,0.0,,,,,,,no tracked competitor in top 30,1.0,True,/romantic-dinner-dubai,sub,/romantic-dinner-dubai,keep (sub)
royal orchid catering dubai,10,commercial,0,,,,,,,,no tracked competitor in top 30,,,,,,backlog
self catering apartments dubai,10,commercial,15.0,,39,,,,,,no tracked competitor in top 30,,,,,,backlog
self catering dubai,10,commercial,35.9,,,,,,,,no tracked competitor in top 30,,,,,,backlog
self catering dubai apartments,10,commercial,0,,38,,,,,,no tracked competitor in top 30,,,,,,backlog
simple but elegant dinner party menu,10,transactional,0,0.07,,,,,,,no tracked competitor in top 30,1.0,True,/blog/dinner-party-menu-ideas-dubai,sub,/blog/dinner-party-menu-ideas-dubai,keep (sub)
southern food catering service dubai reviews,10,informational,0,,,,,,,,no tracked competitor in top 30,,,,,,backlog
taj catering dubai,10,commercial,0,,,,,,,,no tracked competitor in top 30,,,,,,backlog
the private chef,10,informational,0,0.45,,31,,,,,"no tracked competitor in top 30, we #31",1.0,True,/part-time-private-chef-dubai,sub,/part-time-private-chef-dubai,keep (sub)
top catering companies dubai,10,commercial,0,0.57,,,,,,,no tracked competitor in top 30,1.0,True,/best-catering-companies-dubai,sub,/best-catering-companies-dubai,keep (sub)
what food to bring to a boat party,10,informational,0,0.0,,,,,,,no tracked competitor in top 30,0.8,False,/blog/yacht-party-menu-ideas-dubai,sub,/blog/yacht-party-menu-ideas-dubai,keep (sub)
what is a private chef,10,informational,0,0.0,,,,,,,no tracked competitor in top 30,1.0,False,/blog/private-chef-vs-restaurant-dubai,sub,/blog/private-chef-vs-restaurant-dubai,keep (sub)
what is buffet catering,10,informational,0,0.0,,,,,,,no tracked competitor in top 30,1.0,False,/blog/grazing-table-vs-buffet-dubai,sub,/blog/grazing-table-vs-buffet-dubai,keep (sub)
what is event catering,10,informational,0,0.0,,,,,,,no tracked competitor in top 30,1.0,False,/blog/corporate-event-catering-ideas-dubai,sub,/blog/corporate-event-catering-ideas-dubai,keep (sub)
when to book caterer for wedding,10,commercial,0,0.0,,,,,,,no tracked competitor in top 30,1.0,False,/wedding-catering-dubai,sub,/wedding-catering-dubai,keep (sub)
yacht chef requirements,10,transactional,0,0.0,,,,,,,no tracked competitor in top 30,0.67,False,/partners/yacht-charters-dubai,sub,/partners/yacht-charters-dubai,keep (sub)
yacht food ideas,10,informational,0,,,,,,,,no tracked competitor in top 30,1.0,True,/yacht-catering-guide-dubai,sub,/yacht-catering-guide-dubai,keep (sub)
yacht menu ideas,10,informational,0,0.07,,,,,,,no tracked competitor in top 30,1.0,True,/blog/yacht-party-menu-ideas-dubai,sub,/blog/yacht-party-menu-ideas-dubai,keep (sub)
yacht party food ideas,10,informational,0,,,,,,,,no tracked competitor in top 30,1.0,True,/yacht-catering-guide-dubai,sub,/yacht-catering-guide-dubai,keep (sub)
3 course dinner party menu dubai,0,transactional,0,0.0,,,,,,,no tracked competitor in top 30,1.0,True,/blog/dinner-party-menu-ideas-dubai,sub,/blog/dinner-party-menu-ideas-dubai,keep (sub)
a halal catering service,0,commercial,0,0.0,,,,,,,no tracked competitor in top 30,1.0,True,/blog/halal-private-dining-dubai-what-to-ask,sub,/blog/halal-private-dining-dubai-what-to-ask,keep (sub)
about mychef dubai,0,navigational,0,0.0,,2,,,,,"no tracked competitor in top 30, we #2",1.0,True,/about,sub,/about,keep (sub)
adult birthday catering dubai,0,,0,,,n/a,,,,,,1.0,False,/birthday-catering-dubai,sub,/birthday-catering-dubai,keep (sub)
afternoon tea at home dubai,0,transactional,0,0.0,,,,,,,no tracked competitor in top 30,1.0,True,/afternoon-tea-catering-dubai,sub,/afternoon-tea-catering-dubai,keep (sub)
afternoon tea caterers near me,0,,0,,,n/a,,,,,,1.0,True,/afternoon-tea-catering-dubai,sub,/afternoon-tea-catering-dubai,keep (sub)
afternoon tea catering dubai,0,commercial,0,1.0,,,,,,,no tracked competitor in top 30,1.0,True,/afternoon-tea-catering-dubai,primary,/afternoon-tea-catering-dubai,keep (primary)
afternoon tea catering dubai price,0,commercial,0,0.25,,,,,,,no tracked competitor in top 30,1.0,True,/afternoon-tea-catering-dubai,sub,/afternoon-tea-catering-dubai,keep (sub)
afternoon tea catering menu dubai,0,transactional,0,0.25,,,,,,,no tracked competitor in top 30,1.0,True,/afternoon-tea-catering-dubai,sub,/afternoon-tea-catering-dubai,keep (sub)
afternoon tea catering packages dubai,0,commercial,0,0.36,,18,,,,,"no tracked competitor in top 30, we #18",1.0,True,/afternoon-tea-catering-dubai,sub,/afternoon-tea-catering-dubai,keep (sub)
afternoon tea catering price per person dubai,0,commercial,0,0.23,,,,,,,no tracked competitor in top 30,1.0,True,/afternoon-tea-catering-dubai,sub,/afternoon-tea-catering-dubai,keep (sub)
afternoon tea grazing table,0,,0,,,n/a,,,,,,1.0,True,/afternoon-tea-catering-dubai,sub,/afternoon-tea-catering-dubai,keep (sub)
afternoon tea wedding catering,0,commercial,0,0.0,,,,,,,no tracked competitor in top 30,0.75,False,/wedding-catering-checklist-dubai,sub,/wedding-catering-checklist-dubai,keep (sub)
all inclusive catering package dubai,0,commercial,0,,,n/a,,,,,,1.0,False,/catering-packages-dubai,sub,/catering-packages-dubai,keep (sub)
allergy aware birthday catering dubai,0,,0,,,n/a,,,,,,1.0,False,/birthday-catering-dubai,sub,/birthday-catering-dubai,keep (sub)
allergy safe catering cost per person dubai,0,commercial,0,0.17,,2,,,,,"no tracked competitor in top 30, we #2",1.0,True,/allergy-safe-catering-dubai,sub,/allergy-safe-catering-dubai,keep (sub)
allergy safe catering dubai,0,commercial,0,1.0,,2,,,,,"no tracked competitor in top 30, we #2",1.0,True,/allergy-safe-catering-dubai,primary,/allergy-safe-catering-dubai,keep (primary)
allergy safe catering dubai price,0,commercial,0,0.08,,,,,,,no tracked competitor in top 30,1.0,True,/allergy-safe-catering-dubai,sub,/allergy-safe-catering-dubai,keep (sub)
allergy safe catering menu dubai,0,informational,0,0.36,,2,,,,,"no tracked competitor in top 30, we #2",1.0,True,/allergy-safe-catering-dubai,sub,/allergy-safe-catering-dubai,keep (sub)
allergy safe catering packages dubai,0,commercial,0,0.3,,1,,,,,"no tracked competitor in top 30, we #1",1.0,True,/allergy-safe-catering-dubai,sub,/allergy-safe-catering-dubai,keep (sub)
amazonico private dining dubai,0,transactional,0,0.0,,,,,,,no tracked competitor in top 30,1.0,True,/guide/private-dining-dubai,sub,/guide/private-dining-dubai,keep (sub)
anniversary dinner dubai,0,,0,,,n/a,,,,,,1.0,True,/romantic-dinner-dubai,sub,/romantic-dinner-dubai,keep (sub)
annual company party catering dubai,0,,0,,,n/a,,,,,,0.75,False,/private-party-catering-dubai,sub,/private-party-catering-dubai,keep (sub)
apartment dinner party dubai,0,transactional,0,0.0,,,,,,,no tracked competitor in top 30,1.0,True,/apartment-private-dining-dubai,sub,/apartment-private-dining-dubai,keep (sub)
apartment private dining packages dubai,0,commercial,0,0.0,,,,,,,no tracked competitor in top 30,1.0,True,/apartment-private-dining-dubai,sub,/apartment-private-dining-dubai,keep (sub)
approved caterer list dubai,0,commercial,0,0.17,,,,,,,no tracked competitor in top 30,1.0,True,/venue-partners,sub,/venue-partners,keep (sub)
arabian ranches dining,0,,0,,,n/a,,,,,,1.0,True,/arabic-catering-dubai,sub,/arabic-catering-dubai,keep (sub)
arabic breakfast catering dubai,0,commercial,0,0.08,,,,,,,no tracked competitor in top 30,1.0,True,/breakfast-catering-dubai,sub,/breakfast-catering-dubai,keep (sub)
arabic catering cost per person dubai,0,commercial,0,0.14,,34,,,,,"no tracked competitor in top 30, we #34",1.0,True,/arabic-catering-dubai,sub,/arabic-catering-dubai,keep (sub)
arabic catering dubai price,0,commercial,0,0.36,,,,,,,no tracked competitor in top 30,1.0,True,/arabic-catering-dubai,sub,/arabic-catering-dubai,keep (sub)
arabic catering menu dubai,0,transactional,0,0.42,,,,,,,no tracked competitor in top 30,1.0,True,/arabic-catering-dubai,sub,/arabic-catering-dubai,keep (sub)
arabic catering packages dubai,0,commercial,0,0.42,,,,,,,no tracked competitor in top 30,1.0,True,/arabic-catering-dubai,sub,/arabic-catering-dubai,keep (sub)
arabic chef for home dinner dubai,0,transactional,0,0.56,,33,,,,,"no tracked competitor in top 30, we #33",0.75,False,/chefs/layla-middle-eastern-chef,sub,/chefs/layla-middle-eastern-chef,keep (sub)
arabic private chef dubai,0,informational,0,1.0,,30,,,,,"no tracked competitor in top 30, we #30",0.67,False,/chefs/layla-middle-eastern-chef,primary,/chefs/layla-middle-eastern-chef,keep (primary)
are private chefs in dubai licensed,0,commercial,0,0.3,,4,,,,,"no tracked competitor in top 30, we #4",1.0,True,/our-chefs,sub,/our-chefs,keep (sub)
are private chefs licensed in dubai,0,commercial,0,0.07,,6,,,,,"no tracked competitor in top 30, we #6",1.0,True,/how-we-vet-our-chefs,sub,/how-we-vet-our-chefs,keep (sub)
are private chefs vetted dubai,0,commercial,0,,,n/a,,,,,,1.0,True,/how-we-vet-our-chefs,sub,/how-we-vet-our-chefs,keep (sub)
asian catering cost per person dubai,0,commercial,0,0.15,,,,,,,no tracked competitor in top 30,1.0,True,/asian-catering-dubai,sub,/asian-catering-dubai,keep (sub)
asian catering dubai,0,commercial,0,1.0,,,,,,,no tracked competitor in top 30,1.0,True,/asian-catering-dubai,primary,/asian-catering-dubai,keep (primary)
asian catering dubai price,0,commercial,0,0.21,,,,,,,no tracked competitor in top 30,1.0,True,/asian-catering-dubai,sub,/asian-catering-dubai,keep (sub)
asian catering menu dubai,0,transactional,0,0.38,,,,,,,no tracked competitor in top 30,1.0,True,/asian-catering-dubai,sub,/asian-catering-dubai,keep (sub)
asian catering packages dubai,0,commercial,0,0.36,,,,,,,no tracked competitor in top 30,1.0,True,/asian-catering-dubai,sub,/asian-catering-dubai,keep (sub)
average catering cost per person dubai 2026,0,commercial,0,,,19,,,,,"no tracked competitor in top 30, we #19",1.0,True,/dubai-event-catering-price-guide-2026,sub,/dubai-event-catering-price-guide-2026,keep (sub)
average cost of grazing table,0,commercial,0,0.07,,,,,,,no tracked competitor in top 30,1.0,True,/blog/grazing-table-vs-buffet-dubai,sub,/blog/grazing-table-vs-buffet-dubai,keep (sub)
average cost of personal chef in dubai,0,commercial,0,,,n/a,,,,,,1.0,True,/private-chef-prices-dubai,sub,/private-chef-prices-dubai,keep (sub)
average cost of personal chef vs catering,0,commercial,0,,,n/a,,,,,,1.0,True,/private-chef-vs-catering-dubai,sub,/private-chef-vs-catering-dubai,keep (sub)
awards dinner catering dubai,0,commercial,0,0.3,,,,,,,no tracked competitor in top 30,1.0,True,/gala-dinner-catering-dubai,sub,/gala-dinner-catering-dubai,keep (sub)
baby shower caterers near me,0,,0,,,n/a,,,,,,1.0,True,/baby-shower-catering-dubai,sub,/baby-shower-catering-dubai,keep (sub)
baby shower catering cost per person dubai,0,commercial,0,0.2,,,,,,,no tracked competitor in top 30,1.0,True,/baby-shower-catering-dubai,sub,/baby-shower-catering-dubai,keep (sub)
baby shower catering dubai,0,commercial,0,1.0,,,,,,,no tracked competitor in top 30,1.0,True,/baby-shower-catering-dubai,primary,/baby-shower-catering-dubai,keep (primary)
baby shower catering dubai price,0,commercial,0,0.43,,,,,,,no tracked competitor in top 30,1.0,True,/baby-shower-catering-dubai,sub,/baby-shower-catering-dubai,keep (sub)
baby shower catering menu dubai,0,commercial,0,0.83,,,,,,,no tracked competitor in top 30,1.0,True,/baby-shower-catering-dubai,sub,/baby-shower-catering-dubai,keep (sub)
baby shower catering packages dubai,0,commercial,0,0.62,,,,,,,no tracked competitor in top 30,1.0,True,/baby-shower-catering-dubai,sub,/baby-shower-catering-dubai,keep (sub)
baby shower food and drinks catering,0,commercial,0,0.22,,,,,,,no tracked competitor in top 30,1.0,True,/baby-shower-catering-dubai,sub,/baby-shower-catering-dubai,keep (sub)
baby shower food catering near me,0,commercial,0,,,,,,,,no tracked competitor in top 30,1.0,True,/influencer-partnerships,sub,/influencer-partnerships,keep (sub)
baby shower food dubai,0,,0,,,n/a,,,,,,1.0,True,/baby-shower-catering-dubai,sub,/baby-shower-catering-dubai,keep (sub)
baby shower grazing table dubai,0,transactional,0,0.0,,,,,,,no tracked competitor in top 30,1.0,True,/baby-shower-catering-dubai,sub,/baby-shower-catering-dubai,keep (sub)
bachelor party catering menu dubai,0,transactional,0,0.0,,2,,,,,"no tracked competitor in top 30, we #2",1.0,True,/blog/nye-party-catering-dubai,sub,/blog/nye-party-catering-dubai,keep (sub)
bachelor party catering packages dubai,0,,0,,,n/a,,,,,,0.5,False,/catering-packages-dubai,sub,/catering-packages-dubai,keep (sub)
bachelorette party catering menu dubai,0,commercial,0,0.0,,7,,,,,"no tracked competitor in top 30, we #7",1.0,True,/blog/nye-party-catering-dubai,sub,/blog/nye-party-catering-dubai,keep (sub)
bachelorette party catering packages dubai,0,,0,,,n/a,,,,,,0.5,False,/catering-packages-dubai,sub,/catering-packages-dubai,keep (sub)
bar hire packages dubai,0,commercial,0,0.33,,,,,,,no tracked competitor in top 30,1.0,True,/bar-services-dubai,sub,/bar-services-dubai,keep (sub)
bar services dubai,0,commercial,0,1.0,,,,,,,no tracked competitor in top 30,1.0,True,/bar-services-dubai,primary,/bar-services-dubai,keep (primary)
bartender for birthday party dubai,0,,0,,,n/a,,,,,,1.0,True,/bar-services-dubai,sub,/bar-services-dubai,keep (sub)
bartender hire dubai,0,transactional,0,0.27,,,,,,,no tracked competitor in top 30,1.0,True,/bar-services-dubai,sub,/bar-services-dubai,keep (sub)
batch cooking service dubai,0,commercial,0,0.0,,,,,,,no tracked competitor in top 30,1.0,True,/weekly-meal-prep-dubai,sub,/weekly-meal-prep-dubai,keep (sub)
bbq catering checklist,0,,0,,,n/a,,,,,,0.67,False,/guides,sub,/guides,keep (sub)
bbq catering dubai price,0,commercial,0,0.33,,23,,,,,"no tracked competitor in top 30, we #23",1.0,True,/bbq-catering-dubai,sub,/bbq-catering-dubai,keep (sub)
bbq catering in dubai,0,,0,,,n/a,,,,,,1.0,True,/asian-catering-dubai,sub,/asian-catering-dubai,keep (sub)
bbq catering menu dubai,0,transactional,0,0.33,,30,,,,,"no tracked competitor in top 30, we #30",1.0,True,/bbq-catering-dubai,sub,/bbq-catering-dubai,keep (sub)
bbq catering packages dubai,0,commercial,0,0.5,,,,,,,no tracked competitor in top 30,1.0,True,/bbq-catering-dubai,sub,/bbq-catering-dubai,keep (sub)
bbq catering price per person dubai,0,commercial,0,0.2,,17,,,,,"no tracked competitor in top 30, we #17",1.0,True,/bbq-catering-dubai,sub,/bbq-catering-dubai,keep (sub)
bbq chef at home dubai,0,transactional,0,0.17,,,,,,,no tracked competitor in top 30,1.0,True,/bbq-catering-dubai,sub,/bbq-catering-dubai,keep (sub)
bbq drop off catering,0,transactional,0,0.0,,,,,,,no tracked competitor in top 30,1.0,True,/blog/corporate-catering-full-service-vs-drop-off,sub,/blog/corporate-catering-full-service-vs-drop-off,keep (sub)
become a catering partner dubai,0,transactional,0,0.08,,33,,,,,"no tracked competitor in top 30, we #33",1.0,True,/partner-with-us,sub,/partner-with-us,keep (sub)
become a private chef in dubai,0,transactional,0,0.07,,,,,,,no tracked competitor in top 30,1.0,True,/become-a-mychef,sub,/locations/jbr,merge → /locations/jbr
bespoke birthday catering dubai,0,,0,,,n/a,,,,,,0.67,False,/birthday-catering-dubai,sub,/birthday-catering-dubai,keep (sub)
bespoke catering dubai,0,,0,,,n/a,,,,,,1.0,True,/catering-dubai,sub,/catering-dubai,keep (sub)
best afternoon tea catering dubai,0,commercial,0,0.07,,,,,,,no tracked competitor in top 30,1.0,True,/afternoon-tea-catering-dubai,sub,/afternoon-tea-catering-dubai,keep (sub)
best afternoon tea dubai,0,,0,,,n/a,,,,,,1.0,True,/afternoon-tea-catering-dubai,sub,/afternoon-tea-catering-dubai,keep (sub)
best allergy safe catering dubai,0,commercial,0,0.71,,2,,,,,"no tracked competitor in top 30, we #2",1.0,True,/allergy-safe-catering-dubai,sub,/allergy-safe-catering-dubai,keep (sub)
best arabic catering dubai,0,commercial,0,0.45,,,,,,,no tracked competitor in top 30,1.0,True,/arabic-catering-dubai,sub,/arabic-catering-dubai,keep (sub)
best asian catering dubai,0,commercial,0,0.25,,,,,,,no tracked competitor in top 30,1.0,True,/asian-catering-dubai,sub,/asian-catering-dubai,keep (sub)
best baby shower catering dubai,0,commercial,0,,,n/a,,,,,,1.0,True,/baby-shower-catering-dubai,sub,/baby-shower-catering-dubai,keep (sub)
best bbq catering dubai,0,commercial,0,0.38,,,,,,,no tracked competitor in top 30,1.0,True,/bbq-catering-dubai,sub,/bbq-catering-dubai,keep (sub)
best birthday catering dubai,0,commercial,0,0.3,,,,,,,no tracked competitor in top 30,1.0,False,/birthday-catering-dubai,sub,/birthday-catering-dubai,keep (sub)
best birthday catering package dubai,0,commercial,0,0.5,,,,,,,no tracked competitor in top 30,1.0,True,/birthday-catering-package-dubai,sub,/best-catering-companies-dubai,merge → /best-catering-companies-dubai
best breakfast catering dubai,0,commercial,0,0.08,,,,,,,no tracked competitor in top 30,1.0,True,/breakfast-catering-dubai,sub,/breakfast-catering-dubai,keep (sub)
best brunch catering dubai,0,commercial,0,0.08,,,,,,,no tracked competitor in top 30,1.0,True,/brunch-catering-dubai,sub,/brunch-catering-dubai,keep (sub)
best buffet catering dubai,0,commercial,0,0.18,,,,,,,no tracked competitor in top 30,1.0,True,/buffet-catering-dubai,sub,/best-catering-companies-dubai,merge → /best-catering-companies-dubai
best business dinner in dubai,0,informational,0,0.09,,,,,,,no tracked competitor in top 30,1.0,True,/corporate-dinner-package-dubai,sub,/corporate-dinner-package-dubai,keep (sub)
best business lunch dubai with a view,0,,0,,,n/a,,,,,,1.0,True,/business-lunch-catering-dubai,sub,/business-lunch-catering-dubai,keep (sub)
best canape catering dubai,0,commercial,0,0.15,,,,,,,no tracked competitor in top 30,1.0,True,/canape-catering-dubai,sub,/canape-catering-dubai,keep (sub)
best catering format for corporate event dubai,0,commercial,0,0.3,,,,,,,no tracked competitor in top 30,1.0,True,/blog/corporate-event-catering-ideas-dubai,sub,/best-catering-companies-dubai,merge → /best-catering-companies-dubai
best catering locations dubai,0,commercial,0,0.5,,,,,,,no tracked competitor in top 30,0.67,False,/locations,sub,/best-catering-companies-dubai,merge → /best-catering-companies-dubai
best catering packages dubai,0,commercial,0,,,n/a,,,,,,1.0,True,/catering-packages-dubai,sub,/catering-packages-dubai,keep (sub)
best chef school in dubai,0,,0,,,n/a,,,,,,1.0,True,/chef-training-academy,sub,/chef-training-academy,keep (sub)
best christmas catering dubai,0,commercial,0,0.4,,,,,,,no tracked competitor in top 30,1.0,True,/christmas-catering-dubai,sub,/christmas-catering-dubai,keep (sub)
best cocktail party catering dubai,0,commercial,0,0.44,,,,,,,no tracked competitor in top 30,1.0,True,/cocktail-party-catering-dubai,sub,/cocktail-party-catering-dubai,keep (sub)
best corporate event catering dubai,0,commercial,0,0.3,,,,,,,no tracked competitor in top 30,1.0,True,/corporate-event-catering-dubai,sub,/best-catering-companies-dubai,merge → /best-catering-companies-dubai
best date night dinner in dubai,0,informational,0,0.0,,,,,,,no tracked competitor in top 30,1.0,True,/blog/private-chef-date-night-dubai,sub,/blog/private-chef-date-night-dubai,keep (sub)
best date night package dubai,0,commercial,0,0.4,,,,,,,no tracked competitor in top 30,1.0,True,/date-night-package-dubai,sub,/date-night-package-dubai,keep (sub)
best desert dining dubai,0,informational,0,0.71,,,,,,,no tracked competitor in top 30,1.0,True,/desert-dining-dubai,sub,/desert-dining-dubai,keep (sub)
best desert dinner dubai,0,,0,,,n/a,,,,,,1.0,True,/desert-dining-dubai,sub,/desert-dining-dubai,keep (sub)
best desert safari dinner dubai,0,commercial,0,0.09,,,,,,,no tracked competitor in top 30,1.0,True,/blog/desert-dinner-party-dubai,sub,/blog/desert-dinner-party-dubai,keep (sub)
best dessert table catering dubai,0,commercial,0,,,,,,,,no tracked competitor in top 30,0.75,False,/dessert-table-catering-dubai,sub,/dessert-table-catering-dubai,keep (sub)
best dinner experience in dubai,0,informational,0,0.09,,,,,,,no tracked competitor in top 30,1.0,True,/mystery-dining-dubai,sub,/mystery-dining-dubai,keep (sub)
best diwali catering dubai,0,commercial,0,0.4,,,,,,,no tracked competitor in top 30,1.0,True,/diwali-catering-dubai,sub,/diwali-catering-dubai,keep (sub)
best drop off catering dubai,0,commercial,0,,,,,,,,no tracked competitor in top 30,1.0,True,/drop-off-catering-dubai,sub,/best-catering-companies-dubai,merge → /best-catering-companies-dubai
best eid catering dubai,0,commercial,0,0.17,,,,,,,no tracked competitor in top 30,1.0,True,/eid-catering-dubai,sub,/eid-catering-dubai,keep (sub)
best family catering dubai,0,commercial,0,0.0,,,,,,,no tracked competitor in top 30,1.0,True,/family-feast-package-dubai,sub,/best-catering-companies-dubai,merge → /best-catering-companies-dubai
best festive catering dubai,0,commercial,0,0.4,,32,,,,,"no tracked competitor in top 30, we #32",1.0,True,/festive-catering-dubai,sub,/festive-catering-dubai,keep (sub)
best fine dining experience dubai,0,,0,,,n/a,,,,,,1.0,False,/luxury-dining-experiences,sub,/luxury-dining-experiences,keep (sub)
best fine dining in dubai,0,,0,,,n/a,,,,,,1.0,False,/luxury-dining-experiences,sub,/luxury-dining-experiences,keep (sub)
best fitness meal prep dubai,0,commercial,0,0.62,,,,,,,no tracked competitor in top 30,1.0,True,/fitness-meal-prep-dubai,sub,/weekly-meal-prep-dubai,merge → /weekly-meal-prep-dubai
best food catering in dubai,0,commercial,0,0.08,,,,,,,no tracked competitor in top 30,1.0,True,/cuisines-dubai,sub,/best-catering-companies-dubai,merge → /best-catering-companies-dubai
best gala dinner catering dubai,0,commercial,0,0.2,,,,,,,no tracked competitor in top 30,1.0,True,/gala-dinner-catering-dubai,sub,/best-catering-companies-dubai,merge → /best-catering-companies-dubai
best grazing table dubai,0,commercial,0,0.36,,,,,,,no tracked competitor in top 30,1.0,True,/grazing-table-dubai,sub,/grazing-table-dubai,keep (sub)
best halal catering dubai,0,commercial,0,0.17,,,,,,,no tracked competitor in top 30,1.0,True,/halal-catering-dubai,sub,/halal-catering-dubai,keep (sub)
best halal food dubai,0,commercial,0,0.09,,,,,,,no tracked competitor in top 30,1.0,True,/halal-catering-dubai,sub,/halal-catering-dubai,keep (sub)
best halal private dining dubai,0,commercial,0,,,,,,,,no tracked competitor in top 30,1.0,True,/halal-private-dining-dubai,sub,/halal-private-dining-dubai,keep (sub)
best iftar buffet dubai 2026 packages,0,,0,,,n/a,,,,,,1.0,True,/iftar-catering-dubai,sub,/iftar-catering-dubai,keep (sub)
best iftar buffet dubai offers,0,,0,,,n/a,,,,,,1.0,True,/iftar-catering-dubai,sub,/iftar-catering-dubai,keep (sub)
best iftar catering dubai,0,commercial,0,0.36,,,,,,,no tracked competitor in top 30,1.0,True,/iftar-catering-dubai,sub,/iftar-catering-dubai,keep (sub)
best indian catering dubai,0,commercial,0,0.62,,,,,,,no tracked competitor in top 30,1.0,True,/indian-catering-dubai,sub,/indian-catering-dubai,keep (sub)
best italian catering dubai,0,commercial,0,0.3,,,,,,,no tracked competitor in top 30,1.0,True,/italian-catering-dubai,sub,/italian-catering-dubai,keep (sub)
best jain catering dubai,0,commercial,0,0.33,,,,,,,no tracked competitor in top 30,1.0,True,/jain-catering-dubai,sub,/jain-catering-dubai,keep (sub)
best live cooking stations dubai,0,commercial,0,0.75,,,,,,,no tracked competitor in top 30,1.0,True,/live-cooking-stations-dubai,sub,/live-cooking-stations-dubai,keep (sub)
best luxury dining experiences dubai,0,commercial,0,0.33,,,,,,,no tracked competitor in top 30,1.0,False,/luxury-dining-experiences,sub,/luxury-dining-experiences,keep (sub)
best meal prep companies dubai,0,,0,,,n/a,,,,,,1.0,True,/fitness-meal-prep-dubai,sub,/fitness-meal-prep-dubai,keep (sub)
best meal prep companies in dubai,0,,0,,,n/a,,,,,,1.0,True,/postpartum-meal-prep-dubai,sub,/postpartum-meal-prep-dubai,keep (sub)
best meal prep delivery dubai,0,commercial,0,0.62,,,,,,,no tracked competitor in top 30,1.0,True,/weekly-meal-prep-dubai,sub,/weekly-meal-prep-dubai,keep (sub)
best mediterranean catering dubai,0,commercial,0,0.22,,,,,,,no tracked competitor in top 30,1.0,True,/mediterranean-catering-dubai,sub,/mediterranean-catering-dubai,keep (sub)
best mediterranean food in dubai,0,,0,,,n/a,,,,,,1.0,True,/mediterranean-catering-dubai,sub,/mediterranean-catering-dubai,keep (sub)
best new year catering dubai,0,commercial,0,0.5,,14,,,,,"no tracked competitor in top 30, we #14",1.0,True,/new-year-catering-dubai,sub,/blog/nye-party-catering-dubai,merge → /blog/nye-party-catering-dubai
best personal chef for date night,0,commercial,0,0.08,,,,,,,no tracked competitor in top 30,1.0,True,/blog/private-chef-date-night-dubai,sub,/blog/private-chef-date-night-dubai,keep (sub)
best private chef birthday dinner dubai,0,commercial,0,0.5,,,,,,,no tracked competitor in top 30,1.0,False,/blog/best-private-chef-birthday-dinner-dubai,sub,/blog/private-chef-date-night-dubai,merge → /blog/private-chef-date-night-dubai
best private chef for apartment dubai,0,commercial,0,0.71,,,,,,,no tracked competitor in top 30,1.0,True,/apartment-private-dining-dubai,sub,/apartment-private-dining-dubai,keep (sub)
best private cooking classes dubai,0,commercial,0,0.33,,,,,,,no tracked competitor in top 30,1.0,True,/private-cooking-classes-dubai,sub,/private-cooking-classes-dubai,keep (sub)
best private party catering dubai,0,commercial,0,,,n/a,,,,,,1.0,False,/private-party-catering-dubai,sub,/private-party-catering-dubai,keep (sub)
best proposal dinner dubai,0,commercial,0,0.27,,,,,,,no tracked competitor in top 30,1.0,True,/proposal-dinner-dubai,sub,/proposal-dinner-dubai,keep (sub)
best ramadan catering dubai,0,commercial,0,0.5,,,,,,,no tracked competitor in top 30,1.0,True,/ramadan-catering-dubai,sub,/ramadan-catering-dubai,keep (sub)
best surprise dining experience dubai,0,commercial,0,,,n/a,,,,,,1.0,True,/mystery-dining-dubai,sub,/mystery-dining-dubai,keep (sub)
best sushi catering dubai,0,commercial,0,0.3,,,,,,,no tracked competitor in top 30,1.0,True,/sushi-catering-dubai,sub,/sushi-catering-dubai,keep (sub)
best time to hire caterers,0,,0,,,n/a,,,,,,1.0,True,/full-time-private-chef-dubai,sub,/full-time-private-chef-dubai,keep (sub)
best time to hire catering in advance,0,commercial,0,0.08,,,,,,,no tracked competitor in top 30,1.0,True,/blog/how-far-ahead-book-caterer-dubai,sub,/blog/how-far-ahead-book-caterer-dubai,keep (sub)
best time to hire cooking caterer,0,commercial,0,0.0,,,,,,,no tracked competitor in top 30,1.0,True,/blog/how-far-ahead-book-caterer-dubai,sub,/blog/how-far-ahead-book-caterer-dubai,keep (sub)
best time to hire event caterer,0,commercial,0,0.0,,,,,,,no tracked competitor in top 30,1.0,True,/blog/how-far-ahead-book-caterer-dubai,sub,/blog/how-far-ahead-book-caterer-dubai,keep (sub)
best time to hire meal caterer,0,commercial,0,0.0,,,,,,,no tracked competitor in top 30,1.0,True,/blog/how-far-ahead-book-caterer-dubai,sub,/blog/how-far-ahead-book-caterer-dubai,keep (sub)
best uae national day catering dubai,0,commercial,0,0.5,,,,,,,no tracked competitor in top 30,1.0,True,/uae-national-day-catering-dubai,sub,/uae-national-day-catering-dubai,keep (sub)
best veg meals in dubai,0,,0,,,n/a,,,,,,1.0,True,/staff-meals-catering-dubai,sub,/staff-meals-catering-dubai,keep (sub)
best vegan catering dubai,0,commercial,0,0.62,,14,,,,,"no tracked competitor in top 30, we #14",1.0,True,/vegan-catering-dubai,sub,/vegan-catering-dubai,keep (sub)
best vegan food in dubai,0,commercial,0,0.56,,,,,,,no tracked competitor in top 30,1.0,True,/blog/vegan-catering-dubai-guide,sub,/blog/vegan-catering-dubai-guide,keep (sub)
best vegetarian catering dubai,0,commercial,0,0.86,,,,,,,no tracked competitor in top 30,1.0,True,/vegetarian-catering-dubai,sub,/vegetarian-catering-dubai,keep (sub)
best vegetarian food dubai,0,,0,,,n/a,,,,,,1.0,True,/vegetarian-catering-dubai,sub,/vegetarian-catering-dubai,keep (sub)
biggest catering companies in uae,0,,0,,,n/a,,,,,,1.0,True,/cuisines-dubai,sub,/cuisines-dubai,keep (sub)
biggest food trends 2026,0,informational,0,0.0,,,,,,,no tracked competitor in top 30,1.0,True,/blog/ramadan-iftar-catering-trends-2026,sub,/blog/ramadan-iftar-catering-trends-2026,keep (sub)
birthday afternoon tea dubai,0,,0,,,n/a,,,,,,1.0,True,/afternoon-tea-catering-dubai,sub,/afternoon-tea-catering-dubai,keep (sub)
birthday brunch catering dubai,0,commercial,0,0.0,,,,,,,no tracked competitor in top 30,1.0,True,/brunch-catering-dubai,sub,/brunch-catering-dubai,keep (sub)
birthday buffet catering dubai,0,,0,,,n/a,,,,,,1.0,False,/buffet-catering-dubai,sub,/buffet-catering-dubai,keep (sub)
birthday canape catering dubai,0,,0,,,n/a,,,,,,1.0,True,/canape-catering-dubai,sub,/canape-catering-dubai,keep (sub)
birthday catering at home dubai,0,,0,,,n/a,,,,,,1.0,True,/birthday-catering-package-dubai,sub,/birthday-catering-package-dubai,keep (sub)
birthday catering blog dubai,0,,0,,,n/a,,,,,,1.0,True,/birthday-catering-package-dubai,sub,/birthday-catering-package-dubai,keep (sub)
birthday catering company dubai,0,,0,,,n/a,,,,,,1.0,True,/best-catering-companies-dubai,sub,/best-catering-companies-dubai,keep (sub)
birthday catering cost calculator dubai,0,commercial,0,,,16,,,,,"no tracked competitor in top 30, we #16",1.0,True,/catering-cost-calculator-dubai,sub,/catering-cost-calculator-dubai,keep (sub)
birthday catering cost per person dubai,0,commercial,0,0.09,,22,,,,,"no tracked competitor in top 30, we #22",1.0,False,/birthday-catering-dubai,sub,/birthday-catering-dubai,keep (sub)
birthday catering dubai for adults,0,,0,,,n/a,,,,,,1.0,False,/birthday-catering-dubai,sub,/birthday-catering-dubai,keep (sub)
birthday catering dubai price,0,commercial,0,0.44,,21,,,,,"no tracked competitor in top 30, we #21",0.67,False,/birthday-catering-dubai,sub,/birthday-catering-dubai,keep (sub)
birthday catering for villa party dubai,0,transactional,0,0.09,,18,,,,,"no tracked competitor in top 30, we #18",1.0,True,/villa-catering-ideas-dubai,sub,/private-party-catering-dubai,merge → /private-party-catering-dubai
birthday catering in dubai,0,,0,,,n/a,,,,,,1.0,True,/asian-catering-dubai,sub,/asian-catering-dubai,keep (sub)
birthday catering locations dubai,0,commercial,0,0.2,,,,,,,no tracked competitor in top 30,0.67,False,/locations,sub,/birthday-catering-package-dubai,merge → /birthday-catering-package-dubai
birthday catering menu dubai,0,commercial,0,0.4,,,,,,,no tracked competitor in top 30,1.0,False,/birthday-catering-dubai,sub,/birthday-catering-package-dubai,merge → /birthday-catering-package-dubai
birthday catering package cost per person dubai,0,commercial,0,0.27,,17,,,,,"no tracked competitor in top 30, we #17",1.0,True,/birthday-catering-package-dubai,sub,/birthday-catering-package-dubai,keep (sub)
birthday catering package dubai price,0,commercial,0,0.17,,,,,,,no tracked competitor in top 30,1.0,True,/birthday-catering-package-dubai,sub,/birthday-catering-package-dubai,keep (sub)
birthday catering packages dubai,0,commercial,0,1.0,,,,,,,no tracked competitor in top 30,1.0,True,/birthday-catering-package-dubai,primary,/birthday-catering-package-dubai,keep (primary)
birthday catering prices dubai,0,commercial,0,0.07,,22,,,,,"no tracked competitor in top 30, we #22",1.0,True,/dubai-catering-prices-guide,sub,/dubai-catering-prices-guide,keep (sub)
birthday dinner at villa dubai,0,,0,,,n/a,,,,,,1.0,True,/villa-catering-ideas-dubai,sub,/villa-catering-ideas-dubai,keep (sub)
birthday dinner ideas at home dubai,0,commercial,0,0.0,,,,,,,no tracked competitor in top 30,1.0,True,/blog/best-private-chef-birthday-dinner-dubai,sub,/blog/best-private-chef-birthday-dinner-dubai,keep (sub)
birthday dinner party at home dubai,0,transactional,0,0.0,,,,,,,no tracked competitor in top 30,1.0,True,/blog/best-private-chef-birthday-dinner-dubai,sub,/blog/best-private-chef-birthday-dinner-dubai,keep (sub)
birthday event catering dubai,0,commercial,0,0.09,,,,,,,no tracked competitor in top 30,1.0,False,/events,sub,/birthday-catering-package-dubai,merge → /birthday-catering-package-dubai
birthday grazing table dubai,0,,0,,,n/a,,,,,,1.0,True,/grazing-table-dubai,sub,/grazing-table-dubai,keep (sub)
birthday party catering packages dubai,0,,0,,,n/a,,,,,,0.75,False,/catering-packages-dubai,sub,/catering-packages-dubai,keep (sub)
birthday party package dubai catering,0,commercial,0,0.44,,,,,,,no tracked competitor in top 30,1.0,True,/birthday-catering-package-dubai,sub,/birthday-catering-package-dubai,keep (sub)
birthday sushi catering dubai,0,,0,,,n/a,,,,,,1.0,True,/sushi-catering-dubai,sub,/sushi-catering-dubai,keep (sub)
boardroom catering dubai,0,commercial,0,0.17,,22,,,,,"no tracked competitor in top 30, we #22",1.0,False,/corporate,sub,/corporate,keep (sub)
boat catering dubai,0,transactional,0,0.7,,26,,,,,"no tracked competitor in top 30, we #26",1.0,True,/yachts,sub,/yachts,keep (sub)
boat party food dubai,0,informational,0,0.08,,,,,,,no tracked competitor in top 30,1.0,True,/blog/yacht-party-menu-ideas-dubai,sub,/blog/yacht-party-menu-ideas-dubai,keep (sub)
boat party menu ideas,0,informational,0,0.0,,,,,,,no tracked competitor in top 30,1.0,True,/blog/yacht-party-menu-ideas-dubai,sub,/blog/yacht-party-menu-ideas-dubai,keep (sub)
book a private chef dubai,0,transactional,0,0.38,,21,,,,,"no tracked competitor in top 30, we #21",1.0,False,/private-chef-dubai,sub,/blog/private-chef-date-night-dubai,merge → /blog/private-chef-date-night-dubai
brand activation catering company dubai,0,commercial,0,0.3,,,,,,,no tracked competitor in top 30,1.0,True,/brand-activation-catering-dubai,sub,/brand-activation-catering-dubai,keep (sub)
brand activation catering dubai,0,commercial,0,1.0,,,,,,,no tracked competitor in top 30,1.0,True,/brand-activation-catering-dubai,primary,/brand-activation-catering-dubai,keep (primary)
brand activation catering dubai cost per person,0,commercial,0,0.0,,4,,,,,"no tracked competitor in top 30, we #4",1.0,True,/brand-activation-catering-dubai,sub,/brand-activation-catering-dubai,keep (sub)
brand activation catering dubai price,0,commercial,0,0.07,,24,,,,,"no tracked competitor in top 30, we #24",1.0,True,/brand-activation-catering-dubai,sub,/brand-activation-catering-dubai,keep (sub)
brand activation catering menu dubai,0,transactional,0,0.0,,27,,,,,"no tracked competitor in top 30, we #27",1.0,True,/brand-activation-catering-dubai,sub,/brand-activation-catering-dubai,keep (sub)
brand activation catering packages dubai,0,commercial,0,0.17,,,,,,,no tracked competitor in top 30,1.0,True,/brand-activation-catering-dubai,sub,/brand-activation-catering-dubai,keep (sub)
brand event catering dubai,0,commercial,0,0.5,,,,,,,no tracked competitor in top 30,0.67,False,/events,sub,/best-catering-companies-dubai,merge → /best-catering-companies-dubai
breakfast buffet catering dubai,0,commercial,0,0.07,,,,,,,no tracked competitor in top 30,0.67,False,/buffet-catering-dubai,sub,/buffet-catering-dubai,keep (sub)
breakfast catering dubai price,0,commercial,0,,,n/a,,,,,,1.0,True,/breakfast-catering-dubai,sub,/breakfast-catering-dubai,keep (sub)
breakfast catering menu dubai,0,transactional,0,0.33,,,,,,,no tracked competitor in top 30,1.0,True,/breakfast-catering-dubai,sub,/breakfast-catering-dubai,keep (sub)
breakfast catering packages dubai,0,commercial,0,,,n/a,,,,,,1.0,True,/breakfast-catering-dubai,sub,/breakfast-catering-dubai,keep (sub)
breakfast catering price per person dubai,0,commercial,0,0.0,,16,,,,,"no tracked competitor in top 30, we #16",1.0,True,/breakfast-catering-dubai,sub,/breakfast-catering-dubai,keep (sub)
breakfast food in dubai,0,,0,,,n/a,,,,,,1.0,True,/breakfast-catering-dubai,sub,/breakfast-catering-dubai,keep (sub)
breakfast options in dubai,0,,0,,,n/a,,,,,,1.0,True,/breakfast-catering-dubai,sub,/breakfast-catering-dubai,keep (sub)
breakfast platters dubai,0,,0,,,n/a,,,,,,1.0,True,/breakfast-catering-dubai,sub,/breakfast-catering-dubai,keep (sub)
brunch at home cost dubai,0,commercial,0,0.15,,3,,,,,"no tracked competitor in top 30, we #3",1.0,True,/blog/brunch-at-home-dubai,sub,/blog/brunch-at-home-dubai,keep (sub)
brunch at home dubai,0,transactional,0,1.0,,,,,,,no tracked competitor in top 30,1.0,True,/blog/brunch-at-home-dubai,primary,/blog/brunch-at-home-dubai,keep (primary)
brunch catering dubai,0,commercial,0,1.0,,,,,,,no tracked competitor in top 30,1.0,True,/brunch-catering-dubai,primary,/brunch-catering-dubai,keep (primary)
brunch catering dubai price,0,commercial,0,0.18,,34,,,,,"no tracked competitor in top 30, we #34",1.0,True,/brunch-catering-dubai,sub,/brunch-catering-dubai,keep (sub)
brunch catering menu dubai,0,transactional,0,0.23,,,,,,,no tracked competitor in top 30,1.0,True,/brunch-catering-dubai,sub,/brunch-catering-dubai,keep (sub)
brunch catering packages dubai,0,commercial,0,,,n/a,,,,,,1.0,True,/brunch-catering-dubai,sub,/brunch-catering-dubai,keep (sub)
brunch catering price per person dubai,0,commercial,0,0.0,,,,,,,no tracked competitor in top 30,1.0,True,/brunch-catering-dubai,sub,/brunch-catering-dubai,keep (sub)
brunch ideas at home dubai,0,commercial,0,0.17,,,,,,,no tracked competitor in top 30,1.0,True,/blog/brunch-at-home-dubai,sub,/blog/brunch-at-home-dubai,keep (sub)
brunch offers in dubai,0,,0,,,n/a,,,,,,1.0,True,/brunch-catering-dubai,sub,/brunch-catering-dubai,keep (sub)
brunch on sundays in dubai,0,,0,,,n/a,,,,,,1.0,True,/brunch-catering-dubai,sub,/brunch-catering-dubai,keep (sub)
brunch party dubai,0,informational,0,0.0,0,,,,,,no tracked competitor in top 30,1.0,True,/blog/brunch-at-home-dubai,sub,/blog/brunch-at-home-dubai,keep (sub)
buffet catering dubai price,0,commercial,0,0.18,,,,,,,no tracked competitor in top 30,1.0,True,/buffet-catering-dubai,sub,/buffet-catering-dubai,keep (sub)
buffet catering menu dubai,0,informational,0,0.27,,,,,,,no tracked competitor in top 30,1.0,True,/buffet-catering-dubai,sub,/buffet-catering-dubai,keep (sub)
buffet catering packages dubai,0,commercial,0,,,n/a,,,,,,1.0,True,/buffet-catering-dubai,sub,/buffet-catering-dubai,keep (sub)
buffet catering price per person dubai,0,commercial,0,,,n/a,,,,,,1.0,True,/buffet-catering-dubai,sub,/buffet-catering-dubai,keep (sub)
buffet or plated wedding dubai,0,informational,0,0.07,,,,,,,no tracked competitor in top 30,1.0,True,/buffet-vs-plated-dubai,sub,/buffet-vs-plated-dubai,keep (sub)
buffet vs plated dubai,0,commercial,0,1.0,,,,,,,no tracked competitor in top 30,1.0,True,/buffet-vs-plated-dubai,primary,/buffet-vs-plated-dubai,keep (primary)
buffet vs plated service pros and cons,0,commercial,0,0.06,,,,,,,no tracked competitor in top 30,1.0,True,/buffet-vs-plated-dubai,sub,/buffet-vs-plated-dubai,keep (sub)
business dinner package dubai,0,,0,,,n/a,,,,,,1.0,True,/locations/business-bay,sub,/locations/business-bay,keep (sub)
business event catering dubai,0,,0,,,n/a,,,,,,1.0,False,/events,sub,/events,keep (sub)
business lunch buffet dubai,0,,0,,,n/a,,,,,,1.0,True,/business-lunch-catering-dubai,sub,/business-lunch-catering-dubai,keep (sub)
business lunch catering dubai,0,commercial,0,1.0,,30,,,,,"no tracked competitor in top 30, we #30",1.0,True,/business-lunch-catering-dubai,primary,/business-lunch-catering-dubai,keep (primary)
business lunch catering dubai cost per person,0,commercial,0,0.17,,8,,,,,"no tracked competitor in top 30, we #8",1.0,True,/business-lunch-catering-dubai,sub,/business-lunch-catering-dubai,keep (sub)
business lunch catering dubai price,0,commercial,0,0.5,,21,,,,,"no tracked competitor in top 30, we #21",1.0,True,/business-lunch-catering-dubai,sub,/business-lunch-catering-dubai,keep (sub)
business lunch catering menu dubai,0,informational,0,,,n/a,,,,,,1.0,True,/business-lunch-catering-dubai,sub,/business-lunch-catering-dubai,keep (sub)
business lunch catering packages dubai,0,commercial,0,0.71,,26,,,,,"no tracked competitor in top 30, we #26",1.0,True,/business-lunch-catering-dubai,sub,/business-lunch-catering-dubai,keep (sub)
business lunch delivery dubai,0,commercial,0,0.3,,,,,,,no tracked competitor in top 30,1.0,True,/business-lunch-catering-dubai,sub,/business-lunch-catering-dubai,keep (sub)
business lunch downtown dubai,0,,0,,,n/a,,,,,,1.0,True,/business-lunch-catering-dubai,sub,/business-lunch-catering-dubai,keep (sub)
business lunch in difc,0,,0,,,n/a,,,,,,1.0,True,/locations/difc,sub,/locations/difc,keep (sub)
business lunch offers in dubai,0,commercial,0,0.0,,,,,,,no tracked competitor in top 30,1.0,True,/business-lunch-catering-dubai,sub,/business-lunch-catering-dubai,keep (sub)
business lunch options dubai,0,,0,,,n/a,,,,,,1.0,True,/business-lunch-catering-dubai,sub,/business-lunch-catering-dubai,keep (sub)
business lunches in dubai,0,,0,,,n/a,,,,,,1.0,True,/locations/business-bay,sub,/locations/business-bay,keep (sub)
canape catering dubai price,0,commercial,0,0.23,,,,,,,no tracked competitor in top 30,1.0,True,/canape-catering-dubai,sub,/canape-catering-dubai,keep (sub)
canape catering menu dubai,0,transactional,0,0.25,,,,,,,no tracked competitor in top 30,1.0,True,/canape-catering-dubai,sub,/canape-catering-dubai,keep (sub)
canape catering packages dubai,0,commercial,0,0.4,,,,,,,no tracked competitor in top 30,1.0,True,/canape-catering-dubai,sub,/canape-catering-dubai,keep (sub)
canape catering price per person dubai,0,commercial,0,0.23,,,,,,,no tracked competitor in top 30,1.0,True,/canape-catering-dubai,sub,/canape-catering-dubai,keep (sub)
canapes catering near me,0,,0,,,n/a,,,,,,1.0,True,/canape-catering-dubai,sub,/canape-catering-dubai,keep (sub)
cancellation policy for catering events,0,transactional,0,0.0,,,,,,,no tracked competitor in top 30,1.0,True,/booking-protection-insurance,sub,/booking-protection-insurance,keep (sub)
carbone dubai private dining,0,informational,0,,,,,,,,no tracked competitor in top 30,1.0,True,/blog/private-chef-palm-jumeirah-guide,sub,/blog/private-chef-palm-jumeirah-guide,keep (sub)
caterer liability insurance dubai,0,commercial,0,0.0,,,,,,,no tracked competitor in top 30,1.0,True,/booking-protection-insurance,sub,/booking-protection-insurance,keep (sub)
caterers near by,0,,0,,,n/a,,,,,,0.5,False,/locations,sub,/locations,keep (sub)
catering al barsha,0,commercial,0,0.0,,8,,,,,"no tracked competitor in top 30, we #8",1.0,True,/locations/al-barsha,sub,/locations/al-barsha,keep (sub)
catering arabian ranches,0,commercial,0,,,n/a,,,,,,1.0,True,/locations/arabian-ranches,sub,/locations/arabian-ranches,keep (sub)
catering arabic food dubai,0,,0,,,n/a,,,,,,1.0,True,/arabic-catering-dubai,sub,/arabic-catering-dubai,keep (sub)
catering bluewaters dubai,0,,0,,,n/a,,,,,,1.0,False,/locations/bluewaters-island,sub,/locations/bluewaters-island,keep (sub)
catering bluewaters island,0,transactional,0,,,n/a,,,,,,1.0,True,/locations/bluewaters-island,sub,/locations/bluewaters-island,keep (sub)
catering booking cancellation policy,0,transactional,0,0.23,,,,,,,no tracked competitor in top 30,1.0,True,/booking-protection-insurance,sub,/booking-protection-insurance,keep (sub)
catering budget calculator dubai,0,commercial,0,,,2,,,,,"no tracked competitor in top 30, we #2",1.0,False,/catering-cost-calculator-dubai,sub,/catering-cost-calculator-dubai,keep (sub)
catering business bay,0,commercial,0,0.0,,,,,,,no tracked competitor in top 30,1.0,True,/locations/business-bay,sub,/locations/business-bay,keep (sub)
catering calculator per person,0,commercial,0,,,,,,,,no tracked competitor in top 30,1.0,True,/catering-cost-calculator-dubai,sub,/catering-cost-calculator-dubai,keep (sub)
catering cancellation policy dubai,0,transactional,0,1.0,,,,,,,no tracked competitor in top 30,1.0,True,/booking-protection-insurance,primary,/booking-protection-insurance,keep (primary)
catering cancellation policy sample,0,,0,,,n/a,,,,,,1.0,True,/booking-protection-insurance,sub,/booking-protection-insurance,keep (sub)
catering case studies dubai,0,commercial,0,1.0,,2,,,,,"no tracked competitor in top 30, we #2",1.0,True,/case-studies,primary,/case-studies,keep (primary)
catering checklist,0,,0,,,n/a,,,,,,1.0,True,/corporate-catering-checklist-dubai,sub,/corporate-catering-checklist-dubai,keep (sub)
catering checklist dubai,0,informational,0,1.0,,2,,,,,"no tracked competitor in top 30, we #2",1.0,True,/guides,primary,/guides,keep (primary)
catering checklist example,0,informational,0,0.0,,,,,,,no tracked competitor in top 30,1.0,True,/yacht-catering-checklist-dubai,sub,/yacht-catering-checklist-dubai,keep (sub)
catering checklist for caterers,0,informational,0,0.06,,24,,,,,"no tracked competitor in top 30, we #24",1.0,True,/corporate-catering-checklist-dubai,sub,/corporate-catering-checklist-dubai,keep (sub)
catering checklist for wedding,0,,0,,,n/a,,,,,,1.0,True,/wedding-catering-dubai,sub,/wedding-catering-dubai,keep (sub)
catering checklist fssai,0,,0,,,n/a,,,,,,0.67,False,/guides,sub,/guides,keep (sub)
catering checklist template,0,,0,,,n/a,,,,,,0.67,False,/guides,sub,/guides,keep (sub)
catering cleaning checklist,0,,0,,,n/a,,,,,,0.67,False,/guides,sub,/guides,keep (sub)
catering complaint policy dubai,0,informational,0,,,n/a,,,,,,1.0,True,/quality-guarantee-dubai,sub,/quality-guarantee-dubai,keep (sub)
catering conference 2025,0,informational,0,0.0,,,,,,,no tracked competitor in top 30,1.0,True,/conference-catering-dubai,sub,/conference-catering-dubai,keep (sub)
catering conference 2026,0,,0,,,n/a,,,,,,1.0,True,/conference-catering-dubai,sub,/conference-catering-dubai,keep (sub)
catering conference services coordinator,0,commercial,0,,,n/a,,,,,,1.0,True,/conference-catering-dubai,sub,/conference-catering-dubai,keep (sub)
catering contract examples,0,,0,,,n/a,,,,,,1.0,True,/corporate-retainer-dubai,sub,/corporate-retainer-dubai,keep (sub)
catering contract wedding cancellation policy,0,transactional,0,0.0,,,,,,,no tracked competitor in top 30,1.0,True,/booking-protection-insurance,sub,/booking-protection-insurance,keep (sub)
catering contract wedding checklist,0,transactional,0,0.06,,,,,,,no tracked competitor in top 30,0.75,False,/wedding-catering-checklist-dubai,sub,/wedding-catering-checklist-dubai,keep (sub)
catering contract with cancellation policy,0,transactional,0,0.0,,,,,,,no tracked competitor in top 30,1.0,True,/corporate-retainer-dubai,sub,/corporate-retainer-dubai,keep (sub)
catering cost calculator dubai,0,commercial,0,1.0,,n/a,,,,,,1.0,True,/catering-cost-calculator-dubai,primary,/catering-cost-calculator-dubai,keep (primary)
catering cost per person dubai,0,commercial,0,0.14,,22,,,,,"no tracked competitor in top 30, we #22",1.0,True,/dubai-catering-prices-guide,sub,/dubai-catering-prices-guide,keep (sub)
catering delivery checklist,0,transactional,0,0.0,,21,,,,,"no tracked competitor in top 30, we #21",0.67,False,/guides,sub,/guides,keep (sub)
catering delivery dubai,0,commercial,0,,,,,,,,no tracked competitor in top 30,1.0,True,/drop-off-catering-dubai,sub,/drop-off-catering-dubai,keep (sub)
catering deposit refund dubai,0,transactional,0,0.07,,32,,,,,"no tracked competitor in top 30, we #32",1.0,True,/booking-protection-insurance,sub,/booking-protection-insurance,keep (sub)
catering difc,0,informational,0,,,22,,,,,"no tracked competitor in top 30, we #22",1.0,True,/locations/difc,sub,/locations/difc,keep (sub)
catering downtown dubai,0,commercial,0,,,n/a,,,,,,1.0,True,/locations/downtown-dubai,sub,/locations/downtown-dubai,keep (sub)
catering dubai hills,0,commercial,0,0.0,,,,,,,no tracked competitor in top 30,1.0,True,/locations/dubai-hills,sub,/locations/dubai-hills,keep (sub)
catering dubai marina,0,commercial,0,0.0,,24,,,,,"no tracked competitor in top 30, we #24",1.0,True,/locations/dubai-marina,sub,/locations/dubai-marina,keep (sub)
catering emirates hills,0,commercial,0,,,n/a,,,,,,1.0,True,/locations/emirates-hills,sub,/locations/emirates-hills,keep (sub)
catering event dubai,0,commercial,0,0.0,,,,,,,no tracked competitor in top 30,1.0,False,/partners/event-planners-dubai,sub,/partners/event-planners-dubai,keep (sub)
catering event questionnaire,0,,0,,,n/a,,,,,,0.67,False,/corporate-event-catering-dubai,sub,/corporate-event-catering-dubai,keep (sub)
catering examples,0,,0,,,n/a,,,,,,1.0,True,/partner-with-us,sub,/partner-with-us,keep (sub)
catering faq dubai,0,informational,0,1.0,,2,,,,,"no tracked competitor in top 30, we #2",1.0,True,/faq,primary,/faq,keep (primary)
catering food checklist,0,informational,0,0.07,,25,,,,,"no tracked competitor in top 30, we #25",1.0,False,/guides,sub,/guides,keep (sub)
catering food cost calculator,0,commercial,0,,,,,,,,no tracked competitor in top 30,1.0,True,/influencer-partnerships,sub,/influencer-partnerships,keep (sub)
catering foods near me halal,0,commercial,0,0.07,,,,,,,no tracked competitor in top 30,1.0,True,/halal-catering-dubai,sub,/halal-catering-dubai,keep (sub)
catering for 50 people cost dubai,0,commercial,0,,,,,,,,no tracked competitor in top 30,1.0,True,/dubai-event-catering-price-guide-2026,sub,/dubai-event-catering-price-guide-2026,keep (sub)
catering for family gathering dubai,0,commercial,0,,,n/a,,,,,,1.0,True,/family-feast-package-dubai,sub,/family-feast-package-dubai,keep (sub)
catering for guests with food allergies dubai,0,commercial,0,0.57,,2,,,,,"no tracked competitor in top 30, we #2",1.0,True,/allergy-safe-catering-dubai,sub,/allergy-safe-catering-dubai,keep (sub)
catering for office meeting dubai,0,,0,,,n/a,,,,,,1.0,False,/office-catering-dubai,sub,/office-catering-dubai,keep (sub)
catering for store opening dubai,0,transactional,0,,,,,,,,no tracked competitor in top 30,1.0,True,/product-launch-catering-dubai,sub,/product-launch-catering-dubai,keep (sub)
catering for yacht party,0,transactional,0,,,,,,,,no tracked competitor in top 30,1.0,True,/yacht-catering-guide-dubai,sub,/yacht-catering-guide-dubai,keep (sub)
catering gift voucher dubai,0,commercial,0,0.0,,,,,,,no tracked competitor in top 30,1.0,True,/gift-cards,sub,/gift-cards,keep (sub)
catering guide dubai,0,commercial,0,0.0,,,,,,,no tracked competitor in top 30,1.0,True,/ramadan-catering-guide-dubai,sub,/catering-packages-dubai,merge → /catering-packages-dubai
catering guides dubai price,0,commercial,0,0.0,,8,,,,,"no tracked competitor in top 30, we #8",1.0,True,/guides,sub,/guides,keep (sub)
catering hall contract cancellation policy,0,transactional,0,,,n/a,,,,,,1.0,True,/booking-protection-insurance,sub,/booking-protection-insurance,keep (sub)
catering ideas dubai,0,,0,,,n/a,,,,,,1.0,True,/blog/corporate-catering-full-service-vs-drop-off,sub,/blog/corporate-catering-full-service-vs-drop-off,keep (sub)
catering jbr,0,commercial,0,0.08,,6,,,,,"no tracked competitor in top 30, we #6",1.0,True,/locations/jbr,sub,/locations/jbr,keep (sub)
catering jlt,0,commercial,0,0.0,,12,,,,,"no tracked competitor in top 30, we #12",1.0,True,/locations/jlt,sub,/locations/jlt,keep (sub)
catering jumeirah,0,commercial,0,,,,,,,,no tracked competitor in top 30,1.0,True,/locations/jumeirah,sub,/locations/jumeirah,keep (sub)
catering jumeirah dubai,0,,0,,,n/a,,,,,,1.0,True,/locations/palm-jumeirah,sub,/locations/palm-jumeirah,keep (sub)
catering jvc,0,commercial,0,0.0,,,,,,,no tracked competitor in top 30,1.0,True,/locations/jvc,sub,/locations/jvc,keep (sub)
catering meals near me halal,0,commercial,0,0.0,,,,,,,no tracked competitor in top 30,1.0,True,/blog/halal-private-dining-dubai-what-to-ask,sub,/blog/halal-private-dining-dubai-what-to-ask,keep (sub)
catering menu checklist,0,informational,0,0.0,,13,,,,,"no tracked competitor in top 30, we #13",1.0,True,/yacht-catering-checklist-dubai,sub,/yacht-catering-checklist-dubai,keep (sub)
catering menu description,0,informational,0,0.0,,,,,,,no tracked competitor in top 30,0.67,False,/menus,sub,/menus,keep (sub)
catering menu ideas dubai,0,commercial,0,0.25,,,,,,,no tracked competitor in top 30,0.67,False,/menus,sub,/menus,keep (sub)
catering menu near me halal,0,commercial,0,0.0,,,,,,,no tracked competitor in top 30,1.0,False,/wedding-catering-menu-planning-dubai,sub,/wedding-catering-menu-planning-dubai,keep (sub)
catering menus dubai,0,commercial,0,1.0,,,,,,,no tracked competitor in top 30,1.0,True,/menus,primary,/menus,keep (primary)
catering minimum order dubai,0,transactional,0,0.0,,21,,,,,"no tracked competitor in top 30, we #21",0.67,False,/faq,sub,/faq,keep (sub)
catering near me dubai,0,commercial,0,1.0,,,,,,,no tracked competitor in top 30,1.0,True,/locations,primary,/locations,keep (primary)
catering order checklist,0,transactional,0,0.06,,,,,,,no tracked competitor in top 30,0.67,False,/guides,sub,/guides,keep (sub)
catering package cost per person dubai,0,commercial,0,0.0,,24,,,,,"no tracked competitor in top 30, we #24",1.0,False,/catering-packages-dubai,sub,/catering-packages-dubai,keep (sub)
catering package dubai,0,,0,,,n/a,,,,,,1.0,True,/birthday-catering-package-dubai,sub,/birthday-catering-package-dubai,keep (sub)
catering packages dubai,0,commercial,0,1.0,,,,,,,no tracked competitor in top 30,1.0,True,/catering-packages-dubai,primary,/catering-packages-dubai,keep (primary)
catering packages dubai price,0,commercial,0,0.08,,,,,,,no tracked competitor in top 30,1.0,True,/catering-packages-dubai,sub,/catering-packages-dubai,keep (sub)
catering packages on offer in dubai,0,commercial,0,0.09,,,,,,,no tracked competitor in top 30,1.0,True,/birthday-catering-package-dubai,sub,/birthday-catering-package-dubai,keep (sub)
catering palm jumeirah,0,commercial,0,0.0,,,,,,,no tracked competitor in top 30,1.0,True,/locations/palm-jumeirah,sub,/locations/palm-jumeirah,keep (sub)
catering partner for concierge companies dubai,0,commercial,0,0.27,,,,,,,no tracked competitor in top 30,0.75,False,/partners/concierge-services-dubai,sub,/partners/concierge-services-dubai,keep (sub)
catering partner for event planners dubai,0,commercial,0,,,n/a,,,,,,1.0,False,/partners/event-planners-dubai,sub,/partners/event-planners-dubai,keep (sub)
catering partner for holiday homes dubai,0,commercial,0,,,n/a,,,,,,0.25,False,/partners/villa-rentals-dubai,sub,/partners/villa-rentals-dubai,keep (sub)
catering partner for yacht charter companies dubai,0,commercial,0,0.0,,,,,,,no tracked competitor in top 30,1.0,False,/partners/yacht-charters-dubai,sub,/partners/yacht-charters-dubai,keep (sub)
catering partnerships dubai,0,commercial,0,1.0,,35,,,,,"no tracked competitor in top 30, we #35",1.0,True,/partner-with-us,primary,/partner-with-us,keep (primary)
catering planning checklist,0,informational,0,,,,,,,,no tracked competitor in top 30,1.0,True,/product-launch-catering-dubai,sub,/product-launch-catering-dubai,keep (sub)
catering price list dubai,0,commercial,0,,,n/a,,,,,,1.0,True,/dubai-catering-prices-guide,sub,/dubai-catering-prices-guide,keep (sub)
catering price list for wedding,0,,0,,,n/a,,,,,,1.0,True,/wedding-catering-menu-planning-dubai,sub,/wedding-catering-menu-planning-dubai,keep (sub)
catering prices dubai,0,commercial,0,1.0,,,,,,,no tracked competitor in top 30,1.0,True,/dubai-catering-prices-guide,primary,/dubai-catering-prices-guide,keep (primary)
catering quality guarantee dubai,0,commercial,0,1.0,,,,,,,no tracked competitor in top 30,1.0,True,/quality-guarantee-dubai,primary,/quality-guarantee-dubai,keep (primary)
catering rates during spring 2024 in dubai,0,commercial,0,,,,,,,,no tracked competitor in top 30,1.0,True,/dubai-event-catering-price-guide-2026,sub,/dubai-event-catering-price-guide-2026,keep (sub)
catering services availability in dubai,0,,0,,,n/a,,,,,,1.0,True,/allergy-safe-catering-dubai,sub,/allergy-safe-catering-dubai,keep (sub)
catering services company in dubai,0,commercial,0,0.09,,,,,,,no tracked competitor in top 30,1.0,True,/corporate-retainer-dubai,sub,/best-catering-companies-dubai,merge → /best-catering-companies-dubai
catering services list of menu,0,,0,,,n/a,,,,,,1.0,True,/partner-with-us,sub,/partner-with-us,keep (sub)
catering services near me dubai,0,commercial,0,0.5,,,,,,,no tracked competitor in top 30,1.0,False,/locations,sub,/buffet-catering-dubai,merge → /buffet-catering-dubai
catering services on offer in dubai,0,commercial,0,0.0,,,,,,,no tracked competitor in top 30,1.0,True,/founding-customer-offer,sub,/founding-customer-offer,keep (sub)
catering services rates dubai,0,commercial,0,0.08,,,,,,,no tracked competitor in top 30,1.0,True,/blog/wedding-catering-cost-dubai,sub,/blog/wedding-catering-cost-dubai,keep (sub)
catering staff hire for private catering,0,transactional,0,,,,,,,,no tracked competitor in top 30,1.0,True,/staff-meals-catering-dubai,sub,/staff-meals-catering-dubai,keep (sub)
catering trends for 2026,0,commercial,0,0.0,,,,,,,no tracked competitor in top 30,1.0,True,/blog/ramadan-iftar-catering-trends-2026,sub,/blog/ramadan-iftar-catering-trends-2026,keep (sub)
catering umm suqeim,0,transactional,0,,,n/a,,,,,,1.0,True,/locations/umm-suqeim,sub,/locations/umm-suqeim,keep (sub)
catering vs delivery,0,commercial,0,0.0,,,,,,,no tracked competitor in top 30,1.0,True,/quality-guarantee-dubai,sub,/quality-guarantee-dubai,keep (sub)
catering vs private chef,0,commercial,0,0.0,,,,,,,no tracked competitor in top 30,1.0,True,/blog/private-chef-vs-restaurant-dubai,sub,/blog/private-chef-vs-restaurant-dubai,keep (sub)
catering wedding checklist,0,,0,,,n/a,,,,,,1.0,False,/wedding-catering-menu-planning-dubai,sub,/wedding-catering-menu-planning-dubai,keep (sub)
catering with service staff,0,commercial,0,,,,,,,,no tracked competitor in top 30,1.0,True,/staff-meals-catering-dubai,sub,/staff-meals-catering-dubai,keep (sub)
certified private chefs dubai,0,commercial,0,,,33,,,,,"no tracked competitor in top 30, we #33",1.0,True,/mychef-certified,sub,/private-chef-dubai/how-it-works,merge → /private-chef-dubai/how-it-works
checklist catering event,0,,0,,,n/a,,,,,,1.0,False,/corporate-event-catering-dubai,sub,/corporate-event-catering-dubai,keep (sub)
checklist for food preparation,0,,0,,,n/a,,,,,,1.0,True,/influencer-partnerships,sub,/influencer-partnerships,keep (sub)
chef apprenticeship dubai,0,commercial,0,0.08,,,,,,,no tracked competitor in top 30,1.0,True,/chef-training-academy,sub,/chef-training-academy,keep (sub)
chef at home al barsha,0,informational,0,0.2,,17,,,,,"no tracked competitor in top 30, we #17",1.0,False,/locations/al-barsha,sub,/locations/al-barsha,keep (sub)
chef at home arabian ranches,0,commercial,0,0.6,,19,,,,,"no tracked competitor in top 30, we #19",1.0,True,/locations/arabian-ranches,sub,/locations/arabian-ranches,keep (sub)
chef at home bluewaters island,0,navigational,0,0.27,,3,,,,,"no tracked competitor in top 30, we #3",1.0,False,/locations/bluewaters-island,sub,/locations/bluewaters-island,keep (sub)
chef at home business bay,0,commercial,0,0.56,,20,,,,,"no tracked competitor in top 30, we #20",1.0,True,/locations/business-bay,sub,/locations/business-bay,keep (sub)
chef at home difc,0,navigational,0,,,,,,,,no tracked competitor in top 30,1.0,True,/locations/difc,sub,/apartment-private-dining-dubai,merge → /apartment-private-dining-dubai
chef at home downtown dubai,0,transactional,0,0.38,,23,,,,,"no tracked competitor in top 30, we #23",1.0,True,/locations/downtown-dubai,sub,/locations/downtown-dubai,keep (sub)
chef at home dubai hills,0,informational,0,0.38,,29,,,,,"no tracked competitor in top 30, we #29",1.0,True,/locations/dubai-hills,sub,/apartment-private-dining-dubai,merge → /apartment-private-dining-dubai
chef at home dubai marina,0,transactional,0,0.33,,,,,,,no tracked competitor in top 30,1.0,True,/locations/dubai-marina,sub,/locations/dubai-marina,keep (sub)
chef at home emirates hills,0,navigational,0,0.4,,,,,,,no tracked competitor in top 30,1.0,True,/locations/emirates-hills,sub,/apartment-private-dining-dubai,merge → /apartment-private-dining-dubai
chef at home in dubai,0,transactional,0,0.29,,28,,,,,"no tracked competitor in top 30, we #28",1.0,True,/blog/how-to-hire-a-private-chef-dubai,sub,/apartment-private-dining-dubai,merge → /apartment-private-dining-dubai
chef at home jbr,0,informational,0,0.27,,17,,,,,"no tracked competitor in top 30, we #17",1.0,True,/locations/jbr,sub,/apartment-private-dining-dubai,merge → /apartment-private-dining-dubai
chef at home jlt,0,informational,0,0.17,,26,,,,,"no tracked competitor in top 30, we #26",1.0,False,/locations/jlt,sub,/apartment-private-dining-dubai,merge → /apartment-private-dining-dubai
chef at home jumeirah,0,informational,0,,,34,,,,,"no tracked competitor in top 30, we #34",1.0,True,/locations/jumeirah,sub,/apartment-private-dining-dubai,merge → /apartment-private-dining-dubai
chef at home jvc,0,navigational,0,,,n/a,,,,,,1.0,False,/locations/jvc,sub,/locations/jvc,keep (sub)
chef at home palm jumeirah,0,commercial,0,0.33,,24,,,,,"no tracked competitor in top 30, we #24",1.0,True,/locations/palm-jumeirah,sub,/locations/palm-jumeirah,keep (sub)
chef at home umm suqeim,0,transactional,0,0.18,,9,,,,,"no tracked competitor in top 30, we #9",1.0,False,/locations/umm-suqeim,sub,/locations/umm-suqeim,keep (sub)
chef certificate dubai,0,commercial,0,0.44,,,,,,,no tracked competitor in top 30,1.0,True,/chef-training-academy,sub,/chef-training-academy,keep (sub)
chef classes dubai,0,commercial,0,0.1,,,,,,,no tracked competitor in top 30,1.0,True,/chef-training-academy,sub,/private-cooking-classes-dubai,merge → /private-cooking-classes-dubai
chef dining experience dubai,0,,0,,,n/a,,,,,,1.0,True,/mystery-dining-dubai,sub,/mystery-dining-dubai,keep (sub)
chef dinner at home,0,,0,,,n/a,,,,,,1.0,True,/gift-cards,sub,/gift-cards,keep (sub)
chef for hire,0,,0,0.22,,,,,,,no tracked competitor in top 30,1.0,True,/our-chefs,sub,/locations/downtown-dubai,merge → /locations/downtown-dubai
chef for holiday home dubai,0,commercial,0,0.21,,31,,,,,"no tracked competitor in top 30, we #31",1.0,True,/tourist-villa-chef-dubai,sub,/apartment-private-dining-dubai,merge → /apartment-private-dining-dubai
chef for villa,0,,0,,,n/a,,,,,,1.0,True,/villa-catering-ideas-dubai,sub,/villa-catering-ideas-dubai,keep (sub)
chef for yacht charter dubai,0,transactional,0,,,n/a,,,,,,1.0,True,/yachts,sub,/yachts,keep (sub)
chef meal prep company,0,commercial,0,0.06,,,,,,,no tracked competitor in top 30,1.0,True,/kids-nutrition-chef-dubai,sub,/kids-nutrition-chef-dubai,keep (sub)
chef meal prep cost,0,,0,,,n/a,,,,,,1.0,False,/wellness-meal-prep-dubai,sub,/wellness-meal-prep-dubai,keep (sub)
chef partnership dubai,0,commercial,0,0.0,,10,,,,,"no tracked competitor in top 30, we #10",1.0,True,/partner-with-us,sub,/partner-with-us,keep (sub)
chef private catering options,0,,0,,,n/a,,,,,,0.75,False,/,sub,/,keep (sub)
chef table experience dubai,0,informational,0,0.6,,,,,,,no tracked competitor in top 30,1.0,True,/chefs-table-dubai,sub,/chefs-table-dubai,keep (sub)
chef tasting menu dubai,0,transactional,0,0.12,,,,,,,no tracked competitor in top 30,1.0,True,/tasting-menu-dubai,sub,/tasting-menu-dubai,keep (sub)
chef training courses dubai,0,commercial,0,0.43,,,,,,,no tracked competitor in top 30,1.0,True,/chef-training-academy,sub,/chef-training-academy,keep (sub)
chef villa heanor,0,,0,,,n/a,,,,,,1.0,True,/villas-private-residences,sub,/villas-private-residences,keep (sub)
chef villa in the sky,0,,0,,,n/a,,,,,,1.0,True,/villas-private-residences,sub,/villas-private-residences,keep (sub)
chef villa klope,0,,0,,,n/a,,,,,,1.0,True,/villas-private-residences,sub,/villas-private-residences,keep (sub)
chef villa lorraine,0,,0,,,n/a,,,,,,1.0,True,/villas-private-residences,sub,/villas-private-residences,keep (sub)
chef villa navarre,0,,0,,,n/a,,,,,,1.0,True,/villas-private-residences,sub,/villas-private-residences,keep (sub)
chef villa orsini,0,,0,,,n/a,,,,,,1.0,True,/villas-private-residences,sub,/villas-private-residences,keep (sub)
chef villa vanderpump,0,,0,,,n/a,,,,,,1.0,True,/tourist-villa-chef-dubai,sub,/tourist-villa-chef-dubai,keep (sub)
chef villa zaira,0,,0,,,n/a,,,,,,1.0,True,/tourist-villa-chef-dubai,sub,/tourist-villa-chef-dubai,keep (sub)
chefs table packages dubai,0,commercial,0,,,n/a,,,,,,1.0,True,/chefs-table-dubai,sub,/chefs-table-dubai,keep (sub)
chefs villa marlpool,0,,0,,,n/a,,,,,,1.0,True,/chefs-table-dubai,sub,/chefs-table-dubai,keep (sub)
chefs villa number,0,,0,,,n/a,,,,,,1.0,True,/chefs-table-dubai,sub,/chefs-table-dubai,keep (sub)
chief of staff catering,0,,0,,,n/a,,,,,,1.0,True,/staff-meals-catering-dubai,sub,/staff-meals-catering-dubai,keep (sub)
childrens dessert table dubai,0,,0,,,n/a,,,,,,0.67,False,/dessert-table-catering-dubai,sub,/dessert-table-catering-dubai,keep (sub)
chinese catering dubai,0,commercial,0,0.15,,,,,,,no tracked competitor in top 30,1.0,True,/asian-catering-dubai,sub,/asian-catering-dubai,keep (sub)
chinese new year catering dubai buffet,0,informational,0,0.3,,,,,,,no tracked competitor in top 30,1.0,True,/new-year-catering-dubai,sub,/new-year-catering-dubai,keep (sub)
chinese new year dinner at home dubai,0,,0,,,n/a,,,,,,1.0,True,/new-year-catering-dubai,sub,/new-year-catering-dubai,keep (sub)
chinese new year set menu dubai,0,,0,,,n/a,,,,,,1.0,True,/new-year-catering-dubai,sub,/new-year-catering-dubai,keep (sub)
christmas buffet catering dubai,0,,0,,,n/a,,,,,,0.67,False,/buffet-catering-dubai,sub,/buffet-catering-dubai,keep (sub)
christmas catering cost per person dubai,0,commercial,0,0.36,,,,,,,no tracked competitor in top 30,1.0,True,/christmas-catering-dubai,sub,/christmas-catering-dubai,keep (sub)
christmas catering dubai price,0,commercial,0,,,n/a,,,,,,1.0,True,/christmas-catering-dubai,sub,/christmas-catering-dubai,keep (sub)
christmas catering in dubai,0,commercial,0,0.4,,32,,,,,"no tracked competitor in top 30, we #32",1.0,False,/festive-catering-dubai,sub,/christmas-catering-dubai,merge → /christmas-catering-dubai
christmas catering menu dubai,0,commercial,0,0.6,,24,,,,,"no tracked competitor in top 30, we #24",1.0,True,/christmas-catering-dubai,sub,/christmas-catering-dubai,keep (sub)
christmas catering packages dubai,0,commercial,0,0.56,,,,,,,no tracked competitor in top 30,1.0,True,/christmas-catering-dubai,sub,/christmas-catering-dubai,keep (sub)
christmas dinner delivery dubai,0,,0,,,n/a,,,,,,1.0,True,/christmas-catering-dubai,sub,/christmas-catering-dubai,keep (sub)
christmas meals dubai,0,,0,,,n/a,,,,,,1.0,True,/christmas-catering-dubai,sub,/christmas-catering-dubai,keep (sub)
christmas turkey catering dubai,0,commercial,0,0.0,,,,,,,no tracked competitor in top 30,1.0,True,/christmas-catering-dubai,sub,/christmas-catering-dubai,keep (sub)
cocktail party catering dubai,0,commercial,0,1.0,,,,,,,no tracked competitor in top 30,1.0,True,/cocktail-party-catering-dubai,primary,/cocktail-party-catering-dubai,keep (primary)
cocktail party catering dubai price,0,commercial,0,0.5,,22,,,,,"no tracked competitor in top 30, we #22",1.0,True,/cocktail-party-catering-dubai,sub,/cocktail-party-catering-dubai,keep (sub)
cocktail party catering menu dubai,0,commercial,0,,,n/a,,,,,,1.0,True,/cocktail-party-catering-dubai,sub,/cocktail-party-catering-dubai,keep (sub)
cocktail party catering packages dubai,0,commercial,0,0.86,,36,,,,,"no tracked competitor in top 30, we #36",1.0,True,/cocktail-party-catering-dubai,sub,/cocktail-party-catering-dubai,keep (sub)
cocktail party catering price per person dubai,0,commercial,0,,,n/a,,,,,,1.0,True,/cocktail-party-catering-dubai,sub,/cocktail-party-catering-dubai,keep (sub)
cocktail reception catering dubai,0,commercial,0,0.44,,,,,,,no tracked competitor in top 30,1.0,True,/cocktail-party-catering-dubai,sub,/cocktail-party-catering-dubai,keep (sub)
coles meal prep dubai,0,,0,,,n/a,,,,,,1.0,True,/kids-nutrition-chef-dubai,sub,/kids-nutrition-chef-dubai,keep (sub)
company dinner package dubai,0,commercial,0,0.33,,,,,,,no tracked competitor in top 30,1.0,True,/corporate-dinner-package-dubai,sub,/corporate-dinner-package-dubai,keep (sub)
company lunch catering dubai,0,commercial,0,0.27,,34,,,,,"no tracked competitor in top 30, we #34",1.0,False,/corporate,sub,/business-lunch-catering-dubai,merge → /business-lunch-catering-dubai
comparing personal chef services vs catering,0,commercial,0,0.07,,,,,,,no tracked competitor in top 30,1.0,True,/private-chef-vs-catering-dubai,sub,/private-chef-vs-catering-dubai,keep (sub)
concierge services partnership dubai,0,commercial,0,1.0,,,,,,,no tracked competitor in top 30,1.0,False,/partners/concierge-services-dubai,primary,/partners/concierge-services-dubai,keep (primary)
conference catering companies dubai,0,commercial,0,0.44,,,,,,,no tracked competitor in top 30,1.0,True,/conference-catering-dubai,sub,/corporate-event-catering-dubai,merge → /corporate-event-catering-dubai
conference catering dubai,0,commercial,0,1.0,,,,,,,no tracked competitor in top 30,1.0,True,/conference-catering-dubai,primary,/conference-catering-dubai,keep (primary)
conference catering dubai cost per person,0,commercial,0,,,n/a,,,,,,1.0,True,/conference-catering-dubai,sub,/conference-catering-dubai,keep (sub)
conference catering dubai price,0,commercial,0,,,n/a,,,,,,1.0,True,/conference-catering-dubai,sub,/conference-catering-dubai,keep (sub)
conference catering menu dubai,0,commercial,0,0.44,,,,,,,no tracked competitor in top 30,1.0,True,/conference-catering-dubai,sub,/catering-packages-dubai,merge → /catering-packages-dubai
conference catering packages dubai,0,commercial,0,0.75,,23,,,,,"no tracked competitor in top 30, we #23",1.0,True,/conference-catering-dubai,sub,/blog/corporate-event-catering-ideas-dubai,merge → /blog/corporate-event-catering-ideas-dubai
conference food catering,0,,0,,,n/a,,,,,,1.0,True,/conference-catering-dubai,sub,/conference-catering-dubai,keep (sub)
conference lunch catering dubai,0,commercial,0,0.4,,27,,,,,"no tracked competitor in top 30, we #27",1.0,True,/conference-catering-dubai,sub,/conference-catering-dubai,keep (sub)
conference room catering,0,,0,,,n/a,,,,,,1.0,True,/conference-catering-dubai,sub,/conference-catering-dubai,keep (sub)
confinement food delivery dubai,0,transactional,0,0.07,,,,,,,no tracked competitor in top 30,1.0,True,/postpartum-meal-prep-dubai,sub,/postpartum-meal-prep-dubai,keep (sub)
cook training in dubai,0,,0,,,n/a,,,,,,1.0,True,/chef-training-academy,sub,/chef-training-academy,keep (sub)
cooking class cost per person dubai,0,commercial,0,0.09,,16,,,,,"no tracked competitor in top 30, we #16",1.0,True,/private-cooking-classes-dubai,sub,/private-cooking-classes-dubai,keep (sub)
cooking class packages dubai,0,commercial,0,0.71,,,,,,,no tracked competitor in top 30,1.0,True,/private-cooking-classes-dubai,sub,/private-cooking-classes-dubai,keep (sub)
cooking classes at home dubai,0,commercial,0,0.2,,,,,,,no tracked competitor in top 30,1.0,True,/private-cooking-classes-dubai,sub,/private-cooking-classes-dubai,keep (sub)
cooking classes availability dubai,0,commercial,0,0.71,,,,,,,no tracked competitor in top 30,1.0,True,/private-cooking-classes-dubai,sub,/private-cooking-classes-dubai,keep (sub)
cooking classes in dubai for adults,0,,0,,,n/a,,,,,,1.0,True,/private-cooking-classes-dubai,sub,/private-cooking-classes-dubai,keep (sub)
cooking classes in dubai for beginners,0,,0,,,n/a,,,,,,1.0,True,/private-cooking-classes-dubai,sub,/private-cooking-classes-dubai,keep (sub)
cooking classes rates dubai,0,commercial,0,0.33,,,,,,,no tracked competitor in top 30,1.0,True,/private-cooking-classes-dubai,sub,/private-cooking-classes-dubai,keep (sub)
cooks villa blackburn,0,,0,,,n/a,,,,,,0.33,False,/partners/villa-rentals-dubai,sub,/partners/villa-rentals-dubai,keep (sub)
cooks villa near me,0,commercial,0,,,12,,,,,"no tracked competitor in top 30, we #12",0.5,False,/partners/villa-rentals-dubai,sub,/partners/villa-rentals-dubai,keep (sub)
cooks villa raipur,0,,0,,,n/a,,,,,,0.33,False,/partners/villa-rentals-dubai,sub,/partners/villa-rentals-dubai,keep (sub)
cooks villa rarotonga,0,,0,,,n/a,,,,,,0.33,False,/partners/villa-rentals-dubai,sub,/partners/villa-rentals-dubai,keep (sub)
corporate breakfast catering dubai,0,,0,,,n/a,,,,,,1.0,True,/breakfast-catering-dubai,sub,/breakfast-catering-dubai,keep (sub)
corporate buffet catering dubai,0,,0,,,n/a,,,,,,0.67,False,/buffet-catering-dubai,sub,/buffet-catering-dubai,keep (sub)
corporate canape catering dubai,0,,0,,,n/a,,,,,,1.0,True,/canape-catering-dubai,sub,/canape-catering-dubai,keep (sub)
corporate catering,0,,0,,,n/a,,,,,,1.0,True,/arabic-catering-dubai,sub,/arabic-catering-dubai,keep (sub)
corporate catering checklist dubai,0,commercial,0,1.0,,2,,,,,"no tracked competitor in top 30, we #2",1.0,True,/corporate-catering-checklist-dubai,primary,/corporate-catering-checklist-dubai,keep (primary)
corporate catering companies dubai,0,commercial,0,0.44,,,,,,,no tracked competitor in top 30,1.0,False,/corporate,sub,/best-catering-companies-dubai,merge → /best-catering-companies-dubai
corporate catering contract dubai,0,commercial,0,1.0,,,,,,,no tracked competitor in top 30,1.0,True,/corporate-retainer-dubai,primary,/corporate-retainer-dubai,keep (primary)
corporate catering contract dubai cost,0,commercial,0,0.08,,19,,,,,"no tracked competitor in top 30, we #19",1.0,True,/corporate-retainer-dubai,sub,/corporate-retainer-dubai,keep (sub)
corporate catering difc,0,commercial,0,,,n/a,,,,,,1.0,True,/locations/difc,sub,/locations/difc,keep (sub)
corporate catering difc dubai,0,commercial,0,0.08,,10,,,,,"no tracked competitor in top 30, we #10",1.0,True,/corporate-retainer-dubai,sub,/corporate-retainer-dubai,keep (sub)
corporate catering food,0,,0,,,n/a,,,,,,1.0,False,/corporate,sub,/corporate,keep (sub)
corporate catering full service vs drop off,0,commercial,0,0.27,,,,,,,no tracked competitor in top 30,1.0,True,/blog/corporate-catering-full-service-vs-drop-off,sub,/blog/corporate-catering-full-service-vs-drop-off,keep (sub)
corporate catering halal,0,,0,,,n/a,,,,,,1.0,False,/corporate,sub,/corporate,keep (sub)
corporate catering near me,0,,0,,,n/a,,,,,,1.0,False,/corporate-event-catering-dubai,sub,/corporate-event-catering-dubai,keep (sub)
corporate catering package dubai,0,,0,,,n/a,,,,,,1.0,True,/corporate-dinner-package-dubai,sub,/corporate-dinner-package-dubai,keep (sub)
corporate catering price per head dubai,0,commercial,0,0.0,,3,,,,,"no tracked competitor in top 30, we #3",0.8,False,/corporate,sub,/corporate,keep (sub)
corporate catering services dubai,0,commercial,0,0.56,,,,,,,no tracked competitor in top 30,1.0,False,/corporate,sub,/corporate,keep (sub)
corporate catering supplier dubai,0,commercial,0,0.18,,,,,,,no tracked competitor in top 30,1.0,True,/corporate-retainer-dubai,sub,/corporate-retainer-dubai,keep (sub)
corporate dinner package dubai,0,commercial,0,1.0,,34,,,,,"no tracked competitor in top 30, we #34",1.0,True,/corporate-dinner-package-dubai,primary,/corporate-dinner-package-dubai,keep (primary)
corporate dinner package dubai cost per person,0,commercial,0,0.36,,15,,,,,"no tracked competitor in top 30, we #15",1.0,True,/corporate-dinner-package-dubai,sub,/corporate-dinner-package-dubai,keep (sub)
corporate dinner package dubai price,0,commercial,0,0.36,,20,,,,,"no tracked competitor in top 30, we #20",1.0,True,/corporate-dinner-package-dubai,sub,/corporate-dinner-package-dubai,keep (sub)
corporate dinner package menu dubai,0,commercial,0,0.33,,,,,,,no tracked competitor in top 30,1.0,True,/corporate-dinner-package-dubai,sub,/corporate-dinner-package-dubai,keep (sub)
corporate event catering checklist,0,informational,0,0.12,,,,,,,no tracked competitor in top 30,1.0,True,/corporate-catering-checklist-dubai,sub,/corporate-catering-checklist-dubai,keep (sub)
corporate event catering dubai,0,commercial,0,1.0,,,,,,,no tracked competitor in top 30,1.0,True,/corporate-event-catering-dubai,primary,/corporate-event-catering-dubai,keep (primary)
corporate event catering dubai cost per person,0,commercial,0,0.08,,8,,,,,"no tracked competitor in top 30, we #8",1.0,False,/corporate-event-catering-dubai,sub,/corporate-event-catering-dubai,keep (sub)
corporate event catering dubai price,0,commercial,0,0.3,,24,,,,,"no tracked competitor in top 30, we #24",1.0,True,/corporate-event-catering-dubai,sub,/corporate-event-catering-dubai,keep (sub)
corporate event catering ideas dubai,0,commercial,0,1.0,,,,,,,no tracked competitor in top 30,1.0,True,/blog/corporate-event-catering-ideas-dubai,primary,/blog/corporate-event-catering-ideas-dubai,keep (primary)
corporate event catering menu dubai,0,commercial,0,0.27,,,,,,,no tracked competitor in top 30,1.0,False,/corporate-event-catering-dubai,sub,/corporate,merge → /corporate
corporate event catering packages dubai,0,commercial,0,0.36,,,,,,,no tracked competitor in top 30,1.0,False,/corporate-event-catering-dubai,sub,/blog/corporate-event-catering-ideas-dubai,merge → /blog/corporate-event-catering-ideas-dubai
corporate iftar catering dubai,0,commercial,0,0.55,,,,,,,no tracked competitor in top 30,1.0,False,/iftar-catering-dubai,sub,/iftar-catering-dubai,keep (sub)
corporate lunch delivery dubai,0,commercial,0,0.08,,,,,,,no tracked competitor in top 30,1.0,False,/office-catering-dubai,sub,/office-catering-dubai,keep (sub)
corporate lunch ideas dubai,0,commercial,0,0.0,,,,,,,no tracked competitor in top 30,1.0,True,/blog/corporate-event-catering-ideas-dubai,sub,/blog/corporate-event-catering-ideas-dubai,keep (sub)
corporate lunch packages dubai,0,,0,,,n/a,,,,,,0.67,False,/corporate,sub,/corporate,keep (sub)
corporate meal prep packages dubai,0,,0,,,n/a,,,,,,1.0,True,/corporate-retainer-dubai,sub,/corporate-retainer-dubai,keep (sub)
cost of grazing table for wedding,0,commercial,0,0.0,,,,,,,no tracked competitor in top 30,1.0,True,/blog/grazing-table-vs-buffet-dubai,sub,/blog/grazing-table-vs-buffet-dubai,keep (sub)
cost of party catering,0,commercial,0,0.08,,,,,,,no tracked competitor in top 30,1.0,True,/cocktail-party-catering-dubai,sub,/cocktail-party-catering-dubai,keep (sub)
cost of private chef dubai,0,commercial,0,0.62,,27,,,,,"no tracked competitor in top 30, we #27",1.0,True,/private-chef-prices-dubai,sub,/blog/how-much-does-private-chef-cost-dubai,merge → /blog/how-much-does-private-chef-cost-dubai
couples dinner package dubai,0,,0,,,n/a,,,,,,1.0,True,/date-night-package-dubai,sub,/date-night-package-dubai,keep (sub)
courses of an italian dinner,0,informational,0,0.0,,,,,,,no tracked competitor in top 30,0.33,False,/chefs/marco-italian-chef,sub,/chefs/marco-italian-chef,keep (sub)
coya dubai private dining,0,navigational,0,,,,,,,,no tracked competitor in top 30,1.0,True,/blog/private-chef-palm-jumeirah-guide,sub,/blog/private-chef-palm-jumeirah-guide,keep (sub)
cuisines dubai catering,0,commercial,0,,,n/a,,,,,,1.0,False,/cuisines-dubai,sub,/cuisines-dubai,keep (sub)
culinary training dubai,0,commercial,0,0.43,,,,,,,no tracked competitor in top 30,1.0,True,/chef-training-academy,sub,/chef-training-academy,keep (sub)
daily mediterranean meals,0,,0,,,n/a,,,,,,1.0,True,/mediterranean-catering-dubai,sub,/mediterranean-catering-dubai,keep (sub)
daily office catering dubai,0,,0,,,n/a,,,,,,1.0,False,/office-catering-dubai,sub,/office-catering-dubai,keep (sub)
daily office lunch dubai,0,informational,0,0.0,,,,,,,no tracked competitor in top 30,1.0,False,/office-catering-dubai,sub,/office-catering-dubai,keep (sub)
date night at home dubai,0,transactional,0,,,n/a,,,,,,1.0,True,/date-night-package-dubai,sub,/date-night-package-dubai,keep (sub)
date night dinner menu dubai,0,transactional,0,0.17,,,,,,,no tracked competitor in top 30,1.0,True,/date-night-package-dubai,sub,/date-night-package-dubai,keep (sub)
date night dubai private dinner,0,transactional,0,0.08,,,,,,,no tracked competitor in top 30,1.0,True,/date-night-package-dubai,sub,/date-night-package-dubai,keep (sub)
date night package dubai,0,commercial,0,1.0,,,,,,,no tracked competitor in top 30,1.0,True,/date-night-package-dubai,primary,/date-night-package-dubai,keep (primary)
date night package dubai price,0,commercial,0,0.14,,,,,,,no tracked competitor in top 30,1.0,True,/date-night-package-dubai,sub,/date-night-package-dubai,keep (sub)
date night private chef dubai,0,transactional,0,0.0,,24,,,,,"no tracked competitor in top 30, we #24",1.0,True,/romantic-dinner-dubai,sub,/private-chef-dubai/how-it-works,merge → /private-chef-dubai/how-it-works
deepavali catering halal,0,,0,,,n/a,,,,,,1.0,True,/halal-catering-dubai,sub,/halal-catering-dubai,keep (sub)
degustation menu dubai private,0,,0,,,n/a,,,,,,1.0,True,/tasting-menu-dubai,sub,/tasting-menu-dubai,keep (sub)
deluxe private jet catering,0,,0,,,n/a,,,,,,0.75,False,/private-jet-catering-dubai,sub,/private-jet-catering-dubai,keep (sub)
desert bbq catering dubai,0,,0,,,n/a,,,,,,1.0,True,/bbq-catering-dubai,sub,/bbq-catering-dubai,keep (sub)
desert dining dubai price,0,commercial,0,0.44,,,,,,,no tracked competitor in top 30,1.0,True,/desert-dining-dubai,sub,/desert-dining-dubai,keep (sub)
desert dining experience dubai,0,,0,,,n/a,,,,,,1.0,True,/desert-dining-dubai,sub,/desert-dining-dubai,keep (sub)
desert dining ideas dubai,0,commercial,0,0.27,,,,,,,no tracked competitor in top 30,1.0,True,/blog/desert-dinner-party-dubai,sub,/desert-dining-dubai,merge → /desert-dining-dubai
desert dining menu dubai,0,informational,0,,,n/a,,,,,,1.0,True,/desert-dining-dubai,sub,/desert-dining-dubai,keep (sub)
desert dining packages dubai,0,commercial,0,0.6,,,,,,,no tracked competitor in top 30,1.0,True,/desert-dining-dubai,sub,/desert-dining-dubai,keep (sub)
desert dining price per person dubai,0,commercial,0,0.44,,,,,,,no tracked competitor in top 30,1.0,True,/desert-dining-dubai,sub,/desert-dining-dubai,keep (sub)
desert dinner dubai private,0,,0,,,n/a,,,,,,1.0,True,/desert-dining-dubai,sub,/desert-dining-dubai,keep (sub)
desert dinner experience dubai,0,,0,,,n/a,,,,,,1.0,True,/desert-dining-dubai,sub,/desert-dining-dubai,keep (sub)
desert dinner party dubai,0,informational,0,1.0,,,,,,,no tracked competitor in top 30,1.0,True,/blog/desert-dinner-party-dubai,primary,/blog/desert-dinner-party-dubai,keep (primary)
dessert chef dubai,0,commercial,0,0.3,,,,,,,no tracked competitor in top 30,1.0,False,/chefs/matteo-pastry-chef,sub,/chefs/matteo-pastry-chef,keep (sub)
dessert chef for private event dubai,0,commercial,0,0.15,,19,,,,,"no tracked competitor in top 30, we #19",1.0,False,/chefs/matteo-pastry-chef,sub,/locations/umm-suqeim,merge → /locations/umm-suqeim
dessert shops in dubai,0,,0,,,n/a,,,,,,0.5,False,/dessert-table-catering-dubai,sub,/dessert-table-catering-dubai,keep (sub)
dessert table catering dubai,0,commercial,0,1.0,,n/a,,,,,,1.0,True,/dessert-table-catering-dubai,primary,/dessert-table-catering-dubai,keep (primary)
dessert table catering dubai price,0,commercial,0,,,,,,,,no tracked competitor in top 30,1.0,True,/dessert-table-catering-dubai,sub,/dessert-table-catering-dubai,keep (sub)
dessert table catering menu dubai,0,informational,0,,,,,,,,no tracked competitor in top 30,1.0,False,/dessert-table-catering-dubai,sub,/dessert-table-catering-dubai,keep (sub)
dessert table catering packages dubai,0,commercial,0,,,,,,,,no tracked competitor in top 30,1.0,True,/dessert-table-catering-dubai,sub,/dessert-table-catering-dubai,keep (sub)
dessert table catering price per person dubai,0,commercial,0,,,21,,,,,"no tracked competitor in top 30, we #21",1.0,True,/dessert-table-catering-dubai,sub,/dessert-table-catering-dubai,keep (sub)
dessert table dubai,0,,0,,,n/a,,,,,,1.0,True,/dessert-table-catering-dubai,sub,/dessert-table-catering-dubai,keep (sub)
dessert table setup dubai,0,transactional,0,,,,,,,,no tracked competitor in top 30,0.67,False,/dessert-table-catering-dubai,sub,/dessert-table-catering-dubai,keep (sub)
difference between buffet and plated service,0,informational,0,0.07,,,,,,,no tracked competitor in top 30,1.0,True,/buffet-vs-plated-dubai,sub,/buffet-vs-plated-dubai,keep (sub)
difference between private chef and caterer,0,commercial,0,0.07,,,,,,,no tracked competitor in top 30,1.0,True,/private-chef-vs-catering-dubai,sub,/private-chef-vs-catering-dubai,keep (sub)
dining gift card dubai,0,transactional,0,0.0,,,,,,,no tracked competitor in top 30,1.0,True,/gift-cards,sub,/gift-cards,keep (sub)
dining near me halal,0,transactional,0,,,,,,,,no tracked competitor in top 30,1.0,True,/halal-private-dining-dubai,sub,/halal-private-dining-dubai,keep (sub)
dining offers in dubai,0,,0,,,n/a,,,,,,0.5,False,/luxury-dining-experiences,sub,/luxury-dining-experiences,keep (sub)
dinner experience for couples dubai,0,,0,,,n/a,,,,,,1.0,True,/mystery-dining-dubai,sub,/mystery-dining-dubai,keep (sub)
dinner for couples in dubai,0,,0,,,n/a,,,,,,1.0,True,/proposal-dinner-dubai,sub,/proposal-dinner-dubai,keep (sub)
dinner near me halal,0,,0,,,n/a,,,,,,1.0,True,/halal-catering-dubai,sub,/halal-catering-dubai,keep (sub)
dinner offers in dubai,0,,0,,,n/a,,,,,,1.0,True,/proposal-dinner-dubai,sub,/proposal-dinner-dubai,keep (sub)
dinner package for two dubai,0,,0,,,n/a,,,,,,1.0,True,/date-night-package-dubai,sub,/date-night-package-dubai,keep (sub)
dinner party catering dubai,0,,0,,,n/a,,,,,,1.0,False,/private-party-catering-dubai,sub,/private-party-catering-dubai,keep (sub)
dinner party menu ideas dubai,0,commercial,0,1.0,,,,,,,no tracked competitor in top 30,1.0,True,/blog/dinner-party-menu-ideas-dubai,primary,/blog/dinner-party-menu-ideas-dubai,keep (primary)
dinner party menu ideas dubai indian,0,commercial,0,0.0,,,,,,,no tracked competitor in top 30,1.0,True,/blog/dinner-party-menu-ideas-dubai,sub,/blog/dinner-party-menu-ideas-dubai,keep (sub)
dinner party menu ideas dubai vegetarian,0,commercial,0,0.0,,29,,,,,"no tracked competitor in top 30, we #29",1.0,True,/blog/dinner-party-menu-ideas-dubai,sub,/blog/dinner-party-menu-ideas-dubai,keep (sub)
dinner party planning checklist dubai,0,informational,0,0.0,,,,,,,no tracked competitor in top 30,1.0,True,/luxury-dinner-planning-guide-dubai,sub,/luxury-dinner-planning-guide-dubai,keep (sub)
dinner set price in dubai,0,,0,,,n/a,,,,,,1.0,True,/proposal-dinner-dubai,sub,/proposal-dinner-dubai,keep (sub)
dinner set price in uae,0,,0,,,n/a,,,,,,1.0,True,/corporate-dinner-package-dubai,sub,/corporate-dinner-package-dubai,keep (sub)
diwali buffet style food,0,,0,,,n/a,,,,,,1.0,True,/diwali-catering-dubai,sub,/diwali-catering-dubai,keep (sub)
diwali catering,0,,0,,,n/a,,,,,,1.0,True,/festive-catering-dubai,sub,/festive-catering-dubai,keep (sub)
diwali catering cost per person dubai,0,commercial,0,0.25,,,,,,,no tracked competitor in top 30,1.0,True,/diwali-catering-dubai,sub,/diwali-catering-dubai,keep (sub)
diwali catering dubai price,0,commercial,0,0.67,,,,,,,no tracked competitor in top 30,1.0,True,/diwali-catering-dubai,sub,/diwali-catering-dubai,keep (sub)
diwali catering menu dubai,0,transactional,0,0.62,,,,,,,no tracked competitor in top 30,1.0,True,/diwali-catering-dubai,sub,/diwali-catering-dubai,keep (sub)
diwali catering packages dubai,0,commercial,0,0.75,,34,,,,,"no tracked competitor in top 30, we #34",1.0,True,/diwali-catering-dubai,sub,/diwali-catering-dubai,keep (sub)
diwali corporate catering dubai,0,commercial,0,,,n/a,,,,,,0.67,False,/corporate,sub,/corporate,keep (sub)
diwali decoration dining table,0,,0,,,n/a,,,,,,1.0,True,/chefs-table-dubai,sub,/chefs-table-dubai,keep (sub)
diwali dining table cover,0,,0,,,n/a,,,,,,1.0,True,/chefs-table-dubai,sub,/chefs-table-dubai,keep (sub)
diwali dinner catering,0,,0,,,n/a,,,,,,1.0,True,/gala-dinner-catering-dubai,sub,/gala-dinner-catering-dubai,keep (sub)
diwali food catering near me,0,commercial,0,0.17,,,,,,,no tracked competitor in top 30,1.0,True,/diwali-catering-dubai,sub,/diwali-catering-dubai,keep (sub)
diwali food facts,0,,0,,,n/a,,,,,,1.0,True,/diwali-catering-dubai,sub,/diwali-catering-dubai,keep (sub)
diwali food traditions,0,,0,,,n/a,,,,,,1.0,True,/diwali-catering-dubai,sub,/diwali-catering-dubai,keep (sub)
diwali traditional food,0,,0,,,n/a,,,,,,1.0,True,/diwali-catering-dubai,sub,/diwali-catering-dubai,keep (sub)
do i need serving staff for office catering dubai,0,commercial,0,0.0,,18,,,,,"no tracked competitor in top 30, we #18",1.0,True,/blog/corporate-catering-full-service-vs-drop-off,sub,/blog/corporate-catering-full-service-vs-drop-off,keep (sub)
do private chefs also do the dishes,0,commercial,0,0.0,,,,,,,no tracked competitor in top 30,1.0,True,/blog/private-chef-vs-restaurant-dubai,sub,/blog/private-chef-vs-restaurant-dubai,keep (sub)
do private chefs bring their own equipment dubai,0,commercial,0,0.14,,15,,,,,"no tracked competitor in top 30, we #15",1.0,True,/blog/how-to-hire-a-private-chef-dubai,sub,/blog/how-to-hire-a-private-chef-dubai,keep (sub)
do yachts allow outside catering dubai,0,commercial,0,,,31,,,,,"no tracked competitor in top 30, we #31",1.0,True,/yacht-catering-guide-dubai,sub,/yacht-catering-guide-dubai,keep (sub)
does a private chef bring the ingredients dubai,0,commercial,0,0.23,,29,,,,,"no tracked competitor in top 30, we #29",1.0,False,/how-it-works,sub,/how-it-works,keep (sub)
does a private chef clean up dubai,0,commercial,0,0.0,,22,,,,,"no tracked competitor in top 30, we #22",0.75,False,/faq,sub,/faq,keep (sub)
does dubai cater for vegans,0,commercial,0,,,n/a,,,,,,1.0,True,/blog/vegan-catering-dubai-guide,sub,/blog/vegan-catering-dubai-guide,keep (sub)
drop off catering dubai,0,transactional,0,1.0,,n/a,,,,,,1.0,True,/drop-off-catering-dubai,primary,/drop-off-catering-dubai,keep (primary)
drop off catering dubai price,0,commercial,0,,,,,,,,no tracked competitor in top 30,1.0,True,/drop-off-catering-dubai,sub,/drop-off-catering-dubai,keep (sub)
drop off catering menu dubai,0,transactional,0,,,,,,,,no tracked competitor in top 30,1.0,True,/drop-off-catering-dubai,sub,/drop-off-catering-dubai,keep (sub)
drop off catering packages dubai,0,transactional,0,,,22,,,,,"no tracked competitor in top 30, we #22",1.0,True,/drop-off-catering-dubai,sub,/drop-off-catering-dubai,keep (sub)
drop off catering price per person dubai,0,commercial,0,,,,,,,,no tracked competitor in top 30,1.0,True,/drop-off-catering-dubai,sub,/drop-off-catering-dubai,keep (sub)
drop off vs pick up catering,0,commercial,0,0.08,,,,,,,no tracked competitor in top 30,1.0,True,/blog/corporate-catering-full-service-vs-drop-off,sub,/blog/corporate-catering-full-service-vs-drop-off,keep (sub)
dubai canal dinner yacht,0,informational,0,0.0,,,,,,,no tracked competitor in top 30,0.33,False,/partners/yacht-charters-dubai,sub,/partners/yacht-charters-dubai,keep (sub)
dubai catering prices,0,commercial,0,0.0,,29,,,,,"no tracked competitor in top 30, we #29",1.0,True,/corporate-catering-checklist-dubai,sub,/corporate-catering-checklist-dubai,keep (sub)
dubai catering prices 2026,0,commercial,0,,,19,,,,,"no tracked competitor in top 30, we #19",1.0,True,/dubai-event-catering-price-guide-2026,sub,/dubai-event-catering-price-guide-2026,keep (sub)
dubai catering trends 2026,0,commercial,0,0.14,,17,,,,,"no tracked competitor in top 30, we #17",1.0,True,/dubai-food-trends-report-2026,sub,/dubai-food-trends-report-2026,keep (sub)
dubai chocolate catering near me,0,commercial,0,0.0,,,,,,,no tracked competitor in top 30,0.5,False,/locations,sub,/locations,keep (sub)
dubai event catering examples,0,commercial,0,0.0,,,,,,,no tracked competitor in top 30,1.0,True,/case-studies,sub,/events,merge → /events
dubai fine dining offers,0,,0,,,n/a,,,,,,0.67,False,/luxury-dining-experiences,sub,/luxury-dining-experiences,keep (sub)
dubai food for lunch,0,,0,,,n/a,,,,,,1.0,True,/influencer-partnerships,sub,/influencer-partnerships,keep (sub)
dubai food prep service,0,commercial,0,,,n/a,,,,,,1.0,True,/kids-nutrition-chef-dubai,sub,/kids-nutrition-chef-dubai,keep (sub)
dubai food trends 2026,0,informational,0,1.0,,14,,,,,"no tracked competitor in top 30, we #14",1.0,True,/dubai-food-trends-report-2026,primary,/dubai-food-trends-report-2026,keep (primary)
dubai food trends report,0,commercial,0,0.33,,9,,,,,"no tracked competitor in top 30, we #9",1.0,True,/dubai-food-trends-report-2026,sub,/dubai-food-trends-report-2026,keep (sub)
dubai private chef locations,0,,0,,,n/a,,,,,,1.0,False,/locations,sub,/locations,keep (sub)
dubai small private dining,0,,0,,,n/a,,,,,,1.0,True,/halal-private-dining-dubai,sub,/halal-private-dining-dubai,keep (sub)
easter brunch catering dubai,0,,0,,,n/a,,,,,,1.0,True,/brunch-catering-dubai,sub,/brunch-catering-dubai,keep (sub)
easy meal prep for after baby,0,transactional,0,0.0,,,,,,,no tracked competitor in top 30,1.0,True,/postpartum-meal-prep-dubai,sub,/postpartum-meal-prep-dubai,keep (sub)
eat italian catering menu,0,transactional,0,0.0,,,,,,,no tracked competitor in top 30,0.5,False,/chefs/marco-italian-chef,sub,/chefs/marco-italian-chef,keep (sub)
eid al adha catering dubai,0,transactional,0,,,n/a,,,,,,1.0,True,/eid-catering-dubai,sub,/eid-catering-dubai,keep (sub)
eid al fitr catering dubai,0,transactional,0,,,n/a,,,,,,1.0,True,/eid-catering-dubai,sub,/eid-catering-dubai,keep (sub)
eid buffet catering dubai,0,,0,,,n/a,,,,,,0.67,False,/buffet-catering-dubai,sub,/buffet-catering-dubai,keep (sub)
eid catering cost per person dubai,0,commercial,0,0.0,,20,,,,,"no tracked competitor in top 30, we #20",1.0,True,/eid-catering-dubai,sub,/eid-catering-dubai,keep (sub)
eid catering dubai,0,commercial,0,1.0,,11,,,,,"no tracked competitor in top 30, we #11",1.0,True,/eid-catering-dubai,primary,/eid-catering-dubai,keep (primary)
eid catering dubai price,0,commercial,0,0.07,,,,,,,no tracked competitor in top 30,1.0,True,/eid-catering-dubai,sub,/eid-catering-dubai,keep (sub)
eid catering menu dubai,0,transactional,0,,,n/a,,,,,,1.0,True,/eid-catering-dubai,sub,/eid-catering-dubai,keep (sub)
eid catering packages dubai,0,commercial,0,0.3,,35,,,,,"no tracked competitor in top 30, we #35",1.0,True,/eid-catering-dubai,sub,/eid-catering-dubai,keep (sub)
eisenhower conference catering,0,,0,,,n/a,,,,,,1.0,True,/conference-catering-dubai,sub,/conference-catering-dubai,keep (sub)
emirates airline catering near dubai,0,commercial,0,0.15,,,,,,,no tracked competitor in top 30,0.33,False,/private-jet-catering-dubai,sub,/private-jet-catering-dubai,keep (sub)
emirates jain meal menu,0,,0,,,n/a,,,,,,1.0,True,/jain-catering-dubai,sub,/jain-catering-dubai,keep (sub)
emirates kids meal menu,0,informational,0,0.0,,,,,,,no tracked competitor in top 30,1.0,True,/kids-nutrition-chef-dubai,sub,/kids-nutrition-chef-dubai,keep (sub)
estimate catering cost dubai,0,commercial,0,,,30,,,,,"no tracked competitor in top 30, we #30",1.0,True,/catering-cost-calculator-dubai,sub,/catering-cost-calculator-dubai,keep (sub)
event advantage catering,0,,0,,,n/a,,,,,,0.67,False,/corporate-event-catering-dubai,sub,/corporate-event-catering-dubai,keep (sub)
event bartender dubai,0,informational,0,0.18,,,,,,,no tracked competitor in top 30,1.0,True,/bar-services-dubai,sub,/bar-services-dubai,keep (sub)
event caterers dubai,0,commercial,0,0.44,,,,,,,no tracked competitor in top 30,1.0,False,/events,sub,/corporate-event-catering-dubai,merge → /corporate-event-catering-dubai
event catering,0,,0,,,n/a,,,,,,1.0,True,/allergy-safe-catering-dubai,sub,/allergy-safe-catering-dubai,keep (sub)
event catering activities,0,,0,,,n/a,,,,,,1.0,True,/dubai-event-catering-price-guide-2026,sub,/dubai-event-catering-price-guide-2026,keep (sub)
event catering at home,0,,0,,,n/a,,,,,,1.0,False,/partners/event-planners-dubai,sub,/partners/event-planners-dubai,keep (sub)
event catering ballarat,0,,0,,,n/a,,,,,,0.67,False,/partners/event-planners-dubai,sub,/partners/event-planners-dubai,keep (sub)
event catering bbq,0,,0,,,n/a,,,,,,0.67,False,/partners/event-planners-dubai,sub,/partners/event-planners-dubai,keep (sub)
event catering buffet,0,,0,,,n/a,,,,,,1.0,True,/dubai-event-catering-price-guide-2026,sub,/dubai-event-catering-price-guide-2026,keep (sub)
event catering business,0,,0,,,n/a,,,,,,1.0,True,/locations/business-bay,sub,/locations/business-bay,keep (sub)
event catering cost dubai,0,commercial,0,0.23,,,,,,,no tracked competitor in top 30,1.0,True,/dubai-catering-prices-guide,sub,/dubai-catering-prices-guide,keep (sub)
event catering cost dubai 2026,0,commercial,0,,,21,,,,,"no tracked competitor in top 30, we #21",1.0,True,/dubai-event-catering-price-guide-2026,sub,/dubai-event-catering-price-guide-2026,keep (sub)
event catering downtown dubai,0,commercial,0,,,n/a,,,,,,1.0,True,/locations/downtown-dubai,sub,/locations/downtown-dubai,keep (sub)
event catering for 100 people,0,,0,,,n/a,,,,,,1.0,True,/dubai-event-catering-price-guide-2026,sub,/dubai-event-catering-price-guide-2026,keep (sub)
event catering for wedding,0,,0,,,n/a,,,,,,1.0,True,/wedding-catering-dubai,sub,/wedding-catering-dubai,keep (sub)
event catering halal,0,,0,,,n/a,,,,,,1.0,True,/halal-catering-dubai,sub,/halal-catering-dubai,keep (sub)
event catering ideas,0,commercial,0,0.09,,,,,,,no tracked competitor in top 30,1.0,True,/blog/corporate-event-catering-ideas-dubai,sub,/blog/corporate-event-catering-ideas-dubai,keep (sub)
event catering in dubai,0,commercial,0,0.44,,,,,,,no tracked competitor in top 30,1.0,True,/corporate-event-catering-dubai,sub,/catering-packages-dubai,merge → /catering-packages-dubai
event catering insurance dubai,0,commercial,0,0.0,,,,,,,no tracked competitor in top 30,1.0,True,/booking-protection-insurance,sub,/booking-protection-insurance,keep (sub)
event catering near me for birthday party,0,commercial,0,0.0,,,,,,,no tracked competitor in top 30,0.5,False,/partners/event-planners-dubai,sub,/birthday-catering-dubai,merge → /birthday-catering-dubai
event catering packages dubai,0,commercial,0,0.44,,,,,,,no tracked competitor in top 30,1.0,False,/events,sub,/catering-dubai,merge → /catering-dubai
event catering planning dubai,0,commercial,0,0.0,,,,,,,no tracked competitor in top 30,1.0,True,/guides,sub,/blog/corporate-event-catering-ideas-dubai,merge → /blog/corporate-event-catering-ideas-dubai
event catering price guide dubai 2026,0,commercial,0,1.0,,n/a,,,,,,1.0,True,/dubai-event-catering-price-guide-2026,primary,/dubai-event-catering-price-guide-2026,keep (primary)
event catering prices,0,,0,,,n/a,,,,,,1.0,True,/dubai-event-catering-price-guide-2026,sub,/dubai-event-catering-price-guide-2026,keep (sub)
event catering prices dubai 2026,0,commercial,0,0.0,,,,,,,no tracked competitor in top 30,1.0,True,/dubai-catering-prices-guide,sub,/dubai-catering-prices-guide,keep (sub)
event catering staff,0,,0,,,n/a,,,,,,1.0,True,/staff-meals-catering-dubai,sub,/staff-meals-catering-dubai,keep (sub)
event catering wedding,0,,0,,,n/a,,,,,,0.67,False,/wedding-catering-menu-planning-dubai,sub,/wedding-catering-menu-planning-dubai,keep (sub)
event planners partnership dubai,0,commercial,0,1.0,,,,,,,no tracked competitor in top 30,1.0,False,/partners/event-planners-dubai,primary,/partners/event-planners-dubai,keep (primary)
event planning food checklist dubai,0,informational,0,0.0,,14,,,,,"no tracked competitor in top 30, we #14",1.0,True,/guides,sub,/guides,keep (sub)
exclusive dining club dubai,0,informational,0,0.0,,,,,,,no tracked competitor in top 30,1.0,True,/vip-club,sub,/vip-club,keep (sub)
exclusive villa chef heated pool,0,,0,,,n/a,,,,,,1.0,True,/tourist-villa-chef-dubai,sub,/tourist-villa-chef-dubai,keep (sub)
exhibition catering dubai,0,commercial,0,1.0,,,,,,,no tracked competitor in top 30,1.0,True,/exhibition-catering-dubai,primary,/exhibition-catering-dubai,keep (primary)
exhibition catering dubai cost per person,0,commercial,0,,,n/a,,,,,,1.0,True,/exhibition-catering-dubai,sub,/exhibition-catering-dubai,keep (sub)
exhibition catering dubai price,0,commercial,0,0.17,,19,,,,,"no tracked competitor in top 30, we #19",1.0,True,/exhibition-catering-dubai,sub,/exhibition-catering-dubai,keep (sub)
exhibition catering menu dubai,0,commercial,0,0.25,,,,,,,no tracked competitor in top 30,1.0,True,/exhibition-catering-dubai,sub,/exhibition-catering-dubai,keep (sub)
exhibition catering packages dubai,0,commercial,0,0.5,,33,,,,,"no tracked competitor in top 30, we #33",1.0,True,/exhibition-catering-dubai,sub,/exhibition-catering-dubai,keep (sub)
exhibition stand catering dubai,0,commercial,0,0.33,,,,,,,no tracked competitor in top 30,1.0,True,/exhibition-catering-dubai,sub,/exhibition-catering-dubai,keep (sub)
family catering cost per person dubai,0,commercial,0,0.0,,30,,,,,"no tracked competitor in top 30, we #30",1.0,True,/family-feast-package-dubai,sub,/family-feast-package-dubai,keep (sub)
family catering dubai,0,commercial,0,1.0,,,,,,,no tracked competitor in top 30,1.0,True,/family-feast-package-dubai,primary,/family-feast-package-dubai,keep (primary)
family catering dubai price,0,commercial,0,0.0,,,,,,,no tracked competitor in top 30,1.0,True,/family-feast-package-dubai,sub,/family-feast-package-dubai,keep (sub)
family catering menu dubai,0,commercial,0,0.08,,,,,,,no tracked competitor in top 30,1.0,True,/family-feast-package-dubai,sub,/family-feast-package-dubai,keep (sub)
family catering menus dubai,0,commercial,0,0.18,,,,,,,no tracked competitor in top 30,1.0,False,/menus,sub,/menus,keep (sub)
family chef,0,,0,,,n/a,,,,,,1.0,False,/family-feast-package-dubai,sub,/family-feast-package-dubai,keep (sub)
family chef dubai full time,0,,0,,,n/a,,,,,,1.0,True,/part-time-private-chef-dubai,sub,/part-time-private-chef-dubai,keep (sub)
family dinner package dubai,0,commercial,0,0.0,,,,,,,no tracked competitor in top 30,1.0,True,/family-feast-package-dubai,sub,/family-feast-package-dubai,keep (sub)
family feast package dubai,0,commercial,0,0.0,,,,,,,no tracked competitor in top 30,1.0,True,/family-feast-package-dubai,sub,/family-feast-package-dubai,keep (sub)
family iftar at home dubai,0,transactional,0,,,,,,,,no tracked competitor in top 30,1.0,True,/blog/iftar-at-home-dubai,sub,/blog/iftar-at-home-dubai,keep (sub)
family meal package dubai,0,,0,,,n/a,,,,,,1.0,True,/family-feast-package-dubai,sub,/family-feast-package-dubai,keep (sub)
family meal prep dubai,0,transactional,0,0.4,,,,,,,no tracked competitor in top 30,1.0,True,/weekly-meal-prep-dubai,sub,/fitness-meal-prep-dubai,merge → /fitness-meal-prep-dubai
family nutrition chef dubai,0,,0,,,n/a,,,,,,1.0,True,/family-feast-package-dubai,sub,/family-feast-package-dubai,keep (sub)
famous private chefs,0,commercial,0,0.0,,,,,,,no tracked competitor in top 30,1.0,True,/chefs-table-dubai,sub,/chefs-table-dubai,keep (sub)
female private chef arabian ranches,0,commercial,0,0.75,,21,,,,,"no tracked competitor in top 30, we #21",1.0,True,/locations/arabian-ranches,sub,/locations/arabian-ranches,keep (sub)
female private chef bluewaters island,0,transactional,0,0.22,,11,,,,,"no tracked competitor in top 30, we #11",0.8,False,/locations/bluewaters-island,sub,/locations/bluewaters-island,keep (sub)
female private chef business bay,0,transactional,0,,,n/a,,,,,,1.0,True,/locations/business-bay,sub,/locations/business-bay,keep (sub)
female private chef dubai,0,transactional,0,0.3,,,,,,,no tracked competitor in top 30,1.0,True,/our-chefs,sub,/apartment-private-dining-dubai,merge → /apartment-private-dining-dubai
female private chef dubai marina,0,commercial,0,,,n/a,,,,,,1.0,True,/locations/dubai-marina,sub,/locations/dubai-marina,keep (sub)
female private chef jumeirah,0,informational,0,,,,,,,,no tracked competitor in top 30,1.0,True,/locations/jumeirah,sub,/locations/jumeirah,keep (sub)
female private chefs dubai,0,commercial,0,,,n/a,,,,,,1.0,True,/our-chefs,sub,/our-chefs,keep (sub)
festive catering,0,,0,,,n/a,,,,,,1.0,True,/christmas-catering-dubai,sub,/christmas-catering-dubai,keep (sub)
festive catering cost per person dubai,0,commercial,0,,,n/a,,,,,,1.0,True,/festive-catering-dubai,sub,/festive-catering-dubai,keep (sub)
festive catering dubai,0,commercial,0,1.0,,24,,,,,"no tracked competitor in top 30, we #24",1.0,True,/festive-catering-dubai,primary,/festive-catering-dubai,keep (primary)
festive catering dubai price,0,commercial,0,0.4,,,,,,,no tracked competitor in top 30,1.0,True,/festive-catering-dubai,sub,/festive-catering-dubai,keep (sub)
festive catering menu dubai,0,commercial,0,0.45,,19,,,,,"no tracked competitor in top 30, we #19",1.0,False,/festive-catering-dubai,sub,/festive-catering-dubai,keep (sub)
festive catering packages dubai,0,commercial,0,0.75,,23,,,,,"no tracked competitor in top 30, we #23",1.0,True,/festive-catering-dubai,sub,/festive-catering-dubai,keep (sub)
festive season catering dubai,0,commercial,0,,,n/a,,,,,,1.0,False,/festive-catering-dubai,sub,/festive-catering-dubai,keep (sub)
film crew catering dubai,0,commercial,0,0.27,,27,,,,,"no tracked competitor in top 30, we #27",1.0,True,/production-catering-dubai,sub,/production-catering-dubai,keep (sub)
film production catering dubai,0,,0,,,n/a,,,,,,1.0,True,/production-catering-dubai,sub,/production-catering-dubai,keep (sub)
film set catering dubai,0,transactional,0,0.36,,,,,,,no tracked competitor in top 30,1.0,True,/production-catering-dubai,sub,/production-catering-dubai,keep (sub)
find a personal chef,0,,0,,,n/a,,,,,,1.0,True,/how-we-vet-our-chefs,sub,/how-we-vet-our-chefs,keep (sub)
fine dining at home dubai,0,commercial,0,0.2,,32,,,,,"no tracked competitor in top 30, we #32",1.0,False,/,sub,/apartment-private-dining-dubai,merge → /apartment-private-dining-dubai
fine dining experience dubai,0,,0,,,n/a,,,,,,1.0,True,/mystery-dining-dubai,sub,/mystery-dining-dubai,keep (sub)
fine dining in downtown dubai,0,informational,0,0.0,,,,,,,no tracked competitor in top 30,1.0,True,/locations/downtown-dubai,sub,/locations/downtown-dubai,keep (sub)
fine dining in dubai marina,0,,0,,,n/a,,,,,,1.0,True,/locations/dubai-marina,sub,/locations/dubai-marina,keep (sub)
finger food catering menu dubai,0,,0,,,n/a,,,,,,0.75,False,/wedding-catering-menu-planning-dubai,sub,/wedding-catering-menu-planning-dubai,keep (sub)
finger food catering packages dubai,0,,0,,,n/a,,,,,,0.5,False,/catering-packages-dubai,sub,/catering-packages-dubai,keep (sub)
finger food catering price per person dubai,0,,0,,,n/a,,,,,,1.0,True,/canape-catering-dubai,sub,/canape-catering-dubai,keep (sub)
finger foods to cater,0,,0,,,n/a,,,,,,0.0,False,/menus,sub,/menus,keep (sub)
fitness meal plan dubai,0,,0,,,n/a,,,,,,1.0,True,/fitness-meal-prep-dubai,sub,/fitness-meal-prep-dubai,keep (sub)
fitness meal prep delivery,0,,0,,,n/a,,,,,,1.0,True,/postpartum-meal-prep-dubai,sub,/postpartum-meal-prep-dubai,keep (sub)
fitness meal prep delivery menu,0,,0,,,n/a,,,,,,1.0,True,/weekly-meal-prep-dubai,sub,/weekly-meal-prep-dubai,keep (sub)
fitness meal prep dubai,0,commercial,0,1.0,,,,,,,no tracked competitor in top 30,1.0,True,/fitness-meal-prep-dubai,primary,/fitness-meal-prep-dubai,keep (primary)
fitness meal prep dubai price,0,commercial,0,,,n/a,,,,,,1.0,True,/fitness-meal-prep-dubai,sub,/fitness-meal-prep-dubai,keep (sub)
fitness meal prep dubai price per meal,0,commercial,0,0.5,,,,,,,no tracked competitor in top 30,1.0,True,/fitness-meal-prep-dubai,sub,/weekly-meal-prep-dubai,merge → /weekly-meal-prep-dubai
fitness meal prep menu dubai,0,transactional,0,0.5,,,,,,,no tracked competitor in top 30,1.0,True,/fitness-meal-prep-dubai,sub,/weekly-meal-prep-dubai,merge → /weekly-meal-prep-dubai
fitness meal prep packages dubai,0,commercial,0,0.71,,,,,,,no tracked competitor in top 30,1.0,True,/fitness-meal-prep-dubai,sub,/weekly-meal-prep-dubai,merge → /weekly-meal-prep-dubai
fitness meal prep services,0,,0,,,n/a,,,,,,1.0,True,/weekly-meal-prep-dubai,sub,/weekly-meal-prep-dubai,keep (sub)
food blogger collaboration dubai,0,commercial,0,,,,,,,,no tracked competitor in top 30,1.0,True,/influencer-partnerships,sub,/influencer-partnerships,keep (sub)
food catering company dubai,0,,0,,,n/a,,,,,,1.0,True,/best-catering-companies-dubai,sub,/best-catering-companies-dubai,keep (sub)
food catering locations dubai,0,commercial,0,0.5,,,,,,,no tracked competitor in top 30,0.67,False,/locations,sub,/best-catering-companies-dubai,merge → /best-catering-companies-dubai
food catering menus dubai,0,commercial,0,0.08,,,,,,,no tracked competitor in top 30,0.67,False,/menus,sub,/menus,keep (sub)
food catering packages dubai,0,commercial,0,0.44,,,,,,,no tracked competitor in top 30,0.67,False,/catering-packages-dubai,sub,/best-catering-companies-dubai,merge → /best-catering-companies-dubai
food exhibition catering dubai,0,commercial,0,0.0,,,,,,,no tracked competitor in top 30,1.0,True,/exhibition-catering-dubai,sub,/exhibition-catering-dubai,keep (sub)
food for catering near me halal,0,commercial,0,0.0,,,,,,,no tracked competitor in top 30,1.0,True,/blog/halal-private-dining-dubai-what-to-ask,sub,/blog/halal-private-dining-dubai-what-to-ask,keep (sub)
food influencer collaboration dubai,0,commercial,0,,,,,,,,no tracked competitor in top 30,1.0,True,/influencer-partnerships,sub,/influencer-partnerships,keep (sub)
food influencer partnerships dubai,0,commercial,0,1.0,,n/a,,,,,,1.0,True,/influencer-partnerships,primary,/influencer-partnerships,keep (primary)
food prep dubai,0,,0,,,n/a,,,,,,1.0,True,/influencer-partnerships,sub,/influencer-partnerships,keep (sub)
food safety in dubai,0,,0,,,n/a,,,,,,1.0,True,/allergy-safe-catering-dubai,sub,/allergy-safe-catering-dubai,keep (sub)
food to bring on a yacht party,0,,0,,,n/a,,,,,,1.0,False,/yachts,sub,/yachts,keep (sub)
freelance chef work dubai,0,transactional,0,0.42,,,,,,,no tracked competitor in top 30,1.0,True,/become-a-mychef,sub,/become-a-mychef,drop — off-intent
french private chef dubai,0,,0,,,n/a,,,,,,0.67,False,/private-chef-dubai,sub,/private-chef-dubai,keep (sub)
full service birthday catering dubai,0,commercial,0,0.44,,,,,,,no tracked competitor in top 30,1.0,False,/birthday-catering-dubai,sub,/birthday-catering-package-dubai,merge → /birthday-catering-package-dubai
full service catering dubai,0,,0,,,n/a,,,,,,1.0,True,/catering-dubai,sub,/catering-dubai,keep (sub)
full service vs drop off catering dubai,0,commercial,0,1.0,,,,,,,no tracked competitor in top 30,1.0,True,/blog/corporate-catering-full-service-vs-drop-off,primary,/blog/corporate-catering-full-service-vs-drop-off,keep (primary)
full time private chef cost dubai,0,commercial,0,0.45,,32,,,,,"no tracked competitor in top 30, we #32",1.0,True,/full-time-private-chef-dubai,sub,/blog/how-much-does-private-chef-cost-dubai,merge → /blog/how-much-does-private-chef-cost-dubai
full time private chef in dubai,0,commercial,0,0.14,,,,,,,no tracked competitor in top 30,1.0,True,/blog/private-chef-vs-restaurant-dubai,sub,/blog/how-to-hire-a-private-chef-dubai,merge → /blog/how-to-hire-a-private-chef-dubai
fusion catering dubai,0,commercial,0,0.07,,,,,,,no tracked competitor in top 30,1.0,True,/cuisines-dubai,sub,/cuisines-dubai,keep (sub)
gaia dubai private dining,0,,0,,,n/a,,,,,,1.0,True,/halal-private-dining-dubai,sub,/halal-private-dining-dubai,keep (sub)
gala dinner catering cost per person dubai,0,commercial,0,0.0,,6,,,,,"no tracked competitor in top 30, we #6",1.0,True,/gala-dinner-catering-dubai,sub,/gala-dinner-catering-dubai,keep (sub)
gala dinner catering dubai,0,commercial,0,1.0,,,,,,,no tracked competitor in top 30,1.0,True,/gala-dinner-catering-dubai,primary,/gala-dinner-catering-dubai,keep (primary)
gala dinner catering dubai price,0,commercial,0,,,n/a,,,,,,1.0,True,/gala-dinner-catering-dubai,sub,/gala-dinner-catering-dubai,keep (sub)
gala dinner catering menu dubai,0,transactional,0,0.09,,,,,,,no tracked competitor in top 30,1.0,True,/gala-dinner-catering-dubai,sub,/gala-dinner-catering-dubai,keep (sub)
gala dinner catering packages dubai,0,commercial,0,,,n/a,,,,,,1.0,True,/gala-dinner-catering-dubai,sub,/gala-dinner-catering-dubai,keep (sub)
gala dinner theme ideas,0,,0,,,n/a,,,,,,1.0,True,/gala-dinner-catering-dubai,sub,/gala-dinner-catering-dubai,keep (sub)
gala food menu ideas,0,,0,,,n/a,,,,,,1.0,True,/gala-dinner-catering-dubai,sub,/gala-dinner-catering-dubai,keep (sub)
giuseppe villa chef,0,,0,,,n/a,,,,,,1.0,True,/villa-catering-ideas-dubai,sub,/villa-catering-ideas-dubai,keep (sub)
grazing board,0,,0,,,n/a,,,,,,1.0,False,/grazing-table-dubai,sub,/grazing-table-dubai,keep (sub)
grazing table delivery dubai,0,transactional,0,,,n/a,,,,,,1.0,True,/grazing-table-dubai,sub,/grazing-table-dubai,keep (sub)
grazing table dubai price,0,commercial,0,,,n/a,,,,,,1.0,True,/grazing-table-dubai,sub,/grazing-table-dubai,keep (sub)
grazing table for 20 guests dubai,0,transactional,0,0.36,,,,,,,no tracked competitor in top 30,1.0,True,/grazing-table-dubai,sub,/grazing-table-dubai,keep (sub)
grazing table menu dubai,0,transactional,0,0.36,,,,,,,no tracked competitor in top 30,1.0,True,/grazing-table-dubai,sub,/grazing-table-dubai,keep (sub)
grazing table packages dubai,0,commercial,0,,,n/a,,,,,,1.0,True,/grazing-table-dubai,sub,/grazing-table-dubai,keep (sub)
grazing table prices,0,,0,,,n/a,,,,,,1.0,True,/chefs-table-dubai,sub,/chefs-table-dubai,keep (sub)
grazing table vs buffet dubai,0,commercial,0,1.0,,3,,,,,"no tracked competitor in top 30, we #3",1.0,True,/blog/grazing-table-vs-buffet-dubai,primary,/blog/grazing-table-vs-buffet-dubai,keep (primary)
grazing tables dubai,0,,0,,,n/a,,,,,,1.0,True,/grazing-table-dubai,sub,/grazing-table-dubai,keep (sub)
greek catering dubai,0,commercial,0,0.0,,,,,,,no tracked competitor in top 30,1.0,True,/mediterranean-catering-dubai,sub,/mediterranean-catering-dubai,keep (sub)
group cooking classes dubai,0,,0,,,n/a,,,,,,1.0,True,/private-cooking-classes-dubai,sub,/private-cooking-classes-dubai,keep (sub)
halal afternoon tea catering dubai,0,commercial,0,,,n/a,,,,,,1.0,True,/afternoon-tea-catering-dubai,sub,/afternoon-tea-catering-dubai,keep (sub)
halal asian catering dubai,0,commercial,0,0.25,,,,,,,no tracked competitor in top 30,1.0,True,/asian-catering-dubai,sub,/asian-catering-dubai,keep (sub)
halal baby shower catering dubai,0,commercial,0,0.38,,,,,,,no tracked competitor in top 30,1.0,True,/baby-shower-catering-dubai,sub,/baby-shower-catering-dubai,keep (sub)
halal bbq catering dubai,0,commercial,0,0.44,,24,,,,,"no tracked competitor in top 30, we #24",1.0,True,/bbq-catering-dubai,sub,/bbq-catering-dubai,keep (sub)
halal birthday catering dubai,0,commercial,0,0.17,,,,,,,no tracked competitor in top 30,1.0,False,/birthday-catering-dubai,sub,/birthday-catering-dubai,keep (sub)
halal birthday catering package dubai,0,commercial,0,0.2,,,,,,,no tracked competitor in top 30,1.0,True,/birthday-catering-package-dubai,sub,/birthday-catering-package-dubai,keep (sub)
halal breakfast catering dubai,0,commercial,0,0.07,,,,,,,no tracked competitor in top 30,1.0,True,/breakfast-catering-dubai,sub,/breakfast-catering-dubai,keep (sub)
halal brunch catering dubai,0,commercial,0,0.08,,29,,,,,"no tracked competitor in top 30, we #29",1.0,True,/brunch-catering-dubai,sub,/brunch-catering-dubai,keep (sub)
halal buffet catering dubai,0,commercial,0,0.27,,,,,,,no tracked competitor in top 30,1.0,True,/buffet-catering-dubai,sub,/buffet-catering-dubai,keep (sub)
halal canape catering dubai,0,commercial,0,,,n/a,,,,,,1.0,True,/canape-catering-dubai,sub,/canape-catering-dubai,keep (sub)
halal caterers dubai,0,commercial,0,0.3,,,,,,,no tracked competitor in top 30,1.0,True,/halal-catering-dubai,sub,/halal-catering-dubai,keep (sub)
halal catering companies dubai,0,commercial,0,0.08,,,,,,,no tracked competitor in top 30,1.0,True,/halal-catering-dubai,sub,/halal-catering-dubai,keep (sub)
halal catering cost per person dubai,0,commercial,0,,,n/a,,,,,,1.0,True,/halal-catering-dubai,sub,/halal-catering-dubai,keep (sub)
halal catering dubai,0,commercial,0,1.0,,,,,,,no tracked competitor in top 30,1.0,True,/halal-catering-dubai,primary,/halal-catering-dubai,keep (primary)
halal catering dubai price,0,commercial,0,,,n/a,,,,,,1.0,True,/halal-catering-dubai,sub,/halal-catering-dubai,keep (sub)
halal catering menu dubai,0,commercial,0,0.08,,,,,,,no tracked competitor in top 30,1.0,True,/halal-catering-dubai,sub,/halal-catering-dubai,keep (sub)
halal catering packages dubai,0,commercial,0,0.0,,,,,,,no tracked competitor in top 30,1.0,False,/catering-packages-dubai,sub,/catering-packages-dubai,keep (sub)
halal chefs table dubai,0,commercial,0,0.6,,31,,,,,"no tracked competitor in top 30, we #31",1.0,True,/chefs-table-dubai,sub,/chefs-table-dubai,keep (sub)
halal christmas catering dubai,0,commercial,0,,,n/a,,,,,,1.0,True,/christmas-catering-dubai,sub,/christmas-catering-dubai,keep (sub)
halal corporate event catering dubai,0,commercial,0,0.3,,29,,,,,"no tracked competitor in top 30, we #29",1.0,False,/corporate-event-catering-dubai,sub,/corporate-event-catering-dubai,keep (sub)
halal date night dubai,0,transactional,0,,,n/a,,,,,,1.0,True,/date-night-package-dubai,sub,/date-night-package-dubai,keep (sub)
halal desert dining dubai,0,informational,0,0.86,,,,,,,no tracked competitor in top 30,1.0,True,/desert-dining-dubai,sub,/desert-dining-dubai,keep (sub)
halal dessert table catering dubai,0,commercial,0,,,,,,,,no tracked competitor in top 30,1.0,False,/dessert-table-catering-dubai,sub,/dessert-table-catering-dubai,keep (sub)
halal drop off catering dubai,0,commercial,0,,,20,,,,,"no tracked competitor in top 30, we #20",1.0,True,/drop-off-catering-dubai,sub,/drop-off-catering-dubai,keep (sub)
halal family catering dubai,0,commercial,0,,,n/a,,,,,,1.0,True,/family-feast-package-dubai,sub,/family-feast-package-dubai,keep (sub)
halal festive catering dubai,0,commercial,0,0.44,,22,,,,,"no tracked competitor in top 30, we #22",1.0,False,/festive-catering-dubai,sub,/festive-catering-dubai,keep (sub)
halal fine dining at home dubai,0,commercial,0,,,4,,,,,"no tracked competitor in top 30, we #4",1.0,True,/halal-private-dining-dubai,sub,/halal-private-dining-dubai,keep (sub)
halal fitness meal prep dubai,0,commercial,0,0.44,,,,,,,no tracked competitor in top 30,1.0,True,/fitness-meal-prep-dubai,sub,/weekly-meal-prep-dubai,merge → /weekly-meal-prep-dubai
halal gala dinner catering dubai,0,commercial,0,0.2,,17,,,,,"no tracked competitor in top 30, we #17",1.0,True,/gala-dinner-catering-dubai,sub,/gala-dinner-catering-dubai,keep (sub)
halal grazing table dubai,0,transactional,0,0.36,,,,,,,no tracked competitor in top 30,1.0,True,/grazing-table-dubai,sub,/grazing-table-dubai,keep (sub)
halal indian catering dubai,0,commercial,0,0.27,,,,,,,no tracked competitor in top 30,1.0,True,/indian-catering-dubai,sub,/diwali-catering-dubai,merge → /diwali-catering-dubai
halal italian catering dubai,0,commercial,0,0.45,,,,,,,no tracked competitor in top 30,1.0,True,/italian-catering-dubai,sub,/italian-catering-dubai,keep (sub)
halal live cooking stations dubai,0,commercial,0,,,n/a,,,,,,1.0,True,/live-cooking-stations-dubai,sub,/live-cooking-stations-dubai,keep (sub)
halal mediterranean catering dubai,0,commercial,0,0.0,,,,,,,no tracked competitor in top 30,1.0,True,/mediterranean-catering-dubai,sub,/mediterranean-catering-dubai,keep (sub)
halal new year catering dubai,0,commercial,0,0.5,,10,,,,,"no tracked competitor in top 30, we #10",1.0,True,/new-year-catering-dubai,sub,/blog/nye-party-catering-dubai,merge → /blog/nye-party-catering-dubai
halal private chef dubai,0,commercial,0,,,24,,,,,"no tracked competitor in top 30, we #24",1.0,True,/halal-private-dining-dubai,sub,/private-chef-dubai/how-it-works,merge → /private-chef-dubai/how-it-works
halal private dining cost per person dubai,0,commercial,0,,,2,,,,,"no tracked competitor in top 30, we #2",1.0,True,/halal-private-dining-dubai,sub,/halal-private-dining-dubai,keep (sub)
halal private dining dubai,0,commercial,0,1.0,,n/a,,,,,,1.0,True,/halal-private-dining-dubai,primary,/halal-private-dining-dubai,keep (primary)
halal private dining dubai price,0,commercial,0,,,5,,,,,"no tracked competitor in top 30, we #5",1.0,True,/halal-private-dining-dubai,sub,/halal-private-dining-dubai,keep (sub)
halal private dining menu,0,commercial,0,,,,,,,,no tracked competitor in top 30,1.0,True,/blog/private-chef-palm-jumeirah-guide,sub,/blog/private-chef-palm-jumeirah-guide,keep (sub)
halal private dining menu dubai,0,commercial,0,,,18,,,,,"no tracked competitor in top 30, we #18",1.0,True,/halal-private-dining-dubai,sub,/halal-private-dining-dubai,keep (sub)
halal private dining packages dubai,0,commercial,0,,,26,,,,,"no tracked competitor in top 30, we #26",1.0,True,/halal-private-dining-dubai,sub,/guide/private-dining-dubai,merge → /guide/private-dining-dubai
halal private party catering dubai,0,commercial,0,0.44,,30,,,,,"no tracked competitor in top 30, we #30",1.0,False,/private-party-catering-dubai,sub,/private-party-catering-dubai,keep (sub)
halal proposal dinner dubai,0,transactional,0,0.23,,,,,,,no tracked competitor in top 30,1.0,True,/proposal-dinner-dubai,sub,/proposal-dinner-dubai,keep (sub)
halal staff meals catering dubai,0,commercial,0,,,17,,,,,"no tracked competitor in top 30, we #17",1.0,True,/staff-meals-catering-dubai,sub,/staff-meals-catering-dubai,keep (sub)
halal sushi catering dubai,0,commercial,0,0.36,,,,,,,no tracked competitor in top 30,1.0,True,/sushi-catering-dubai,sub,/sushi-catering-dubai,keep (sub)
halal tasting menu dubai,0,commercial,0,0.12,,,,,,,no tracked competitor in top 30,1.0,True,/tasting-menu-dubai,sub,/tasting-menu-dubai,keep (sub)
healthy food delivery dubai,0,,0,,,n/a,,,,,,1.0,True,/drop-off-catering-dubai,sub,/drop-off-catering-dubai,keep (sub)
healthy food dubai hills,0,,0,,,n/a,,,,,,1.0,True,/locations/emirates-hills,sub,/locations/emirates-hills,keep (sub)
healthy food plan dubai,0,,0,,,n/a,,,,,,1.0,False,/wellness-meal-prep-dubai,sub,/wellness-meal-prep-dubai,keep (sub)
healthy kids meals delivery dubai,0,commercial,0,0.36,,,,,,,no tracked competitor in top 30,1.0,True,/kids-nutrition-chef-dubai,sub,/kids-nutrition-chef-dubai,keep (sub)
healthy meal delivery dubai,0,,0,,,n/a,,,,,,1.0,True,/drop-off-catering-dubai,sub,/drop-off-catering-dubai,keep (sub)
healthy meal plans dubai,0,,0,,,n/a,,,,,,0.67,False,/wellness-meal-prep-dubai,sub,/wellness-meal-prep-dubai,keep (sub)
healthy meal prep delivery dubai,0,commercial,0,,,n/a,,,,,,0.75,False,/wellness-meal-prep-dubai,sub,/wellness-meal-prep-dubai,keep (sub)
healthy meal prep dubai price,0,commercial,0,0.88,,,,,,,no tracked competitor in top 30,0.75,False,/wellness-meal-prep-dubai,sub,/wellness-meal-prep-dubai,keep (sub)
healthy meal prep dubai price per meal,0,commercial,0,0.71,,,,,,,no tracked competitor in top 30,0.83,False,/wellness-meal-prep-dubai,sub,/weekly-meal-prep-dubai,merge → /weekly-meal-prep-dubai
high protein meal prep dubai,0,commercial,0,0.36,,,,,,,no tracked competitor in top 30,1.0,True,/fitness-meal-prep-dubai,sub,/wellness-meal-prep-dubai,merge → /wellness-meal-prep-dubai
high tea catering dubai,0,commercial,0,0.23,,,,,,,no tracked competitor in top 30,1.0,True,/afternoon-tea-catering-dubai,sub,/afternoon-tea-catering-dubai,keep (sub)
hire a full time chef dubai,0,transactional,0,0.29,,,,,,,no tracked competitor in top 30,1.0,True,/full-time-private-chef-dubai,sub,/blog/how-to-hire-a-private-chef-dubai,merge → /blog/how-to-hire-a-private-chef-dubai
hire a pastry chef dubai,0,transactional,0,0.27,,,,,,,no tracked competitor in top 30,0.67,False,/chefs/matteo-pastry-chef,sub,/chefs/matteo-pastry-chef,keep (sub)
hire a private chef,0,,0,0.38,,,,,,,no tracked competitor in top 30,1.0,False,/private-chef-dubai/how-it-works,sub,/blog/private-chef-date-night-dubai,merge → /blog/private-chef-date-night-dubai
hire part time private chef dubai,0,transactional,0,0.6,,,,,,,no tracked competitor in top 30,1.0,True,/part-time-private-chef-dubai,sub,/locations/dubai-marina,merge → /locations/dubai-marina
holiday villa chef dubai,0,transactional,0,1.0,,12,,,,,"no tracked competitor in top 30, we #12",1.0,True,/tourist-villa-chef-dubai,primary,/tourist-villa-chef-dubai,keep (primary)
holiday villa with chef,0,informational,0,,,,,,,,no tracked competitor in top 30,0.67,False,/partners/villa-rentals-dubai,sub,/partners/villa-rentals-dubai,keep (sub)
home bbq catering dubai,0,,0,,,n/a,,,,,,1.0,True,/bbq-catering-dubai,sub,/bbq-catering-dubai,keep (sub)
home entertaining ideas dubai,0,commercial,0,0.0,,,,,,,no tracked competitor in top 30,1.0,True,/villa-catering-ideas-dubai,sub,/villa-catering-ideas-dubai,keep (sub)
house party catering dubai,0,commercial,0,0.71,,,,,,,no tracked competitor in top 30,1.0,True,/private-party-catering-dubai,sub,/private-party-catering-dubai,keep (sub)
household chef dubai,0,commercial,0,0.5,,33,,,,,"no tracked competitor in top 30, we #33",1.0,True,/full-time-private-chef-dubai,sub,/full-time-private-chef-dubai,keep (sub)
how are private chefs vetted dubai,0,informational,0,,,n/a,,,,,,1.0,False,/our-chefs,sub,/our-chefs,keep (sub)
how do i hire a personal chef,0,informational,0,0.45,,,,,,,no tracked competitor in top 30,1.0,False,/blog/how-to-hire-a-private-chef-dubai,sub,/blog/how-to-hire-a-private-chef-dubai,keep (sub)
how do you hire a private chef,0,informational,0,0.45,,,,,,,no tracked competitor in top 30,1.0,False,/blog/how-to-hire-a-private-chef-dubai,sub,/blog/how-to-hire-a-private-chef-dubai,keep (sub)
how does a private chef work in dubai,0,informational,0,0.14,,,,,,,no tracked competitor in top 30,1.0,False,/how-it-works,sub,/how-it-works,drop — off-intent
how early to book a private chef dubai,0,informational,0,0.0,,17,,,,,"no tracked competitor in top 30, we #17",1.0,False,/blog/how-far-ahead-book-caterer-dubai,sub,/blog/private-chef-date-night-dubai,merge → /blog/private-chef-date-night-dubai
how far ahead book caterer dubai,0,informational,0,0.07,,,,,,,no tracked competitor in top 30,1.0,False,/blog/how-far-ahead-book-caterer-dubai,sub,/blog/how-far-ahead-book-caterer-dubai,keep (sub)
how far ahead to book a caterer dubai,0,informational,0,0.0,,,,,,,no tracked competitor in top 30,1.0,True,/how-to-choose-caterer-dubai,sub,/how-to-choose-caterer-dubai,keep (sub)
how far in advance to book a caterer dubai,0,informational,0,1.0,,2,,,,,"no tracked competitor in top 30, we #2",1.0,True,/blog/how-far-ahead-book-caterer-dubai,primary,/blog/how-far-ahead-book-caterer-dubai,keep (primary)
how far in advance to order catering,0,informational,0,0.07,,,,,,,no tracked competitor in top 30,1.0,False,/blog/how-far-ahead-book-caterer-dubai,sub,/blog/how-far-ahead-book-caterer-dubai,keep (sub)
how much catering do i need for 50 guests dubai,0,commercial,0,,,25,,,,,"no tracked competitor in top 30, we #25",0.4,False,/catering-cost-calculator-dubai,sub,/catering-cost-calculator-dubai,keep (sub)
how much dinner in dubai,0,commercial,0,0.0,,,,,,,no tracked competitor in top 30,1.0,True,/luxury-dinner-planning-guide-dubai,sub,/luxury-dinner-planning-guide-dubai,keep (sub)
how much does a full christmas dinner cost,0,,0,,,n/a,,,,,,1.0,True,/christmas-catering-dubai,sub,/christmas-catering-dubai,keep (sub)
how much does a private chef cost,0,,0,,,n/a,,,,,,1.0,True,/blog/private-chef-palm-jumeirah-guide,sub,/blog/private-chef-palm-jumeirah-guide,keep (sub)
how much does catering cost for 50 guests dubai,0,commercial,0,,,n/a,,,,,,1.0,True,/dubai-catering-prices-guide,sub,/dubai-catering-prices-guide,keep (sub)
how much does catering cost in dubai,0,commercial,0,,,n/a,,,,,,1.0,True,/dubai-catering-prices-guide,sub,/dubai-catering-prices-guide,keep (sub)
how much does catering cost in dubai 2026,0,commercial,0,,,26,,,,,"no tracked competitor in top 30, we #26",1.0,True,/dubai-event-catering-price-guide-2026,sub,/dubai-event-catering-price-guide-2026,keep (sub)
how much does indian catering usually cost,0,,0,,,n/a,,,,,,1.0,True,/indian-catering-dubai,sub,/indian-catering-dubai,keep (sub)
how much does private chef cost dubai,0,commercial,0,1.0,,33,,,,,"no tracked competitor in top 30, we #33",1.0,True,/blog/how-much-does-private-chef-cost-dubai,primary,/blog/how-much-does-private-chef-cost-dubai,keep (primary)
how much does wedding food cost in dubai,0,commercial,0,,,n/a,,,,,,1.0,False,/blog/wedding-catering-cost-dubai,sub,/blog/wedding-catering-cost-dubai,keep (sub)
how much food for a wedding dubai,0,commercial,0,0.06,,9,,,,,"no tracked competitor in top 30, we #9",1.0,True,/wedding-catering-checklist-dubai,sub,/wedding-catering-checklist-dubai,keep (sub)
how much food for a yacht party dubai,0,commercial,0,0.13,,,,,,,no tracked competitor in top 30,1.0,True,/yacht-catering-checklist-dubai,sub,/yacht-catering-checklist-dubai,keep (sub)
how much food per person for iftar dubai,0,commercial,0,0.0,,,,,,,no tracked competitor in top 30,1.0,True,/ramadan-catering-guide-dubai,sub,/ramadan-catering-guide-dubai,keep (sub)
how much indian food cost in dubai,0,,0,,,n/a,,,,,,1.0,True,/indian-catering-dubai,sub,/indian-catering-dubai,keep (sub)
how much is a private chef for a night dubai,0,commercial,0,0.56,,26,,,,,"no tracked competitor in top 30, we #26",1.0,False,/blog/how-much-does-private-chef-cost-dubai,sub,/blog/how-much-does-private-chef-cost-dubai,keep (sub)
how much notice does a caterer need dubai,0,commercial,0,,,n/a,,,,,,0.33,False,/faq,sub,/faq,keep (sub)
how much will catering cost dubai,0,commercial,0,,,n/a,,,,,,1.0,False,/catering-cost-calculator-dubai,sub,/catering-cost-calculator-dubai,keep (sub)
how to book a private chef dubai,0,informational,0,1.0,,17,,,,,"no tracked competitor in top 30, we #17",1.0,True,/how-it-works,primary,/how-it-works,keep (primary)
how to calculate food cost for catering,0,,0,,,n/a,,,,,,1.0,True,/influencer-partnerships,sub,/influencer-partnerships,keep (sub)
how to cater an event,0,informational,0,0.0,,,,,,,no tracked competitor in top 30,0.5,False,/partners/event-planners-dubai,sub,/partners/event-planners-dubai,keep (sub)
how to cater for vegan guests dubai,0,informational,0,0.08,,9,,,,,"no tracked competitor in top 30, we #9",1.0,False,/blog/vegan-catering-dubai-guide,sub,/blog/vegan-catering-dubai-guide,keep (sub)
how to choose a caterer dubai,0,informational,0,1.0,,17,,,,,"no tracked competitor in top 30, we #17",1.0,True,/how-to-choose-caterer-dubai,primary,/how-to-choose-caterer-dubai,keep (primary)
how to choose a caterer in dubai,0,informational,0,0.0,,,,,,,no tracked competitor in top 30,0.5,False,/blog/how-far-ahead-book-caterer-dubai,sub,/how-to-choose-caterer-dubai,merge → /how-to-choose-caterer-dubai
how to choose birthday caterer dubai,0,,0,,,n/a,,,,,,0.67,False,/how-to-choose-caterer-dubai,sub,/how-to-choose-caterer-dubai,keep (sub)
how to compare catering quotes dubai,0,commercial,0,,,n/a,,,,,,1.0,False,/how-to-choose-caterer-dubai,sub,/how-to-choose-caterer-dubai,keep (sub)
how to complain about a caterer dubai,0,informational,0,0.0,,,,,,,no tracked competitor in top 30,1.0,True,/quality-guarantee-dubai,sub,/quality-guarantee-dubai,keep (sub)
how to find a good caterer in dubai,0,informational,0,0.0,,,,,,,no tracked competitor in top 30,0.67,False,/how-to-choose-caterer-dubai,sub,/how-to-choose-caterer-dubai,keep (sub)
how to find a private chef in dubai,0,informational,0,0.6,,24,,,,,"no tracked competitor in top 30, we #24",1.0,False,/blog/how-to-hire-a-private-chef-dubai,sub,/our-chefs,merge → /our-chefs
how to hire a private chef dubai,0,informational,0,1.0,,,,,,,no tracked competitor in top 30,1.0,True,/blog/how-to-hire-a-private-chef-dubai,primary,/blog/how-to-hire-a-private-chef-dubai,keep (primary)
how to host a dinner party dubai,0,informational,0,0.0,,,,,,,no tracked competitor in top 30,1.0,True,/luxury-dinner-planning-guide-dubai,sub,/luxury-dinner-planning-guide-dubai,keep (sub)
how to host brunch at home dubai,0,informational,0,0.18,,,,,,,no tracked competitor in top 30,1.0,False,/blog/brunch-at-home-dubai,sub,/blog/brunch-at-home-dubai,keep (sub)
how to host iftar at home dubai,0,informational,0,,,,,,,,no tracked competitor in top 30,1.0,False,/blog/iftar-at-home-dubai,sub,/blog/iftar-at-home-dubai,keep (sub)
how to meal prep for school,0,,0,,,n/a,,,,,,1.0,True,/kids-nutrition-chef-dubai,sub,/kids-nutrition-chef-dubai,keep (sub)
how to pick a caterer dubai,0,informational,0,,,n/a,,,,,,0.5,False,/how-to-choose-caterer-dubai,sub,/how-to-choose-caterer-dubai,keep (sub)
how to plan a luxury dinner dubai,0,informational,0,1.0,,,,,,,no tracked competitor in top 30,1.0,True,/luxury-dinner-planning-guide-dubai,primary,/luxury-dinner-planning-guide-dubai,keep (primary)
how to plan a wedding menu dubai,0,informational,0,0.36,,7,,,,,"no tracked competitor in top 30, we #7",1.0,False,/wedding-catering-menu-planning-dubai,sub,/wedding-catering-menu-planning-dubai,keep (sub)
how to plan catering for an event dubai,0,informational,0,,,n/a,,,,,,1.0,True,/guides,sub,/guides,keep (sub)
how to plan corporate catering dubai,0,commercial,0,0.06,,,,,,,no tracked competitor in top 30,1.0,True,/corporate-catering-checklist-dubai,sub,/corporate-catering-checklist-dubai,keep (sub)
how to plan iftar catering dubai,0,informational,0,0.13,,,,,,,no tracked competitor in top 30,1.0,True,/ramadan-catering-guide-dubai,sub,/ramadan-catering-guide-dubai,keep (sub)
how to plan wedding catering dubai,0,informational,0,0.12,,13,,,,,"no tracked competitor in top 30, we #13",1.0,True,/wedding-catering-checklist-dubai,sub,/wedding-catering-checklist-dubai,keep (sub)
how to plan yacht catering dubai,0,informational,0,,,n/a,,,,,,1.0,True,/yacht-catering-checklist-dubai,sub,/yacht-catering-checklist-dubai,keep (sub)
how yacht catering works dubai,0,commercial,0,,,n/a,,,,,,1.0,True,/yacht-catering-guide-dubai,sub,/yacht-catering-guide-dubai,keep (sub)
hutong dubai private dining,0,,0,,,n/a,,,,,,1.0,True,/halal-private-dining-dubai,sub,/halal-private-dining-dubai,keep (sub)
iftar at home cost dubai,0,commercial,0,,,,,,,,no tracked competitor in top 30,1.0,True,/blog/iftar-at-home-dubai,sub,/blog/iftar-at-home-dubai,keep (sub)
iftar at home dubai,0,transactional,0,1.0,,n/a,,,,,,1.0,True,/blog/iftar-at-home-dubai,primary,/blog/iftar-at-home-dubai,keep (primary)
iftar at home dubai offers,0,commercial,0,,,,,,,,no tracked competitor in top 30,1.0,True,/blog/iftar-at-home-dubai,sub,/blog/iftar-at-home-dubai,keep (sub)
iftar buffet catering dubai,0,transactional,0,0.33,,,,,,,no tracked competitor in top 30,1.0,True,/iftar-catering-dubai,sub,/iftar-catering-dubai,keep (sub)
iftar buffet dubai business bay,0,,0,,,n/a,,,,,,1.0,True,/locations/business-bay,sub,/locations/business-bay,keep (sub)
iftar buffet dubai downtown,0,,0,,,n/a,,,,,,1.0,True,/locations/downtown-dubai,sub,/locations/downtown-dubai,keep (sub)
iftar buffet dubai hills,0,informational,0,0.0,,,,,,,no tracked competitor in top 30,1.0,True,/locations/dubai-hills,sub,/locations/dubai-hills,keep (sub)
iftar buffet dubai marina,0,,0,,,n/a,,,,,,1.0,True,/locations/dubai-marina,sub,/locations/dubai-marina,keep (sub)
iftar buffet dubai near me,0,,0,,,n/a,,,,,,1.0,True,/iftar-catering-dubai,sub,/iftar-catering-dubai,keep (sub)
iftar buffet dubai palm jumeirah,0,,0,,,n/a,,,,,,1.0,True,/locations/palm-jumeirah,sub,/locations/palm-jumeirah,keep (sub)
iftar catering at home dubai,0,transactional,0,,,n/a,,,,,,1.0,True,/iftar-catering-dubai,sub,/iftar-catering-dubai,keep (sub)
iftar catering checklist dubai,0,transactional,0,0.2,,,,,,,no tracked competitor in top 30,1.0,True,/ramadan-catering-guide-dubai,sub,/ramadan-catering-guide-dubai,keep (sub)
iftar catering cost per person dubai,0,commercial,0,0.13,,,,,,,no tracked competitor in top 30,1.0,True,/iftar-catering-dubai,sub,/iftar-catering-dubai,keep (sub)
iftar catering dubai price,0,commercial,0,0.5,,,,,,,no tracked competitor in top 30,1.0,True,/iftar-catering-dubai,sub,/iftar-catering-dubai,keep (sub)
iftar catering ideas dubai,0,commercial,0,0.0,,,,,,,no tracked competitor in top 30,1.0,True,/blog/ramadan-iftar-catering-trends-2026,sub,/ramadan-catering-dubai,merge → /ramadan-catering-dubai
iftar catering menu dubai,0,transactional,0,0.58,,,,,,,no tracked competitor in top 30,1.0,True,/iftar-catering-dubai,sub,/iftar-catering-dubai,keep (sub)
iftar catering packages dubai,0,commercial,0,0.8,,,,,,,no tracked competitor in top 30,1.0,True,/iftar-catering-dubai,sub,/iftar-catering-dubai,keep (sub)
iftar catering trends,0,commercial,0,0.0,,,,,,,no tracked competitor in top 30,1.0,True,/blog/ramadan-iftar-catering-trends-2026,sub,/blog/ramadan-iftar-catering-trends-2026,keep (sub)
iftar dubai for corporate,0,,0,,,n/a,,,,,,1.0,True,/corporate-retainer-dubai,sub,/corporate-retainer-dubai,keep (sub)
iftar ideas at home dubai,0,commercial,0,,,,,,,,no tracked competitor in top 30,1.0,True,/blog/iftar-at-home-dubai,sub,/blog/iftar-at-home-dubai,keep (sub)
iftar menu at home dubai,0,transactional,0,,,,,,,,no tracked competitor in top 30,1.0,True,/blog/iftar-at-home-dubai,sub,/blog/iftar-at-home-dubai,keep (sub)
in flight catering dubai,0,transactional,0,0.08,,,,,,,no tracked competitor in top 30,1.0,False,/private-jet-catering-dubai,sub,/private-jet-catering-dubai,keep (sub)
indian catering cost per head,0,,0,,,n/a,,,,,,1.0,True,/indian-catering-dubai,sub,/indian-catering-dubai,keep (sub)
indian catering cost per person dubai,0,commercial,0,0.0,,,,,,,no tracked competitor in top 30,1.0,True,/indian-catering-dubai,sub,/indian-catering-dubai,keep (sub)
indian catering dubai price,0,commercial,0,0.33,,,,,,,no tracked competitor in top 30,1.0,True,/indian-catering-dubai,sub,/indian-catering-dubai,keep (sub)
indian catering menu dubai,0,transactional,0,0.3,,,,,,,no tracked competitor in top 30,1.0,True,/indian-catering-dubai,sub,/indian-catering-dubai,keep (sub)
indian catering packages dubai,0,commercial,0,,,n/a,,,,,,1.0,True,/indian-catering-dubai,sub,/indian-catering-dubai,keep (sub)
indian food company jlt,0,,0,,,n/a,,,,,,0.75,False,/locations/jlt,sub,/locations/jlt,keep (sub)
indian grazing table dubai,0,,0,,,n/a,,,,,,1.0,True,/grazing-table-dubai,sub,/grazing-table-dubai,keep (sub)
indian wedding catering dubai,0,transactional,0,,,n/a,,,,,,1.0,True,/indian-catering-dubai,sub,/indian-catering-dubai,keep (sub)
international buffet catering dubai,0,commercial,0,,,n/a,,,,,,0.67,False,/buffet-catering-dubai,sub,/buffet-catering-dubai,keep (sub)
international catering dubai,0,commercial,0,0.0,,,,,,,no tracked competitor in top 30,1.0,True,/cuisines-dubai,sub,/cuisines-dubai,keep (sub)
is a full time private chef worth it dubai,0,commercial,0,,,,,,,,no tracked competitor in top 30,1.0,True,/blog/weekly-meal-prep-vs-full-time-chef-dubai,sub,/blog/weekly-meal-prep-vs-full-time-chef-dubai,keep (sub)
is a private chef worth it dubai,0,commercial,0,0.27,,,,,,,no tracked competitor in top 30,1.0,True,/blog/how-much-does-private-chef-cost-dubai,sub,/blog/how-much-does-private-chef-cost-dubai,keep (sub)
is all food in dubai halal,0,,0,,,n/a,,,,,,1.0,True,/halal-catering-dubai,sub,/halal-catering-dubai,keep (sub)
is buffet or plated dinner better,0,informational,0,0.06,,,,,,,no tracked competitor in top 30,1.0,True,/buffet-vs-plated-dubai,sub,/buffet-vs-plated-dubai,keep (sub)
is catering in dubai halal,0,commercial,0,0.0,,,,,,,no tracked competitor in top 30,1.0,False,/faq,sub,/faq,keep (sub)
is emirates food halal,0,,0,,,n/a,,,,,,1.0,True,/locations/emirates-hills,sub,/locations/emirates-hills,keep (sub)
is vegetarian food available in dubai,0,,0,,,n/a,,,,,,1.0,True,/vegetarian-catering-dubai,sub,/vegetarian-catering-dubai,keep (sub)
is weekly meal prep healthy,0,commercial,0,0.0,,,,,,,no tracked competitor in top 30,1.0,True,/weekly-meal-prep-dubai,sub,/weekly-meal-prep-dubai,keep (sub)
italian catering cost per person dubai,0,commercial,0,0.2,,18,,,,,"no tracked competitor in top 30, we #18",1.0,True,/italian-catering-dubai,sub,/italian-catering-dubai,keep (sub)
italian catering dubai delivery,0,transactional,0,,,n/a,,,,,,1.0,True,/italian-catering-dubai,sub,/italian-catering-dubai,keep (sub)
italian catering dubai price,0,commercial,0,0.36,,,,,,,no tracked competitor in top 30,1.0,True,/italian-catering-dubai,sub,/italian-catering-dubai,keep (sub)
italian catering in dubai,0,transactional,0,0.0,,,,,,,no tracked competitor in top 30,0.5,False,/chefs/marco-italian-chef,sub,/italian-catering-dubai,merge → /italian-catering-dubai
italian catering menu dubai,0,transactional,0,0.62,,,,,,,no tracked competitor in top 30,1.0,True,/italian-catering-dubai,sub,/italian-catering-dubai,keep (sub)
italian catering packages dubai,0,commercial,0,0.56,,,,,,,no tracked competitor in top 30,1.0,True,/italian-catering-dubai,sub,/italian-catering-dubai,keep (sub)
italian chef at home dubai,0,transactional,0,0.5,,,,,,,no tracked competitor in top 30,1.0,False,/chefs/marco-italian-chef,sub,/chefs/marco-italian-chef,keep (sub)
italian chef for dinner party dubai,0,transactional,0,0.5,,,,,,,no tracked competitor in top 30,0.5,False,/chefs/marco-italian-chef,sub,/chefs/marco-italian-chef,keep (sub)
italian private chef dubai,0,transactional,0,1.0,,,,,,,no tracked competitor in top 30,1.0,False,/chefs/marco-italian-chef,primary,/chefs/marco-italian-chef,keep (primary)
jain catering cost per person dubai,0,commercial,0,0.17,,28,,,,,"no tracked competitor in top 30, we #28",1.0,True,/jain-catering-dubai,sub,/jain-catering-dubai,keep (sub)
jain catering dubai,0,commercial,0,1.0,,,,,,,no tracked competitor in top 30,1.0,True,/jain-catering-dubai,primary,/jain-catering-dubai,keep (primary)
jain catering dubai price,0,commercial,0,,,n/a,,,,,,1.0,True,/jain-catering-dubai,sub,/jain-catering-dubai,keep (sub)
jain catering menu dubai,0,transactional,0,0.44,,,,,,,no tracked competitor in top 30,1.0,True,/jain-catering-dubai,sub,/jain-catering-dubai,keep (sub)
jain catering packages dubai,0,commercial,0,0.3,,,,,,,no tracked competitor in top 30,1.0,True,/jain-catering-dubai,sub,/jain-catering-dubai,keep (sub)
jain food rules,0,,0,,,n/a,,,,,,1.0,True,/jain-catering-dubai,sub,/jain-catering-dubai,keep (sub)
jain wedding catering dubai,0,commercial,0,0.33,,,,,,,no tracked competitor in top 30,1.0,True,/jain-catering-dubai,sub,/jain-catering-dubai,keep (sub)
japanese catering dubai,0,commercial,0,0.21,,,,,,,no tracked competitor in top 30,1.0,True,/sushi-catering-dubai,sub,/sushi-catering-dubai,keep (sub)
jerry villa chef,0,,0,,,n/a,,,,,,1.0,True,/villa-catering-ideas-dubai,sub,/villa-catering-ideas-dubai,keep (sub)
jet catering menu dubai,0,transactional,0,,,n/a,,,,,,0.67,False,/private-jet-catering-dubai,sub,/private-jet-catering-dubai,keep (sub)
kids birthday catering dubai,0,commercial,0,0.08,,,,,,,no tracked competitor in top 30,1.0,False,/birthday-catering-dubai,sub,/birthday-catering-dubai,keep (sub)
kids birthday catering packages dubai,0,commercial,0,0.08,,,,,,,no tracked competitor in top 30,1.0,True,/birthday-catering-package-dubai,sub,/birthday-catering-package-dubai,keep (sub)
kids birthday food package dubai,0,,0,,,n/a,,,,,,1.0,True,/birthday-catering-package-dubai,sub,/birthday-catering-package-dubai,keep (sub)
kids meal plan dubai,0,commercial,0,0.5,,,,,,,no tracked competitor in top 30,1.0,True,/kids-nutrition-chef-dubai,sub,/kids-nutrition-chef-dubai,keep (sub)
kids meal prep dubai,0,transactional,0,1.0,,,,,,,no tracked competitor in top 30,1.0,True,/kids-nutrition-chef-dubai,primary,/kids-nutrition-chef-dubai,keep (primary)
kids meal prep dubai price,0,commercial,0,0.4,,,,,,,no tracked competitor in top 30,1.0,True,/kids-nutrition-chef-dubai,sub,/kids-nutrition-chef-dubai,keep (sub)
kids meal prep service,0,,0,,,n/a,,,,,,1.0,True,/weekly-meal-prep-dubai,sub,/weekly-meal-prep-dubai,keep (sub)
largest catering companies in uae,0,commercial,0,0.0,,,,,,,no tracked competitor in top 30,1.0,True,/cuisines-dubai,sub,/cuisines-dubai,keep (sub)
launch event catering dubai,0,,0,,,n/a,,,,,,1.0,False,/events,sub,/events,keep (sub)
launch party catering dubai,0,commercial,0,,,n/a,,,,,,1.0,True,/product-launch-catering-dubai,sub,/product-launch-catering-dubai,keep (sub)
list of halal caterer,0,commercial,0,0.0,,,,,,,no tracked competitor in top 30,1.0,True,/blog/halal-private-dining-dubai-what-to-ask,sub,/blog/halal-private-dining-dubai-what-to-ask,keep (sub)
live cooking classes,0,,0,,,n/a,,,,,,1.0,True,/live-cooking-stations-dubai,sub,/live-cooking-stations-dubai,keep (sub)
live cooking station ideas,0,,0,,,n/a,,,,,,1.0,True,/live-cooking-stations-dubai,sub,/live-cooking-stations-dubai,keep (sub)
live cooking station price per person dubai,0,commercial,0,,,n/a,,,,,,1.0,True,/live-cooking-stations-dubai,sub,/live-cooking-stations-dubai,keep (sub)
live cooking stations dubai price,0,commercial,0,0.2,,,,,,,no tracked competitor in top 30,1.0,True,/live-cooking-stations-dubai,sub,/live-cooking-stations-dubai,keep (sub)
live cooking stations menu dubai,0,commercial,0,0.23,,,,,,,no tracked competitor in top 30,1.0,True,/live-cooking-stations-dubai,sub,/live-cooking-stations-dubai,keep (sub)
live cooking stations packages dubai,0,commercial,0,0.0,,,,,,,no tracked competitor in top 30,1.0,True,/live-cooking-stations-dubai,sub,/live-cooking-stations-dubai,keep (sub)
live in chef dubai,0,transactional,0,,,n/a,,,,,,0.5,False,/how-it-works,sub,/how-it-works,keep (sub)
live pasta station dubai,0,transactional,0,0.18,,,,,,,no tracked competitor in top 30,1.0,True,/live-cooking-stations-dubai,sub,/live-cooking-stations-dubai,keep (sub)
lunch date dubai,0,,0,,,n/a,,,,,,1.0,True,/date-night-package-dubai,sub,/date-night-package-dubai,keep (sub)
luxury catering company dubai,0,commercial,0,0.0,,,,,,,no tracked competitor in top 30,1.0,True,/about,sub,/about,keep (sub)
luxury desert dining dubai,0,informational,0,0.5,,,,,,,no tracked competitor in top 30,1.0,True,/desert-dining-dubai,sub,/desert-dining-dubai,keep (sub)
luxury dining experience cost per person dubai,0,commercial,0,0.0,,,,,,,no tracked competitor in top 30,0.67,False,/luxury-dining-experiences,sub,/luxury-dining-experiences,keep (sub)
luxury dining experience dubai,0,informational,0,0.33,,,,,,,no tracked competitor in top 30,1.0,False,/luxury-dining-experiences,sub,/luxury-dining-experiences,keep (sub)
luxury dining experiences dubai,0,informational,0,,,n/a,,,,,,1.0,False,/luxury-dining-experiences,sub,/luxury-dining-experiences,keep (sub)
luxury dining experiences dubai price,0,commercial,0,,,n/a,,,,,,0.75,False,/luxury-dining-experiences,sub,/luxury-dining-experiences,keep (sub)
luxury dining experiences packages dubai,0,commercial,0,0.0,,35,,,,,"no tracked competitor in top 30, we #35",1.0,False,/luxury-dining-experiences,sub,/luxury-dining-experiences,keep (sub)
luxury dining menu dubai,0,informational,0,0.33,,,,,,,no tracked competitor in top 30,1.0,False,/luxury-dining-experiences,sub,/luxury-dining-experiences,keep (sub)
luxury dinner party planning dubai,0,informational,0,0.0,,,,,,,no tracked competitor in top 30,1.0,True,/luxury-dinner-planning-guide-dubai,sub,/luxury-dinner-planning-guide-dubai,keep (sub)
luxury dinner set in dubai price,0,transactional,0,0.0,,,,,,,no tracked competitor in top 30,1.0,True,/luxury-dinner-planning-guide-dubai,sub,/luxury-dinner-planning-guide-dubai,keep (sub)
luxury food delivery dubai,0,,0,,,n/a,,,,,,1.0,True,/drop-off-catering-dubai,sub,/drop-off-catering-dubai,keep (sub)
luxury office catering dubai,0,commercial,0,0.17,,,,,,,no tracked competitor in top 30,1.0,False,/office-catering-dubai,sub,/office-catering-dubai,keep (sub)
luxury private dining dubai menu,0,commercial,0,0.5,,,,,,,no tracked competitor in top 30,1.0,True,/guide/private-dining-dubai,sub,/guide/private-dining-dubai,keep (sub)
luxury private jet catering,0,,0,,,n/a,,,,,,0.75,False,/private-jet-catering-dubai,sub,/private-jet-catering-dubai,keep (sub)
maggianos catering cancellation policy,0,,0,,,n/a,,,,,,1.0,True,/booking-protection-insurance,sub,/booking-protection-insurance,keep (sub)
managed private chef service dubai,0,commercial,0,1.0,,31,,,,,"no tracked competitor in top 30, we #31",1.0,True,/private-chef-dubai/how-it-works,primary,/private-chef-dubai/how-it-works,keep (primary)
marriage proposal dinner dubai,0,transactional,0,0.4,,,,,,,no tracked competitor in top 30,1.0,True,/proposal-dinner-dubai,sub,/proposal-dinner-dubai,keep (sub)
meal plan dubai offer,0,commercial,0,0.0,,,,,,,no tracked competitor in top 30,1.0,True,/founding-customer-offer,sub,/wellness-meal-prep-dubai,merge → /wellness-meal-prep-dubai
meal plans delivery dubai,0,,0,,,n/a,,,,,,1.0,True,/drop-off-catering-dubai,sub,/drop-off-catering-dubai,keep (sub)
meal prep chef dubai,0,commercial,0,0.0,,,,,,,no tracked competitor in top 30,1.0,True,/weekly-meal-prep-dubai,sub,/weekly-meal-prep-dubai,keep (sub)
meal prep dubai delivery,0,,0,,,n/a,,,,,,1.0,True,/kids-nutrition-chef-dubai,sub,/kids-nutrition-chef-dubai,keep (sub)
meal prep dubai healthy,0,,0,,,n/a,,,,,,1.0,True,/kids-nutrition-chef-dubai,sub,/kids-nutrition-chef-dubai,keep (sub)
meal prep food dubai,0,,0,,,n/a,,,,,,1.0,True,/postpartum-meal-prep-dubai,sub,/postpartum-meal-prep-dubai,keep (sub)
meal prep for 5 year old,0,transactional,0,0.0,,,,,,,no tracked competitor in top 30,1.0,True,/kids-nutrition-chef-dubai,sub,/kids-nutrition-chef-dubai,keep (sub)
meal prep in dubai,0,,0,,,n/a,,,,,,1.0,False,/wellness-meal-prep-dubai,sub,/wellness-meal-prep-dubai,keep (sub)
meal prep vs private chef dubai,0,commercial,0,1.0,,n/a,,,,,,1.0,True,/blog/weekly-meal-prep-vs-full-time-chef-dubai,primary,/blog/weekly-meal-prep-vs-full-time-chef-dubai,keep (primary)
meals for new mums dubai,0,commercial,0,0.08,,,,,,,no tracked competitor in top 30,1.0,True,/postpartum-meal-prep-dubai,sub,/postpartum-meal-prep-dubai,keep (sub)
mediterranean buffet dubai,0,informational,0,0.22,,,,,,,no tracked competitor in top 30,1.0,True,/mediterranean-catering-dubai,sub,/mediterranean-catering-dubai,keep (sub)
mediterranean catering cost per person dubai,0,commercial,0,0.08,,,,,,,no tracked competitor in top 30,1.0,True,/mediterranean-catering-dubai,sub,/mediterranean-catering-dubai,keep (sub)
mediterranean catering dubai,0,commercial,0,1.0,,,,,,,no tracked competitor in top 30,1.0,True,/mediterranean-catering-dubai,primary,/mediterranean-catering-dubai,keep (primary)
mediterranean catering dubai price,0,commercial,0,0.09,,,,,,,no tracked competitor in top 30,1.0,True,/mediterranean-catering-dubai,sub,/mediterranean-catering-dubai,keep (sub)
mediterranean catering menu dubai,0,informational,0,0.25,,,,,,,no tracked competitor in top 30,1.0,True,/mediterranean-catering-dubai,sub,/mediterranean-catering-dubai,keep (sub)
mediterranean catering packages dubai,0,commercial,0,,,n/a,,,,,,1.0,True,/mediterranean-catering-dubai,sub,/mediterranean-catering-dubai,keep (sub)
mediterranean food dubai marina,0,,0,,,n/a,,,,,,1.0,True,/mediterranean-catering-dubai,sub,/mediterranean-catering-dubai,keep (sub)
mediterranean food for catering,0,,0,,,n/a,,,,,,1.0,True,/mediterranean-catering-dubai,sub,/mediterranean-catering-dubai,keep (sub)
mezze catering dubai,0,transactional,0,0.06,,,,,,,no tracked competitor in top 30,1.0,True,/arabic-catering-dubai,sub,/arabic-catering-dubai,keep (sub)
middle eastern catering dubai,0,commercial,0,0.21,,,,,,,no tracked competitor in top 30,1.0,True,/arabic-catering-dubai,sub,/arabic-catering-dubai,keep (sub)
middle eastern private chef dubai,0,commercial,0,0.27,,,,,,,no tracked competitor in top 30,0.75,False,/chefs/layla-middle-eastern-chef,sub,/blog/private-chef-date-night-dubai,merge → /blog/private-chef-date-night-dubai
mission bbq catering cancellation policy,0,,0,,,n/a,,,,,,1.0,True,/booking-protection-insurance,sub,/booking-protection-insurance,keep (sub)
mobile bar hire dubai price,0,commercial,0,0.2,,,,,,,no tracked competitor in top 30,1.0,True,/bar-services-dubai,sub,/bar-services-dubai,keep (sub)
mocktail bar birthday party dubai,0,transactional,0,0.0,,9,,,,,"no tracked competitor in top 30, we #9",1.0,True,/bar-services-dubai,sub,/bar-services-dubai,keep (sub)
mocktail bar catering menu dubai,0,transactional,0,0.15,,,,,,,no tracked competitor in top 30,1.0,True,/bar-services-dubai,sub,/bar-services-dubai,keep (sub)
mocktail bar catering price per person dubai,0,commercial,0,0.09,,3,,,,,"no tracked competitor in top 30, we #3",1.0,True,/bar-services-dubai,sub,/bar-services-dubai,keep (sub)
mocktail bar dubai,0,navigational,0,0.0,,,,,,,no tracked competitor in top 30,1.0,True,/bar-services-dubai,sub,/bar-services-dubai,keep (sub)
mocktail station dubai,0,,0,,,n/a,,,,,,1.0,True,/bar-services-dubai,sub,/bar-services-dubai,keep (sub)
moes catering cancellation policy,0,,0,,,n/a,,,,,,1.0,True,/booking-protection-insurance,sub,/booking-protection-insurance,keep (sub)
monthly corporate catering dubai,0,commercial,0,0.33,,28,,,,,"no tracked competitor in top 30, we #28",1.0,True,/corporate-retainer-dubai,sub,/corporate-retainer-dubai,keep (sub)
monthly meals in dubai,0,,0,,,n/a,,,,,,1.0,True,/staff-meals-catering-dubai,sub,/staff-meals-catering-dubai,keep (sub)
monthly private chef dubai,0,commercial,0,0.33,,,,,,,no tracked competitor in top 30,1.0,True,/full-time-private-chef-dubai,sub,/apartment-private-dining-dubai,merge → /apartment-private-dining-dubai
most reliable catering in dubai,0,,0,,,n/a,,,,,,1.0,True,/allergy-safe-catering-dubai,sub,/allergy-safe-catering-dubai,keep (sub)
most reliable personal chef services in dubai,0,commercial,0,,,n/a,,,,,,0.6,False,/private-chef-dubai/how-it-works,sub,/private-chef-dubai/how-it-works,keep (sub)
mothers day brunch catering dubai,0,,0,,,n/a,,,,,,1.0,True,/brunch-catering-dubai,sub,/brunch-catering-dubai,keep (sub)
mothers day brunch dubai catering,0,commercial,0,,,n/a,,,,,,1.0,True,/uae-national-day-catering-dubai,sub,/uae-national-day-catering-dubai,keep (sub)
mothers day lunch at home dubai,0,,0,,,n/a,,,,,,1.0,True,/uae-national-day-catering-dubai,sub,/uae-national-day-catering-dubai,keep (sub)
multi cuisine catering dubai,0,commercial,0,1.0,,,,,,,no tracked competitor in top 30,1.0,True,/cuisines-dubai,primary,/cuisines-dubai,keep (primary)
multi cuisine catering packages dubai,0,commercial,0,0.27,,,,,,,no tracked competitor in top 30,1.0,True,/cuisines-dubai,sub,/cuisines-dubai,keep (sub)
mychef certified chefs,0,navigational,0,1.0,,n/a,,,,,,1.0,True,/mychef-certified,primary,/mychef-certified,keep (primary)
mychef dubai,0,navigational,0,0.0,,1,,,,,"no tracked competitor in top 30, we #1",1.0,True,/,sub,/,keep (sub)
mychef dubai offer,0,commercial,0,0.13,,2,,,,,"no tracked competitor in top 30, we #2",1.0,True,/founding-customer-offer,sub,/founding-customer-offer,keep (sub)
mychef founding customer offer,0,navigational,0,1.0,,2,,,,,"no tracked competitor in top 30, we #2",1.0,True,/founding-customer-offer,primary,/founding-customer-offer,keep (primary)
mychef gift cards,0,navigational,0,1.0,,5,,,,,"no tracked competitor in top 30, we #5",1.0,True,/gift-cards,primary,/gift-cards,keep (primary)
mychef loyalty programme,0,navigational,0,1.0,,3,,,,,"no tracked competitor in top 30, we #3",1.0,True,/loyalty-programme,primary,/loyalty-programme,keep (primary)
mychef membership,0,navigational,0,1.0,,n/a,,,,,,1.0,True,/mychef-membership,primary,/mychef-membership,keep (primary)
mychef referral programme,0,commercial,0,1.0,,8,,,,,"no tracked competitor in top 30, we #8",1.0,True,/referral-programme,primary,/referral-programme,keep (primary)
mychef rewards,0,navigational,0,,,n/a,,,,,,1.0,True,/loyalty-programme,sub,/loyalty-programme,keep (sub)
mychef vip club,0,navigational,0,1.0,,1,,,,,"no tracked competitor in top 30, we #1",1.0,True,/vip-club,primary,/vip-club,keep (primary)
national day catering dubai,0,commercial,0,0.3,,30,,,,,"no tracked competitor in top 30, we #30",1.0,True,/uae-national-day-catering-dubai,sub,/uae-national-day-catering-dubai,keep (sub)
networking event catering dubai,0,,0,,,n/a,,,,,,1.0,False,/events,sub,/events,keep (sub)
new year catering cost per person dubai,0,commercial,0,0.17,,3,,,,,"no tracked competitor in top 30, we #3",1.0,True,/new-year-catering-dubai,sub,/new-year-catering-dubai,keep (sub)
new year catering dubai,0,commercial,0,1.0,,18,,,,,"no tracked competitor in top 30, we #18",1.0,True,/new-year-catering-dubai,primary,/new-year-catering-dubai,keep (primary)
new year catering dubai price,0,commercial,0,0.56,,10,,,,,"no tracked competitor in top 30, we #10",1.0,True,/new-year-catering-dubai,sub,/new-year-catering-dubai,keep (sub)
new year catering menu dubai,0,informational,0,0.5,,17,,,,,"no tracked competitor in top 30, we #17",1.0,True,/new-year-catering-dubai,sub,/blog/nye-party-catering-dubai,merge → /blog/nye-party-catering-dubai
new year catering packages dubai,0,commercial,0,0.44,,18,,,,,"no tracked competitor in top 30, we #18",1.0,True,/new-year-catering-dubai,sub,/blog/nye-party-catering-dubai,merge → /blog/nye-party-catering-dubai
new year dinner dubai,0,,0,,,n/a,,,,,,1.0,True,/new-year-catering-dubai,sub,/new-year-catering-dubai,keep (sub)
new year party food dubai,0,,0,,,n/a,,,,,,1.0,True,/new-year-catering-dubai,sub,/new-year-catering-dubai,keep (sub)
new year yacht catering dubai,0,informational,0,0.07,,,,,,,no tracked competitor in top 30,0.5,False,/yachts,sub,/yachts,keep (sub)
new years day brunch dubai,0,,0,,,n/a,,,,,,1.0,True,/uae-national-day-catering-dubai,sub,/uae-national-day-catering-dubai,keep (sub)
new years eve at home dubai,0,transactional,0,0.0,,,,,,,no tracked competitor in top 30,1.0,True,/blog/nye-party-catering-dubai,sub,/blog/nye-party-catering-dubai,keep (sub)
new years eve dinner at home dubai,0,transactional,0,,,n/a,,,,,,1.0,True,/blog/nye-party-catering-dubai,sub,/blog/nye-party-catering-dubai,keep (sub)
new years eve party food ideas dubai,0,commercial,0,0.17,,,,,,,no tracked competitor in top 30,1.0,True,/blog/nye-party-catering-dubai,sub,/blog/nye-party-catering-dubai,keep (sub)
nikah catering dubai,0,transactional,0,0.1,,,,,,,no tracked competitor in top 30,1.0,True,/wedding-catering-dubai,sub,/wedding-catering-dubai,keep (sub)
no onion no garlic catering dubai,0,transactional,0,0.0,,26,,,,,"no tracked competitor in top 30, we #26",1.0,True,/jain-catering-dubai,sub,/jain-catering-dubai,keep (sub)
north indian catering dubai,0,commercial,0,0.4,,,,,,,no tracked competitor in top 30,1.0,True,/indian-catering-dubai,sub,/indian-catering-dubai,keep (sub)
nye party catering cost dubai,0,commercial,0,0.56,,11,,,,,"no tracked competitor in top 30, we #11",1.0,True,/blog/nye-party-catering-dubai,sub,/blog/nye-party-catering-dubai,keep (sub)
nye party catering dubai,0,transactional,0,1.0,,18,,,,,"no tracked competitor in top 30, we #18",1.0,True,/blog/nye-party-catering-dubai,primary,/blog/nye-party-catering-dubai,keep (primary)
odyssey private jet catering,0,,0,,,n/a,,,,,,0.75,False,/private-jet-catering-dubai,sub,/private-jet-catering-dubai,keep (sub)
office breakfast catering dubai,0,commercial,0,0.08,,,,,,,no tracked competitor in top 30,1.0,True,/breakfast-catering-dubai,sub,/breakfast-catering-dubai,keep (sub)
office catering business bay,0,commercial,0,0.0,,,,,,,no tracked competitor in top 30,1.0,True,/locations/business-bay,sub,/locations/business-bay,keep (sub)
office catering difc,0,commercial,0,,,7,,,,,"no tracked competitor in top 30, we #7",1.0,True,/locations/difc,sub,/locations/difc,keep (sub)
office catering downtown dubai,0,commercial,0,0.0,,25,,,,,"no tracked competitor in top 30, we #25",1.0,True,/locations/downtown-dubai,sub,/locations/downtown-dubai,keep (sub)
office catering jlt,0,informational,0,0.08,,8,,,,,"no tracked competitor in top 30, we #8",1.0,False,/locations/jlt,sub,/locations/jlt,keep (sub)
office catering packages dubai,0,commercial,0,0.44,,,,,,,no tracked competitor in top 30,1.0,False,/office-catering-dubai,sub,/blog/corporate-event-catering-ideas-dubai,merge → /blog/corporate-event-catering-ideas-dubai
office dinner catering package dubai,0,,0,,,n/a,,,,,,1.0,True,/gala-dinner-catering-dubai,sub,/gala-dinner-catering-dubai,keep (sub)
office food delivery dubai,0,commercial,0,0.08,,,,,,,no tracked competitor in top 30,1.0,False,/office-catering-dubai,sub,/office-catering-dubai,keep (sub)
office lunch catering dubai,0,commercial,0,0.27,,34,,,,,"no tracked competitor in top 30, we #34",1.0,False,/office-catering-dubai,sub,/business-lunch-catering-dubai,merge → /business-lunch-catering-dubai
office lunch delivery dubai,0,transactional,0,0.22,,,,,,,no tracked competitor in top 30,1.0,True,/business-lunch-catering-dubai,sub,/business-lunch-catering-dubai,keep (sub)
office party food ideas dubai,0,commercial,0,0.0,,,,,,,no tracked competitor in top 30,1.0,True,/blog/corporate-event-catering-ideas-dubai,sub,/blog/corporate-event-catering-ideas-dubai,keep (sub)
official event catering dubai,0,,0,,,n/a,,,,,,0.67,False,/events,sub,/events,keep (sub)
outdoor bbq catering dubai,0,,0,,,n/a,,,,,,1.0,True,/bbq-catering-dubai,sub,/bbq-catering-dubai,keep (sub)
outdoor event catering dubai,0,commercial,0,0.3,,,,,,,no tracked competitor in top 30,1.0,False,/events,sub,/events,keep (sub)
outdoor villa catering ideas dubai,0,commercial,0,,,n/a,,,,,,1.0,True,/villa-catering-ideas-dubai,sub,/villa-catering-ideas-dubai,keep (sub)
oyster bar catering price per person dubai,0,,0,,,n/a,,,,,,1.0,True,/bar-services-dubai,sub,/bar-services-dubai,keep (sub)
palm jumeirah villa dining,0,informational,0,0.0,,,,,,,no tracked competitor in top 30,1.0,True,/villas-private-residences,sub,/villas-private-residences,keep (sub)
palm jumeirah villa dining menu,0,transactional,0,,,,,,,,no tracked competitor in top 30,1.0,True,/blog/private-chef-palm-jumeirah-guide,sub,/blog/private-chef-palm-jumeirah-guide,keep (sub)
pan asian catering dubai,0,commercial,0,0.14,,,,,,,no tracked competitor in top 30,1.0,True,/asian-catering-dubai,sub,/asian-catering-dubai,keep (sub)
part time cook for home dubai cost,0,,0,,,n/a,,,,,,1.0,True,/private-chef-prices-dubai,sub,/private-chef-prices-dubai,keep (sub)
part time private chef catering dubai price,0,,0,,,n/a,,,,,,1.0,True,/private-chef-prices-dubai,sub,/private-chef-prices-dubai,keep (sub)
part time private chef dubai,0,transactional,0,1.0,,,,,,,no tracked competitor in top 30,1.0,True,/part-time-private-chef-dubai,primary,/part-time-private-chef-dubai,keep (primary)
part time private chef dubai monthly cost,0,commercial,0,0.23,,24,,,,,"no tracked competitor in top 30, we #24",1.0,True,/part-time-private-chef-dubai,sub,/blog/how-much-does-private-chef-cost-dubai,merge → /blog/how-much-does-private-chef-cost-dubai
part time private chef dubai price,0,commercial,0,0.25,,28,,,,,"no tracked competitor in top 30, we #28",1.0,True,/part-time-private-chef-dubai,sub,/blog/how-much-does-private-chef-cost-dubai,merge → /blog/how-much-does-private-chef-cost-dubai
part time private chef packages dubai,0,commercial,0,0.6,,,,,,,no tracked competitor in top 30,1.0,True,/part-time-private-chef-dubai,sub,/locations/dubai-marina,merge → /locations/dubai-marina
partner with a private chef company dubai,0,transactional,0,,,n/a,,,,,,0.75,False,/partners/concierge-services-dubai,sub,/partners/concierge-services-dubai,keep (sub)
partnership catering business,0,commercial,0,0.0,,,,,,,no tracked competitor in top 30,1.0,True,/partner-with-us,sub,/partner-with-us,keep (sub)
party buffet catering near me,0,,0,,,n/a,,,,,,1.0,True,/cocktail-party-catering-dubai,sub,/cocktail-party-catering-dubai,keep (sub)
party catering al barsha,0,commercial,0,0.0,,4,,,,,"no tracked competitor in top 30, we #4",0.75,False,/locations/al-barsha,sub,/locations/al-barsha,keep (sub)
party catering arabian ranches,0,commercial,0,0.0,,,,,,,no tracked competitor in top 30,1.0,True,/locations/arabian-ranches,sub,/locations/arabian-ranches,keep (sub)
party catering bluewaters island,0,commercial,0,0.0,,31,,,,,"no tracked competitor in top 30, we #31",0.75,False,/locations/bluewaters-island,sub,/locations/bluewaters-island,keep (sub)
party catering business bay,0,commercial,0,0.0,,35,,,,,"no tracked competitor in top 30, we #35",1.0,True,/locations/business-bay,sub,/locations/business-bay,keep (sub)
party catering difc,0,commercial,0,,,22,,,,,"no tracked competitor in top 30, we #22",1.0,True,/locations/difc,sub,/locations/difc,keep (sub)
party catering downtown dubai,0,commercial,0,,,n/a,,,,,,1.0,True,/locations/downtown-dubai,sub,/locations/downtown-dubai,keep (sub)
party catering dubai hills,0,commercial,0,0.0,,30,,,,,"no tracked competitor in top 30, we #30",1.0,True,/locations/dubai-hills,sub,/locations/dubai-hills,keep (sub)
party catering dubai marina,0,commercial,0,0.0,,,,,,,no tracked competitor in top 30,1.0,True,/locations/dubai-marina,sub,/locations/dubai-marina,keep (sub)
party catering emirates hills,0,commercial,0,,,n/a,,,,,,1.0,True,/locations/emirates-hills,sub,/locations/emirates-hills,keep (sub)
party catering jbr,0,commercial,0,,,n/a,,,,,,1.0,True,/locations/jbr,sub,/locations/jbr,keep (sub)
party catering jlt,0,commercial,0,0.0,,18,,,,,"no tracked competitor in top 30, we #18",0.67,False,/locations/jlt,sub,/locations/jlt,keep (sub)
party catering jumeirah,0,commercial,0,,,,,,,,no tracked competitor in top 30,1.0,True,/locations/jumeirah,sub,/locations/jumeirah,keep (sub)
party catering jvc,0,commercial,0,0.0,,,,,,,no tracked competitor in top 30,1.0,False,/locations/jvc,sub,/locations/jvc,keep (sub)
party catering packages dubai,0,commercial,0,0.2,,,,,,,no tracked competitor in top 30,0.67,False,/catering-packages-dubai,sub,/best-catering-companies-dubai,merge → /best-catering-companies-dubai
party catering palm jumeirah,0,commercial,0,0.0,,26,,,,,"no tracked competitor in top 30, we #26",1.0,True,/locations/palm-jumeirah,sub,/locations/palm-jumeirah,keep (sub)
party catering umm suqeim,0,informational,0,0.0,,29,,,,,"no tracked competitor in top 30, we #29",0.75,False,/locations/umm-suqeim,sub,/locations/umm-suqeim,keep (sub)
party food delivery dubai,0,,0,,,n/a,,,,,,1.0,True,/drop-off-catering-dubai,sub,/drop-off-catering-dubai,keep (sub)
party sandwiches catering near me,0,,0,,,n/a,,,,,,1.0,True,/cocktail-party-catering-dubai,sub,/cocktail-party-catering-dubai,keep (sub)
pastry chef for events dubai,0,commercial,0,0.44,,27,,,,,"no tracked competitor in top 30, we #27",1.0,False,/chefs/matteo-pastry-chef,sub,/chefs/matteo-pastry-chef,keep (sub)
paul catering menu dubai,0,transactional,0,0.06,,,,,,,no tracked competitor in top 30,0.67,False,/menus,sub,/menus,keep (sub)
personal chef,0,,0,0.11,,,,,,,no tracked competitor in top 30,1.0,True,/our-chefs,sub,/our-chefs,keep (sub)
personal chef al barsha,0,informational,0,0.1,,9,,,,,"no tracked competitor in top 30, we #9",0.75,False,/locations/al-barsha,sub,/locations/al-barsha,keep (sub)
personal chef arabian ranches,0,commercial,0,0.62,,23,,,,,"no tracked competitor in top 30, we #23",1.0,True,/locations/arabian-ranches,sub,/locations/arabian-ranches,keep (sub)
personal chef availability in dubai,0,commercial,0,0.71,,,,,,,no tracked competitor in top 30,1.0,True,/apartment-private-dining-dubai,sub,/apartment-private-dining-dubai,keep (sub)
personal chef bluewaters island,0,navigational,0,0.2,,18,,,,,"no tracked competitor in top 30, we #18",0.75,False,/locations/bluewaters-island,sub,/locations/bluewaters-island,keep (sub)
personal chef business bay,0,commercial,0,0.5,,27,,,,,"no tracked competitor in top 30, we #27",1.0,True,/locations/business-bay,sub,/apartment-private-dining-dubai,merge → /apartment-private-dining-dubai
personal chef difc,0,navigational,0,,,23,,,,,"no tracked competitor in top 30, we #23",1.0,True,/locations/difc,sub,/locations/downtown-dubai,merge → /locations/downtown-dubai
personal chef downtown dubai,0,transactional,0,0.5,,33,,,,,"no tracked competitor in top 30, we #33",1.0,True,/locations/downtown-dubai,sub,/apartment-private-dining-dubai,merge → /apartment-private-dining-dubai
personal chef dubai hills,0,commercial,0,0.3,,,,,,,no tracked competitor in top 30,1.0,True,/locations/dubai-hills,sub,/locations/dubai-hills,keep (sub)
personal chef dubai marina,0,commercial,0,0.83,,31,,,,,"no tracked competitor in top 30, we #31",1.0,True,/locations/dubai-marina,sub,/locations/dubai-marina,keep (sub)
personal chef emirates hills,0,commercial,0,,,n/a,,,,,,1.0,True,/locations/emirates-hills,sub,/locations/emirates-hills,keep (sub)
personal chef for meal prep cost,0,commercial,0,,,,,,,,no tracked competitor in top 30,1.0,True,/blog/weekly-meal-prep-vs-full-time-chef-dubai,sub,/blog/weekly-meal-prep-vs-full-time-chef-dubai,keep (sub)
personal chef jbr,0,commercial,0,0.62,,15,,,,,"no tracked competitor in top 30, we #15",1.0,True,/locations/jbr,sub,/locations/dubai-marina,merge → /locations/dubai-marina
personal chef jlt,0,commercial,0,0.71,,8,,,,,"no tracked competitor in top 30, we #8",0.67,False,/locations/jlt,sub,/locations/jlt,keep (sub)
personal chef jumeirah,0,commercial,0,,,n/a,,,,,,1.0,True,/locations/jumeirah,sub,/locations/jumeirah,keep (sub)
personal chef jvc,0,commercial,0,0.27,,,,,,,no tracked competitor in top 30,1.0,False,/locations/jvc,sub,/locations/jvc,keep (sub)
personal chef meal prep dubai,0,transactional,0,,,n/a,,,,,,1.0,True,/weekly-meal-prep-dubai,sub,/weekly-meal-prep-dubai,keep (sub)
personal chef meal prep near me cost,0,,0,,,n/a,,,,,,1.0,True,/fitness-meal-prep-dubai,sub,/fitness-meal-prep-dubai,keep (sub)
personal chef near me,0,,0,0.0,,,,,,,no tracked competitor in top 30,1.0,True,/part-time-private-chef-dubai,sub,/part-time-private-chef-dubai,keep (sub)
personal chef packages on offer in dubai,0,commercial,0,0.3,,27,,,,,"no tracked competitor in top 30, we #27",0.75,False,/how-it-works,sub,/apartment-private-dining-dubai,merge → /apartment-private-dining-dubai
personal chef palm jumeirah,0,commercial,0,0.33,,33,,,,,"no tracked competitor in top 30, we #33",1.0,True,/locations/palm-jumeirah,sub,/full-time-private-chef-dubai,merge → /full-time-private-chef-dubai
personal chef rates dubai,0,commercial,0,0.18,,,,,,,no tracked competitor in top 30,1.0,True,/blog/private-chef-date-night-dubai,sub,/blog/how-much-does-private-chef-cost-dubai,merge → /blog/how-much-does-private-chef-cost-dubai
personal chef services availability in dubai,0,commercial,0,0.33,,,,,,,no tracked competitor in top 30,1.0,True,/about,sub,/apartment-private-dining-dubai,merge → /apartment-private-dining-dubai
personal chef services faq,0,informational,0,0.07,,,,,,,no tracked competitor in top 30,1.0,True,/how-we-vet-our-chefs,sub,/how-we-vet-our-chefs,keep (sub)
personal chef services on offer in dubai,0,commercial,0,0.38,,,,,,,no tracked competitor in top 30,1.0,True,/about,sub,/private-chef-dubai/how-it-works,merge → /private-chef-dubai/how-it-works
personal chef services rates dubai,0,commercial,0,0.5,,,,,,,no tracked competitor in top 30,1.0,True,/private-chef-prices-dubai,sub,/blog/how-much-does-private-chef-cost-dubai,merge → /blog/how-much-does-private-chef-cost-dubai
personal chef services report,0,commercial,0,0.0,,,,,,,no tracked competitor in top 30,1.0,True,/how-we-vet-our-chefs,sub,/how-we-vet-our-chefs,keep (sub)
personal chef services reveal,0,,0,,,n/a,,,,,,1.0,True,/how-we-vet-our-chefs,sub,/how-we-vet-our-chefs,keep (sub)
personal chef umm suqeim,0,transactional,0,0.17,,12,,,,,"no tracked competitor in top 30, we #12",0.75,False,/locations/umm-suqeim,sub,/locations/umm-suqeim,keep (sub)
personal chefs in dubai,0,commercial,0,,,30,,,,,"no tracked competitor in top 30, we #30",1.0,True,/mychef-certified,sub,/private-chef-dubai/how-it-works,merge → /private-chef-dubai/how-it-works
personal chefs on offer in dubai,0,commercial,0,0.17,,34,,,,,"no tracked competitor in top 30, we #34",1.0,True,/how-we-vet-our-chefs,sub,/private-chef-dubai/how-it-works,merge → /private-chef-dubai/how-it-works
photoshoot catering dubai,0,transactional,0,0.08,,,,,,,no tracked competitor in top 30,1.0,True,/production-catering-dubai,sub,/production-catering-dubai,keep (sub)
plant based catering dubai,0,commercial,0,0.86,,11,,,,,"no tracked competitor in top 30, we #11",1.0,True,/vegan-catering-dubai,sub,/vegan-catering-dubai,keep (sub)
plant based catering near me,0,commercial,0,0.0,,,,,,,no tracked competitor in top 30,1.0,True,/blog/vegan-catering-dubai-guide,sub,/blog/vegan-catering-dubai-guide,keep (sub)
pool party catering price per person dubai,0,,0,,,n/a,,,,,,1.0,True,/cocktail-party-catering-dubai,sub,/cocktail-party-catering-dubai,keep (sub)
pop up catering dubai,0,commercial,0,0.0,,,,,,,no tracked competitor in top 30,1.0,True,/brand-activation-catering-dubai,sub,/brand-activation-catering-dubai,keep (sub)
postpartum chef dubai,0,,0,,,n/a,,,,,,1.0,True,/postpartum-meal-prep-dubai,sub,/postpartum-meal-prep-dubai,keep (sub)
postpartum meal delivery dubai,0,transactional,0,0.08,,,,,,,no tracked competitor in top 30,1.0,True,/postpartum-meal-prep-dubai,sub,/postpartum-meal-prep-dubai,keep (sub)
postpartum meal plan dubai,0,transactional,0,0.17,,,,,,,no tracked competitor in top 30,1.0,True,/postpartum-meal-prep-dubai,sub,/postpartum-meal-prep-dubai,keep (sub)
postpartum meal prep dubai,0,transactional,0,1.0,,,,,,,no tracked competitor in top 30,1.0,True,/postpartum-meal-prep-dubai,primary,/postpartum-meal-prep-dubai,keep (primary)
postpartum meal prep dubai price,0,commercial,0,0.17,,,,,,,no tracked competitor in top 30,1.0,True,/postpartum-meal-prep-dubai,sub,/postpartum-meal-prep-dubai,keep (sub)
postpartum meal prep menu dubai,0,transactional,0,0.15,,,,,,,no tracked competitor in top 30,1.0,True,/postpartum-meal-prep-dubai,sub,/postpartum-meal-prep-dubai,keep (sub)
postpartum meal prep packages dubai,0,commercial,0,0.17,,,,,,,no tracked competitor in top 30,1.0,True,/postpartum-meal-prep-dubai,sub,/postpartum-meal-prep-dubai,keep (sub)
practical meal prep dubai,0,,0,,,n/a,,,,,,1.0,True,/kids-nutrition-chef-dubai,sub,/kids-nutrition-chef-dubai,keep (sub)
practical meal prep uae,0,,0,,,n/a,,,,,,1.0,True,/fitness-meal-prep-dubai,sub,/fitness-meal-prep-dubai,keep (sub)
preferred caterer agreement,0,commercial,0,0.0,,,,,,,no tracked competitor in top 30,1.0,True,/venue-partners,sub,/venue-partners,keep (sub)
preferred caterer dubai,0,commercial,0,1.0,,,,,,,no tracked competitor in top 30,1.0,True,/venue-partners,primary,/venue-partners,keep (primary)
preferred caterer list,0,,0,,,n/a,,,,,,1.0,True,/how-to-choose-caterer-dubai,sub,/how-to-choose-caterer-dubai,keep (sub)
preferred caterer program,0,commercial,0,0.0,,,,,,,no tracked competitor in top 30,1.0,True,/venue-partners,sub,/venue-partners,keep (sub)
preferred caterers,0,,0,,,n/a,,,,,,1.0,True,/venue-partners,sub,/venue-partners,keep (sub)
preferred sonoma caterers,0,,0,,,n/a,,,,,,1.0,True,/venue-partners,sub,/venue-partners,keep (sub)
priority consideration private chef dubai,0,commercial,0,,,4,,,,,"no tracked competitor in top 30, we #4",1.0,True,/mychef-membership,sub,/mychef-membership,keep (sub)
private bbq chef dubai,0,,0,,,n/a,,,,,,1.0,True,/our-chefs,sub,/our-chefs,keep (sub)
private catering near me,0,,0,,,n/a,,,,,,1.0,False,/private-party-catering-dubai,sub,/private-party-catering-dubai,keep (sub)
private chef academy dubai,0,commercial,0,0.22,,,,,,,no tracked competitor in top 30,1.0,True,/chef-training-academy,sub,/chef-training-academy,keep (sub)
private chef agency dubai,0,commercial,0,0.33,,,,,,,no tracked competitor in top 30,1.0,True,/about,sub,/locations/dubai-hills,merge → /locations/dubai-hills
private chef airbnb dubai,0,transactional,0,0.21,,,,,,,no tracked competitor in top 30,1.0,True,/tourist-villa-chef-dubai,sub,/tourist-villa-chef-dubai,keep (sub)
private chef al barsha,0,informational,0,1.0,,12,,,,,"no tracked competitor in top 30, we #12",1.0,True,/locations/al-barsha,primary,/locations/al-barsha,keep (primary)
private chef and catering dubai,0,commercial,0,1.0,,18,,,,,"no tracked competitor in top 30, we #18",1.0,True,/,primary,/,keep (primary)
private chef apartment dubai price,0,commercial,0,0.0,,21,,,,,"no tracked competitor in top 30, we #21",1.0,True,/apartment-private-dining-dubai,sub,/apartment-private-dining-dubai,keep (sub)
private chef arabian ranches,0,commercial,0,1.0,,13,,,,,"no tracked competitor in top 30, we #13",1.0,True,/locations/arabian-ranches,primary,/locations/arabian-ranches,keep (primary)
private chef arabic food dubai,0,commercial,0,0.44,,34,,,,,"no tracked competitor in top 30, we #34",0.75,False,/chefs/layla-middle-eastern-chef,sub,/blog/private-chef-date-night-dubai,merge → /blog/private-chef-date-night-dubai
private chef background checks dubai,0,commercial,0,1.0,,17,,,,,"no tracked competitor in top 30, we #17",1.0,True,/how-we-vet-our-chefs,primary,/how-we-vet-our-chefs,keep (primary)
private chef birthday dinner cost dubai,0,commercial,0,,,n/a,,,,,,1.0,True,/blog/best-private-chef-birthday-dinner-dubai,sub,/blog/best-private-chef-birthday-dinner-dubai,keep (sub)
private chef bluewaters island,0,transactional,0,1.0,,8,,,,,"no tracked competitor in top 30, we #8",1.0,False,/locations/bluewaters-island,primary,/locations/bluewaters-island,keep (primary)
private chef booking process dubai,0,transactional,0,0.78,,27,,,,,"no tracked competitor in top 30, we #27",0.75,False,/how-it-works,sub,/how-it-works,keep (sub)
private chef brunch dubai,0,transactional,0,0.0,,32,,,,,"no tracked competitor in top 30, we #32",1.0,True,/blog/brunch-at-home-dubai,sub,/private-chef-dubai/how-it-works,merge → /private-chef-dubai/how-it-works
private chef business bay,0,transactional,0,1.0,,28,,,,,"no tracked competitor in top 30, we #28",1.0,True,/locations/business-bay,primary,/locations/business-bay,keep (primary)
private chef catering,0,,0,0.09,,1,,,,,"no tracked competitor in top 30, we #1",1.0,True,/private-chef-prices-dubai,sub,/private-chef-prices-dubai,keep (sub)
private chef catering company,0,commercial,0,0.15,,20,,,,,"no tracked competitor in top 30, we #20",1.0,True,/private-chef-vs-catering-dubai,sub,/locations/downtown-dubai,merge → /locations/downtown-dubai
private chef company dubai,0,commercial,0,1.0,,22,,,,,"no tracked competitor in top 30, we #22",1.0,True,/about,primary,/about,keep (primary)
private chef corporate dinner dubai,0,transactional,0,,,n/a,,,,,,1.0,True,/corporate-dinner-package-dubai,sub,/corporate-dinner-package-dubai,keep (sub)
private chef cost dc,0,,0,,,n/a,,,,,,1.0,True,/blog/how-much-does-private-chef-cost-dubai,sub,/blog/how-much-does-private-chef-cost-dubai,keep (sub)
private chef cost dubai,0,commercial,0,0.62,,28,,,,,"no tracked competitor in top 30, we #28",1.0,True,/private-chef-prices-dubai,sub,/blog/how-much-does-private-chef-cost-dubai,merge → /blog/how-much-does-private-chef-cost-dubai
private chef cost for 6 people dubai,0,commercial,0,0.56,,26,,,,,"no tracked competitor in top 30, we #26",1.0,True,/blog/how-much-does-private-chef-cost-dubai,sub,/blog/how-much-does-private-chef-cost-dubai,keep (sub)
private chef cost for dinner party,0,commercial,0,0.0,,,,,,,no tracked competitor in top 30,1.0,True,/blog/desert-dinner-party-dubai,sub,/blog/desert-dinner-party-dubai,keep (sub)
private chef cost per person dubai,0,commercial,0,0.67,,30,,,,,"no tracked competitor in top 30, we #30",1.0,True,/blog/how-much-does-private-chef-cost-dubai,sub,/blog/how-much-does-private-chef-cost-dubai,keep (sub)
private chef date night cost dubai,0,commercial,0,0.33,,22,,,,,"no tracked competitor in top 30, we #22",1.0,True,/blog/private-chef-date-night-dubai,sub,/blog/private-chef-date-night-dubai,keep (sub)
private chef date night dubai,0,transactional,0,1.0,,,,,,,no tracked competitor in top 30,1.0,True,/blog/private-chef-date-night-dubai,primary,/blog/private-chef-date-night-dubai,keep (primary)
private chef difc,0,navigational,0,1.0,,n/a,,,,,,1.0,True,/locations/difc,primary,/locations/difc,keep (primary)
private chef dinner for 2 cost,0,,0,,,n/a,,,,,,1.0,True,/corporate-dinner-package-dubai,sub,/corporate-dinner-package-dubai,keep (sub)
private chef dinner near me,0,,0,,,n/a,,,,,,1.0,False,/,sub,/,keep (sub)
private chef dinner party near me,0,commercial,0,0.2,,35,,,,,"no tracked competitor in top 30, we #35",1.0,True,/blog/best-private-chef-birthday-dinner-dubai,sub,/blog/best-private-chef-birthday-dinner-dubai,keep (sub)
private chef downtown dubai,0,transactional,0,1.0,,25,,,,,"no tracked competitor in top 30, we #25",1.0,True,/locations/downtown-dubai,primary,/locations/downtown-dubai,keep (primary)
private chef dubai daily,0,,0,,,n/a,,,,,,1.0,False,/private-chef-dubai,sub,/private-chef-dubai,keep (sub)
private chef dubai full time,0,,0,,,n/a,,,,,,1.0,False,/private-chef-dubai,sub,/private-chef-dubai,keep (sub)
private chef dubai hills,0,commercial,0,1.0,,28,,,,,"no tracked competitor in top 30, we #28",1.0,True,/locations/dubai-hills,primary,/locations/dubai-hills,keep (primary)
private chef dubai marina,0,commercial,0,1.0,,,,,,,no tracked competitor in top 30,1.0,True,/locations/dubai-marina,primary,/locations/dubai-marina,keep (primary)
private chef dubai marina menu,0,informational,0,0.08,,9,,,,,"no tracked competitor in top 30, we #9",1.0,True,/locations/dubai-marina,sub,/locations/dubai-marina,keep (sub)
private chef dubai price,0,commercial,0,1.0,,28,,,,,"no tracked competitor in top 30, we #28",1.0,True,/private-chef-prices-dubai,primary,/private-chef-prices-dubai,keep (primary)
private chef dubai price per day,0,commercial,0,,,n/a,,,,,,1.0,True,/private-chef-prices-dubai,sub,/private-chef-prices-dubai,keep (sub)
private chef dubai rates,0,commercial,0,,,n/a,,,,,,1.0,True,/private-chef-prices-dubai,sub,/private-chef-prices-dubai,keep (sub)
private chef emirates hills,0,commercial,0,1.0,,23,,,,,"no tracked competitor in top 30, we #23",1.0,True,/locations/emirates-hills,primary,/locations/emirates-hills,keep (primary)
private chef emirates hills villa,0,informational,0,,,n/a,,,,,,1.0,False,/locations/emirates-hills,sub,/locations/emirates-hills,keep (sub)
private chef event portfolio dubai,0,commercial,0,0.0,,20,,,,,"no tracked competitor in top 30, we #20",1.0,True,/case-studies,sub,/blog/private-chef-date-night-dubai,merge → /blog/private-chef-date-night-dubai
private chef food safety dubai,0,commercial,0,,,n/a,,,,,,1.0,True,/how-we-vet-our-chefs,sub,/how-we-vet-our-chefs,keep (sub)
private chef for a week dubai,0,transactional,0,0.4,,24,,,,,"no tracked competitor in top 30, we #24",1.0,True,/tourist-villa-chef-dubai,sub,/locations/dubai-hills,merge → /locations/dubai-hills
private chef for apartment dubai,0,transactional,0,1.0,,,,,,,no tracked competitor in top 30,1.0,True,/apartment-private-dining-dubai,primary,/apartment-private-dining-dubai,keep (primary)
private chef for birthday dinner dubai,0,transactional,0,1.0,,29,,,,,"no tracked competitor in top 30, we #29",1.0,True,/blog/best-private-chef-birthday-dinner-dubai,primary,/blog/best-private-chef-birthday-dinner-dubai,keep (primary)
private chef for dinner party dubai,0,transactional,0,0.22,,35,,,,,"no tracked competitor in top 30, we #35",1.0,False,/private-chef-dubai,sub,/blog/private-chef-date-night-dubai,merge → /blog/private-chef-date-night-dubai
private chef for tourists dubai,0,transactional,0,0.56,,,,,,,no tracked competitor in top 30,1.0,True,/tourist-villa-chef-dubai,sub,/blog/private-chef-date-night-dubai,merge → /blog/private-chef-date-night-dubai
private chef for two dubai,0,transactional,0,0.38,,27,,,,,"no tracked competitor in top 30, we #27",1.0,True,/blog/private-chef-date-night-dubai,sub,/our-chefs,merge → /our-chefs
private chef gift card dubai,0,commercial,0,,,n/a,,,,,,1.0,True,/gift-cards,sub,/gift-cards,keep (sub)
private chef holiday villa dubai,0,transactional,0,0.45,,18,,,,,"no tracked competitor in top 30, we #18",1.0,True,/tourist-villa-chef-dubai,sub,/locations/dubai-hills,merge → /locations/dubai-hills
private chef home catering,0,,0,,,n/a,,,,,,1.0,False,/,sub,/,keep (sub)
private chef how much,0,commercial,0,0.09,,,,,,,no tracked competitor in top 30,1.0,True,/blog/private-chef-date-night-dubai,sub,/blog/private-chef-date-night-dubai,keep (sub)
private chef italian food dubai,0,transactional,0,0.44,,,,,,,no tracked competitor in top 30,1.0,False,/chefs/marco-italian-chef,sub,/chefs/marco-italian-chef,keep (sub)
private chef jbr,0,commercial,0,1.0,,10,,,,,"no tracked competitor in top 30, we #10",1.0,True,/locations/jbr,primary,/locations/jbr,keep (primary)
private chef jlt,0,commercial,0,1.0,,6,,,,,"no tracked competitor in top 30, we #6",1.0,True,/locations/jlt,primary,/locations/jlt,keep (primary)
private chef jumeirah,0,commercial,0,1.0,,n/a,,,,,,1.0,True,/locations/jumeirah,primary,/locations/jumeirah,keep (primary)
private chef jvc,0,commercial,0,1.0,,26,,,,,"no tracked competitor in top 30, we #26",1.0,True,/locations/jvc,primary,/locations/jvc,keep (primary)
private chef luxury villa dubai hills,0,commercial,0,0.08,,,,,,,no tracked competitor in top 30,1.0,True,/locations/dubai-hills,sub,/locations/dubai-hills,keep (sub)
private chef meal prep dubai,0,transactional,0,0.0,,25,,,,,"no tracked competitor in top 30, we #25",1.0,True,/weekly-meal-prep-dubai,sub,/weekly-meal-prep-dubai,keep (sub)
private chef membership dubai,0,commercial,0,,,21,,,,,"no tracked competitor in top 30, we #21",1.0,True,/mychef-membership,sub,/blog/private-chef-date-night-dubai,merge → /blog/private-chef-date-night-dubai
private chef near me,0,,0,0.0,,,,,,,no tracked competitor in top 30,1.0,True,/private-chef-dubai,sub,/private-chef-dubai,keep (sub)
private chef near me dubai,0,transactional,0,,,n/a,,,,,,1.0,False,/private-chef-dubai,sub,/private-chef-dubai,keep (sub)
private chef near palm jumeirah,0,commercial,0,,,21,,,,,"no tracked competitor in top 30, we #21",1.0,True,/locations/jumeirah,sub,/locations/palm-jumeirah,merge → /locations/palm-jumeirah
private chef new years eve dubai,0,transactional,0,0.09,,18,,,,,"no tracked competitor in top 30, we #18",1.0,True,/blog/nye-party-catering-dubai,sub,/blog/nye-party-catering-dubai,keep (sub)
private chef or catering,0,commercial,0,0.5,,21,,,,,"no tracked competitor in top 30, we #21",1.0,True,/,sub,/,keep (sub)
private chef or catering for a party,0,commercial,0,0.23,,27,,,,,"no tracked competitor in top 30, we #27",1.0,True,/private-chef-vs-catering-dubai,sub,/blog/private-chef-date-night-dubai,merge → /blog/private-chef-date-night-dubai
private chef palm jumeirah,0,commercial,0,1.0,,25,,,,,"no tracked competitor in top 30, we #25",1.0,True,/locations/palm-jumeirah,primary,/locations/palm-jumeirah,keep (primary)
private chef palm springs,0,informational,0,,,,,,,,no tracked competitor in top 30,1.0,True,/blog/private-chef-palm-jumeirah-guide,sub,/blog/private-chef-palm-jumeirah-guide,keep (sub)
private chef party catering,0,,0,,,n/a,,,,,,0.75,False,/,sub,/,keep (sub)
private chef proposal dinner dubai,0,transactional,0,0.0,,,,,,,no tracked competitor in top 30,1.0,True,/proposal-dinner-dubai,sub,/private-chef-dubai/how-it-works,merge → /private-chef-dubai/how-it-works
private chef romantic dinner dubai,0,,0,,,n/a,,,,,,1.0,True,/romantic-dinner-dubai,sub,/romantic-dinner-dubai,keep (sub)
private chef service areas dubai,0,commercial,0,0.0,,27,,,,,"no tracked competitor in top 30, we #27",0.5,False,/locations,sub,/our-chefs,merge → /our-chefs
private chef service dubai,0,commercial,0,0.43,,25,,,,,"no tracked competitor in top 30, we #25",1.0,False,/private-chef-dubai,sub,/private-chef-dubai/how-it-works,merge → /private-chef-dubai/how-it-works
private chef set menu dubai,0,transactional,0,0.5,,29,,,,,"no tracked competitor in top 30, we #29",1.0,True,/tasting-menu-dubai,sub,/how-it-works,merge → /how-it-works
private chef tasting menu dubai,0,transactional,0,1.0,,23,,,,,"no tracked competitor in top 30, we #23",1.0,True,/tasting-menu-dubai,primary,/tasting-menu-dubai,keep (primary)
private chef tasting menu price per person dubai,0,commercial,0,0.31,,13,,,,,"no tracked competitor in top 30, we #13",1.0,True,/tasting-menu-dubai,sub,/tasting-menu-dubai,keep (sub)
private chef umm suqeim,0,transactional,0,1.0,,15,,,,,"no tracked competitor in top 30, we #15",1.0,True,/locations/umm-suqeim,primary,/locations/umm-suqeim,keep (primary)
private chef vacancies dubai,0,transactional,0,0.6,,,,,,,no tracked competitor in top 30,1.0,True,/become-a-mychef,sub,/become-a-mychef,keep on /become-a-mychef
private chef villa dubai,0,transactional,0,0.36,,,,,,,no tracked competitor in top 30,1.0,True,/villas-private-residences,sub,/blog/private-chef-date-night-dubai,merge → /blog/private-chef-date-night-dubai
private chef vs caterer cost dubai,0,commercial,0,,,n/a,,,,,,1.0,True,/private-chef-vs-catering-dubai,sub,/private-chef-vs-catering-dubai,keep (sub)
private chef vs catering,0,commercial,0,0.0,,,,,,,no tracked competitor in top 30,1.0,True,/blog/corporate-catering-full-service-vs-drop-off,sub,/blog/corporate-catering-full-service-vs-drop-off,keep (sub)
private chef vs catering dubai,0,commercial,0,1.0,,7,,,,,"no tracked competitor in top 30, we #7",1.0,True,/private-chef-vs-catering-dubai,primary,/private-chef-vs-catering-dubai,keep (primary)
private chef vs restaurant cost dubai,0,commercial,0,0.33,,28,,,,,"no tracked competitor in top 30, we #28",1.0,True,/blog/private-chef-vs-restaurant-dubai,sub,/blog/how-much-does-private-chef-cost-dubai,drop — off-intent
private chef vs restaurant dubai,0,commercial,0,1.0,,21,,,,,"no tracked competitor in top 30, we #21",1.0,True,/blog/private-chef-vs-restaurant-dubai,primary,/blog/private-chef-vs-restaurant-dubai,keep (primary)
private chef without managing staff dubai,0,transactional,0,0.2,,,,,,,no tracked competitor in top 30,0.8,False,/private-chef-dubai/how-it-works,sub,/private-chef-dubai/how-it-works,keep (sub)
private chef yacht dubai,0,transactional,0,0.08,,27,,,,,"no tracked competitor in top 30, we #27",1.0,True,/yachts,sub,/yachts,keep (sub)
private chefs table dubai price,0,commercial,0,0.17,,24,,,,,"no tracked competitor in top 30, we #24",1.0,True,/chefs-table-dubai,sub,/chefs-table-dubai,keep (sub)
private chefs table price per person dubai,0,commercial,0,0.06,,,,,,,no tracked competitor in top 30,1.0,True,/chefs-table-dubai,sub,/blog/how-much-does-private-chef-cost-dubai,merge → /blog/how-much-does-private-chef-cost-dubai
private classes for cooking,0,,0,,,n/a,,,,,,1.0,True,/live-cooking-stations-dubai,sub,/live-cooking-stations-dubai,keep (sub)
private cook in dubai,0,,0,,,n/a,,,,,,1.0,True,/our-chefs,sub,/our-chefs,keep (sub)
private cooking class dubai,0,,0,,,n/a,,,,,,1.0,True,/private-cooking-classes-dubai,sub,/private-cooking-classes-dubai,keep (sub)
private cooking classes catering dubai for couples,0,,0,,,n/a,,,,,,1.0,True,/gift-cards,sub,/gift-cards,keep (sub)
private cooking classes dubai,0,commercial,0,1.0,,34,,,,,"no tracked competitor in top 30, we #34",1.0,True,/private-cooking-classes-dubai,primary,/private-cooking-classes-dubai,keep (primary)
private cooking classes dubai price,0,commercial,0,,,n/a,,,,,,1.0,True,/private-cooking-classes-dubai,sub,/private-cooking-classes-dubai,keep (sub)
private desert dining dubai,0,informational,0,0.4,,,,,,,no tracked competitor in top 30,1.0,True,/desert-dining-dubai,sub,/desert-dining-dubai,keep (sub)
private dining al barsha,0,informational,0,0.0,,23,,,,,"no tracked competitor in top 30, we #23",1.0,False,/locations/al-barsha,sub,/locations/al-barsha,keep (sub)
private dining arabian ranches,0,commercial,0,0.0,,,,,,,no tracked competitor in top 30,1.0,True,/locations/arabian-ranches,sub,/locations/arabian-ranches,keep (sub)
private dining at home dubai,0,transactional,0,0.07,,31,,,,,"no tracked competitor in top 30, we #31",1.0,True,/guide/private-dining-dubai,sub,/guide/private-dining-dubai,keep (sub)
private dining at villa dubai,0,transactional,0,0.0,,24,,,,,"no tracked competitor in top 30, we #24",1.0,True,/villas-private-residences,sub,/villas-private-residences,keep (sub)
private dining bluewaters island,0,navigational,0,0.0,,,,,,,no tracked competitor in top 30,1.0,False,/locations/bluewaters-island,sub,/locations/bluewaters-island,keep (sub)
private dining business bay,0,commercial,0,,,n/a,,,,,,1.0,True,/locations/business-bay,sub,/locations/business-bay,keep (sub)
private dining chef,0,,0,0.09,,24,,,,,"no tracked competitor in top 30, we #24",1.0,True,/apartment-private-dining-dubai,sub,/apartment-private-dining-dubai,keep (sub)
private dining chef near me,0,commercial,0,,,,,,,,no tracked competitor in top 30,1.0,True,/blog/private-chef-palm-jumeirah-guide,sub,/blog/private-chef-date-night-dubai,merge → /blog/private-chef-date-night-dubai
private dining difc,0,commercial,0,,,,,,,,no tracked competitor in top 30,1.0,True,/locations/difc,sub,/locations/difc,keep (sub)
private dining downtown dubai,0,transactional,0,0.0,,,,,,,no tracked competitor in top 30,1.0,True,/locations/downtown-dubai,sub,/locations/downtown-dubai,keep (sub)
private dining dubai for couples,0,commercial,0,0.18,,,,,,,no tracked competitor in top 30,1.0,True,/guide/private-dining-dubai,sub,/guide/private-dining-dubai,keep (sub)
private dining dubai hills,0,commercial,0,,,n/a,,,,,,1.0,True,/locations/dubai-hills,sub,/locations/dubai-hills,keep (sub)
private dining dubai marina,0,informational,0,0.0,,,,,,,no tracked competitor in top 30,1.0,True,/locations/dubai-marina,sub,/locations/dubai-marina,keep (sub)
private dining emirates hills,0,navigational,0,0.0,,,,,,,no tracked competitor in top 30,1.0,True,/locations/emirates-hills,sub,/locations/emirates-hills,keep (sub)
private dining experience dubai,0,informational,0,0.86,,,,,,,no tracked competitor in top 30,1.0,True,/guide/private-dining-dubai,sub,/guide/private-dining-dubai,keep (sub)
private dining ideas dubai,0,commercial,0,0.88,,,,,,,no tracked competitor in top 30,1.0,True,/guide/private-dining-dubai,sub,/guide/private-dining-dubai,keep (sub)
private dining jbr,0,commercial,0,0.0,,29,,,,,"no tracked competitor in top 30, we #29",1.0,True,/locations/jbr,sub,/locations/jbr,keep (sub)
private dining jlt,0,commercial,0,0.0,,,,,,,no tracked competitor in top 30,1.0,False,/locations/jlt,sub,/locations/jlt,keep (sub)
private dining jumeirah,0,commercial,0,,,,,,,,no tracked competitor in top 30,1.0,True,/locations/jumeirah,sub,/locations/jumeirah,keep (sub)
private dining jvc,0,commercial,0,0.0,,,,,,,no tracked competitor in top 30,1.0,False,/locations/jvc,sub,/locations/jvc,keep (sub)
private dining palm jumeirah,0,commercial,0,0.0,,,,,,,no tracked competitor in top 30,1.0,True,/locations/palm-jumeirah,sub,/locations/palm-jumeirah,keep (sub)
private dining palm jumeirah dubai,0,informational,0,1.0,,n/a,,,,,,1.0,True,/blog/private-chef-palm-jumeirah-guide,primary,/blog/private-chef-palm-jumeirah-guide,keep (primary)
private dining trends dubai 2026,0,commercial,0,,,n/a,,,,,,1.0,True,/dubai-food-trends-report-2026,sub,/dubai-food-trends-report-2026,keep (sub)
private dining umm suqeim,0,transactional,0,0.0,,,,,,,no tracked competitor in top 30,1.0,False,/locations/umm-suqeim,sub,/locations/umm-suqeim,keep (sub)
private dinner cruise dubai price,0,,0,,,n/a,,,,,,1.0,True,/corporate-dinner-package-dubai,sub,/corporate-dinner-package-dubai,keep (sub)
private dinner date dubai,0,transactional,0,0.0,,,,,,,no tracked competitor in top 30,1.0,True,/blog/private-chef-date-night-dubai,sub,/blog/private-chef-date-night-dubai,keep (sub)
private dinner experience dubai,0,informational,0,0.0,,,,,,,no tracked competitor in top 30,1.0,True,/mystery-dining-dubai,sub,/mystery-dining-dubai,keep (sub)
private dinner package dubai,0,,0,,,n/a,,,,,,1.0,True,/date-night-package-dubai,sub,/date-night-package-dubai,keep (sub)
private dinner palm jumeirah,0,transactional,0,0.0,,,,,,,no tracked competitor in top 30,1.0,True,/locations/palm-jumeirah,sub,/locations/palm-jumeirah,keep (sub)
private dinner party dubai,0,transactional,0,0.86,,,,,,,no tracked competitor in top 30,1.0,True,/guide/private-dining-dubai,sub,/guide/private-dining-dubai,keep (sub)
private event catering dubai,0,commercial,0,0.33,,,,,,,no tracked competitor in top 30,1.0,False,/events,sub,/events,keep (sub)
private fine dining dubai,0,,0,,,n/a,,,,,,1.0,True,/halal-private-dining-dubai,sub,/halal-private-dining-dubai,keep (sub)
private italian chef near me,0,,0,,,n/a,,,,,,1.0,True,/italian-catering-dubai,sub,/italian-catering-dubai,keep (sub)
private jet catering aspen,0,,0,,,n/a,,,,,,0.75,False,/private-jet-catering-dubai,sub,/private-jet-catering-dubai,keep (sub)
private jet catering austin,0,,0,,,n/a,,,,,,0.75,False,/private-jet-catering-dubai,sub,/private-jet-catering-dubai,keep (sub)
private jet catering dubai,0,commercial,0,1.0,,,,,,,no tracked competitor in top 30,1.0,True,/private-jet-catering-dubai,primary,/private-jet-catering-dubai,keep (primary)
private jet catering farnborough,0,,0,,,n/a,,,,,,0.75,False,/private-jet-catering-dubai,sub,/private-jet-catering-dubai,keep (sub)
private jet catering menu prices,0,,0,,,n/a,,,,,,1.0,True,/tasting-menu-dubai,sub,/tasting-menu-dubai,keep (sub)
private jet chef dubai,0,transactional,0,0.06,,,,,,,no tracked competitor in top 30,1.0,False,/private-jet-catering-dubai,sub,/private-jet-catering-dubai,keep (sub)
private jet food dubai,0,informational,0,0.36,,,,,,,no tracked competitor in top 30,1.0,False,/private-jet-catering-dubai,sub,/private-jet-catering-dubai,keep (sub)
private jet meals dubai,0,commercial,0,0.36,,,,,,,no tracked competitor in top 30,0.67,False,/private-jet-catering-dubai,sub,/private-jet-catering-dubai,keep (sub)
private party catering cost per person dubai,0,commercial,0,,,n/a,,,,,,1.0,False,/private-party-catering-dubai,sub,/private-party-catering-dubai,keep (sub)
private party catering dubai,0,commercial,0,1.0,,,,,,,no tracked competitor in top 30,1.0,True,/private-party-catering-dubai,primary,/private-party-catering-dubai,keep (primary)
private party catering dubai price,0,commercial,0,,,n/a,,,,,,1.0,True,/private-party-catering-dubai,sub,/private-party-catering-dubai,keep (sub)
private party catering menu dubai,0,commercial,0,0.71,,,,,,,no tracked competitor in top 30,1.0,False,/private-party-catering-dubai,sub,/private-party-catering-dubai,keep (sub)
private party catering near me,0,,0,,,n/a,,,,,,1.0,True,/cocktail-party-catering-dubai,sub,/cocktail-party-catering-dubai,keep (sub)
private party catering packages dubai,0,commercial,0,0.83,,,,,,,no tracked competitor in top 30,1.0,False,/private-party-catering-dubai,sub,/private-party-catering-dubai,keep (sub)
private pastry chef dubai,0,commercial,0,1.0,,,,,,,no tracked competitor in top 30,1.0,False,/chefs/matteo-pastry-chef,primary,/chefs/matteo-pastry-chef,keep (primary)
private sushi chef dubai,0,,0,,,n/a,,,,,,1.0,True,/sushi-catering-dubai,sub,/sushi-catering-dubai,keep (sub)
private tasting menu dubai,0,commercial,0,,,n/a,,,,,,1.0,True,/tasting-menu-dubai,sub,/tasting-menu-dubai,keep (sub)
private yacht dinner dubai price,0,commercial,0,0.0,,,,,,,no tracked competitor in top 30,0.5,False,/partners/yacht-charters-dubai,sub,/partners/yacht-charters-dubai,keep (sub)
product launch catering dubai,0,commercial,0,1.0,,n/a,,,,,,1.0,True,/product-launch-catering-dubai,primary,/product-launch-catering-dubai,keep (primary)
product launch catering dubai cost per person,0,commercial,0,,,n/a,,,,,,1.0,True,/product-launch-catering-dubai,sub,/product-launch-catering-dubai,keep (sub)
product launch catering dubai price,0,commercial,0,,,2,,,,,"no tracked competitor in top 30, we #2",1.0,True,/product-launch-catering-dubai,sub,/product-launch-catering-dubai,keep (sub)
product launch catering menu dubai,0,commercial,0,,,4,,,,,"no tracked competitor in top 30, we #4",1.0,True,/product-launch-catering-dubai,sub,/product-launch-catering-dubai,keep (sub)
product launch catering packages dubai,0,commercial,0,,,n/a,,,,,,1.0,True,/product-launch-catering-dubai,sub,/product-launch-catering-dubai,keep (sub)
production catering companies dubai,0,commercial,0,,,n/a,,,,,,1.0,True,/production-catering-dubai,sub,/production-catering-dubai,keep (sub)
production catering dubai,0,commercial,0,1.0,,,,,,,no tracked competitor in top 30,1.0,True,/production-catering-dubai,primary,/production-catering-dubai,keep (primary)
production catering dubai cost per person,0,commercial,0,,,n/a,,,,,,1.0,True,/production-catering-dubai,sub,/production-catering-dubai,keep (sub)
production catering dubai price,0,commercial,0,0.33,,17,,,,,"no tracked competitor in top 30, we #17",1.0,True,/production-catering-dubai,sub,/production-catering-dubai,keep (sub)
production catering menu dubai,0,commercial,0,0.21,,31,,,,,"no tracked competitor in top 30, we #31",1.0,True,/production-catering-dubai,sub,/production-catering-dubai,keep (sub)
production catering packages dubai,0,commercial,0,0.45,,,,,,,no tracked competitor in top 30,1.0,True,/production-catering-dubai,sub,/production-catering-dubai,keep (sub)
proposal dinner dubai,0,transactional,0,1.0,,,,,,,no tracked competitor in top 30,1.0,True,/proposal-dinner-dubai,primary,/proposal-dinner-dubai,keep (primary)
proposal dinner dubai price,0,commercial,0,0.33,,,,,,,no tracked competitor in top 30,1.0,True,/proposal-dinner-dubai,sub,/proposal-dinner-dubai,keep (sub)
proposal dinner menu dubai,0,transactional,0,0.23,,,,,,,no tracked competitor in top 30,1.0,True,/proposal-dinner-dubai,sub,/proposal-dinner-dubai,keep (sub)
proposal dinner packages dubai,0,commercial,0,,,n/a,,,,,,1.0,True,/proposal-dinner-dubai,sub,/proposal-dinner-dubai,keep (sub)
pure veg catering dubai,0,transactional,0,0.56,,,,,,,no tracked competitor in top 30,1.0,True,/vegetarian-catering-dubai,sub,/vegetarian-catering-dubai,keep (sub)
questions to ask a caterer dubai,0,informational,0,0.06,,,,,,,no tracked competitor in top 30,1.0,True,/how-to-choose-caterer-dubai,sub,/how-to-choose-caterer-dubai,keep (sub)
ramadan catering cost per person dubai,0,commercial,0,0.06,,,,,,,no tracked competitor in top 30,1.0,True,/ramadan-catering-dubai,sub,/ramadan-catering-dubai,keep (sub)
ramadan catering dubai price,0,commercial,0,,,n/a,,,,,,1.0,True,/ramadan-catering-dubai,sub,/ramadan-catering-dubai,keep (sub)
ramadan catering guide dubai,0,commercial,0,1.0,,,,,,,no tracked competitor in top 30,1.0,True,/ramadan-catering-guide-dubai,primary,/ramadan-catering-guide-dubai,keep (primary)
ramadan catering in dubai,0,commercial,0,0.0,,,,,,,no tracked competitor in top 30,1.0,True,/blog/ramadan-iftar-catering-trends-2026,sub,/ramadan-catering-dubai,merge → /ramadan-catering-dubai
ramadan catering menu dubai,0,commercial,0,,,n/a,,,,,,1.0,True,/ramadan-catering-dubai,sub,/ramadan-catering-dubai,keep (sub)
ramadan catering packages dubai,0,commercial,0,0.36,,,,,,,no tracked competitor in top 30,1.0,True,/ramadan-catering-dubai,sub,/ramadan-catering-dubai,keep (sub)
ramadan catering trends dubai 2026,0,commercial,0,1.0,,19,,,,,"no tracked competitor in top 30, we #19",1.0,True,/blog/ramadan-iftar-catering-trends-2026,primary,/blog/ramadan-iftar-catering-trends-2026,keep (primary)
ramadan iftar buffet dubai price,0,commercial,0,0.0,,,,,,,no tracked competitor in top 30,1.0,True,/ramadan-catering-dubai,sub,/ramadan-catering-dubai,keep (sub)
ramadan iftar catering trends 2026,0,commercial,0,0.15,,,,,,,no tracked competitor in top 30,1.0,False,/blog/ramadan-iftar-catering-trends-2026,sub,/blog/ramadan-iftar-catering-trends-2026,keep (sub)
ramadan iftar catering trends dubai,0,commercial,0,0.31,,,,,,,no tracked competitor in top 30,1.0,True,/ramadan-catering-guide-dubai,sub,/ramadan-catering-guide-dubai,keep (sub)
ramadan majlis catering dubai,0,commercial,0,0.15,,,,,,,no tracked competitor in top 30,1.0,True,/ramadan-catering-dubai,sub,/ramadan-catering-dubai,keep (sub)
ramadan office catering dubai,0,,0,,,n/a,,,,,,0.67,False,/office-catering-dubai,sub,/office-catering-dubai,keep (sub)
ready to cook meals dubai,0,,0,,,n/a,,,,,,1.0,True,/staff-meals-catering-dubai,sub,/staff-meals-catering-dubai,keep (sub)
recurring corporate catering dubai,0,,0,,,n/a,,,,,,1.0,False,/corporate,sub,/corporate,keep (sub)
refer a friend catering dubai,0,transactional,0,0.0,,,,,,,no tracked competitor in top 30,1.0,True,/referral-programme,sub,/referral-programme,keep (sub)
romantic dinner at home dubai,0,,0,,,n/a,,,,,,1.0,True,/romantic-dinner-dubai,sub,/romantic-dinner-dubai,keep (sub)
romantic dinner dubai desert,0,informational,0,0.0,,,,,,,no tracked competitor in top 30,1.0,True,/romantic-dinner-dubai,sub,/romantic-dinner-dubai,keep (sub)
romantic dinner dubai for couples,0,informational,0,0.62,,,,,,,no tracked competitor in top 30,1.0,True,/romantic-dinner-dubai,sub,/romantic-dinner-dubai,keep (sub)
romantic dinner dubai marina,0,informational,0,0.17,,,,,,,no tracked competitor in top 30,1.0,True,/romantic-dinner-dubai,sub,/romantic-dinner-dubai,keep (sub)
romantic dinner dubai with a view,0,informational,0,0.44,,,,,,,no tracked competitor in top 30,1.0,True,/romantic-dinner-dubai,sub,/romantic-dinner-dubai,keep (sub)
romantic dinner ideas at home dubai,0,commercial,0,0.0,,,,,,,no tracked competitor in top 30,1.0,True,/blog/private-chef-date-night-dubai,sub,/blog/private-chef-date-night-dubai,keep (sub)
romantic proposal dinner dubai,0,,0,,,n/a,,,,,,1.0,True,/proposal-dinner-dubai,sub,/proposal-dinner-dubai,keep (sub)
sample catering menu dubai,0,transactional,0,,,n/a,,,,,,1.0,False,/menus,sub,/menus,keep (sub)
satvik catering dubai,0,commercial,0,0.0,,,,,,,no tracked competitor in top 30,1.0,True,/jain-catering-dubai,sub,/jain-catering-dubai,keep (sub)
shawarma live station,0,,0,,,n/a,,,,,,1.0,True,/live-cooking-stations-dubai,sub,/live-cooking-stations-dubai,keep (sub)
should i hire a chef or a caterer,0,commercial,0,0.0,,,,,,,no tracked competitor in top 30,1.0,True,/private-chef-vs-catering-dubai,sub,/private-chef-vs-catering-dubai,keep (sub)
simple yacht party menu ideas,0,informational,0,0.0,,,,,,,no tracked competitor in top 30,1.0,True,/blog/yacht-party-menu-ideas-dubai,sub,/blog/yacht-party-menu-ideas-dubai,keep (sub)
small catering cost calculator dubai,0,commercial,0,,,16,,,,,"no tracked competitor in top 30, we #16",1.0,True,/catering-cost-calculator-dubai,sub,/catering-cost-calculator-dubai,keep (sub)
small catering dubai party,0,commercial,0,0.18,,,,,,,no tracked competitor in top 30,1.0,True,/catering-dubai,sub,/birthday-catering-package-dubai,merge → /birthday-catering-package-dubai
small catering locations dubai,0,commercial,0,0.33,,,,,,,no tracked competitor in top 30,0.67,False,/locations,sub,/locations,keep (sub)
small catering menus dubai,0,commercial,0,0.08,,,,,,,no tracked competitor in top 30,0.67,False,/menus,sub,/menus,keep (sub)
small catering packages dubai,0,commercial,0,0.2,,,,,,,no tracked competitor in top 30,0.67,False,/catering-packages-dubai,sub,/catering-packages-dubai,keep (sub)
small corporate catering dubai,0,commercial,0,,,n/a,,,,,,0.67,False,/corporate,sub,/corporate,keep (sub)
small corporate event catering ideas dubai,0,commercial,0,0.3,,,,,,,no tracked competitor in top 30,1.0,True,/blog/corporate-event-catering-ideas-dubai,sub,/blog/corporate-event-catering-ideas-dubai,keep (sub)
small event catering dubai,0,commercial,0,0.18,,,,,,,no tracked competitor in top 30,1.0,False,/events,sub,/events,keep (sub)
small office catering dubai,0,,0,,,n/a,,,,,,0.67,False,/office-catering-dubai,sub,/office-catering-dubai,keep (sub)
small party catering dubai indian price list,0,,0,,,n/a,,,,,,0.83,False,/private-party-catering-dubai,sub,/private-party-catering-dubai,keep (sub)
small party catering in dubai,0,,0,,,n/a,,,,,,1.0,True,/baby-shower-catering-dubai,sub,/baby-shower-catering-dubai,keep (sub)
small villa catering ideas dubai,0,commercial,0,0.1,,,,,,,no tracked competitor in top 30,1.0,True,/villa-catering-ideas-dubai,sub,/villa-catering-ideas-dubai,keep (sub)
small wedding catering cost dubai,0,commercial,0,0.45,,2,,,,,"no tracked competitor in top 30, we #2",1.0,True,/blog/wedding-catering-cost-dubai,sub,/blog/wedding-catering-cost-dubai,keep (sub)
small wedding catering dubai,0,commercial,0,,,n/a,,,,,,1.0,True,/wedding-catering-dubai,sub,/wedding-catering-dubai,keep (sub)
small yacht catering dubai,0,commercial,0,0.36,,24,,,,,"no tracked competitor in top 30, we #24",0.67,False,/yachts,sub,/yachts,keep (sub)
small yacht catering guide dubai,0,commercial,0,,,14,,,,,"no tracked competitor in top 30, we #14",1.0,True,/yacht-catering-guide-dubai,sub,/yacht-catering-guide-dubai,keep (sub)
south indian catering dubai,0,,0,,,n/a,,,,,,1.0,True,/indian-catering-dubai,sub,/indian-catering-dubai,keep (sub)
staff lunch catering dubai,0,informational,0,,,31,,,,,"no tracked competitor in top 30, we #31",1.0,True,/staff-meals-catering-dubai,sub,/business-lunch-catering-dubai,merge → /business-lunch-catering-dubai
staff meals catering dubai,0,commercial,0,1.0,,n/a,,,,,,1.0,True,/staff-meals-catering-dubai,primary,/staff-meals-catering-dubai,keep (primary)
staff meals catering dubai cost per person,0,commercial,0,,,8,,,,,"no tracked competitor in top 30, we #8",1.0,True,/staff-meals-catering-dubai,sub,/staff-meals-catering-dubai,keep (sub)
staff meals catering dubai price,0,commercial,0,,,,,,,,no tracked competitor in top 30,1.0,True,/staff-meals-catering-dubai,sub,/staff-meals-catering-dubai,keep (sub)
staff meals dubai,0,informational,0,,,n/a,,,,,,1.0,True,/staff-meals-catering-dubai,sub,/staff-meals-catering-dubai,keep (sub)
suhoor planning guide dubai,0,informational,0,0.0,,,,,,,no tracked competitor in top 30,1.0,True,/ramadan-catering-guide-dubai,sub,/ramadan-catering-guide-dubai,keep (sub)
surprise cake delivery in dubai,0,transactional,0,0.0,18,,,,,,no tracked competitor in top 30,1.0,True,/mystery-dining-dubai,sub,/mystery-dining-dubai,keep (sub)
surprise dinner experience dubai,0,informational,0,1.0,,,,,,,no tracked competitor in top 30,1.0,True,/mystery-dining-dubai,primary,/mystery-dining-dubai,keep (primary)
surprise dinner experience dubai price,0,commercial,0,0.0,,,,,,,no tracked competitor in top 30,1.0,True,/mystery-dining-dubai,sub,/mystery-dining-dubai,keep (sub)
surprise dinner for two dubai,0,transactional,0,,,n/a,,,,,,1.0,True,/mystery-dining-dubai,sub,/mystery-dining-dubai,keep (sub)
surprise dinner package dubai,0,commercial,0,,,n/a,,,,,,1.0,True,/mystery-dining-dubai,sub,/mystery-dining-dubai,keep (sub)
sushi caterer dubai,0,,0,,,n/a,,,,,,1.0,True,/sushi-catering-dubai,sub,/sushi-catering-dubai,keep (sub)
sushi catering cost per person dubai,0,commercial,0,0.15,,,,,,,no tracked competitor in top 30,1.0,True,/sushi-catering-dubai,sub,/sushi-catering-dubai,keep (sub)
sushi catering dubai price,0,commercial,0,,,n/a,,,,,,1.0,True,/sushi-catering-dubai,sub,/sushi-catering-dubai,keep (sub)
sushi catering menu dubai,0,transactional,0,0.4,,,,,,,no tracked competitor in top 30,1.0,True,/sushi-catering-dubai,sub,/sushi-catering-dubai,keep (sub)
sushi catering packages dubai,0,commercial,0,,,n/a,,,,,,1.0,True,/sushi-catering-dubai,sub,/sushi-catering-dubai,keep (sub)
sushi chef at home dubai,0,informational,0,0.07,,,,,,,no tracked competitor in top 30,1.0,True,/sushi-catering-dubai,sub,/sushi-catering-dubai,keep (sub)
sushi platter dubai,0,,0,,,n/a,,,,,,1.0,True,/sushi-catering-dubai,sub,/sushi-catering-dubai,keep (sub)
sweet table dubai,0,informational,0,,,7,,,,,"no tracked competitor in top 30, we #7",1.0,False,/dessert-table-catering-dubai,sub,/dessert-table-catering-dubai,keep (sub)
tasting menu at home dubai,0,transactional,0,0.13,,,,,,,no tracked competitor in top 30,1.0,True,/tasting-menu-dubai,sub,/tasting-menu-dubai,keep (sub)
tasting menu birthday dubai,0,,0,,,n/a,,,,,,1.0,True,/tasting-menu-dubai,sub,/tasting-menu-dubai,keep (sub)
tasting menu courses,0,,0,,,n/a,,,,,,1.0,True,/tasting-menu-dubai,sub,/tasting-menu-dubai,keep (sub)
tasting menu dubai price,0,commercial,0,,,n/a,,,,,,1.0,True,/tasting-menu-dubai,sub,/tasting-menu-dubai,keep (sub)
tasting menu packages dubai,0,commercial,0,0.14,,,,,,,no tracked competitor in top 30,1.0,True,/tasting-menu-dubai,sub,/tasting-menu-dubai,keep (sub)
team dinner catering dubai,0,commercial,0,,,n/a,,,,,,1.0,True,/corporate-dinner-package-dubai,sub,/corporate-dinner-package-dubai,keep (sub)
team lunch catering dubai,0,commercial,0,0.18,,34,,,,,"no tracked competitor in top 30, we #34",1.0,False,/office-catering-dubai,sub,/office-catering-dubai,keep (sub)
the chefs table private chef and catering,0,commercial,0,,,,,,,,no tracked competitor in top 30,1.0,True,/mychef-certified,sub,/mychef-certified,keep (sub)
the italian supper food truck dubai menu,0,,0,,,n/a,,,,,,1.0,True,/italian-catering-dubai,sub,/italian-catering-dubai,keep (sub)
themed dinner party menu ideas,0,commercial,0,0.07,,,,,,,no tracked competitor in top 30,1.0,True,/blog/dinner-party-menu-ideas-dubai,sub,/blog/dinner-party-menu-ideas-dubai,keep (sub)
top 10 catering companies in uae,0,,0,,,n/a,,,,,,1.0,True,/cuisines-dubai,sub,/cuisines-dubai,keep (sub)
top catering providers in dubai,0,,0,,,n/a,,,,,,1.0,True,/cuisines-dubai,sub,/cuisines-dubai,keep (sub)
top catering services provider in dubai,0,commercial,0,0.0,,,,,,,no tracked competitor in top 30,1.0,True,/brand-activation-catering-dubai,sub,/best-catering-companies-dubai,merge → /best-catering-companies-dubai
top catering services providers in dubai,0,commercial,0,0.0,,,,,,,no tracked competitor in top 30,1.0,True,/partner-with-us,sub,/best-catering-companies-dubai,merge → /best-catering-companies-dubai
top chef offering catering in dubai,0,transactional,0,0.0,,20,,,,,"no tracked competitor in top 30, we #20",0.5,False,/,sub,/,keep (sub)
top chef offering home in dubai,0,transactional,0,0.08,,33,,,,,"no tracked competitor in top 30, we #33",1.0,True,/tourist-villa-chef-dubai,sub,/tourist-villa-chef-dubai,keep (sub)
top event planner offering catering in dubai,0,commercial,0,0.18,,,,,,,no tracked competitor in top 30,0.6,False,/corporate-event-catering-dubai,sub,/corporate-event-catering-dubai,keep (sub)
top personal chef in dubai,0,commercial,0,0.33,,,,,,,no tracked competitor in top 30,0.33,False,/chefs/layla-middle-eastern-chef,sub,/apartment-private-dining-dubai,merge → /apartment-private-dining-dubai
top personal chef provider in dubai,0,commercial,0,0.18,,,,,,,no tracked competitor in top 30,0.25,False,/chefs/layla-middle-eastern-chef,sub,/private-chef-dubai/how-it-works,merge → /private-chef-dubai/how-it-works
top personal chef providers in dubai,0,commercial,0,0.27,,,,,,,no tracked competitor in top 30,1.0,True,/full-time-private-chef-dubai,sub,/apartment-private-dining-dubai,merge → /apartment-private-dining-dubai
top personal chef services policies,0,,0,,,n/a,,,,,,1.0,True,/how-we-vet-our-chefs,sub,/how-we-vet-our-chefs,keep (sub)
top personal chef services provider in dubai,0,commercial,0,0.33,,,,,,,no tracked competitor in top 30,1.0,True,/about,sub,/our-chefs,merge → /our-chefs
top personal chef services providers in dubai,0,commercial,0,0.2,,,,,,,no tracked competitor in top 30,0.2,False,/chefs/layla-middle-eastern-chef,sub,/apartment-private-dining-dubai,merge → /apartment-private-dining-dubai
top rated catering services in dubai,0,commercial,0,0.08,,,,,,,no tracked competitor in top 30,1.0,True,/cuisines-dubai,sub,/best-catering-companies-dubai,merge → /best-catering-companies-dubai
trade show catering dubai,0,commercial,0,0.25,,,,,,,no tracked competitor in top 30,1.0,True,/exhibition-catering-dubai,sub,/exhibition-catering-dubai,drop — off-intent
uae food trends 2026,0,informational,0,,,n/a,,,,,,1.0,True,/dubai-food-trends-report-2026,sub,/dubai-food-trends-report-2026,keep (sub)
uae national day catering cost per person dubai,0,commercial,0,0.15,,24,,,,,"no tracked competitor in top 30, we #24",1.0,True,/uae-national-day-catering-dubai,sub,/uae-national-day-catering-dubai,keep (sub)
uae national day catering dubai,0,commercial,0,1.0,,,,,,,no tracked competitor in top 30,1.0,True,/uae-national-day-catering-dubai,primary,/uae-national-day-catering-dubai,keep (primary)
uae national day catering dubai price,0,commercial,0,,,n/a,,,,,,1.0,True,/uae-national-day-catering-dubai,sub,/uae-national-day-catering-dubai,keep (sub)
uae national day catering menu dubai,0,transactional,0,,,n/a,,,,,,1.0,True,/uae-national-day-catering-dubai,sub,/uae-national-day-catering-dubai,keep (sub)
uae national day catering packages dubai,0,commercial,0,,,n/a,,,,,,1.0,True,/uae-national-day-catering-dubai,sub,/uae-national-day-catering-dubai,keep (sub)
unique dining experience dubai,0,,0,,,n/a,,,,,,1.0,True,/mystery-dining-dubai,sub,/mystery-dining-dubai,keep (sub)
vacation villa with chef,0,,0,,,n/a,,,,,,1.0,True,/tourist-villa-chef-dubai,sub,/tourist-villa-chef-dubai,keep (sub)
valentines day dinner at home dubai,0,,0,,,n/a,,,,,,1.0,True,/uae-national-day-catering-dubai,sub,/uae-national-day-catering-dubai,keep (sub)
valentines day special dinner,0,,0,,,n/a,,,,,,1.0,True,/uae-national-day-catering-dubai,sub,/uae-national-day-catering-dubai,keep (sub)
valentines private dinner dubai,0,,0,,,n/a,,,,,,1.0,True,/romantic-dinner-dubai,sub,/romantic-dinner-dubai,keep (sub)
veg catering dubai,0,commercial,0,0.44,,,,,,,no tracked competitor in top 30,1.0,True,/vegetarian-catering-dubai,sub,/vegetarian-catering-dubai,keep (sub)
veg food in dubai price,0,commercial,0,,,,,,,,no tracked competitor in top 30,1.0,True,/influencer-partnerships,sub,/influencer-partnerships,keep (sub)
vegan cakes in dubai,0,,0,,,n/a,,,,,,1.0,True,/vegan-catering-dubai,sub,/vegan-catering-dubai,keep (sub)
vegan caterers dubai,0,commercial,0,0.4,,26,,,,,"no tracked competitor in top 30, we #26",1.0,True,/vegan-catering-dubai,sub,/vegan-catering-dubai,keep (sub)
vegan catering cost per person dubai,0,commercial,0,0.15,,3,,,,,"no tracked competitor in top 30, we #3",1.0,True,/vegan-catering-dubai,sub,/vegan-catering-dubai,keep (sub)
vegan catering dubai price,0,commercial,0,0.5,,4,,,,,"no tracked competitor in top 30, we #4",1.0,True,/vegan-catering-dubai,sub,/vegan-catering-dubai,keep (sub)
vegan catering menu dubai,0,transactional,0,0.4,,12,,,,,"no tracked competitor in top 30, we #12",1.0,True,/vegan-catering-dubai,sub,/vegan-catering-dubai,keep (sub)
vegan catering packages dubai,0,commercial,0,0.45,,18,,,,,"no tracked competitor in top 30, we #18",1.0,True,/vegan-catering-dubai,sub,/vegan-catering-dubai,keep (sub)
vegan christmas dinner dubai,0,,0,,,n/a,,,,,,1.0,True,/vegan-catering-dubai,sub,/vegan-catering-dubai,keep (sub)
vegan fine dining ideas,0,commercial,0,0.0,,,,,,,no tracked competitor in top 30,1.0,True,/blog/vegan-catering-dubai-guide,sub,/blog/vegan-catering-dubai-guide,keep (sub)
vegan food dubai,0,,0,,,n/a,,,,,,1.0,True,/vegan-catering-dubai,sub,/vegan-catering-dubai,keep (sub)
vegan meal service dubai,0,commercial,0,0.0,,,,,,,no tracked competitor in top 30,1.0,True,/blog/vegan-catering-dubai-guide,sub,/blog/vegan-catering-dubai-guide,keep (sub)
vegan menu ideas dubai,0,commercial,0,1.0,,,,,,,no tracked competitor in top 30,1.0,True,/blog/vegan-catering-dubai-guide,primary,/blog/vegan-catering-dubai-guide,keep (primary)
vegan party food ideas dubai,0,commercial,0,0.07,,10,,,,,"no tracked competitor in top 30, we #10",1.0,True,/blog/vegan-catering-dubai-guide,sub,/blog/vegan-catering-dubai-guide,keep (sub)
vegan private chef dubai,0,transactional,0,0.0,,34,,,,,"no tracked competitor in top 30, we #34",1.0,True,/vegan-catering-dubai,sub,/vegan-catering-dubai,keep (sub)
vegan ready meals dubai,0,,0,,,n/a,,,,,,1.0,True,/vegan-catering-dubai,sub,/vegan-catering-dubai,keep (sub)
vegetarian buffet catering dubai,0,commercial,0,0.75,,,,,,,no tracked competitor in top 30,1.0,True,/vegetarian-catering-dubai,sub,/vegetarian-catering-dubai,keep (sub)
vegetarian catering cost per person dubai,0,commercial,0,0.18,,,,,,,no tracked competitor in top 30,1.0,True,/vegetarian-catering-dubai,sub,/vegetarian-catering-dubai,keep (sub)
vegetarian catering dubai price,0,commercial,0,,,n/a,,,,,,1.0,True,/vegetarian-catering-dubai,sub,/vegetarian-catering-dubai,keep (sub)
vegetarian catering menu dubai,0,informational,0,0.75,,33,,,,,"no tracked competitor in top 30, we #33",1.0,True,/vegetarian-catering-dubai,sub,/vegetarian-catering-dubai,keep (sub)
vegetarian catering packages dubai,0,commercial,0,0.62,,,,,,,no tracked competitor in top 30,1.0,True,/vegetarian-catering-dubai,sub,/vegetarian-catering-dubai,keep (sub)
vegetarian diwali catering dubai,0,transactional,0,0.45,,,,,,,no tracked competitor in top 30,1.0,True,/diwali-catering-dubai,sub,/diwali-catering-dubai,keep (sub)
vegetarian meal plans dubai,0,,0,,,n/a,,,,,,1.0,True,/vegetarian-catering-dubai,sub,/vegetarian-catering-dubai,keep (sub)
vegetarian meals for catering,0,,0,,,n/a,,,,,,1.0,True,/vegetarian-catering-dubai,sub,/vegetarian-catering-dubai,keep (sub)
venue catering partnership dubai,0,commercial,0,0.0,,22,,,,,"no tracked competitor in top 30, we #22",1.0,True,/venue-partners,sub,/venue-partners,keep (sub)
venues that allow outside catering dubai,0,commercial,0,0.0,,,,,,,no tracked competitor in top 30,1.0,True,/venue-partners,sub,/venue-partners,keep (sub)
verified private chef dubai,0,informational,0,,,28,,,,,"no tracked competitor in top 30, we #28",1.0,True,/mychef-certified,sub,/private-chef-dubai/how-it-works,merge → /private-chef-dubai/how-it-works
villa and yacht catering partners dubai,0,commercial,0,,,n/a,,,,,,1.0,True,/villa-catering-ideas-dubai,sub,/villa-catering-ideas-dubai,keep (sub)
villa bbq catering dubai,0,commercial,0,0.45,,12,,,,,"no tracked competitor in top 30, we #12",1.0,True,/bbq-catering-dubai,sub,/bbq-catering-dubai,keep (sub)
villa brunch catering dubai,0,informational,0,0.0,,18,,,,,"no tracked competitor in top 30, we #18",1.0,True,/brunch-catering-dubai,sub,/brunch-catering-dubai,keep (sub)
villa catering dubai,0,transactional,0,,,n/a,,,,,,1.0,True,/villas-private-residences,sub,/villas-private-residences,keep (sub)
villa catering dubai menu,0,transactional,0,0.0,,15,,,,,"no tracked competitor in top 30, we #15",1.0,True,/villas-private-residences,sub,/villas-private-residences,keep (sub)
villa catering ideas dubai,0,commercial,0,1.0,,22,,,,,"no tracked competitor in top 30, we #22",1.0,True,/villa-catering-ideas-dubai,primary,/villa-catering-ideas-dubai,keep (primary)
villa catering package dubai,0,commercial,0,,,6,,,,,"no tracked competitor in top 30, we #6",0.67,False,/partners/villa-rentals-dubai,sub,/partners/villa-rentals-dubai,keep (sub)
villa chef dubai,0,transactional,0,1.0,,7,,,,,"no tracked competitor in top 30, we #7",1.0,True,/villas-private-residences,primary,/villas-private-residences,keep (primary)
villa chef palm jumeirah,0,informational,0,0.13,,26,,,,,"no tracked competitor in top 30, we #26",1.0,True,/locations/palm-jumeirah,sub,/locations/palm-jumeirah,keep (sub)
villa dinner party dubai,0,transactional,0,,,n/a,,,,,,1.0,True,/villas-private-residences,sub,/villas-private-residences,keep (sub)
villa dinner party ideas dubai,0,commercial,0,0.0,,,,,,,no tracked competitor in top 30,1.0,True,/villa-catering-ideas-dubai,sub,/villa-catering-ideas-dubai,keep (sub)
villa party food ideas dubai,0,commercial,0,0.0,,,,,,,no tracked competitor in top 30,1.0,True,/villa-catering-ideas-dubai,sub,/villa-catering-ideas-dubai,keep (sub)
villa private chef,0,transactional,0,,,26,,,,,"no tracked competitor in top 30, we #26",1.0,True,/partners/villa-rentals-dubai,sub,/partners/villa-rentals-dubai,keep (sub)
villa rentals partnership dubai,0,commercial,0,1.0,,n/a,,,,,,1.0,False,/partners/villa-rentals-dubai,primary,/partners/villa-rentals-dubai,keep (primary)
villa with private chef jamaica,0,,0,,,n/a,,,,,,1.0,True,/tourist-villa-chef-dubai,sub,/tourist-villa-chef-dubai,keep (sub)
villa with private chef thailand,0,,0,,,n/a,,,,,,1.0,True,/tourist-villa-chef-dubai,sub,/tourist-villa-chef-dubai,keep (sub)
vip corporate catering dubai,0,commercial,0,0.0,,,,,,,no tracked competitor in top 30,0.67,False,/corporate,sub,/corporate,keep (sub)
vip dining club dubai,0,informational,0,0.0,,,,,,,no tracked competitor in top 30,1.0,True,/vip-club,sub,/vip-club,keep (sub)
vip government dining dubai,0,transactional,0,0.0,,,,,,,no tracked competitor in top 30,1.0,True,/vip-club,sub,/vip-club,keep (sub)
wedding buffet catering dubai,0,commercial,0,,,n/a,,,,,,1.0,True,/wedding-catering-dubai,sub,/wedding-catering-dubai,keep (sub)
wedding buffet menu ideas dubai,0,commercial,0,0.23,,,,,,,no tracked competitor in top 30,1.0,False,/wedding-catering-menu-planning-dubai,sub,/wedding-catering-menu-planning-dubai,keep (sub)
wedding buffet vs plated dubai,0,commercial,0,0.36,,,,,,,no tracked competitor in top 30,1.0,True,/buffet-vs-plated-dubai,sub,/buffet-vs-plated-dubai,keep (sub)
wedding caterers dubai,0,commercial,0,0.3,,,,,,,no tracked competitor in top 30,1.0,True,/wedding-catering-dubai,sub,/wedding-catering-dubai,keep (sub)
wedding catering blog dubai,0,,0,,,n/a,,,,,,1.0,True,/wedding-catering-dubai,sub,/wedding-catering-dubai,keep (sub)
wedding catering checklist dubai,0,informational,0,1.0,,6,,,,,"no tracked competitor in top 30, we #6",1.0,True,/wedding-catering-checklist-dubai,primary,/wedding-catering-checklist-dubai,keep (primary)
wedding catering cost calculator dubai,0,commercial,0,,,2,,,,,"no tracked competitor in top 30, we #2",1.0,True,/catering-cost-calculator-dubai,sub,/catering-cost-calculator-dubai,keep (sub)
wedding catering cost dubai,0,commercial,0,1.0,,2,,,,,"no tracked competitor in top 30, we #2",1.0,True,/blog/wedding-catering-cost-dubai,primary,/blog/wedding-catering-cost-dubai,keep (primary)
wedding catering cost dubai 2026,0,commercial,0,0.33,,2,,,,,"no tracked competitor in top 30, we #2",1.0,False,/blog/wedding-catering-cost-dubai,sub,/blog/wedding-catering-cost-dubai,keep (sub)
wedding catering cost for 100 guests dubai,0,commercial,0,,,n/a,,,,,,0.8,False,/blog/wedding-catering-cost-dubai,sub,/blog/wedding-catering-cost-dubai,keep (sub)
wedding catering cost per person dubai,0,commercial,0,0.6,,2,,,,,"no tracked competitor in top 30, we #2",1.0,False,/blog/wedding-catering-cost-dubai,sub,/blog/wedding-catering-cost-dubai,keep (sub)
wedding catering in dubai,0,,0,,,n/a,,,,,,1.0,True,/dessert-table-catering-dubai,sub,/dessert-table-catering-dubai,keep (sub)
wedding catering menu planning dubai,0,commercial,0,0.44,,2,,,,,"no tracked competitor in top 30, we #2",1.0,False,/wedding-catering-menu-planning-dubai,sub,/wedding-catering-menu-planning-dubai,keep (sub)
wedding catering packages dubai,0,commercial,0,0.3,,35,,,,,"no tracked competitor in top 30, we #35",1.0,True,/wedding-catering-dubai,sub,/catering-packages-dubai,merge → /catering-packages-dubai
wedding catering price per person dubai,0,commercial,0,0.0,,2,,,,,"no tracked competitor in top 30, we #2",1.0,True,/wedding-catering-dubai,sub,/wedding-catering-dubai,keep (sub)
wedding catering questions to ask,0,informational,0,0.0,,,,,,,no tracked competitor in top 30,1.0,True,/wedding-catering-checklist-dubai,sub,/wedding-catering-checklist-dubai,keep (sub)
wedding catering timeline dubai,0,informational,0,0.12,,12,,,,,"no tracked competitor in top 30, we #12",1.0,False,/wedding-catering-checklist-dubai,sub,/wedding-catering-checklist-dubai,keep (sub)
wedding drop off catering,0,commercial,0,0.08,,,,,,,no tracked competitor in top 30,1.0,True,/blog/corporate-catering-full-service-vs-drop-off,sub,/blog/corporate-catering-full-service-vs-drop-off,keep (sub)
wedding event catering dubai,0,commercial,0,0.33,,,,,,,no tracked competitor in top 30,1.0,False,/events,sub,/corporate-event-catering-dubai,merge → /corporate-event-catering-dubai
wedding food ideas dubai,0,commercial,0,0.14,,,,,,,no tracked competitor in top 30,1.0,False,/wedding-catering-menu-planning-dubai,sub,/wedding-catering-menu-planning-dubai,keep (sub)
wedding food packages dubai,0,commercial,0,0.09,,25,,,,,"no tracked competitor in top 30, we #25",1.0,True,/wedding-catering-dubai,sub,/wedding-catering-dubai,keep (sub)
wedding menu ideas dubai,0,commercial,0,0.33,,6,,,,,"no tracked competitor in top 30, we #6",1.0,False,/wedding-catering-menu-planning-dubai,sub,/wedding-catering-menu-planning-dubai,keep (sub)
wedding menu planning dubai,0,transactional,0,1.0,,1,,,,,"no tracked competitor in top 30, we #1",1.0,True,/wedding-catering-menu-planning-dubai,primary,/wedding-catering-menu-planning-dubai,keep (primary)
wedding menu planning dubai checklist,0,informational,0,0.23,,6,,,,,"no tracked competitor in top 30, we #6",1.0,False,/wedding-catering-menu-planning-dubai,sub,/wedding-catering-menu-planning-dubai,keep (sub)
wednesday night dinner dubai,0,informational,0,0.0,,,,,,,no tracked competitor in top 30,1.0,True,/date-night-package-dubai,sub,/date-night-package-dubai,keep (sub)
weekly meal plan dubai,0,,0,,,n/a,,,,,,1.0,True,/weekly-meal-prep-dubai,sub,/weekly-meal-prep-dubai,keep (sub)
weekly meal prep dubai,0,transactional,0,0.62,,,,,,,no tracked competitor in top 30,1.0,True,/weekly-meal-prep-dubai,sub,/weekly-meal-prep-dubai,keep (sub)
weekly meal prep vs private chef dubai,0,commercial,0,,,20,,,,,"no tracked competitor in top 30, we #20",1.0,True,/blog/weekly-meal-prep-vs-full-time-chef-dubai,sub,/blog/weekly-meal-prep-vs-full-time-chef-dubai,keep (sub)
weekly office catering dubai,0,commercial,0,,,n/a,,,,,,1.0,False,/office-catering-dubai,sub,/office-catering-dubai,keep (sub)
wellness meal prep dubai,0,commercial,0,,,n/a,,,,,,1.0,True,/wellness-meal-prep-dubai,sub,/wellness-meal-prep-dubai,keep (sub)
what are common red flags with catering companies,0,commercial,0,0.07,,5,,,,,"no tracked competitor in top 30, we #5",0.43,False,/faq,sub,/faq,keep (sub)
what are current trends in the catering industry,0,informational,0,0.0,,,,,,,no tracked competitor in top 30,0.83,False,/blog/ramadan-iftar-catering-trends-2026,sub,/blog/ramadan-iftar-catering-trends-2026,keep (sub)
what are the big food trends for 2026,0,informational,0,0.0,,,,,,,no tracked competitor in top 30,1.0,True,/dubai-food-trends-report-2026,sub,/dubai-food-trends-report-2026,keep (sub)
what are the event catering trends in 2026,0,informational,0,0.0,,,,,,,no tracked competitor in top 30,1.0,False,/blog/ramadan-iftar-catering-trends-2026,sub,/blog/ramadan-iftar-catering-trends-2026,keep (sub)
what are the food design trends in 2026,0,informational,0,0.0,,,,,,,no tracked competitor in top 30,1.0,True,/dubai-food-trends-report-2026,sub,/dubai-food-trends-report-2026,keep (sub)
what do you need to cater an event,0,informational,0,0.07,,,,,,,no tracked competitor in top 30,0.8,False,/blog/halal-private-dining-dubai-what-to-ask,sub,/blog/halal-private-dining-dubai-what-to-ask,keep (sub)
what does preferred caterer mean,0,informational,0,0.0,,,,,,,no tracked competitor in top 30,0.5,False,/venue-partners,sub,/venue-partners,keep (sub)
what food to bring on a yacht dubai,0,informational,0,0.0,,,,,,,no tracked competitor in top 30,0.75,False,/blog/yacht-party-menu-ideas-dubai,sub,/blog/yacht-party-menu-ideas-dubai,keep (sub)
what happens if my chef cancels dubai,0,informational,0,0.0,,15,,,,,"no tracked competitor in top 30, we #15",1.0,True,/booking-protection-insurance,sub,/booking-protection-insurance,keep (sub)
what if catering goes wrong dubai,0,informational,0,0.07,,16,,,,,"no tracked competitor in top 30, we #16",1.0,True,/quality-guarantee-dubai,sub,/quality-guarantee-dubai,keep (sub)
what is a dubai style brunch,0,informational,0,0.0,,,,,,,no tracked competitor in top 30,1.0,True,/blog/brunch-at-home-dubai,sub,/blog/brunch-at-home-dubai,keep (sub)
what is a good at home brunch menu,0,informational,0,0.0,,,,,,,no tracked competitor in top 30,1.0,False,/blog/brunch-at-home-dubai,sub,/blog/brunch-at-home-dubai,keep (sub)
what is a good catering menu,0,,0,,,n/a,,,,,,0.75,False,/menus,sub,/menus,keep (sub)
what is a grazing table dubai,0,informational,0,0.13,,,,,,,no tracked competitor in top 30,1.0,False,/blog/grazing-table-vs-buffet-dubai,sub,/blog/grazing-table-vs-buffet-dubai,keep (sub)
what is drop off catering dubai,0,commercial,0,0.25,,31,,,,,"no tracked competitor in top 30, we #31",1.0,False,/blog/corporate-catering-full-service-vs-drop-off,sub,/blog/corporate-catering-full-service-vs-drop-off,keep (sub)
what is gala dinner,0,,0,,,n/a,,,,,,1.0,True,/gala-dinner-catering-dubai,sub,/gala-dinner-catering-dubai,keep (sub)
what is included in a date night package dubai,0,commercial,0,0.23,,,,,,,no tracked competitor in top 30,1.0,False,/date-night-package-dubai,sub,/date-night-package-dubai,keep (sub)
what is included in birthday catering package dubai,0,commercial,0,0.27,,26,,,,,"no tracked competitor in top 30, we #26",1.0,False,/birthday-catering-package-dubai,sub,/birthday-catering-dubai,merge → /birthday-catering-dubai
what is the largest catering company,0,commercial,0,0.08,,,,,,,no tracked competitor in top 30,0.25,False,/locations,sub,/locations,keep (sub)
what questions to ask for a catering service,0,informational,0,0.0,,,,,,,no tracked competitor in top 30,1.0,False,/faq,sub,/faq,keep (sub)
what to ask a caterer dubai,0,informational,0,0.31,,,,,,,no tracked competitor in top 30,1.0,False,/blog/halal-private-dining-dubai-what-to-ask,sub,/blog/halal-private-dining-dubai-what-to-ask,keep (sub)
what to ask a corporate caterer dubai,0,commercial,0,0.0,,,,,,,no tracked competitor in top 30,1.0,True,/corporate-catering-checklist-dubai,sub,/corporate-catering-checklist-dubai,keep (sub)
what to ask a halal caterer dubai,0,informational,0,1.0,,,,,,,no tracked competitor in top 30,1.0,True,/blog/halal-private-dining-dubai-what-to-ask,primary,/blog/halal-private-dining-dubai-what-to-ask,keep (primary)
what to ask a yacht caterer dubai,0,informational,0,0.06,,7,,,,,"no tracked competitor in top 30, we #7",1.0,False,/yacht-catering-checklist-dubai,sub,/yacht-catering-checklist-dubai,keep (sub)
what to consider when choosing a caterer,0,informational,0,0.06,,,,,,,no tracked competitor in top 30,0.8,False,/blog/halal-private-dining-dubai-what-to-ask,sub,/blog/halal-private-dining-dubai-what-to-ask,keep (sub)
what to eat for iftar,0,,0,,,n/a,,,,,,1.0,True,/iftar-catering-dubai,sub,/iftar-catering-dubai,keep (sub)
what to look for in a catering company,0,informational,0,0.0,,,,,,,no tracked competitor in top 30,1.0,True,/how-to-choose-caterer-dubai,sub,/how-to-choose-caterer-dubai,keep (sub)
what to serve at a dinner party dubai,0,informational,0,0.07,,,,,,,no tracked competitor in top 30,1.0,False,/blog/dinner-party-menu-ideas-dubai,sub,/blog/dinner-party-menu-ideas-dubai,keep (sub)
what to serve on a yacht dubai,0,informational,0,,,,,,,,no tracked competitor in top 30,1.0,True,/yacht-catering-guide-dubai,sub,/yacht-catering-guide-dubai,keep (sub)
when to book catering for wedding,0,,0,,,n/a,,,,,,1.0,False,/wedding-catering-dubai,sub,/wedding-catering-dubai,keep (sub)
when to book iftar catering dubai,0,informational,0,,,n/a,,,,,,0.75,False,/ramadan-catering-guide-dubai,sub,/ramadan-catering-guide-dubai,keep (sub)
when to hire a caterer,0,,0,,,n/a,,,,,,1.0,True,/how-to-choose-caterer-dubai,sub,/how-to-choose-caterer-dubai,keep (sub)
which is better ala carte or buffet,0,informational,0,0.0,,,,,,,no tracked competitor in top 30,1.0,True,/buffet-vs-plated-dubai,sub,/buffet-vs-plated-dubai,keep (sub)
which is better buffet or plated,0,informational,0,0.07,,,,,,,no tracked competitor in top 30,1.0,True,/buffet-vs-plated-dubai,sub,/buffet-vs-plated-dubai,keep (sub)
which is cheaper buffet or plated,0,informational,0,0.06,,,,,,,no tracked competitor in top 30,1.0,True,/buffet-vs-plated-dubai,sub,/buffet-vs-plated-dubai,keep (sub)
work as a private chef dubai,0,transactional,0,0.33,,,,,,,no tracked competitor in top 30,1.0,True,/become-a-mychef,sub,/become-a-mychef,keep (sub)
work with mychef dubai,0,transactional,0,0.0,,2,,,,,"no tracked competitor in top 30, we #2",1.0,True,/partner-with-us,sub,/partner-with-us,keep (sub)
working lunch catering dubai,0,informational,0,0.5,,24,,,,,"no tracked competitor in top 30, we #24",1.0,True,/business-lunch-catering-dubai,sub,/business-lunch-catering-dubai,keep (sub)
yacht catering checklist dubai,0,transactional,0,1.0,,2,,,,,"no tracked competitor in top 30, we #2",1.0,True,/yacht-catering-checklist-dubai,primary,/yacht-catering-checklist-dubai,keep (primary)
yacht catering dubai harbour,0,,0,,,n/a,,,,,,1.0,False,/yachts,sub,/yachts,keep (sub)
yacht catering dubai marina,0,informational,0,0.0,,,,,,,no tracked competitor in top 30,1.0,True,/locations/dubai-marina,sub,/yachts,merge → /yachts
yacht catering guide dubai,0,commercial,0,1.0,,n/a,,,,,,1.0,True,/yacht-catering-guide-dubai,primary,/yacht-catering-guide-dubai,keep (primary)
yacht catering package dubai,0,commercial,0,0.12,,,,,,,no tracked competitor in top 30,1.0,True,/yacht-catering-checklist-dubai,sub,/yachts,merge → /yachts
yacht catering packages dubai,0,commercial,0,0.55,,,,,,,no tracked competitor in top 30,1.0,True,/yachts,sub,/yachts,keep (sub)
yacht charters partnership dubai,0,commercial,0,1.0,,,,,,,no tracked competitor in top 30,1.0,False,/partners/yacht-charters-dubai,primary,/partners/yacht-charters-dubai,keep (primary)
yacht chef dubai,0,informational,0,0.0,,,,,,,no tracked competitor in top 30,1.0,True,/yachts,sub,/yachts,keep (sub)
yacht dinner cruise dubai,0,,0,,,n/a,,,,,,1.0,False,/yachts,sub,/yachts,keep (sub)
yacht party catering dubai,0,commercial,0,0.64,,,,,,,no tracked competitor in top 30,1.0,True,/yachts,sub,/yachts,keep (sub)
yacht party food ideas dubai,0,commercial,0,0.7,,19,,,,,"no tracked competitor in top 30, we #19",1.0,True,/blog/yacht-party-menu-ideas-dubai,sub,/blog/yacht-party-menu-ideas-dubai,keep (sub)
yacht party menu ideas,0,commercial,0,0.0,,,,,,,no tracked competitor in top 30,1.0,True,/blog/desert-dinner-party-dubai,sub,/blog/desert-dinner-party-dubai,keep (sub)
yacht party menu ideas dubai,0,commercial,0,1.0,,16,,,,,"no tracked competitor in top 30, we #16",1.0,True,/blog/yacht-party-menu-ideas-dubai,primary,/blog/yacht-party-menu-ideas-dubai,keep (primary)
yacht party menu ideas for adults,0,commercial,0,0.07,,,,,,,no tracked competitor in top 30,1.0,True,/blog/yacht-party-menu-ideas-dubai,sub,/blog/yacht-party-menu-ideas-dubai,keep (sub)
yacht proposal dinner dubai,0,transactional,0,0.0,,,,,,,no tracked competitor in top 30,1.0,True,/proposal-dinner-dubai,sub,/proposal-dinner-dubai,keep (sub)
