"Type","Source","Destination","Alt Text","Length","Path Type","Link Path","Link Position","Link Origin","Real Dimensions","Dimensions in Attributes","Display Dimensions"
"Image","https://www.mychef.ae/","https://www.mychef.ae/images/private-chef-dubai-hero.webp","Private Chef Dubai","18","Root-Relative","//body/div/div/main/div/section[@id='services']/div/div[2]/div[1]/a[1]/div[1]/img","Content","HTML","","640x400",""
"Image","https://www.mychef.ae/full-time-private-chef-dubai","https://www.mychef.ae/images/private-chef-dubai-hero.webp","Part-Time Private Chef Dubai","28","Root-Relative","//body/div/div/main/div/div[1]/section[6]/div/div/a[1]/div[1]/img","Content","HTML","","",""
"Image","https://www.mychef.ae/full-time-private-chef-dubai","https://www.mychef.ae/images/private-chef-dubai-hero.webp","Private Chef Dubai","18","Root-Relative","//body/div/div/main/div/div[1]/section[6]/div/div/a[3]/div[1]/img","Content","HTML","","",""
"Image","https://www.mychef.ae/luxury-dining-experiences","https://www.mychef.ae/images/private-chef-dubai-hero.webp","A private chef talking with guests in a home kitchen. Experience concept shown.","79","Root-Relative","//body/div/div/main/div/div/section[15]/div/div/div/figure/img","Content","HTML","","1200x800",""
"Image","https://www.mychef.ae/catering","https://www.mychef.ae/images/private-chef-dubai-hero.webp","Private Chef Dubai","18","Root-Relative","//body/div/div/main/div/section[@id='services']/div/div[2]/div[1]/a[1]/div[1]/img","Content","HTML","","640x400",""
"Image","https://www.mychef.ae/private-chef-dubai","https://www.mychef.ae/images/private-chef-dubai-hero.webp","Private chef cooking at the island of a contemporary Dubai villa kitchen at golden hour, dining table set beyond the limestone wall","131","Root-Relative","//body/div/div/main/div/div/section[1]/div[1]/picture/img","Content","HTML","","1280x720",""
"Image","https://www.mychef.ae/vip-club","https://www.mychef.ae/images/private-chef-dubai-hero.webp","Private chef service for VIP Club members in Dubai","50","Root-Relative","//body/div/div/main/div/div[1]/section[6]/div/div/div[4]/img","Content","HTML","","",""
"Image","https://www.mychef.ae/vip-club","https://www.mychef.ae/images/private-chef-dubai-hero.webp","Private Chef Dubai","18","Root-Relative","//body/div/div/main/div/div[1]/section[9]/div/div/a[1]/div[1]/img","Content","HTML","","",""
"Image","https://www.mychef.ae/kids-nutrition-chef-dubai","https://www.mychef.ae/images/private-chef-dubai-hero.webp","Family Feast Package Dubai","26","Root-Relative","//body/div/div/main/div/div[1]/section[6]/div/div/a[3]/div[1]/img","Content","HTML","","",""
"Image","https://www.mychef.ae/mystery-dining-dubai","https://www.mychef.ae/images/private-chef-dubai-hero.webp","Private Chef Dubai","18","Root-Relative","//body/div/div/main/div/div[1]/section[6]/div/div/a[3]/div[1]/img","Content","HTML","","",""
"Image","https://www.mychef.ae/locations/jumeirah-islands","https://www.mychef.ae/images/private-chef-dubai-hero.webp","Private Chef Dubai","18","Root-Relative","//body/div/div/main/div/section[@id='services']/div/div[2]/div[1]/a[1]/div[1]/img","Content","HTML","","640x400",""
"Image","https://www.mychef.ae/private-chef-dubai/our-chefs","https://www.mychef.ae/images/private-chef-dubai-hero.webp","Private Chef Dubai","18","Root-Relative","//body/div/div/main/div/section[@id='services']/div/div[2]/div[1]/a[1]/div[1]/img","Content","HTML","","640x400",""
"Image","https://www.mychef.ae/case-studies/corporate-gala-dinner-downtown-dubai","https://www.mychef.ae/images/private-chef-dubai-hero.webp","Private Chef Dubai","18","Root-Relative","//body/div/div/main/div/section[@id='services']/div/div[2]/div[1]/a[1]/div[1]/img","Content","HTML","","640x400",""
"Image","https://www.mychef.ae/locations/mirdif","https://www.mychef.ae/images/private-chef-dubai-hero.webp","Private Chef Dubai","18","Root-Relative","//body/div/div/main/div/section[@id='services']/div/div[2]/div[1]/a[1]/div[1]/img","Content","HTML","","640x400",""
"Image","https://www.mychef.ae/case-studies/product-launch-difc","https://www.mychef.ae/images/private-chef-dubai-hero.webp","Private Chef Dubai","18","Root-Relative","//body/div/div/main/div/section[@id='services']/div/div[2]/div[1]/a[1]/div[1]/img","Content","HTML","","640x400",""
"Image","https://www.mychef.ae/apartment-private-dining-dubai","https://www.mychef.ae/images/private-chef-dubai-hero.webp","Date Night Package","18","Root-Relative","//body/div/div/main/div/div[1]/section[6]/div/div/a[3]/div[1]/img","Content","HTML","","",""
"Image","https://www.mychef.ae/locations/dubai-internet-city","https://www.mychef.ae/images/private-chef-dubai-hero.webp","Private Chef Dubai","18","Root-Relative","//body/div/div/main/div/section[@id='services']/div/div[2]/div[1]/a[1]/div[1]/img","Content","HTML","","640x400",""
"Image","https://www.mychef.ae/vip-club?utm_source=mychef.ae&utm_medium=banner&utm_campaign=weekly-meal-prep-dubai","https://www.mychef.ae/images/private-chef-dubai-hero.webp","Private chef service for VIP Club members in Dubai","50","Root-Relative","//body/div/div/main/div/div[1]/section[6]/div/div/div[4]/img","Content","HTML","","",""
"Image","https://www.mychef.ae/vip-club?utm_source=mychef.ae&utm_medium=banner&utm_campaign=weekly-meal-prep-dubai","https://www.mychef.ae/images/private-chef-dubai-hero.webp","Private Chef Dubai","18","Root-Relative","//body/div/div/main/div/div[1]/section[9]/div/div/a[1]/div[1]/img","Content","HTML","","",""
"Image","https://www.mychef.ae/trust-and-programs","https://www.mychef.ae/images/private-chef-dubai-hero.webp","A private chef working in a Dubai kitchen. Experience concept shown.","68","Root-Relative","//body/div/div/main/div/div/section[1]/div[1]/picture/img","Content","HTML","","1683x935",""
"Image","https://www.mychef.ae/case-studies/family-eid-gathering-arabian-ranches","https://www.mychef.ae/images/private-chef-dubai-hero.webp","Private Chef Dubai","18","Root-Relative","//body/div/div/main/div/section[@id='services']/div/div[2]/div[1]/a[1]/div[1]/img","Content","HTML","","640x400",""
"Image","https://www.mychef.ae/private-dining-dubai","https://www.mychef.ae/images/private-chef-dubai-hero.webp","Private Chef Dubai","18","Root-Relative","//body/div/div/main/div/section[@id='services']/div/div[2]/div[1]/a[1]/div[1]/img","Content","HTML","","640x400",""
"Image","https://www.mychef.ae/menu-mains.webp","https://www.mychef.ae/images/private-chef-dubai-hero.webp","Private Chef Dubai","18","Root-Relative","//body/div/div/main/div/section[@id='services']/div/div[2]/div[1]/a[1]/div[1]/img","Content","HTML","","640x400",""
"Image","https://www.mychef.ae/locations/meydan","https://www.mychef.ae/images/private-chef-dubai-hero.webp","Private Chef Dubai","18","Root-Relative","//body/div/div/main/div/section[@id='services']/div/div[2]/div[1]/a[1]/div[1]/img","Content","HTML","","640x400",""
"Image","https://www.mychef.ae/locations/dubai-harbour","https://www.mychef.ae/images/private-chef-dubai-hero.webp","Private Chef Dubai","18","Root-Relative","//body/div/div/main/div/section[@id='services']/div/div[2]/div[1]/a[1]/div[1]/img","Content","HTML","","640x400",""
"Image","https://www.mychef.ae/case-studies/intimate-anniversary-dinner-palm-jumeirah","https://www.mychef.ae/images/private-chef-dubai-hero.webp","Private Chef Dubai","18","Root-Relative","//body/div/div/main/div/section[@id='services']/div/div[2]/div[1]/a[1]/div[1]/img","Content","HTML","","640x400",""
"Image","https://www.mychef.ae/romantic-dinner-dubai-hero.webp","https://www.mychef.ae/images/private-chef-dubai-hero.webp","Private Chef Dubai","18","Root-Relative","//body/div/div/main/div/section[@id='services']/div/div[2]/div[1]/a[1]/div[1]/img","Content","HTML","","640x400",""
"Image","https://www.mychef.ae/locations/al-barari","https://www.mychef.ae/images/private-chef-dubai-hero.webp","Private Chef Dubai","18","Root-Relative","//body/div/div/main/div/section[@id='services']/div/div[2]/div[1]/a[1]/div[1]/img","Content","HTML","","640x400",""
"Image","https://www.mychef.ae/chef-training-academy","https://www.mychef.ae/images/private-chef-dubai-hero.webp","myCHEF Certified","16","Root-Relative","//body/div/div/main/div/div[1]/section[6]/div/div/a[2]/div[1]/img","Content","HTML","","",""
"Image","https://www.mychef.ae/luxury-dining-dubai","https://www.mychef.ae/images/private-chef-dubai-hero.webp","Private Chef Dubai","18","Root-Relative","//body/div/div/main/div/section[@id='services']/div/div[2]/div[1]/a[1]/div[1]/img","Content","HTML","","640x400",""
"Image","https://www.mychef.ae/locations/dubai-media-city","https://www.mychef.ae/images/private-chef-dubai-hero.webp","Private Chef Dubai","18","Root-Relative","//body/div/div/main/div/section[@id='services']/div/div[2]/div[1]/a[1]/div[1]/img","Content","HTML","","640x400",""
"Image","https://www.mychef.ae/locations/dubai-creek-harbour","https://www.mychef.ae/images/private-chef-dubai-hero.webp","Private Chef Dubai","18","Root-Relative","//body/div/div/main/div/section[@id='services']/div/div[2]/div[1]/a[1]/div[1]/img","Content","HTML","","640x400",""
"Image","https://www.mychef.ae/case-studies/villa-wedding-reception-emirates-hills","https://www.mychef.ae/images/private-chef-dubai-hero.webp","Private Chef Dubai","18","Root-Relative","//body/div/div/main/div/section[@id='services']/div/div[2]/div[1]/a[1]/div[1]/img","Content","HTML","","640x400",""
"Image","https://www.mychef.ae/event-catering-dubai","https://www.mychef.ae/images/private-chef-dubai-hero.webp","Private Chef Dubai","18","Root-Relative","//body/div/div/main/div/section[@id='services']/div/div[2]/div[1]/a[1]/div[1]/img","Content","HTML","","640x400",""
"Image","https://www.mychef.ae/yacht-catering-dubai","https://www.mychef.ae/images/private-chef-dubai-hero.webp","Private Chef Dubai","18","Root-Relative","//body/div/div/main/div/section[@id='services']/div/div[2]/div[1]/a[1]/div[1]/img","Content","HTML","","640x400",""
"Image","https://www.mychef.ae/locations/jumeirah-golf-estates","https://www.mychef.ae/images/private-chef-dubai-hero.webp","Private Chef Dubai","18","Root-Relative","//body/div/div/main/div/section[@id='services']/div/div[2]/div[1]/a[1]/div[1]/img","Content","HTML","","640x400",""
"Image","https://www.mychef.ae/case-studies/yacht-birthday-celebration-dubai-marina","https://www.mychef.ae/images/private-chef-dubai-hero.webp","Private Chef Dubai","18","Root-Relative","//body/div/div/main/div/section[@id='services']/div/div[2]/div[1]/a[1]/div[1]/img","Content","HTML","","640x400",""
"Image","https://www.mychef.ae/mychef-certified","https://www.mychef.ae/images/private-chef-dubai-hero.webp","Private Chef Dubai","18","Root-Relative","//body/div/div/main/div/div/section[6]/div/div/a[3]/div[1]/img","Content","HTML","","",""
"Image","https://www.mychef.ae/vip-club?utm_source=mychef.ae&utm_medium=banner&utm_campaign=catering-packages-dubai","https://www.mychef.ae/images/private-chef-dubai-hero.webp","Private chef service for VIP Club members in Dubai","50","Root-Relative","//body/div/div/main/div/div[1]/section[6]/div/div/div[4]/img","Content","HTML","","",""
"Image","https://www.mychef.ae/vip-club?utm_source=mychef.ae&utm_medium=banner&utm_campaign=catering-packages-dubai","https://www.mychef.ae/images/private-chef-dubai-hero.webp","Private Chef Dubai","18","Root-Relative","//body/div/div/main/div/div[1]/section[9]/div/div/a[1]/div[1]/img","Content","HTML","","",""
"Image","https://www.mychef.ae/locations/mall-of-the-emirates","https://www.mychef.ae/images/private-chef-dubai-hero.webp","Private Chef Dubai","18","Root-Relative","//body/div/div/main/div/section[@id='services']/div/div[2]/div[1]/a[1]/div[1]/img","Content","HTML","","640x400",""
"Image","https://www.mychef.ae/locations/dwtc","https://www.mychef.ae/images/private-chef-dubai-hero.webp","Private Chef Dubai","18","Root-Relative","//body/div/div/main/div/section[@id='services']/div/div[2]/div[1]/a[1]/div[1]/img","Content","HTML","","640x400",""
"Image","https://www.mychef.ae/vip-club?utm_source=mychef.ae&utm_medium=banner&utm_campaign=wellness-meal-prep-dubai","https://www.mychef.ae/images/private-chef-dubai-hero.webp","Private chef service for VIP Club members in Dubai","50","Root-Relative","//body/div/div/main/div/div[1]/section[6]/div/div/div[4]/img","Content","HTML","","",""
"Image","https://www.mychef.ae/vip-club?utm_source=mychef.ae&utm_medium=banner&utm_campaign=wellness-meal-prep-dubai","https://www.mychef.ae/images/private-chef-dubai-hero.webp","Private Chef Dubai","18","Root-Relative","//body/div/div/main/div/div[1]/section[9]/div/div/a[1]/div[1]/img","Content","HTML","","",""
"Image","https://www.mychef.ae/dessert-table-dubai","https://www.mychef.ae/images/private-chef-dubai-hero.webp","Private Chef Dubai","18","Root-Relative","//body/div/div/main/div/section[@id='services']/div/div[2]/div[1]/a[1]/div[1]/img","Content","HTML","","640x400",""
"Image","https://www.mychef.ae/influencer-partnerships","https://www.mychef.ae/images/private-chef-dubai-hero.webp","Private Chef Dubai","18","Root-Relative","//body/div/div/main/div/div/section[6]/div/div/a[3]/div[1]/img","Content","HTML","","",""
"Image","https://www.mychef.ae/founding-customer-offer","https://www.mychef.ae/images/private-chef-dubai-hero.webp","MyChef Membership","17","Root-Relative","//body/div/div/main/div/div/section[6]/div/div/a[1]/div[1]/img","Content","HTML","","",""
"Image","https://www.mychef.ae/founding-customer-offer","https://www.mychef.ae/images/private-chef-dubai-hero.webp","Private Chef Dubai","18","Root-Relative","//body/div/div/main/div/div/section[6]/div/div/a[3]/div[1]/img","Content","HTML","","",""
"Image","https://www.mychef.ae/locations/dubai-mall","https://www.mychef.ae/images/private-chef-dubai-hero.webp","Private Chef Dubai","18","Root-Relative","//body/div/div/main/div/section[@id='services']/div/div[2]/div[1]/a[1]/div[1]/img","Content","HTML","","640x400",""
"Image","https://www.mychef.ae/loyalty-programme","https://www.mychef.ae/images/private-chef-dubai-hero.webp","Private Chef Dubai","18","Root-Relative","//body/div/div/main/div/div/section[6]/div/div/a[3]/div[1]/img","Content","HTML","","",""
"Image","https://www.mychef.ae/images/eid-catering-dubai-hero.webp","https://www.mychef.ae/images/private-chef-dubai-hero.webp","Private Chef Dubai","18","Root-Relative","//body/div/div/main/div/section[@id='services']/div/div[2]/div[1]/a[1]/div[1]/img","Content","HTML","","640x400",""
"Image","https://www.mychef.ae/images/business-lunch-catering-dubai-hero.webp","https://www.mychef.ae/images/private-chef-dubai-hero.webp","Private Chef Dubai","18","Root-Relative","//body/div/div/main/div/section[@id='services']/div/div[2]/div[1]/a[1]/div[1]/img","Content","HTML","","640x400",""
"Image","https://www.mychef.ae/live-cooking-station-dubai","https://www.mychef.ae/images/private-chef-dubai-hero.webp","Private Chef Dubai","18","Root-Relative","//body/div/div/main/div/section[@id='services']/div/div[2]/div[1]/a[1]/div[1]/img","Content","HTML","","640x400",""
"Image","https://www.mychef.ae/villa-catering-dubai","https://www.mychef.ae/images/private-chef-dubai-hero.webp","Private Chef Dubai","18","Root-Relative","//body/div/div/main/div/section[@id='services']/div/div[2]/div[1]/a[1]/div[1]/img","Content","HTML","","640x400",""
"Image","https://www.mychef.ae/locations/city-walk","https://www.mychef.ae/images/private-chef-dubai-hero.webp","Private Chef Dubai","18","Root-Relative","//body/div/div/main/div/section[@id='services']/div/div[2]/div[1]/a[1]/div[1]/img","Content","HTML","","640x400",""
"Image","https://www.mychef.ae/","https://www.mychef.ae/images/yacht-catering-dubai-hero.webp","Chef serving canapés on a yacht deck in Dubai","45","Root-Relative","//body/div/div/main/div/section[4]/div/div[2]/img","Content","HTML","","1344x752",""
"Image","https://www.mychef.ae/luxury-dining-experiences","https://www.mychef.ae/images/yacht-catering-dubai-hero.webp","A small group eating a chef-prepared meal on board a yacht. Experience concept shown.","85","Root-Relative","//body/div/div/main/div/div/section[10]/div/div/div/figure/img","Content","HTML","","1200x800",""
"Image","https://www.mychef.ae/catering","https://www.mychef.ae/images/yacht-catering-dubai-hero.webp","Chef serving canapés on a yacht deck in Dubai","45","Root-Relative","//body/div/div/main/div/section[4]/div/div[2]/img","Content","HTML","","1344x752",""
"Image","https://www.mychef.ae/yachts","https://www.mychef.ae/images/yacht-catering-dubai-hero.webp","Yacht catering in Dubai","23","Root-Relative","//body/div/div/main/div/div[1]/section[1]/div[1]/picture/img","Content","HTML","","1344x752",""
"Image","https://www.mychef.ae/catering-dubai","https://www.mychef.ae/images/yacht-catering-dubai-hero.webp","Yacht catering in Dubai — canapés and service on deck at dusk. Experience concept shown.","88","Root-Relative","//body/div/div/main/div/div/section[@id='where']/div/div[1]/article[2]/a/img","Content","HTML","","1600x900",""
"Image","https://www.mychef.ae/vip-club","https://www.mychef.ae/images/yacht-catering-dubai-hero.webp","Yacht catering for myCHEF VIP members in Dubai","46","Root-Relative","//body/div/div/main/div/div[1]/section[6]/div/div/div[3]/img","Content","HTML","","",""
"Image","https://www.mychef.ae/vip-club","https://www.mychef.ae/images/yacht-catering-dubai-hero.webp","Yacht Catering Dubai","20","Root-Relative","//body/div/div/main/div/div[1]/section[9]/div/div/a[3]/div[1]/img","Content","HTML","","",""
"Image","https://www.mychef.ae/case-studies","https://www.mychef.ae/images/yacht-catering-dubai-hero.webp","Yacht Birthday Celebration, Dubai Marina","40","Root-Relative","//body/div/div/main/div/div/section[3]/div/div[2]/a[2]/div[1]/img","Content","HTML","","",""
"Image","https://www.mychef.ae/gallery","https://www.mychef.ae/images/yacht-catering-dubai-hero.webp","Yacht Sunset Dinner — luxury catering dubai","43","Root-Relative","//body/div/div/main/div/section[3]/div/div[2]/div[4]/div/img","Content","HTML","","",""
"Image","https://www.mychef.ae/locations/jumeirah-islands","https://www.mychef.ae/images/yacht-catering-dubai-hero.webp","Chef serving canapés on a yacht deck in Dubai","45","Root-Relative","//body/div/div/main/div/section[4]/div/div[2]/img","Content","HTML","","1344x752",""
"Image","https://www.mychef.ae/private-chef-dubai/our-chefs","https://www.mychef.ae/images/yacht-catering-dubai-hero.webp","Chef serving canapés on a yacht deck in Dubai","45","Root-Relative","//body/div/div/main/div/section[4]/div/div[2]/img","Content","HTML","","1344x752",""
"Image","https://www.mychef.ae/partners/yacht-charters-dubai","https://www.mychef.ae/images/yacht-catering-dubai-hero.webp","Yacht Charters partnership with myCHEF Dubai","44","Root-Relative","//body/div/div/main/div/div/section[1]/div[1]/picture/img","Content","HTML","","1344x752",""
"Image","https://www.mychef.ae/case-studies/corporate-gala-dinner-downtown-dubai","https://www.mychef.ae/images/yacht-catering-dubai-hero.webp","Chef serving canapés on a yacht deck in Dubai","45","Root-Relative","//body/div/div/main/div/section[4]/div/div[2]/img","Content","HTML","","1344x752",""
"Image","https://www.mychef.ae/locations/mirdif","https://www.mychef.ae/images/yacht-catering-dubai-hero.webp","Chef serving canapés on a yacht deck in Dubai","45","Root-Relative","//body/div/div/main/div/section[4]/div/div[2]/img","Content","HTML","","1344x752",""
"Image","https://www.mychef.ae/case-studies/product-launch-difc","https://www.mychef.ae/images/yacht-catering-dubai-hero.webp","Chef serving canapés on a yacht deck in Dubai","45","Root-Relative","//body/div/div/main/div/section[4]/div/div[2]/img","Content","HTML","","1344x752",""
"Image","https://www.mychef.ae/locations/dubai-internet-city","https://www.mychef.ae/images/yacht-catering-dubai-hero.webp","Chef serving canapés on a yacht deck in Dubai","45","Root-Relative","//body/div/div/main/div/section[4]/div/div[2]/img","Content","HTML","","1344x752",""
"Image","https://www.mychef.ae/vip-club?utm_source=mychef.ae&utm_medium=banner&utm_campaign=weekly-meal-prep-dubai","https://www.mychef.ae/images/yacht-catering-dubai-hero.webp","Yacht catering for myCHEF VIP members in Dubai","46","Root-Relative","//body/div/div/main/div/div[1]/section[6]/div/div/div[3]/img","Content","HTML","","",""
"Image","https://www.mychef.ae/vip-club?utm_source=mychef.ae&utm_medium=banner&utm_campaign=weekly-meal-prep-dubai","https://www.mychef.ae/images/yacht-catering-dubai-hero.webp","Yacht Catering Dubai","20","Root-Relative","//body/div/div/main/div/div[1]/section[9]/div/div/a[3]/div[1]/img","Content","HTML","","",""
"Image","https://www.mychef.ae/case-studies/family-eid-gathering-arabian-ranches","https://www.mychef.ae/images/yacht-catering-dubai-hero.webp","Chef serving canapés on a yacht deck in Dubai","45","Root-Relative","//body/div/div/main/div/section[4]/div/div[2]/img","Content","HTML","","1344x752",""
"Image","https://www.mychef.ae/private-dining-dubai","https://www.mychef.ae/images/yacht-catering-dubai-hero.webp","Chef serving canapés on a yacht deck in Dubai","45","Root-Relative","//body/div/div/main/div/section[4]/div/div[2]/img","Content","HTML","","1344x752",""
"Image","https://www.mychef.ae/menu-mains.webp","https://www.mychef.ae/images/yacht-catering-dubai-hero.webp","Chef serving canapés on a yacht deck in Dubai","45","Root-Relative","//body/div/div/main/div/section[4]/div/div[2]/img","Content","HTML","","1344x752",""
"Image","https://www.mychef.ae/locations/meydan","https://www.mychef.ae/images/yacht-catering-dubai-hero.webp","Chef serving canapés on a yacht deck in Dubai","45","Root-Relative","//body/div/div/main/div/section[4]/div/div[2]/img","Content","HTML","","1344x752",""
"Image","https://www.mychef.ae/locations/dubai-harbour","https://www.mychef.ae/images/yacht-catering-dubai-hero.webp","Chef serving canapés on a yacht deck in Dubai","45","Root-Relative","//body/div/div/main/div/section[4]/div/div[2]/img","Content","HTML","","1344x752",""
"Image","https://www.mychef.ae/case-studies/intimate-anniversary-dinner-palm-jumeirah","https://www.mychef.ae/images/yacht-catering-dubai-hero.webp","Chef serving canapés on a yacht deck in Dubai","45","Root-Relative","//body/div/div/main/div/section[4]/div/div[2]/img","Content","HTML","","1344x752",""
"Image","https://www.mychef.ae/romantic-dinner-dubai-hero.webp","https://www.mychef.ae/images/yacht-catering-dubai-hero.webp","Chef serving canapés on a yacht deck in Dubai","45","Root-Relative","//body/div/div/main/div/section[4]/div/div[2]/img","Content","HTML","","1344x752",""
"Image","https://www.mychef.ae/locations/al-barari","https://www.mychef.ae/images/yacht-catering-dubai-hero.webp","Chef serving canapés on a yacht deck in Dubai","45","Root-Relative","//body/div/div/main/div/section[4]/div/div[2]/img","Content","HTML","","1344x752",""
"Image","https://www.mychef.ae/luxury-dining-dubai","https://www.mychef.ae/images/yacht-catering-dubai-hero.webp","Chef serving canapés on a yacht deck in Dubai","45","Root-Relative","//body/div/div/main/div/section[4]/div/div[2]/img","Content","HTML","","1344x752",""
"Image","https://www.mychef.ae/locations/dubai-media-city","https://www.mychef.ae/images/yacht-catering-dubai-hero.webp","Chef serving canapés on a yacht deck in Dubai","45","Root-Relative","//body/div/div/main/div/section[4]/div/div[2]/img","Content","HTML","","1344x752",""
"Image","https://www.mychef.ae/locations/dubai-creek-harbour","https://www.mychef.ae/images/yacht-catering-dubai-hero.webp","Chef serving canapés on a yacht deck in Dubai","45","Root-Relative","//body/div/div/main/div/section[4]/div/div[2]/img","Content","HTML","","1344x752",""
"Image","https://www.mychef.ae/case-studies/villa-wedding-reception-emirates-hills","https://www.mychef.ae/images/yacht-catering-dubai-hero.webp","Chef serving canapés on a yacht deck in Dubai","45","Root-Relative","//body/div/div/main/div/section[4]/div/div[2]/img","Content","HTML","","1344x752",""
"Image","https://www.mychef.ae/event-catering-dubai","https://www.mychef.ae/images/yacht-catering-dubai-hero.webp","Chef serving canapés on a yacht deck in Dubai","45","Root-Relative","//body/div/div/main/div/section[4]/div/div[2]/img","Content","HTML","","1344x752",""
"Image","https://www.mychef.ae/yacht-catering-dubai","https://www.mychef.ae/images/yacht-catering-dubai-hero.webp","Chef serving canapés on a yacht deck in Dubai","45","Root-Relative","//body/div/div/main/div/section[4]/div/div[2]/img","Content","HTML","","1344x752",""
"Image","https://www.mychef.ae/locations/jumeirah-golf-estates","https://www.mychef.ae/images/yacht-catering-dubai-hero.webp","Chef serving canapés on a yacht deck in Dubai","45","Root-Relative","//body/div/div/main/div/section[4]/div/div[2]/img","Content","HTML","","1344x752",""
"Image","https://www.mychef.ae/beach-catering-dubai","https://www.mychef.ae/images/yacht-catering-dubai-hero.webp","Yacht Catering","14","Root-Relative","//body/div/div/main/div/div[1]/section[8]/div/div/a[1]/div[1]/img","Content","HTML","","640x360",""
"Image","https://www.mychef.ae/case-studies/yacht-birthday-celebration-dubai-marina","https://www.mychef.ae/images/yacht-catering-dubai-hero.webp","Chef serving canapés on a yacht deck in Dubai","45","Root-Relative","//body/div/div/main/div/section[4]/div/div[2]/img","Content","HTML","","1344x752",""
"Image","https://www.mychef.ae/vip-club?utm_source=mychef.ae&utm_medium=banner&utm_campaign=catering-packages-dubai","https://www.mychef.ae/images/yacht-catering-dubai-hero.webp","Yacht catering for myCHEF VIP members in Dubai","46","Root-Relative","//body/div/div/main/div/div[1]/section[6]/div/div/div[3]/img","Content","HTML","","",""
"Image","https://www.mychef.ae/vip-club?utm_source=mychef.ae&utm_medium=banner&utm_campaign=catering-packages-dubai","https://www.mychef.ae/images/yacht-catering-dubai-hero.webp","Yacht Catering Dubai","20","Root-Relative","//body/div/div/main/div/div[1]/section[9]/div/div/a[3]/div[1]/img","Content","HTML","","",""
"Image","https://www.mychef.ae/locations/mall-of-the-emirates","https://www.mychef.ae/images/yacht-catering-dubai-hero.webp","Chef serving canapés on a yacht deck in Dubai","45","Root-Relative","//body/div/div/main/div/section[4]/div/div[2]/img","Content","HTML","","1344x752",""
"Image","https://www.mychef.ae/locations/dwtc","https://www.mychef.ae/images/yacht-catering-dubai-hero.webp","Chef serving canapés on a yacht deck in Dubai","45","Root-Relative","//body/div/div/main/div/section[4]/div/div[2]/img","Content","HTML","","1344x752",""
"Image","https://www.mychef.ae/vip-club?utm_source=mychef.ae&utm_medium=banner&utm_campaign=wellness-meal-prep-dubai","https://www.mychef.ae/images/yacht-catering-dubai-hero.webp","Yacht catering for myCHEF VIP members in Dubai","46","Root-Relative","//body/div/div/main/div/div[1]/section[6]/div/div/div[3]/img","Content","HTML","","",""
"Image","https://www.mychef.ae/vip-club?utm_source=mychef.ae&utm_medium=banner&utm_campaign=wellness-meal-prep-dubai","https://www.mychef.ae/images/yacht-catering-dubai-hero.webp","Yacht Catering Dubai","20","Root-Relative","//body/div/div/main/div/div[1]/section[9]/div/div/a[3]/div[1]/img","Content","HTML","","",""
"Image","https://www.mychef.ae/dessert-table-dubai","https://www.mychef.ae/images/yacht-catering-dubai-hero.webp","Chef serving canapés on a yacht deck in Dubai","45","Root-Relative","//body/div/div/main/div/section[4]/div/div[2]/img","Content","HTML","","1344x752",""
"Image","https://www.mychef.ae/locations/dubai-mall","https://www.mychef.ae/images/yacht-catering-dubai-hero.webp","Chef serving canapés on a yacht deck in Dubai","45","Root-Relative","//body/div/div/main/div/section[4]/div/div[2]/img","Content","HTML","","1344x752",""
"Image","https://www.mychef.ae/images/eid-catering-dubai-hero.webp","https://www.mychef.ae/images/yacht-catering-dubai-hero.webp","Chef serving canapés on a yacht deck in Dubai","45","Root-Relative","//body/div/div/main/div/section[4]/div/div[2]/img","Content","HTML","","1344x752",""
"Image","https://www.mychef.ae/images/business-lunch-catering-dubai-hero.webp","https://www.mychef.ae/images/yacht-catering-dubai-hero.webp","Chef serving canapés on a yacht deck in Dubai","45","Root-Relative","//body/div/div/main/div/section[4]/div/div[2]/img","Content","HTML","","1344x752",""
"Image","https://www.mychef.ae/live-cooking-station-dubai","https://www.mychef.ae/images/yacht-catering-dubai-hero.webp","Chef serving canapés on a yacht deck in Dubai","45","Root-Relative","//body/div/div/main/div/section[4]/div/div[2]/img","Content","HTML","","1344x752",""
"Image","https://www.mychef.ae/villa-catering-dubai","https://www.mychef.ae/images/yacht-catering-dubai-hero.webp","Chef serving canapés on a yacht deck in Dubai","45","Root-Relative","//body/div/div/main/div/section[4]/div/div[2]/img","Content","HTML","","1344x752",""
"Image","https://www.mychef.ae/locations/city-walk","https://www.mychef.ae/images/yacht-catering-dubai-hero.webp","Chef serving canapés on a yacht deck in Dubai","45","Root-Relative","//body/div/div/main/div/section[4]/div/div[2]/img","Content","HTML","","1344x752",""
"Image","https://www.mychef.ae/","https://www.mychef.ae/team-head-chef.webp","Chef in the myCHEF network","26","Root-Relative","//body/div/div/main/div/section[11]/div/div/div[1]/img","Content","HTML","","800x1000",""
"Image","https://www.mychef.ae/about","https://www.mychef.ae/team-head-chef.webp","Marco Adriano, independent partner chef","39","Root-Relative","//body/div/div/main/div/div[1]/section[4]/div/div[2]/article[@class='team-card'][1]/div/img","Content","HTML","","300x400",""
"Image","https://www.mychef.ae/catering","https://www.mychef.ae/team-head-chef.webp","Chef in the myCHEF network","26","Root-Relative","//body/div/div/main/div/section[11]/div/div/div[1]/img","Content","HTML","","800x1000",""
"Image","https://www.mychef.ae/our-chefs","https://www.mychef.ae/team-head-chef.webp","Ahmed Al-Rashid","15","Root-Relative","//body/div/div/main/div/section[3]/div/div[2]/div[1]/div[1]/div/img","Content","HTML","","",""
"Image","https://www.mychef.ae/locations/jumeirah-islands","https://www.mychef.ae/team-head-chef.webp","Chef in the myCHEF network","26","Root-Relative","//body/div/div/main/div/section[11]/div/div/div[1]/img","Content","HTML","","800x1000",""
"Image","https://www.mychef.ae/private-chef-dubai/our-chefs","https://www.mychef.ae/team-head-chef.webp","Chef in the myCHEF network","26","Root-Relative","//body/div/div/main/div/section[11]/div/div/div[1]/img","Content","HTML","","800x1000",""
"Image","https://www.mychef.ae/chefs/ahmed-executive-chef","https://www.mychef.ae/team-head-chef.webp","Chef Ahmed Al-Rashid, independent partner chef in the myCHEF Dubai network","74","Root-Relative","//body/div/div/main/div/section[1]/div[1]/picture/img","Content","HTML","","1344x752",""
"Image","https://www.mychef.ae/chefs/ahmed-executive-chef","https://www.mychef.ae/team-head-chef.webp","Chef Ahmed Al-Rashid, independent partner chef in the myCHEF Dubai network","74","Root-Relative","//body/div/div/main/div/section[2]/div/div/div[1]/img","Content","HTML","","",""
"Image","https://www.mychef.ae/case-studies/corporate-gala-dinner-downtown-dubai","https://www.mychef.ae/team-head-chef.webp","Chef in the myCHEF network","26","Root-Relative","//body/div/div/main/div/section[11]/div/div/div[1]/img","Content","HTML","","800x1000",""
"Image","https://www.mychef.ae/locations/mirdif","https://www.mychef.ae/team-head-chef.webp","Chef in the myCHEF network","26","Root-Relative","//body/div/div/main/div/section[11]/div/div/div[1]/img","Content","HTML","","800x1000",""
"Image","https://www.mychef.ae/case-studies/product-launch-difc","https://www.mychef.ae/team-head-chef.webp","Chef in the myCHEF network","26","Root-Relative","//body/div/div/main/div/section[11]/div/div/div[1]/img","Content","HTML","","800x1000",""
"Image","https://www.mychef.ae/locations/dubai-internet-city","https://www.mychef.ae/team-head-chef.webp","Chef in the myCHEF network","26","Root-Relative","//body/div/div/main/div/section[11]/div/div/div[1]/img","Content","HTML","","800x1000",""
"Image","https://www.mychef.ae/case-studies/family-eid-gathering-arabian-ranches","https://www.mychef.ae/team-head-chef.webp","Chef in the myCHEF network","26","Root-Relative","//body/div/div/main/div/section[11]/div/div/div[1]/img","Content","HTML","","800x1000",""
"Image","https://www.mychef.ae/private-dining-dubai","https://www.mychef.ae/team-head-chef.webp","Chef in the myCHEF network","26","Root-Relative","//body/div/div/main/div/section[11]/div/div/div[1]/img","Content","HTML","","800x1000",""
"Image","https://www.mychef.ae/menu-mains.webp","https://www.mychef.ae/team-head-chef.webp","Chef in the myCHEF network","26","Root-Relative","//body/div/div/main/div/section[11]/div/div/div[1]/img","Content","HTML","","800x1000",""
"Image","https://www.mychef.ae/locations/meydan","https://www.mychef.ae/team-head-chef.webp","Chef in the myCHEF network","26","Root-Relative","//body/div/div/main/div/section[11]/div/div/div[1]/img","Content","HTML","","800x1000",""
"Image","https://www.mychef.ae/locations/dubai-harbour","https://www.mychef.ae/team-head-chef.webp","Chef in the myCHEF network","26","Root-Relative","//body/div/div/main/div/section[11]/div/div/div[1]/img","Content","HTML","","800x1000",""
"Image","https://www.mychef.ae/case-studies/intimate-anniversary-dinner-palm-jumeirah","https://www.mychef.ae/team-head-chef.webp","Chef in the myCHEF network","26","Root-Relative","//body/div/div/main/div/section[11]/div/div/div[1]/img","Content","HTML","","800x1000",""
"Image","https://www.mychef.ae/private-chef-dubai/how-it-works","https://www.mychef.ae/team-head-chef.webp","Ahmed Al-Rashid","15","Root-Relative","//body/div/div/main/div/div/section[3]/div/div[@class='relative']/div[4]/div[2]/div[2]/div/figure[@class='text-center'][1]/div/img","Content","HTML","","",""
"Image","https://www.mychef.ae/romantic-dinner-dubai-hero.webp","https://www.mychef.ae/team-head-chef.webp","Chef in the myCHEF network","26","Root-Relative","//body/div/div/main/div/section[11]/div/div/div[1]/img","Content","HTML","","800x1000",""
"Image","https://www.mychef.ae/locations/al-barari","https://www.mychef.ae/team-head-chef.webp","Chef in the myCHEF network","26","Root-Relative","//body/div/div/main/div/section[11]/div/div/div[1]/img","Content","HTML","","800x1000",""
"Image","https://www.mychef.ae/luxury-dining-dubai","https://www.mychef.ae/team-head-chef.webp","Chef in the myCHEF network","26","Root-Relative","//body/div/div/main/div/section[11]/div/div/div[1]/img","Content","HTML","","800x1000",""
"Image","https://www.mychef.ae/locations/dubai-media-city","https://www.mychef.ae/team-head-chef.webp","Chef in the myCHEF network","26","Root-Relative","//body/div/div/main/div/section[11]/div/div/div[1]/img","Content","HTML","","800x1000",""
"Image","https://www.mychef.ae/locations/dubai-creek-harbour","https://www.mychef.ae/team-head-chef.webp","Chef in the myCHEF network","26","Root-Relative","//body/div/div/main/div/section[11]/div/div/div[1]/img","Content","HTML","","800x1000",""
"Image","https://www.mychef.ae/case-studies/villa-wedding-reception-emirates-hills","https://www.mychef.ae/team-head-chef.webp","Chef in the myCHEF network","26","Root-Relative","//body/div/div/main/div/section[11]/div/div/div[1]/img","Content","HTML","","800x1000",""
"Image","https://www.mychef.ae/event-catering-dubai","https://www.mychef.ae/team-head-chef.webp","Chef in the myCHEF network","26","Root-Relative","//body/div/div/main/div/section[11]/div/div/div[1]/img","Content","HTML","","800x1000",""
"Image","https://www.mychef.ae/yacht-catering-dubai","https://www.mychef.ae/team-head-chef.webp","Chef in the myCHEF network","26","Root-Relative","//body/div/div/main/div/section[11]/div/div/div[1]/img","Content","HTML","","800x1000",""
"Image","https://www.mychef.ae/locations/jumeirah-golf-estates","https://www.mychef.ae/team-head-chef.webp","Chef in the myCHEF network","26","Root-Relative","//body/div/div/main/div/section[11]/div/div/div[1]/img","Content","HTML","","800x1000",""
"Image","https://www.mychef.ae/case-studies/yacht-birthday-celebration-dubai-marina","https://www.mychef.ae/team-head-chef.webp","Chef in the myCHEF network","26","Root-Relative","//body/div/div/main/div/section[11]/div/div/div[1]/img","Content","HTML","","800x1000",""
"Image","https://www.mychef.ae/locations/mall-of-the-emirates","https://www.mychef.ae/team-head-chef.webp","Chef in the myCHEF network","26","Root-Relative","//body/div/div/main/div/section[11]/div/div/div[1]/img","Content","HTML","","800x1000",""
"Image","https://www.mychef.ae/locations/dwtc","https://www.mychef.ae/team-head-chef.webp","Chef in the myCHEF network","26","Root-Relative","//body/div/div/main/div/section[11]/div/div/div[1]/img","Content","HTML","","800x1000",""
"Image","https://www.mychef.ae/dessert-table-dubai","https://www.mychef.ae/team-head-chef.webp","Chef in the myCHEF network","26","Root-Relative","//body/div/div/main/div/section[11]/div/div/div[1]/img","Content","HTML","","800x1000",""
"Image","https://www.mychef.ae/locations/dubai-mall","https://www.mychef.ae/team-head-chef.webp","Chef in the myCHEF network","26","Root-Relative","//body/div/div/main/div/section[11]/div/div/div[1]/img","Content","HTML","","800x1000",""
"Image","https://www.mychef.ae/images/eid-catering-dubai-hero.webp","https://www.mychef.ae/team-head-chef.webp","Chef in the myCHEF network","26","Root-Relative","//body/div/div/main/div/section[11]/div/div/div[1]/img","Content","HTML","","800x1000",""
"Image","https://www.mychef.ae/images/business-lunch-catering-dubai-hero.webp","https://www.mychef.ae/team-head-chef.webp","Chef in the myCHEF network","26","Root-Relative","//body/div/div/main/div/section[11]/div/div/div[1]/img","Content","HTML","","800x1000",""
"Image","https://www.mychef.ae/live-cooking-station-dubai","https://www.mychef.ae/team-head-chef.webp","Chef in the myCHEF network","26","Root-Relative","//body/div/div/main/div/section[11]/div/div/div[1]/img","Content","HTML","","800x1000",""
"Image","https://www.mychef.ae/villa-catering-dubai","https://www.mychef.ae/team-head-chef.webp","Chef in the myCHEF network","26","Root-Relative","//body/div/div/main/div/section[11]/div/div/div[1]/img","Content","HTML","","800x1000",""
"Image","https://www.mychef.ae/locations/city-walk","https://www.mychef.ae/team-head-chef.webp","Chef in the myCHEF network","26","Root-Relative","//body/div/div/main/div/section[11]/div/div/div[1]/img","Content","HTML","","800x1000",""
"Image","https://www.mychef.ae/","https://www.mychef.ae/loc-dubai-marina.webp","Dubai Marina","12","Root-Relative","//body/div/div/main/div/section[6]/div/div[2]/a[3]/img","Content","HTML","","800x600",""
"Image","https://www.mychef.ae/catering","https://www.mychef.ae/loc-dubai-marina.webp","Dubai Marina","12","Root-Relative","//body/div/div/main/div/section[6]/div/div[2]/a[3]/img","Content","HTML","","800x600",""
"Image","https://www.mychef.ae/villas-private-residences","https://www.mychef.ae/loc-dubai-marina.webp","Jumeirah Islands","16","Root-Relative","//body/div/div/main/div/div[1]/section[3]/div/div[2]/a[4]/img","Content","HTML","","400x256",""
"Image","https://www.mychef.ae/locations","https://www.mychef.ae/loc-dubai-marina.webp","Dubai Marina","12","Root-Relative","//body/div/div/main/div/div[1]/section[2]/div/div/a[1]/div[1]/img","Content","HTML","","",""
"Image","https://www.mychef.ae/locations","https://www.mychef.ae/loc-dubai-marina.webp","JVC","3","Root-Relative","//body/div/div/main/div/div[1]/section[2]/div/div/a[11]/div[1]/img","Content","HTML","","",""
"Image","https://www.mychef.ae/locations","https://www.mychef.ae/loc-dubai-marina.webp","JLT","3","Root-Relative","//body/div/div/main/div/div[1]/section[2]/div/div/a[12]/div[1]/img","Content","HTML","","",""
"Image","https://www.mychef.ae/locations/jumeirah-islands","https://www.mychef.ae/loc-dubai-marina.webp","Dubai Marina","12","Root-Relative","//body/div/div/main/div/section[6]/div/div[2]/a[3]/img","Content","HTML","","800x600",""
"Image","https://www.mychef.ae/private-chef-dubai/our-chefs","https://www.mychef.ae/loc-dubai-marina.webp","Dubai Marina","12","Root-Relative","//body/div/div/main/div/section[6]/div/div[2]/a[3]/img","Content","HTML","","800x600",""
"Image","https://www.mychef.ae/case-studies/corporate-gala-dinner-downtown-dubai","https://www.mychef.ae/loc-dubai-marina.webp","Dubai Marina","12","Root-Relative","//body/div/div/main/div/section[6]/div/div[2]/a[3]/img","Content","HTML","","800x600",""
"Image","https://www.mychef.ae/locations/mirdif","https://www.mychef.ae/loc-dubai-marina.webp","Dubai Marina","12","Root-Relative","//body/div/div/main/div/section[6]/div/div[2]/a[3]/img","Content","HTML","","800x600",""
"Image","https://www.mychef.ae/case-studies/product-launch-difc","https://www.mychef.ae/loc-dubai-marina.webp","Dubai Marina","12","Root-Relative","//body/div/div/main/div/section[6]/div/div[2]/a[3]/img","Content","HTML","","800x600",""
"Image","https://www.mychef.ae/locations/dubai-internet-city","https://www.mychef.ae/loc-dubai-marina.webp","Dubai Marina","12","Root-Relative","//body/div/div/main/div/section[6]/div/div[2]/a[3]/img","Content","HTML","","800x600",""
"Image","https://www.mychef.ae/case-studies/family-eid-gathering-arabian-ranches","https://www.mychef.ae/loc-dubai-marina.webp","Dubai Marina","12","Root-Relative","//body/div/div/main/div/section[6]/div/div[2]/a[3]/img","Content","HTML","","800x600",""
"Image","https://www.mychef.ae/private-dining-dubai","https://www.mychef.ae/loc-dubai-marina.webp","Dubai Marina","12","Root-Relative","//body/div/div/main/div/section[6]/div/div[2]/a[3]/img","Content","HTML","","800x600",""
"Image","https://www.mychef.ae/menu-mains.webp","https://www.mychef.ae/loc-dubai-marina.webp","Dubai Marina","12","Root-Relative","//body/div/div/main/div/section[6]/div/div[2]/a[3]/img","Content","HTML","","800x600",""
"Image","https://www.mychef.ae/locations/meydan","https://www.mychef.ae/loc-dubai-marina.webp","Dubai Marina","12","Root-Relative","//body/div/div/main/div/section[6]/div/div[2]/a[3]/img","Content","HTML","","800x600",""
"Image","https://www.mychef.ae/locations/dubai-harbour","https://www.mychef.ae/loc-dubai-marina.webp","Dubai Marina","12","Root-Relative","//body/div/div/main/div/section[6]/div/div[2]/a[3]/img","Content","HTML","","800x600",""
"Image","https://www.mychef.ae/case-studies/intimate-anniversary-dinner-palm-jumeirah","https://www.mychef.ae/loc-dubai-marina.webp","Dubai Marina","12","Root-Relative","//body/div/div/main/div/section[6]/div/div[2]/a[3]/img","Content","HTML","","800x600",""
"Image","https://www.mychef.ae/romantic-dinner-dubai-hero.webp","https://www.mychef.ae/loc-dubai-marina.webp","Dubai Marina","12","Root-Relative","//body/div/div/main/div/section[6]/div/div[2]/a[3]/img","Content","HTML","","800x600",""
"Image","https://www.mychef.ae/locations/al-barari","https://www.mychef.ae/loc-dubai-marina.webp","Dubai Marina","12","Root-Relative","//body/div/div/main/div/section[6]/div/div[2]/a[3]/img","Content","HTML","","800x600",""
"Image","https://www.mychef.ae/luxury-dining-dubai","https://www.mychef.ae/loc-dubai-marina.webp","Dubai Marina","12","Root-Relative","//body/div/div/main/div/section[6]/div/div[2]/a[3]/img","Content","HTML","","800x600",""
"Image","https://www.mychef.ae/locations/dubai-media-city","https://www.mychef.ae/loc-dubai-marina.webp","Dubai Marina","12","Root-Relative","//body/div/div/main/div/section[6]/div/div[2]/a[3]/img","Content","HTML","","800x600",""
"Image","https://www.mychef.ae/locations/dubai-creek-harbour","https://www.mychef.ae/loc-dubai-marina.webp","Dubai Marina","12","Root-Relative","//body/div/div/main/div/section[6]/div/div[2]/a[3]/img","Content","HTML","","800x600",""
"Image","https://www.mychef.ae/case-studies/villa-wedding-reception-emirates-hills","https://www.mychef.ae/loc-dubai-marina.webp","Dubai Marina","12","Root-Relative","//body/div/div/main/div/section[6]/div/div[2]/a[3]/img","Content","HTML","","800x600",""
"Image","https://www.mychef.ae/event-catering-dubai","https://www.mychef.ae/loc-dubai-marina.webp","Dubai Marina","12","Root-Relative","//body/div/div/main/div/section[6]/div/div[2]/a[3]/img","Content","HTML","","800x600",""
"Image","https://www.mychef.ae/yacht-catering-dubai","https://www.mychef.ae/loc-dubai-marina.webp","Dubai Marina","12","Root-Relative","//body/div/div/main/div/section[6]/div/div[2]/a[3]/img","Content","HTML","","800x600",""
"Image","https://www.mychef.ae/locations/jumeirah-golf-estates","https://www.mychef.ae/loc-dubai-marina.webp","Dubai Marina","12","Root-Relative","//body/div/div/main/div/section[6]/div/div[2]/a[3]/img","Content","HTML","","800x600",""
"Image","https://www.mychef.ae/case-studies/yacht-birthday-celebration-dubai-marina","https://www.mychef.ae/loc-dubai-marina.webp","Dubai Marina","12","Root-Relative","//body/div/div/main/div/section[6]/div/div[2]/a[3]/img","Content","HTML","","800x600",""
"Image","https://www.mychef.ae/locations/mall-of-the-emirates","https://www.mychef.ae/loc-dubai-marina.webp","Dubai Marina","12","Root-Relative","//body/div/div/main/div/section[6]/div/div[2]/a[3]/img","Content","HTML","","800x600",""
"Image","https://www.mychef.ae/locations/dwtc","https://www.mychef.ae/loc-dubai-marina.webp","Dubai Marina","12","Root-Relative","//body/div/div/main/div/section[6]/div/div[2]/a[3]/img","Content","HTML","","800x600",""
"Image","https://www.mychef.ae/dessert-table-dubai","https://www.mychef.ae/loc-dubai-marina.webp","Dubai Marina","12","Root-Relative","//body/div/div/main/div/section[6]/div/div[2]/a[3]/img","Content","HTML","","800x600",""
"Image","https://www.mychef.ae/locations/dubai-mall","https://www.mychef.ae/loc-dubai-marina.webp","Dubai Marina","12","Root-Relative","//body/div/div/main/div/section[6]/div/div[2]/a[3]/img","Content","HTML","","800x600",""
"Image","https://www.mychef.ae/images/eid-catering-dubai-hero.webp","https://www.mychef.ae/loc-dubai-marina.webp","Dubai Marina","12","Root-Relative","//body/div/div/main/div/section[6]/div/div[2]/a[3]/img","Content","HTML","","800x600",""
"Image","https://www.mychef.ae/images/business-lunch-catering-dubai-hero.webp","https://www.mychef.ae/loc-dubai-marina.webp","Dubai Marina","12","Root-Relative","//body/div/div/main/div/section[6]/div/div[2]/a[3]/img","Content","HTML","","800x600",""
"Image","https://www.mychef.ae/live-cooking-station-dubai","https://www.mychef.ae/loc-dubai-marina.webp","Dubai Marina","12","Root-Relative","//body/div/div/main/div/section[6]/div/div[2]/a[3]/img","Content","HTML","","800x600",""
"Image","https://www.mychef.ae/villa-catering-dubai","https://www.mychef.ae/loc-dubai-marina.webp","Dubai Marina","12","Root-Relative","//body/div/div/main/div/section[6]/div/div[2]/a[3]/img","Content","HTML","","800x600",""
"Image","https://www.mychef.ae/locations/city-walk","https://www.mychef.ae/loc-dubai-marina.webp","Dubai Marina","12","Root-Relative","//body/div/div/main/div/section[6]/div/div[2]/a[3]/img","Content","HTML","","800x600",""
"Image","https://www.mychef.ae/","https://www.mychef.ae/loc-downtown.webp","Downtown Dubai","14","Root-Relative","//body/div/div/main/div/section[6]/div/div[2]/a[2]/img","Content","HTML","","800x600",""
"Image","https://www.mychef.ae/catering","https://www.mychef.ae/loc-downtown.webp","Downtown Dubai","14","Root-Relative","//body/div/div/main/div/section[6]/div/div[2]/a[2]/img","Content","HTML","","800x600",""
"Image","https://www.mychef.ae/villas-private-residences","https://www.mychef.ae/loc-downtown.webp","Dubai Hills","11","Root-Relative","//body/div/div/main/div/div[1]/section[3]/div/div[2]/a[3]/img","Content","HTML","","400x256",""
"Image","https://www.mychef.ae/locations","https://www.mychef.ae/loc-downtown.webp","Downtown Dubai","14","Root-Relative","//body/div/div/main/div/div[1]/section[2]/div/div/a[2]/div[1]/img","Content","HTML","","",""
"Image","https://www.mychef.ae/locations","https://www.mychef.ae/loc-downtown.webp","Al Barsha","9","Root-Relative","//body/div/div/main/div/div[1]/section[2]/div/div/a[15]/div[1]/img","Content","HTML","","",""
"Image","https://www.mychef.ae/locations/jumeirah-islands","https://www.mychef.ae/loc-downtown.webp","Downtown Dubai","14","Root-Relative","//body/div/div/main/div/section[6]/div/div[2]/a[2]/img","Content","HTML","","800x600",""
"Image","https://www.mychef.ae/private-chef-dubai/our-chefs","https://www.mychef.ae/loc-downtown.webp","Downtown Dubai","14","Root-Relative","//body/div/div/main/div/section[6]/div/div[2]/a[2]/img","Content","HTML","","800x600",""
"Image","https://www.mychef.ae/case-studies/corporate-gala-dinner-downtown-dubai","https://www.mychef.ae/loc-downtown.webp","Downtown Dubai","14","Root-Relative","//body/div/div/main/div/section[6]/div/div[2]/a[2]/img","Content","HTML","","800x600",""
"Image","https://www.mychef.ae/locations/mirdif","https://www.mychef.ae/loc-downtown.webp","Downtown Dubai","14","Root-Relative","//body/div/div/main/div/section[6]/div/div[2]/a[2]/img","Content","HTML","","800x600",""
"Image","https://www.mychef.ae/case-studies/product-launch-difc","https://www.mychef.ae/loc-downtown.webp","Downtown Dubai","14","Root-Relative","//body/div/div/main/div/section[6]/div/div[2]/a[2]/img","Content","HTML","","800x600",""
"Image","https://www.mychef.ae/locations/dubai-internet-city","https://www.mychef.ae/loc-downtown.webp","Downtown Dubai","14","Root-Relative","//body/div/div/main/div/section[6]/div/div[2]/a[2]/img","Content","HTML","","800x600",""
"Image","https://www.mychef.ae/case-studies/family-eid-gathering-arabian-ranches","https://www.mychef.ae/loc-downtown.webp","Downtown Dubai","14","Root-Relative","//body/div/div/main/div/section[6]/div/div[2]/a[2]/img","Content","HTML","","800x600",""
"Image","https://www.mychef.ae/private-dining-dubai","https://www.mychef.ae/loc-downtown.webp","Downtown Dubai","14","Root-Relative","//body/div/div/main/div/section[6]/div/div[2]/a[2]/img","Content","HTML","","800x600",""
"Image","https://www.mychef.ae/menu-mains.webp","https://www.mychef.ae/loc-downtown.webp","Downtown Dubai","14","Root-Relative","//body/div/div/main/div/section[6]/div/div[2]/a[2]/img","Content","HTML","","800x600",""
"Image","https://www.mychef.ae/locations/meydan","https://www.mychef.ae/loc-downtown.webp","Downtown Dubai","14","Root-Relative","//body/div/div/main/div/section[6]/div/div[2]/a[2]/img","Content","HTML","","800x600",""
"Image","https://www.mychef.ae/locations/dubai-harbour","https://www.mychef.ae/loc-downtown.webp","Downtown Dubai","14","Root-Relative","//body/div/div/main/div/section[6]/div/div[2]/a[2]/img","Content","HTML","","800x600",""
"Image","https://www.mychef.ae/case-studies/intimate-anniversary-dinner-palm-jumeirah","https://www.mychef.ae/loc-downtown.webp","Downtown Dubai","14","Root-Relative","//body/div/div/main/div/section[6]/div/div[2]/a[2]/img","Content","HTML","","800x600",""
"Image","https://www.mychef.ae/romantic-dinner-dubai-hero.webp","https://www.mychef.ae/loc-downtown.webp","Downtown Dubai","14","Root-Relative","//body/div/div/main/div/section[6]/div/div[2]/a[2]/img","Content","HTML","","800x600",""
"Image","https://www.mychef.ae/locations/al-barari","https://www.mychef.ae/loc-downtown.webp","Downtown Dubai","14","Root-Relative","//body/div/div/main/div/section[6]/div/div[2]/a[2]/img","Content","HTML","","800x600",""
"Image","https://www.mychef.ae/luxury-dining-dubai","https://www.mychef.ae/loc-downtown.webp","Downtown Dubai","14","Root-Relative","//body/div/div/main/div/section[6]/div/div[2]/a[2]/img","Content","HTML","","800x600",""
"Image","https://www.mychef.ae/locations/dubai-media-city","https://www.mychef.ae/loc-downtown.webp","Downtown Dubai","14","Root-Relative","//body/div/div/main/div/section[6]/div/div[2]/a[2]/img","Content","HTML","","800x600",""
"Image","https://www.mychef.ae/locations/dubai-creek-harbour","https://www.mychef.ae/loc-downtown.webp","Downtown Dubai","14","Root-Relative","//body/div/div/main/div/section[6]/div/div[2]/a[2]/img","Content","HTML","","800x600",""
"Image","https://www.mychef.ae/case-studies/villa-wedding-reception-emirates-hills","https://www.mychef.ae/loc-downtown.webp","Downtown Dubai","14","Root-Relative","//body/div/div/main/div/section[6]/div/div[2]/a[2]/img","Content","HTML","","800x600",""
"Image","https://www.mychef.ae/event-catering-dubai","https://www.mychef.ae/loc-downtown.webp","Downtown Dubai","14","Root-Relative","//body/div/div/main/div/section[6]/div/div[2]/a[2]/img","Content","HTML","","800x600",""
"Image","https://www.mychef.ae/yacht-catering-dubai","https://www.mychef.ae/loc-downtown.webp","Downtown Dubai","14","Root-Relative","//body/div/div/main/div/section[6]/div/div[2]/a[2]/img","Content","HTML","","800x600",""
"Image","https://www.mychef.ae/locations/jumeirah-golf-estates","https://www.mychef.ae/loc-downtown.webp","Downtown Dubai","14","Root-Relative","//body/div/div/main/div/section[6]/div/div[2]/a[2]/img","Content","HTML","","800x600",""
"Image","https://www.mychef.ae/case-studies/yacht-birthday-celebration-dubai-marina","https://www.mychef.ae/loc-downtown.webp","Downtown Dubai","14","Root-Relative","//body/div/div/main/div/section[6]/div/div[2]/a[2]/img","Content","HTML","","800x600",""
"Image","https://www.mychef.ae/locations/mall-of-the-emirates","https://www.mychef.ae/loc-downtown.webp","Downtown Dubai","14","Root-Relative","//body/div/div/main/div/section[6]/div/div[2]/a[2]/img","Content","HTML","","800x600",""
"Image","https://www.mychef.ae/locations/dwtc","https://www.mychef.ae/loc-downtown.webp","Downtown Dubai","14","Root-Relative","//body/div/div/main/div/section[6]/div/div[2]/a[2]/img","Content","HTML","","800x600",""
"Image","https://www.mychef.ae/dessert-table-dubai","https://www.mychef.ae/loc-downtown.webp","Downtown Dubai","14","Root-Relative","//body/div/div/main/div/section[6]/div/div[2]/a[2]/img","Content","HTML","","800x600",""
"Image","https://www.mychef.ae/locations/dubai-mall","https://www.mychef.ae/loc-downtown.webp","Downtown Dubai","14","Root-Relative","//body/div/div/main/div/section[6]/div/div[2]/a[2]/img","Content","HTML","","800x600",""
"Image","https://www.mychef.ae/images/eid-catering-dubai-hero.webp","https://www.mychef.ae/loc-downtown.webp","Downtown Dubai","14","Root-Relative","//body/div/div/main/div/section[6]/div/div[2]/a[2]/img","Content","HTML","","800x600",""
"Image","https://www.mychef.ae/images/business-lunch-catering-dubai-hero.webp","https://www.mychef.ae/loc-downtown.webp","Downtown Dubai","14","Root-Relative","//body/div/div/main/div/section[6]/div/div[2]/a[2]/img","Content","HTML","","800x600",""
"Image","https://www.mychef.ae/live-cooking-station-dubai","https://www.mychef.ae/loc-downtown.webp","Downtown Dubai","14","Root-Relative","//body/div/div/main/div/section[6]/div/div[2]/a[2]/img","Content","HTML","","800x600",""
"Image","https://www.mychef.ae/villa-catering-dubai","https://www.mychef.ae/loc-downtown.webp","Downtown Dubai","14","Root-Relative","//body/div/div/main/div/section[6]/div/div[2]/a[2]/img","Content","HTML","","800x600",""
"Image","https://www.mychef.ae/locations/city-walk","https://www.mychef.ae/loc-downtown.webp","Downtown Dubai","14","Root-Relative","//body/div/div/main/div/section[6]/div/div[2]/a[2]/img","Content","HTML","","800x600",""
"Image","https://www.mychef.ae/","https://www.mychef.ae/loc-palm-jumeirah.webp","Palm Jumeirah","13","Root-Relative","//body/div/div/main/div/section[6]/div/div[2]/a[1]/img","Content","HTML","","800x600",""
"Image","https://www.mychef.ae/catering","https://www.mychef.ae/loc-palm-jumeirah.webp","Palm Jumeirah","13","Root-Relative","//body/div/div/main/div/section[6]/div/div[2]/a[1]/img","Content","HTML","","800x600",""
"Image","https://www.mychef.ae/villas-private-residences","https://www.mychef.ae/loc-palm-jumeirah.webp","Palm Jumeirah","13","Root-Relative","//body/div/div/main/div/div[1]/section[3]/div/div[2]/a[1]/img","Content","HTML","","400x256",""
"Image","https://www.mychef.ae/villas-private-residences","https://www.mychef.ae/loc-palm-jumeirah.webp","Palm Jumeirah","13","Root-Relative","//body/div/div/main/div/div[1]/section[4]/div/div[2]/a[4]/img","Content","HTML","","400x256",""
"Image","https://www.mychef.ae/locations","https://www.mychef.ae/loc-palm-jumeirah.webp","Palm Jumeirah","13","Root-Relative","//body/div/div/main/div/div[1]/section[2]/div/div/a[3]/div[1]/img","Content","HTML","","",""
"Image","https://www.mychef.ae/locations/jumeirah-islands","https://www.mychef.ae/loc-palm-jumeirah.webp","Palm Jumeirah","13","Root-Relative","//body/div/div/main/div/section[6]/div/div[2]/a[1]/img","Content","HTML","","800x600",""
"Image","https://www.mychef.ae/private-chef-dubai/our-chefs","https://www.mychef.ae/loc-palm-jumeirah.webp","Palm Jumeirah","13","Root-Relative","//body/div/div/main/div/section[6]/div/div[2]/a[1]/img","Content","HTML","","800x600",""
"Image","https://www.mychef.ae/case-studies/corporate-gala-dinner-downtown-dubai","https://www.mychef.ae/loc-palm-jumeirah.webp","Palm Jumeirah","13","Root-Relative","//body/div/div/main/div/section[6]/div/div[2]/a[1]/img","Content","HTML","","800x600",""
"Image","https://www.mychef.ae/locations/mirdif","https://www.mychef.ae/loc-palm-jumeirah.webp","Palm Jumeirah","13","Root-Relative","//body/div/div/main/div/section[6]/div/div[2]/a[1]/img","Content","HTML","","800x600",""
"Image","https://www.mychef.ae/case-studies/product-launch-difc","https://www.mychef.ae/loc-palm-jumeirah.webp","Palm Jumeirah","13","Root-Relative","//body/div/div/main/div/section[6]/div/div[2]/a[1]/img","Content","HTML","","800x600",""
"Image","https://www.mychef.ae/locations/dubai-internet-city","https://www.mychef.ae/loc-palm-jumeirah.webp","Palm Jumeirah","13","Root-Relative","//body/div/div/main/div/section[6]/div/div[2]/a[1]/img","Content","HTML","","800x600",""
"Image","https://www.mychef.ae/case-studies/family-eid-gathering-arabian-ranches","https://www.mychef.ae/loc-palm-jumeirah.webp","Palm Jumeirah","13","Root-Relative","//body/div/div/main/div/section[6]/div/div[2]/a[1]/img","Content","HTML","","800x600",""
"Image","https://www.mychef.ae/private-dining-dubai","https://www.mychef.ae/loc-palm-jumeirah.webp","Palm Jumeirah","13","Root-Relative","//body/div/div/main/div/section[6]/div/div[2]/a[1]/img","Content","HTML","","800x600",""
"Image","https://www.mychef.ae/menu-mains.webp","https://www.mychef.ae/loc-palm-jumeirah.webp","Palm Jumeirah","13","Root-Relative","//body/div/div/main/div/section[6]/div/div[2]/a[1]/img","Content","HTML","","800x600",""
"Image","https://www.mychef.ae/locations/meydan","https://www.mychef.ae/loc-palm-jumeirah.webp","Palm Jumeirah","13","Root-Relative","//body/div/div/main/div/section[6]/div/div[2]/a[1]/img","Content","HTML","","800x600",""
"Image","https://www.mychef.ae/locations/dubai-harbour","https://www.mychef.ae/loc-palm-jumeirah.webp","Palm Jumeirah","13","Root-Relative","//body/div/div/main/div/section[6]/div/div[2]/a[1]/img","Content","HTML","","800x600",""
"Image","https://www.mychef.ae/case-studies/intimate-anniversary-dinner-palm-jumeirah","https://www.mychef.ae/loc-palm-jumeirah.webp","Palm Jumeirah","13","Root-Relative","//body/div/div/main/div/section[6]/div/div[2]/a[1]/img","Content","HTML","","800x600",""
"Image","https://www.mychef.ae/romantic-dinner-dubai-hero.webp","https://www.mychef.ae/loc-palm-jumeirah.webp","Palm Jumeirah","13","Root-Relative","//body/div/div/main/div/section[6]/div/div[2]/a[1]/img","Content","HTML","","800x600",""
"Image","https://www.mychef.ae/locations/al-barari","https://www.mychef.ae/loc-palm-jumeirah.webp","Palm Jumeirah","13","Root-Relative","//body/div/div/main/div/section[6]/div/div[2]/a[1]/img","Content","HTML","","800x600",""
"Image","https://www.mychef.ae/luxury-dining-dubai","https://www.mychef.ae/loc-palm-jumeirah.webp","Palm Jumeirah","13","Root-Relative","//body/div/div/main/div/section[6]/div/div[2]/a[1]/img","Content","HTML","","800x600",""
"Image","https://www.mychef.ae/locations/dubai-media-city","https://www.mychef.ae/loc-palm-jumeirah.webp","Palm Jumeirah","13","Root-Relative","//body/div/div/main/div/section[6]/div/div[2]/a[1]/img","Content","HTML","","800x600",""
"Image","https://www.mychef.ae/locations/dubai-creek-harbour","https://www.mychef.ae/loc-palm-jumeirah.webp","Palm Jumeirah","13","Root-Relative","//body/div/div/main/div/section[6]/div/div[2]/a[1]/img","Content","HTML","","800x600",""
"Image","https://www.mychef.ae/case-studies/villa-wedding-reception-emirates-hills","https://www.mychef.ae/loc-palm-jumeirah.webp","Palm Jumeirah","13","Root-Relative","//body/div/div/main/div/section[6]/div/div[2]/a[1]/img","Content","HTML","","800x600",""
"Image","https://www.mychef.ae/event-catering-dubai","https://www.mychef.ae/loc-palm-jumeirah.webp","Palm Jumeirah","13","Root-Relative","//body/div/div/main/div/section[6]/div/div[2]/a[1]/img","Content","HTML","","800x600",""
"Image","https://www.mychef.ae/yacht-catering-dubai","https://www.mychef.ae/loc-palm-jumeirah.webp","Palm Jumeirah","13","Root-Relative","//body/div/div/main/div/section[6]/div/div[2]/a[1]/img","Content","HTML","","800x600",""
"Image","https://www.mychef.ae/locations/jumeirah-golf-estates","https://www.mychef.ae/loc-palm-jumeirah.webp","Palm Jumeirah","13","Root-Relative","//body/div/div/main/div/section[6]/div/div[2]/a[1]/img","Content","HTML","","800x600",""
"Image","https://www.mychef.ae/case-studies/yacht-birthday-celebration-dubai-marina","https://www.mychef.ae/loc-palm-jumeirah.webp","Palm Jumeirah","13","Root-Relative","//body/div/div/main/div/section[6]/div/div[2]/a[1]/img","Content","HTML","","800x600",""
"Image","https://www.mychef.ae/locations/mall-of-the-emirates","https://www.mychef.ae/loc-palm-jumeirah.webp","Palm Jumeirah","13","Root-Relative","//body/div/div/main/div/section[6]/div/div[2]/a[1]/img","Content","HTML","","800x600",""
"Image","https://www.mychef.ae/locations/dwtc","https://www.mychef.ae/loc-palm-jumeirah.webp","Palm Jumeirah","13","Root-Relative","//body/div/div/main/div/section[6]/div/div[2]/a[1]/img","Content","HTML","","800x600",""
"Image","https://www.mychef.ae/dessert-table-dubai","https://www.mychef.ae/loc-palm-jumeirah.webp","Palm Jumeirah","13","Root-Relative","//body/div/div/main/div/section[6]/div/div[2]/a[1]/img","Content","HTML","","800x600",""
"Image","https://www.mychef.ae/locations/dubai-mall","https://www.mychef.ae/loc-palm-jumeirah.webp","Palm Jumeirah","13","Root-Relative","//body/div/div/main/div/section[6]/div/div[2]/a[1]/img","Content","HTML","","800x600",""
"Image","https://www.mychef.ae/images/eid-catering-dubai-hero.webp","https://www.mychef.ae/loc-palm-jumeirah.webp","Palm Jumeirah","13","Root-Relative","//body/div/div/main/div/section[6]/div/div[2]/a[1]/img","Content","HTML","","800x600",""
"Image","https://www.mychef.ae/images/business-lunch-catering-dubai-hero.webp","https://www.mychef.ae/loc-palm-jumeirah.webp","Palm Jumeirah","13","Root-Relative","//body/div/div/main/div/section[6]/div/div[2]/a[1]/img","Content","HTML","","800x600",""
"Image","https://www.mychef.ae/live-cooking-station-dubai","https://www.mychef.ae/loc-palm-jumeirah.webp","Palm Jumeirah","13","Root-Relative","//body/div/div/main/div/section[6]/div/div[2]/a[1]/img","Content","HTML","","800x600",""
"Image","https://www.mychef.ae/villa-catering-dubai","https://www.mychef.ae/loc-palm-jumeirah.webp","Palm Jumeirah","13","Root-Relative","//body/div/div/main/div/section[6]/div/div[2]/a[1]/img","Content","HTML","","800x600",""
"Image","https://www.mychef.ae/locations/city-walk","https://www.mychef.ae/loc-palm-jumeirah.webp","Palm Jumeirah","13","Root-Relative","//body/div/div/main/div/section[6]/div/div[2]/a[1]/img","Content","HTML","","800x600",""
"Image","https://www.mychef.ae/","https://www.mychef.ae/loc-jbr.webp","JBR","3","Root-Relative","//body/div/div/main/div/section[6]/div/div[2]/a[5]/img","Content","HTML","","800x600",""
"Image","https://www.mychef.ae/catering","https://www.mychef.ae/loc-jbr.webp","JBR","3","Root-Relative","//body/div/div/main/div/section[6]/div/div[2]/a[5]/img","Content","HTML","","800x600",""
"Image","https://www.mychef.ae/villas-private-residences","https://www.mychef.ae/loc-jbr.webp","Arabian Ranches","15","Root-Relative","//body/div/div/main/div/div[1]/section[3]/div/div[2]/a[5]/img","Content","HTML","","400x256",""
"Image","https://www.mychef.ae/villas-private-residences","https://www.mychef.ae/loc-jbr.webp","Arabian Ranches","15","Root-Relative","//body/div/div/main/div/div[1]/section[4]/div/div[2]/a[2]/img","Content","HTML","","400x256",""
"Image","https://www.mychef.ae/locations","https://www.mychef.ae/loc-jbr.webp","JBR","3","Root-Relative","//body/div/div/main/div/div[1]/section[2]/div/div/a[5]/div[1]/img","Content","HTML","","",""
"Image","https://www.mychef.ae/locations","https://www.mychef.ae/loc-jbr.webp","Bluewaters Island","17","Root-Relative","//body/div/div/main/div/div[1]/section[2]/div/div/a[13]/div[1]/img","Content","HTML","","",""
"Image","https://www.mychef.ae/locations/jumeirah-islands","https://www.mychef.ae/loc-jbr.webp","JBR","3","Root-Relative","//body/div/div/main/div/section[6]/div/div[2]/a[5]/img","Content","HTML","","800x600",""
"Image","https://www.mychef.ae/private-chef-dubai/our-chefs","https://www.mychef.ae/loc-jbr.webp","JBR","3","Root-Relative","//body/div/div/main/div/section[6]/div/div[2]/a[5]/img","Content","HTML","","800x600",""
"Image","https://www.mychef.ae/case-studies/corporate-gala-dinner-downtown-dubai","https://www.mychef.ae/loc-jbr.webp","JBR","3","Root-Relative","//body/div/div/main/div/section[6]/div/div[2]/a[5]/img","Content","HTML","","800x600",""
"Image","https://www.mychef.ae/locations/mirdif","https://www.mychef.ae/loc-jbr.webp","JBR","3","Root-Relative","//body/div/div/main/div/section[6]/div/div[2]/a[5]/img","Content","HTML","","800x600",""
"Image","https://www.mychef.ae/case-studies/product-launch-difc","https://www.mychef.ae/loc-jbr.webp","JBR","3","Root-Relative","//body/div/div/main/div/section[6]/div/div[2]/a[5]/img","Content","HTML","","800x600",""
"Image","https://www.mychef.ae/locations/dubai-internet-city","https://www.mychef.ae/loc-jbr.webp","JBR","3","Root-Relative","//body/div/div/main/div/section[6]/div/div[2]/a[5]/img","Content","HTML","","800x600",""
"Image","https://www.mychef.ae/case-studies/family-eid-gathering-arabian-ranches","https://www.mychef.ae/loc-jbr.webp","JBR","3","Root-Relative","//body/div/div/main/div/section[6]/div/div[2]/a[5]/img","Content","HTML","","800x600",""
"Image","https://www.mychef.ae/private-dining-dubai","https://www.mychef.ae/loc-jbr.webp","JBR","3","Root-Relative","//body/div/div/main/div/section[6]/div/div[2]/a[5]/img","Content","HTML","","800x600",""
"Image","https://www.mychef.ae/menu-mains.webp","https://www.mychef.ae/loc-jbr.webp","JBR","3","Root-Relative","//body/div/div/main/div/section[6]/div/div[2]/a[5]/img","Content","HTML","","800x600",""
"Image","https://www.mychef.ae/locations/meydan","https://www.mychef.ae/loc-jbr.webp","JBR","3","Root-Relative","//body/div/div/main/div/section[6]/div/div[2]/a[5]/img","Content","HTML","","800x600",""
"Image","https://www.mychef.ae/locations/dubai-harbour","https://www.mychef.ae/loc-jbr.webp","JBR","3","Root-Relative","//body/div/div/main/div/section[6]/div/div[2]/a[5]/img","Content","HTML","","800x600",""
"Image","https://www.mychef.ae/case-studies/intimate-anniversary-dinner-palm-jumeirah","https://www.mychef.ae/loc-jbr.webp","JBR","3","Root-Relative","//body/div/div/main/div/section[6]/div/div[2]/a[5]/img","Content","HTML","","800x600",""
"Image","https://www.mychef.ae/romantic-dinner-dubai-hero.webp","https://www.mychef.ae/loc-jbr.webp","JBR","3","Root-Relative","//body/div/div/main/div/section[6]/div/div[2]/a[5]/img","Content","HTML","","800x600",""
"Image","https://www.mychef.ae/locations/al-barari","https://www.mychef.ae/loc-jbr.webp","JBR","3","Root-Relative","//body/div/div/main/div/section[6]/div/div[2]/a[5]/img","Content","HTML","","800x600",""
"Image","https://www.mychef.ae/luxury-dining-dubai","https://www.mychef.ae/loc-jbr.webp","JBR","3","Root-Relative","//body/div/div/main/div/section[6]/div/div[2]/a[5]/img","Content","HTML","","800x600",""
"Image","https://www.mychef.ae/locations/dubai-media-city","https://www.mychef.ae/loc-jbr.webp","JBR","3","Root-Relative","//body/div/div/main/div/section[6]/div/div[2]/a[5]/img","Content","HTML","","800x600",""
"Image","https://www.mychef.ae/locations/dubai-creek-harbour","https://www.mychef.ae/loc-jbr.webp","JBR","3","Root-Relative","//body/div/div/main/div/section[6]/div/div[2]/a[5]/img","Content","HTML","","800x600",""
"Image","https://www.mychef.ae/case-studies/villa-wedding-reception-emirates-hills","https://www.mychef.ae/loc-jbr.webp","JBR","3","Root-Relative","//body/div/div/main/div/section[6]/div/div[2]/a[5]/img","Content","HTML","","800x600",""
"Image","https://www.mychef.ae/event-catering-dubai","https://www.mychef.ae/loc-jbr.webp","JBR","3","Root-Relative","//body/div/div/main/div/section[6]/div/div[2]/a[5]/img","Content","HTML","","800x600",""
"Image","https://www.mychef.ae/yacht-catering-dubai","https://www.mychef.ae/loc-jbr.webp","JBR","3","Root-Relative","//body/div/div/main/div/section[6]/div/div[2]/a[5]/img","Content","HTML","","800x600",""
"Image","https://www.mychef.ae/locations/jumeirah-golf-estates","https://www.mychef.ae/loc-jbr.webp","JBR","3","Root-Relative","//body/div/div/main/div/section[6]/div/div[2]/a[5]/img","Content","HTML","","800x600",""
"Image","https://www.mychef.ae/case-studies/yacht-birthday-celebration-dubai-marina","https://www.mychef.ae/loc-jbr.webp","JBR","3","Root-Relative","//body/div/div/main/div/section[6]/div/div[2]/a[5]/img","Content","HTML","","800x600",""
"Image","https://www.mychef.ae/locations/mall-of-the-emirates","https://www.mychef.ae/loc-jbr.webp","JBR","3","Root-Relative","//body/div/div/main/div/section[6]/div/div[2]/a[5]/img","Content","HTML","","800x600",""
"Image","https://www.mychef.ae/locations/dwtc","https://www.mychef.ae/loc-jbr.webp","JBR","3","Root-Relative","//body/div/div/main/div/section[6]/div/div[2]/a[5]/img","Content","HTML","","800x600",""
"Image","https://www.mychef.ae/dessert-table-dubai","https://www.mychef.ae/loc-jbr.webp","JBR","3","Root-Relative","//body/div/div/main/div/section[6]/div/div[2]/a[5]/img","Content","HTML","","800x600",""
"Image","https://www.mychef.ae/locations/dubai-mall","https://www.mychef.ae/loc-jbr.webp","JBR","3","Root-Relative","//body/div/div/main/div/section[6]/div/div[2]/a[5]/img","Content","HTML","","800x600",""
"Image","https://www.mychef.ae/images/eid-catering-dubai-hero.webp","https://www.mychef.ae/loc-jbr.webp","JBR","3","Root-Relative","//body/div/div/main/div/section[6]/div/div[2]/a[5]/img","Content","HTML","","800x600",""
"Image","https://www.mychef.ae/images/business-lunch-catering-dubai-hero.webp","https://www.mychef.ae/loc-jbr.webp","JBR","3","Root-Relative","//body/div/div/main/div/section[6]/div/div[2]/a[5]/img","Content","HTML","","800x600",""
"Image","https://www.mychef.ae/live-cooking-station-dubai","https://www.mychef.ae/loc-jbr.webp","JBR","3","Root-Relative","//body/div/div/main/div/section[6]/div/div[2]/a[5]/img","Content","HTML","","800x600",""
"Image","https://www.mychef.ae/villa-catering-dubai","https://www.mychef.ae/loc-jbr.webp","JBR","3","Root-Relative","//body/div/div/main/div/section[6]/div/div[2]/a[5]/img","Content","HTML","","800x600",""
"Image","https://www.mychef.ae/locations/city-walk","https://www.mychef.ae/loc-jbr.webp","JBR","3","Root-Relative","//body/div/div/main/div/section[6]/div/div[2]/a[5]/img","Content","HTML","","800x600",""
"Image","https://www.mychef.ae/","https://www.mychef.ae/loc-difc.webp","DIFC","4","Root-Relative","//body/div/div/main/div/section[6]/div/div[2]/a[6]/img","Content","HTML","","800x600",""
"Image","https://www.mychef.ae/catering","https://www.mychef.ae/loc-difc.webp","DIFC","4","Root-Relative","//body/div/div/main/div/section[6]/div/div[2]/a[6]/img","Content","HTML","","800x600",""
"Image","https://www.mychef.ae/villas-private-residences","https://www.mychef.ae/loc-difc.webp","Jumeirah Golf Estates","21","Root-Relative","//body/div/div/main/div/div[1]/section[3]/div/div[2]/a[6]/img","Content","HTML","","400x256",""
"Image","https://www.mychef.ae/locations","https://www.mychef.ae/loc-difc.webp","Business Bay","12","Root-Relative","//body/div/div/main/div/div[1]/section[2]/div/div/a[6]/div[1]/img","Content","HTML","","",""
"Image","https://www.mychef.ae/locations","https://www.mychef.ae/loc-difc.webp","DIFC","4","Root-Relative","//body/div/div/main/div/div[1]/section[2]/div/div/a[7]/div[1]/img","Content","HTML","","",""
"Image","https://www.mychef.ae/locations/jumeirah-islands","https://www.mychef.ae/loc-difc.webp","DIFC","4","Root-Relative","//body/div/div/main/div/section[6]/div/div[2]/a[6]/img","Content","HTML","","800x600",""
"Image","https://www.mychef.ae/private-chef-dubai/our-chefs","https://www.mychef.ae/loc-difc.webp","DIFC","4","Root-Relative","//body/div/div/main/div/section[6]/div/div[2]/a[6]/img","Content","HTML","","800x600",""
"Image","https://www.mychef.ae/case-studies/corporate-gala-dinner-downtown-dubai","https://www.mychef.ae/loc-difc.webp","DIFC","4","Root-Relative","//body/div/div/main/div/section[6]/div/div[2]/a[6]/img","Content","HTML","","800x600",""
"Image","https://www.mychef.ae/locations/mirdif","https://www.mychef.ae/loc-difc.webp","DIFC","4","Root-Relative","//body/div/div/main/div/section[6]/div/div[2]/a[6]/img","Content","HTML","","800x600",""
"Image","https://www.mychef.ae/case-studies/product-launch-difc","https://www.mychef.ae/loc-difc.webp","DIFC","4","Root-Relative","//body/div/div/main/div/section[6]/div/div[2]/a[6]/img","Content","HTML","","800x600",""
"Image","https://www.mychef.ae/locations/dubai-internet-city","https://www.mychef.ae/loc-difc.webp","DIFC","4","Root-Relative","//body/div/div/main/div/section[6]/div/div[2]/a[6]/img","Content","HTML","","800x600",""
"Image","https://www.mychef.ae/case-studies/family-eid-gathering-arabian-ranches","https://www.mychef.ae/loc-difc.webp","DIFC","4","Root-Relative","//body/div/div/main/div/section[6]/div/div[2]/a[6]/img","Content","HTML","","800x600",""
"Image","https://www.mychef.ae/private-dining-dubai","https://www.mychef.ae/loc-difc.webp","DIFC","4","Root-Relative","//body/div/div/main/div/section[6]/div/div[2]/a[6]/img","Content","HTML","","800x600",""
"Image","https://www.mychef.ae/menu-mains.webp","https://www.mychef.ae/loc-difc.webp","DIFC","4","Root-Relative","//body/div/div/main/div/section[6]/div/div[2]/a[6]/img","Content","HTML","","800x600",""
"Image","https://www.mychef.ae/locations/meydan","https://www.mychef.ae/loc-difc.webp","DIFC","4","Root-Relative","//body/div/div/main/div/section[6]/div/div[2]/a[6]/img","Content","HTML","","800x600",""
"Image","https://www.mychef.ae/locations/dubai-harbour","https://www.mychef.ae/loc-difc.webp","DIFC","4","Root-Relative","//body/div/div/main/div/section[6]/div/div[2]/a[6]/img","Content","HTML","","800x600",""
"Image","https://www.mychef.ae/case-studies/intimate-anniversary-dinner-palm-jumeirah","https://www.mychef.ae/loc-difc.webp","DIFC","4","Root-Relative","//body/div/div/main/div/section[6]/div/div[2]/a[6]/img","Content","HTML","","800x600",""
"Image","https://www.mychef.ae/romantic-dinner-dubai-hero.webp","https://www.mychef.ae/loc-difc.webp","DIFC","4","Root-Relative","//body/div/div/main/div/section[6]/div/div[2]/a[6]/img","Content","HTML","","800x600",""
"Image","https://www.mychef.ae/locations/al-barari","https://www.mychef.ae/loc-difc.webp","DIFC","4","Root-Relative","//body/div/div/main/div/section[6]/div/div[2]/a[6]/img","Content","HTML","","800x600",""
"Image","https://www.mychef.ae/luxury-dining-dubai","https://www.mychef.ae/loc-difc.webp","DIFC","4","Root-Relative","//body/div/div/main/div/section[6]/div/div[2]/a[6]/img","Content","HTML","","800x600",""
"Image","https://www.mychef.ae/locations/dubai-media-city","https://www.mychef.ae/loc-difc.webp","DIFC","4","Root-Relative","//body/div/div/main/div/section[6]/div/div[2]/a[6]/img","Content","HTML","","800x600",""
"Image","https://www.mychef.ae/locations/dubai-creek-harbour","https://www.mychef.ae/loc-difc.webp","DIFC","4","Root-Relative","//body/div/div/main/div/section[6]/div/div[2]/a[6]/img","Content","HTML","","800x600",""
"Image","https://www.mychef.ae/case-studies/villa-wedding-reception-emirates-hills","https://www.mychef.ae/loc-difc.webp","DIFC","4","Root-Relative","//body/div/div/main/div/section[6]/div/div[2]/a[6]/img","Content","HTML","","800x600",""
"Image","https://www.mychef.ae/event-catering-dubai","https://www.mychef.ae/loc-difc.webp","DIFC","4","Root-Relative","//body/div/div/main/div/section[6]/div/div[2]/a[6]/img","Content","HTML","","800x600",""
"Image","https://www.mychef.ae/yacht-catering-dubai","https://www.mychef.ae/loc-difc.webp","DIFC","4","Root-Relative","//body/div/div/main/div/section[6]/div/div[2]/a[6]/img","Content","HTML","","800x600",""
"Image","https://www.mychef.ae/locations/jumeirah-golf-estates","https://www.mychef.ae/loc-difc.webp","DIFC","4","Root-Relative","//body/div/div/main/div/section[6]/div/div[2]/a[6]/img","Content","HTML","","800x600",""
"Image","https://www.mychef.ae/case-studies/yacht-birthday-celebration-dubai-marina","https://www.mychef.ae/loc-difc.webp","DIFC","4","Root-Relative","//body/div/div/main/div/section[6]/div/div[2]/a[6]/img","Content","HTML","","800x600",""
"Image","https://www.mychef.ae/locations/mall-of-the-emirates","https://www.mychef.ae/loc-difc.webp","DIFC","4","Root-Relative","//body/div/div/main/div/section[6]/div/div[2]/a[6]/img","Content","HTML","","800x600",""
"Image","https://www.mychef.ae/locations/dwtc","https://www.mychef.ae/loc-difc.webp","DIFC","4","Root-Relative","//body/div/div/main/div/section[6]/div/div[2]/a[6]/img","Content","HTML","","800x600",""
"Image","https://www.mychef.ae/dessert-table-dubai","https://www.mychef.ae/loc-difc.webp","DIFC","4","Root-Relative","//body/div/div/main/div/section[6]/div/div[2]/a[6]/img","Content","HTML","","800x600",""
"Image","https://www.mychef.ae/locations/dubai-mall","https://www.mychef.ae/loc-difc.webp","DIFC","4","Root-Relative","//body/div/div/main/div/section[6]/div/div[2]/a[6]/img","Content","HTML","","800x600",""
"Image","https://www.mychef.ae/images/eid-catering-dubai-hero.webp","https://www.mychef.ae/loc-difc.webp","DIFC","4","Root-Relative","//body/div/div/main/div/section[6]/div/div[2]/a[6]/img","Content","HTML","","800x600",""
"Image","https://www.mychef.ae/images/business-lunch-catering-dubai-hero.webp","https://www.mychef.ae/loc-difc.webp","DIFC","4","Root-Relative","//body/div/div/main/div/section[6]/div/div[2]/a[6]/img","Content","HTML","","800x600",""
"Image","https://www.mychef.ae/live-cooking-station-dubai","https://www.mychef.ae/loc-difc.webp","DIFC","4","Root-Relative","//body/div/div/main/div/section[6]/div/div[2]/a[6]/img","Content","HTML","","800x600",""
"Image","https://www.mychef.ae/villa-catering-dubai","https://www.mychef.ae/loc-difc.webp","DIFC","4","Root-Relative","//body/div/div/main/div/section[6]/div/div[2]/a[6]/img","Content","HTML","","800x600",""
"Image","https://www.mychef.ae/locations/city-walk","https://www.mychef.ae/loc-difc.webp","DIFC","4","Root-Relative","//body/div/div/main/div/section[6]/div/div[2]/a[6]/img","Content","HTML","","800x600",""
"Image","https://www.mychef.ae/","https://www.mychef.ae/loc-emirates-hills.webp","Emirates Hills","14","Root-Relative","//body/div/div/main/div/section[6]/div/div[2]/a[4]/img","Content","HTML","","800x600",""
"Image","https://www.mychef.ae/catering","https://www.mychef.ae/loc-emirates-hills.webp","Emirates Hills","14","Root-Relative","//body/div/div/main/div/section[6]/div/div[2]/a[4]/img","Content","HTML","","800x600",""
"Image","https://www.mychef.ae/villas-private-residences","https://www.mychef.ae/loc-emirates-hills.webp","Emirates Hills","14","Root-Relative","//body/div/div/main/div/div[1]/section[3]/div/div[2]/a[2]/img","Content","HTML","","400x256",""
"Image","https://www.mychef.ae/villas-private-residences","https://www.mychef.ae/loc-emirates-hills.webp","Emirates Hills","14","Root-Relative","//body/div/div/main/div/div[1]/section[4]/div/div[2]/a[1]/img","Content","HTML","","400x256",""
"Image","https://www.mychef.ae/locations","https://www.mychef.ae/loc-emirates-hills.webp","Emirates Hills","14","Root-Relative","//body/div/div/main/div/div[1]/section[2]/div/div/a[8]/div[1]/img","Content","HTML","","",""
"Image","https://www.mychef.ae/locations","https://www.mychef.ae/loc-emirates-hills.webp","Arabian Ranches","15","Root-Relative","//body/div/div/main/div/div[1]/section[2]/div/div/a[9]/div[1]/img","Content","HTML","","",""
"Image","https://www.mychef.ae/locations","https://www.mychef.ae/loc-emirates-hills.webp","Dubai Hills","11","Root-Relative","//body/div/div/main/div/div[1]/section[2]/div/div/a[10]/div[1]/img","Content","HTML","","",""
"Image","https://www.mychef.ae/locations/jumeirah-islands","https://www.mychef.ae/loc-emirates-hills.webp","Emirates Hills","14","Root-Relative","//body/div/div/main/div/section[6]/div/div[2]/a[4]/img","Content","HTML","","800x600",""
"Image","https://www.mychef.ae/private-chef-dubai/our-chefs","https://www.mychef.ae/loc-emirates-hills.webp","Emirates Hills","14","Root-Relative","//body/div/div/main/div/section[6]/div/div[2]/a[4]/img","Content","HTML","","800x600",""
"Image","https://www.mychef.ae/case-studies/corporate-gala-dinner-downtown-dubai","https://www.mychef.ae/loc-emirates-hills.webp","Emirates Hills","14","Root-Relative","//body/div/div/main/div/section[6]/div/div[2]/a[4]/img","Content","HTML","","800x600",""
"Image","https://www.mychef.ae/locations/mirdif","https://www.mychef.ae/loc-emirates-hills.webp","Emirates Hills","14","Root-Relative","//body/div/div/main/div/section[6]/div/div[2]/a[4]/img","Content","HTML","","800x600",""
"Image","https://www.mychef.ae/case-studies/product-launch-difc","https://www.mychef.ae/loc-emirates-hills.webp","Emirates Hills","14","Root-Relative","//body/div/div/main/div/section[6]/div/div[2]/a[4]/img","Content","HTML","","800x600",""
"Image","https://www.mychef.ae/locations/dubai-internet-city","https://www.mychef.ae/loc-emirates-hills.webp","Emirates Hills","14","Root-Relative","//body/div/div/main/div/section[6]/div/div[2]/a[4]/img","Content","HTML","","800x600",""
"Image","https://www.mychef.ae/case-studies/family-eid-gathering-arabian-ranches","https://www.mychef.ae/loc-emirates-hills.webp","Emirates Hills","14","Root-Relative","//body/div/div/main/div/section[6]/div/div[2]/a[4]/img","Content","HTML","","800x600",""
"Image","https://www.mychef.ae/private-dining-dubai","https://www.mychef.ae/loc-emirates-hills.webp","Emirates Hills","14","Root-Relative","//body/div/div/main/div/section[6]/div/div[2]/a[4]/img","Content","HTML","","800x600",""
"Image","https://www.mychef.ae/menu-mains.webp","https://www.mychef.ae/loc-emirates-hills.webp","Emirates Hills","14","Root-Relative","//body/div/div/main/div/section[6]/div/div[2]/a[4]/img","Content","HTML","","800x600",""
"Image","https://www.mychef.ae/locations/meydan","https://www.mychef.ae/loc-emirates-hills.webp","Emirates Hills","14","Root-Relative","//body/div/div/main/div/section[6]/div/div[2]/a[4]/img","Content","HTML","","800x600",""
"Image","https://www.mychef.ae/locations/dubai-harbour","https://www.mychef.ae/loc-emirates-hills.webp","Emirates Hills","14","Root-Relative","//body/div/div/main/div/section[6]/div/div[2]/a[4]/img","Content","HTML","","800x600",""
"Image","https://www.mychef.ae/case-studies/intimate-anniversary-dinner-palm-jumeirah","https://www.mychef.ae/loc-emirates-hills.webp","Emirates Hills","14","Root-Relative","//body/div/div/main/div/section[6]/div/div[2]/a[4]/img","Content","HTML","","800x600",""
"Image","https://www.mychef.ae/romantic-dinner-dubai-hero.webp","https://www.mychef.ae/loc-emirates-hills.webp","Emirates Hills","14","Root-Relative","//body/div/div/main/div/section[6]/div/div[2]/a[4]/img","Content","HTML","","800x600",""
"Image","https://www.mychef.ae/locations/al-barari","https://www.mychef.ae/loc-emirates-hills.webp","Emirates Hills","14","Root-Relative","//body/div/div/main/div/section[6]/div/div[2]/a[4]/img","Content","HTML","","800x600",""
"Image","https://www.mychef.ae/luxury-dining-dubai","https://www.mychef.ae/loc-emirates-hills.webp","Emirates Hills","14","Root-Relative","//body/div/div/main/div/section[6]/div/div[2]/a[4]/img","Content","HTML","","800x600",""
"Image","https://www.mychef.ae/locations/dubai-media-city","https://www.mychef.ae/loc-emirates-hills.webp","Emirates Hills","14","Root-Relative","//body/div/div/main/div/section[6]/div/div[2]/a[4]/img","Content","HTML","","800x600",""
"Image","https://www.mychef.ae/locations/dubai-creek-harbour","https://www.mychef.ae/loc-emirates-hills.webp","Emirates Hills","14","Root-Relative","//body/div/div/main/div/section[6]/div/div[2]/a[4]/img","Content","HTML","","800x600",""
"Image","https://www.mychef.ae/case-studies/villa-wedding-reception-emirates-hills","https://www.mychef.ae/loc-emirates-hills.webp","Emirates Hills","14","Root-Relative","//body/div/div/main/div/section[6]/div/div[2]/a[4]/img","Content","HTML","","800x600",""
"Image","https://www.mychef.ae/event-catering-dubai","https://www.mychef.ae/loc-emirates-hills.webp","Emirates Hills","14","Root-Relative","//body/div/div/main/div/section[6]/div/div[2]/a[4]/img","Content","HTML","","800x600",""
"Image","https://www.mychef.ae/yacht-catering-dubai","https://www.mychef.ae/loc-emirates-hills.webp","Emirates Hills","14","Root-Relative","//body/div/div/main/div/section[6]/div/div[2]/a[4]/img","Content","HTML","","800x600",""
"Image","https://www.mychef.ae/locations/jumeirah-golf-estates","https://www.mychef.ae/loc-emirates-hills.webp","Emirates Hills","14","Root-Relative","//body/div/div/main/div/section[6]/div/div[2]/a[4]/img","Content","HTML","","800x600",""
"Image","https://www.mychef.ae/case-studies/yacht-birthday-celebration-dubai-marina","https://www.mychef.ae/loc-emirates-hills.webp","Emirates Hills","14","Root-Relative","//body/div/div/main/div/section[6]/div/div[2]/a[4]/img","Content","HTML","","800x600",""
"Image","https://www.mychef.ae/locations/mall-of-the-emirates","https://www.mychef.ae/loc-emirates-hills.webp","Emirates Hills","14","Root-Relative","//body/div/div/main/div/section[6]/div/div[2]/a[4]/img","Content","HTML","","800x600",""
"Image","https://www.mychef.ae/locations/dwtc","https://www.mychef.ae/loc-emirates-hills.webp","Emirates Hills","14","Root-Relative","//body/div/div/main/div/section[6]/div/div[2]/a[4]/img","Content","HTML","","800x600",""
"Image","https://www.mychef.ae/dessert-table-dubai","https://www.mychef.ae/loc-emirates-hills.webp","Emirates Hills","14","Root-Relative","//body/div/div/main/div/section[6]/div/div[2]/a[4]/img","Content","HTML","","800x600",""
"Image","https://www.mychef.ae/locations/dubai-mall","https://www.mychef.ae/loc-emirates-hills.webp","Emirates Hills","14","Root-Relative","//body/div/div/main/div/section[6]/div/div[2]/a[4]/img","Content","HTML","","800x600",""
"Image","https://www.mychef.ae/images/eid-catering-dubai-hero.webp","https://www.mychef.ae/loc-emirates-hills.webp","Emirates Hills","14","Root-Relative","//body/div/div/main/div/section[6]/div/div[2]/a[4]/img","Content","HTML","","800x600",""
"Image","https://www.mychef.ae/images/business-lunch-catering-dubai-hero.webp","https://www.mychef.ae/loc-emirates-hills.webp","Emirates Hills","14","Root-Relative","//body/div/div/main/div/section[6]/div/div[2]/a[4]/img","Content","HTML","","800x600",""
"Image","https://www.mychef.ae/live-cooking-station-dubai","https://www.mychef.ae/loc-emirates-hills.webp","Emirates Hills","14","Root-Relative","//body/div/div/main/div/section[6]/div/div[2]/a[4]/img","Content","HTML","","800x600",""
"Image","https://www.mychef.ae/villa-catering-dubai","https://www.mychef.ae/loc-emirates-hills.webp","Emirates Hills","14","Root-Relative","//body/div/div/main/div/section[6]/div/div[2]/a[4]/img","Content","HTML","","800x600",""
"Image","https://www.mychef.ae/locations/city-walk","https://www.mychef.ae/loc-emirates-hills.webp","Emirates Hills","14","Root-Relative","//body/div/div/main/div/section[6]/div/div[2]/a[4]/img","Content","HTML","","800x600",""
"Image","https://www.mychef.ae/blog","https://www.mychef.ae/images/blog/how-to-hire-a-private-chef-dubai-hero.webp","How to Hire a Private Chef Dubai: 2026 Cost & Booking Guide — experience concept shown","86","Root-Relative","//body/div/div/main/div/div/section[3]/div/div[2]/a[1]/div[1]/img","Content","HTML","","",""
"Image","https://www.mychef.ae/blog/corporate-catering-full-service-vs-drop-off","https://www.mychef.ae/images/blog/how-to-hire-a-private-chef-dubai-hero.webp","How to Hire a Private Chef Dubai: 2026 Cost & Booking Guide","59","Root-Relative","//body/div/div/main/div/div[1]/article/div/section[9]/div/div[2]/a[2]/div[1]/img","Content","HTML","","",""
"Image","https://www.mychef.ae/blog/corporate-event-catering-ideas-dubai","https://www.mychef.ae/images/blog/how-to-hire-a-private-chef-dubai-hero.webp","How to Hire a Private Chef Dubai: 2026 Cost & Booking Guide","59","Root-Relative","//body/div/div/main/div/div/section[2]/div/div[2]/a[2]/div[1]/img","Content","HTML","","",""
"Image","https://www.mychef.ae/blog/private-chef-palm-jumeirah-guide","https://www.mychef.ae/images/blog/how-to-hire-a-private-chef-dubai-hero.webp","How to Hire a Private Chef Dubai: 2026 Cost & Booking Guide","59","Root-Relative","//body/div/div/main/div/div[1]/article/div/section[11]/div/div[2]/a[1]/div[1]/img","Content","HTML","","",""
"Image","https://www.mychef.ae/blog/yacht-party-menu-ideas-dubai","https://www.mychef.ae/images/blog/how-to-hire-a-private-chef-dubai-hero.webp","How to Hire a Private Chef Dubai: 2026 Cost & Booking Guide","59","Root-Relative","//body/div/div/main/div/div[1]/article/div/section[10]/div/div[2]/a[2]/div[1]/img","Content","HTML","","",""
"Image","https://www.mychef.ae/blog/private-chef-vs-restaurant-dubai","https://www.mychef.ae/images/blog/how-to-hire-a-private-chef-dubai-hero.webp","How to Hire a Private Chef Dubai: 2026 Cost & Booking Guide","59","Root-Relative","//body/div/div/main/div/div/section[2]/div/div[2]/a[1]/div[1]/img","Content","HTML","","",""
"Image","https://www.mychef.ae/blog/desert-dinner-party-dubai","https://www.mychef.ae/images/blog/how-to-hire-a-private-chef-dubai-hero.webp","How to Hire a Private Chef Dubai: 2026 Cost & Booking Guide","59","Root-Relative","//body/div/div/main/div/div/section[2]/div/div[2]/a[2]/div[1]/img","Content","HTML","","",""
"Image","https://www.mychef.ae/blog/weekly-meal-prep-vs-full-time-chef-dubai","https://www.mychef.ae/images/blog/how-to-hire-a-private-chef-dubai-hero.webp","How to Hire a Private Chef Dubai: 2026 Cost & Booking Guide","59","Root-Relative","//body/div/div/main/div/div[1]/article/div/section[9]/div/div[2]/a[1]/div[1]/img","Content","HTML","","",""
"Image","https://www.mychef.ae/blog/iftar-at-home-dubai","https://www.mychef.ae/images/blog/how-to-hire-a-private-chef-dubai-hero.webp","How to Hire a Private Chef Dubai: 2026 Cost & Booking Guide","59","Root-Relative","//body/div/div/main/div/div/section[2]/div/div[2]/a[2]/div[1]/img","Content","HTML","","",""
"Image","https://www.mychef.ae/blog/private-chef-date-night-dubai","https://www.mychef.ae/images/blog/how-to-hire-a-private-chef-dubai-hero.webp","How to Hire a Private Chef Dubai: 2026 Cost & Booking Guide","59","Root-Relative","//body/div/div/main/div/div/section[2]/div/div[2]/a[1]/div[1]/img","Content","HTML","","",""
"Image","https://www.mychef.ae/blog/how-much-does-private-chef-cost-dubai","https://www.mychef.ae/images/blog/how-to-hire-a-private-chef-dubai-hero.webp","How to Hire a Private Chef Dubai: 2026 Cost & Booking Guide","59","Root-Relative","//body/div/div/main/div/div[1]/article/div/section[9]/div/div[2]/a[1]/div[1]/img","Content","HTML","","",""
"Image","https://www.mychef.ae/blog/how-to-hire-a-private-chef-dubai","https://www.mychef.ae/images/blog/how-to-hire-a-private-chef-dubai-hero.webp","Private chef dinner in a Dubai home: the host stays at the table while the chef finishes a plate at the island and a server pours water","135","Root-Relative","//body/div/div/main/div/div/article/div/figure/div/img","Content","HTML","","1920x1080",""
"Image","https://www.mychef.ae/blog/ramadan-iftar-catering-trends-2026","https://www.mychef.ae/images/blog/how-to-hire-a-private-chef-dubai-hero.webp","How to Hire a Private Chef Dubai: 2026 Cost & Booking Guide","59","Root-Relative","//body/div/div/main/div/div[1]/article/div/section[9]/div/div[2]/a[2]/div[1]/img","Content","HTML","","",""
"Image","https://www.mychef.ae/blog/topic/private-chef","https://www.mychef.ae/images/blog/how-to-hire-a-private-chef-dubai-hero.webp","How to Hire a Private Chef Dubai: 2026 Cost & Booking Guide","59","Root-Relative","//body/div/div/main/div/div/section[2]/div/div[2]/a[1]/div[1]/img","Content","HTML","","",""
"Image","https://www.mychef.ae/about","https://www.mychef.ae/team-sous-chef.webp","Elena Vasquez, independent partner chef","39","Root-Relative","//body/div/div/main/div/div[1]/section[4]/div/div[2]/article[@class='team-card'][2]/div/img","Content","HTML","","300x400",""
"Image","https://www.mychef.ae/our-chefs","https://www.mychef.ae/team-sous-chef.webp","Marco Rossi","11","Root-Relative","//body/div/div/main/div/section[3]/div/div[2]/div[2]/div[@class='lg:order-2']/div/img","Content","HTML","","",""
"Image","https://www.mychef.ae/chefs/marco-italian-chef","https://www.mychef.ae/team-sous-chef.webp","Independent partner chef Marco Rossi, Italian cuisine specialist in the myCHEF Dubai network","92","Root-Relative","//body/div/div/main/div/section[1]/div[1]/picture/img","Content","HTML","","1344x752",""
"Image","https://www.mychef.ae/chefs/marco-italian-chef","https://www.mychef.ae/team-sous-chef.webp","Independent partner chef Marco Rossi, Italian cuisine specialist in the myCHEF Dubai network","92","Root-Relative","//body/div/div/main/div/section[2]/div/div/div[1]/img","Content","HTML","","",""
"Image","https://www.mychef.ae/private-chef-dubai/how-it-works","https://www.mychef.ae/team-sous-chef.webp","Marco Rossi","11","Root-Relative","//body/div/div/main/div/div/section[3]/div/div[@class='relative']/div[4]/div[2]/div[2]/div/figure[@class='text-center'][2]/div/img","Content","HTML","","",""
"Image","https://www.mychef.ae/private-party-catering-dubai","https://www.mychef.ae/images/beach-catering-dubai-hero.webp","Picnic Catering","15","Root-Relative","//body/div/div/main/div/div[1]/section[9]/div/div/a[7]/div[1]/img","Content","HTML","","",""
"Image","https://www.mychef.ae/events","https://www.mychef.ae/images/beach-catering-dubai-hero.webp","Beach Catering","14","Root-Relative","//body/div/div/main/div/section[9]/div/div[2]/a[6]/div[1]/img","Content","HTML","","640x360",""
"Image","https://www.mychef.ae/drop-off-catering-dubai","https://www.mychef.ae/images/beach-catering-dubai-hero.webp","Picnic Catering Dubai","21","Root-Relative","//body/div/div/main/div/div[1]/section[8]/div/div/a[4]/div[1]/img","Content","HTML","","640x360",""
"Image","https://www.mychef.ae/picnic-catering-dubai","https://www.mychef.ae/images/beach-catering-dubai-hero.webp","Beach Catering Dubai","20","Root-Relative","//body/div/div/main/div/div[1]/section[8]/div/div/a[1]/div[1]/img","Content","HTML","","640x360",""
"Image","https://www.mychef.ae/party-catering-dubai","https://www.mychef.ae/images/beach-catering-dubai-hero.webp","Picnic Catering","15","Root-Relative","//body/div/div/main/div/div[1]/section[9]/div/div/a[9]/div[1]/img","Content","HTML","","",""
"Image","https://www.mychef.ae/private-party-catering-dubai","https://www.mychef.ae/menu-canapes.webp","Canapés for a private party","27","Root-Relative","//body/div/div/main/div/div[1]/section[6]/div/div/div[3]/img","Content","HTML","","",""
"Image","https://www.mychef.ae/private-party-catering-dubai","https://www.mychef.ae/menu-canapes.webp","Sharing boards for a private party","34","Root-Relative","//body/div/div/main/div/div[1]/section[6]/div/div/div[5]/img","Content","HTML","","",""
"Image","https://www.mychef.ae/private-party-catering-dubai","https://www.mychef.ae/menu-canapes.webp","Luxury Catering","15","Root-Relative","//body/div/div/main/div/div[1]/section[9]/div/div/a[2]/div[1]/img","Content","HTML","","",""
"Image","https://www.mychef.ae/desert-dining-dubai","https://www.mychef.ae/menu-canapes.webp","Desert camp canapé selection","28","Root-Relative","//body/div/div/main/div/div[1]/section[6]/div/div/div[2]/img","Content","HTML","","800x600",""
"Image","https://www.mychef.ae/menus","https://www.mychef.ae/menu-canapes.webp","Smoked Salmon Canapes","21","Root-Relative","//body/div/div/main/div/section[4]/div/div[2]/div[6]/div/img","Content","HTML","","",""
"Image","https://www.mychef.ae/events","https://www.mychef.ae/menu-canapes.webp","Event catering Dubai 5","22","Root-Relative","//body/div/div/main/div/section[5]/div/div[2]/div[5]/img","Content","HTML","","800x600",""
"Image","https://www.mychef.ae/events","https://www.mychef.ae/menu-canapes.webp","Baby Shower Catering","20","Root-Relative","//body/div/div/main/div/section[9]/div/div[2]/a[4]/div[1]/img","Content","HTML","","640x360",""
"Image","https://www.mychef.ae/weekly-meal-prep-dubai?utm_source=mychef.ae&utm_medium=starter_package_card&utm_campaign=home","https://www.mychef.ae/menu-canapes.webp","Fresh ingredients ready for portioned weekly prep","49","Root-Relative","//body/div/div/main/div/div[1]/section[8]/div/div/div[5]/img","Content","HTML","","",""
"Image","https://www.mychef.ae/weekly-meal-prep-dubai","https://www.mychef.ae/menu-canapes.webp","Fresh ingredients ready for portioned weekly prep","49","Root-Relative","//body/div/div/main/div/div[1]/section[8]/div/div/div[5]/img","Content","HTML","","",""
"Image","https://www.mychef.ae/vip-club","https://www.mychef.ae/menu-canapes.webp","Bespoke canapés for myCHEF Dubai VIP members","44","Root-Relative","//body/div/div/main/div/div[1]/section[6]/div/div/div[6]/img","Content","HTML","","",""
"Image","https://www.mychef.ae/case-studies","https://www.mychef.ae/menu-canapes.webp","Canapés served at myCHEF Dubai events","37","Root-Relative","//body/div/div/main/div/div/section[5]/div/div/div[3]/img","Content","HTML","","",""
"Image","https://www.mychef.ae/gallery","https://www.mychef.ae/menu-canapes.webp","Smoked Salmon Canapes — private chef dubai","42","Root-Relative","//body/div/div/main/div/section[3]/div/div[2]/div[19]/div/img","Content","HTML","","",""
"Image","https://www.mychef.ae/private-cooking-classes-dubai","https://www.mychef.ae/menu-canapes.webp","Plated dishes from a private chef experience","44","Root-Relative","//body/div/div/main/div/div[1]/section[7]/div/div/div[5]/img","Content","HTML","","",""
"Image","https://www.mychef.ae/graduation-catering-dubai","https://www.mychef.ae/menu-canapes.webp","Canapés for a graduation celebration","36","Root-Relative","//body/div/div/main/div/div[1]/section[6]/div/div/div[2]/img","Content","HTML","","800x600",""
"Image","https://www.mychef.ae/sugar-free-catering-dubai","https://www.mychef.ae/menu-canapes.webp","Naturally sweetened canapé selection","36","Root-Relative","//body/div/div/main/div/div[1]/section[6]/div/div/div[3]/img","Content","HTML","","800x600",""
"Image","https://www.mychef.ae/sugar-free-catering-dubai","https://www.mychef.ae/menu-canapes.webp","Gluten-Free Catering Dubai","26","Root-Relative","//body/div/div/main/div/div[1]/section[8]/div/div/a[3]/div[1]/img","Content","HTML","","640x360",""
"Image","https://www.mychef.ae/farewell-catering-dubai","https://www.mychef.ae/menu-canapes.webp","Canapés for a retirement celebration","36","Root-Relative","//body/div/div/main/div/div[1]/section[6]/div/div/div[2]/img","Content","HTML","","800x600",""
"Image","https://www.mychef.ae/conference-catering-dubai","https://www.mychef.ae/menu-canapes.webp","Closing networking reception canapés","36","Root-Relative","//body/div/div/main/div/div[1]/section[6]/div/div/div[6]/img","Content","HTML","","",""
"Image","https://www.mychef.ae/pool-party-catering-dubai","https://www.mychef.ae/menu-canapes.webp","Poolside canapé selection","25","Root-Relative","//body/div/div/main/div/div[1]/section[6]/div/div/div[2]/img","Content","HTML","","800x600",""
"Image","https://www.mychef.ae/pool-party-catering-dubai","https://www.mychef.ae/menu-canapes.webp","Mocktail Bar Catering","21","Root-Relative","//body/div/div/main/div/div[1]/section[8]/div/div/a[2]/div[1]/img","Content","HTML","","640x360",""
"Image","https://www.mychef.ae/afternoon-tea-catering-dubai","https://www.mychef.ae/menu-canapes.webp","Elegant high tea canapés","24","Root-Relative","//body/div/div/main/div/div[1]/section[6]/div/div/div[2]/img","Content","HTML","","800x600",""
"Image","https://www.mychef.ae/bar-services-dubai","https://www.mychef.ae/menu-canapes.webp","Canapés and cocktails served at a Dubai event","45","Root-Relative","//body/div/div/main/div/div[1]/section[7]/div/div/div[6]/img","Content","HTML","","",""
"Image","https://www.mychef.ae/weekly-meal-prep-dubai?utm_source=mychef.ae&utm_medium=starter_package_card&utm_campaign=catering-packages-dubai","https://www.mychef.ae/menu-canapes.webp","Fresh ingredients ready for portioned weekly prep","49","Root-Relative","//body/div/div/main/div/div[1]/section[8]/div/div/div[5]/img","Content","HTML","","",""
"Image","https://www.mychef.ae/italian-catering-dubai","https://www.mychef.ae/menu-canapes.webp","Italian canapé and finger food selection","40","Root-Relative","//body/div/div/main/div/div[1]/section[6]/div/div/div[4]/img","Content","HTML","","",""
"Image","https://www.mychef.ae/valentines-day-catering-dubai","https://www.mychef.ae/menu-canapes.webp","Elegant canapés for a Valentine's celebration","45","Root-Relative","//body/div/div/main/div/div[1]/section[6]/div/div/div[3]/img","Content","HTML","","800x600",""
"Image","https://www.mychef.ae/cocktail-party-catering-dubai","https://www.mychef.ae/menu-canapes.webp","Passed canapés at a reception","29","Root-Relative","//body/div/div/main/div/div[1]/section[6]/div/div/div[2]/img","Content","HTML","","",""
"Image","https://www.mychef.ae/cocktail-party-catering-dubai","https://www.mychef.ae/menu-canapes.webp","Canapé Catering","15","Root-Relative","//body/div/div/main/div/div[1]/section[9]/div/div/a[1]/div[1]/img","Content","HTML","","",""
"Image","https://www.mychef.ae/arabic-catering-dubai","https://www.mychef.ae/menu-canapes.webp","Arabic canapé and finger food selection","39","Root-Relative","//body/div/div/main/div/div[1]/section[6]/div/div/div[4]/img","Content","HTML","","",""
"Image","https://www.mychef.ae/vip-club?utm_source=mychef.ae&utm_medium=banner&utm_campaign=weekly-meal-prep-dubai","https://www.mychef.ae/menu-canapes.webp","Bespoke canapés for myCHEF Dubai VIP members","44","Root-Relative","//body/div/div/main/div/div[1]/section[6]/div/div/div[6]/img","Content","HTML","","",""
"Image","https://www.mychef.ae/office-catering-dubai","https://www.mychef.ae/menu-canapes.webp","Office celebration finger food selection","40","Root-Relative","//body/div/div/main/div/div[1]/section[6]/div/div/div[6]/img","Content","HTML","","",""
"Image","https://www.mychef.ae/mocktail-bar-catering-dubai","https://www.mychef.ae/menu-canapes.webp","Canapés paired with mocktails","29","Root-Relative","//body/div/div/main/div/div[1]/section[6]/div/div/div[5]/img","Content","HTML","","",""
"Image","https://www.mychef.ae/business-lunch-catering-dubai","https://www.mychef.ae/menu-canapes.webp","Light finger food for a working session","39","Root-Relative","//body/div/div/main/div/div[1]/section[6]/div/div/div[6]/img","Content","HTML","","",""
"Image","https://www.mychef.ae/reunion-catering-dubai","https://www.mychef.ae/menu-canapes.webp","Shared canapés and mezze for a reunion","38","Root-Relative","//body/div/div/main/div/div[1]/section[6]/div/div/div[2]/img","Content","HTML","","800x600",""
"Image","https://www.mychef.ae/vegetarian-catering-dubai","https://www.mychef.ae/menu-canapes.webp","Vegetarian canapé selection","27","Root-Relative","//body/div/div/main/div/div[1]/section[6]/div/div/div[2]/img","Content","HTML","","",""
"Image","https://www.mychef.ae/vegetarian-catering-dubai","https://www.mychef.ae/menu-canapes.webp","Vegan Catering","14","Root-Relative","//body/div/div/main/div/div[1]/section[9]/div/div/a[1]/div[1]/img","Content","HTML","","",""
"Image","https://www.mychef.ae/baby-shower-catering-dubai","https://www.mychef.ae/menu-canapes.webp","Canapé selection for a baby shower","34","Root-Relative","//body/div/div/main/div/div[1]/section[6]/div/div/div[2]/img","Content","HTML","","",""
"Image","https://www.mychef.ae/baby-shower-catering-dubai","https://www.mychef.ae/menu-canapes.webp","Afternoon tea bites for a shower","32","Root-Relative","//body/div/div/main/div/div[1]/section[6]/div/div/div[4]/img","Content","HTML","","",""
"Image","https://www.mychef.ae/baby-shower-catering-dubai","https://www.mychef.ae/menu-canapes.webp","Luxury Catering","15","Root-Relative","//body/div/div/main/div/div[1]/section[9]/div/div/a[2]/div[1]/img","Content","HTML","","",""
"Image","https://www.mychef.ae/finger-food-catering-dubai","https://www.mychef.ae/menu-canapes.webp","Finger food selection in Dubai","30","Root-Relative","//body/div/div/main/div/div[1]/section[6]/div/div/div[1]/img","Content","HTML","","",""
"Image","https://www.mychef.ae/finger-food-catering-dubai","https://www.mychef.ae/menu-canapes.webp","Canapé Catering","15","Root-Relative","//body/div/div/main/div/div[1]/section[9]/div/div/a[2]/div[1]/img","Content","HTML","","",""
"Image","https://www.mychef.ae/fodmap-catering-dubai","https://www.mychef.ae/menu-canapes.webp","Gentle canapé selection without onion or garlic","47","Root-Relative","//body/div/div/main/div/div[1]/section[6]/div/div/div[3]/img","Content","HTML","","800x600",""
"Image","https://www.mychef.ae/asian-catering-dubai","https://www.mychef.ae/menu-canapes.webp","Asian canapé and bao bun selection","34","Root-Relative","//body/div/div/main/div/div[1]/section[6]/div/div/div[4]/img","Content","HTML","","",""
"Image","https://www.mychef.ae/weekly-meal-prep-dubai?utm_source=mychef.ae&utm_medium=starter_package_card&utm_campaign=menus","https://www.mychef.ae/menu-canapes.webp","Fresh ingredients ready for portioned weekly prep","49","Root-Relative","//body/div/div/main/div/div[1]/section[8]/div/div/div[5]/img","Content","HTML","","",""
"Image","https://www.mychef.ae/vegan-catering-dubai","https://www.mychef.ae/menu-canapes.webp","Vegan canapé selection","22","Root-Relative","//body/div/div/main/div/div[1]/section[6]/div/div/div[2]/img","Content","HTML","","",""
"Image","https://www.mychef.ae/kids-birthday-catering-dubai","https://www.mychef.ae/menu-canapes.webp","Child-friendly canapé selection","31","Root-Relative","//body/div/div/main/div/div[1]/section[6]/div/div/div[2]/img","Content","HTML","","800x600",""
"Image","https://www.mychef.ae/keto-catering-dubai","https://www.mychef.ae/menu-canapes.webp","Keto-friendly canapé selection","30","Root-Relative","//body/div/div/main/div/div[1]/section[6]/div/div/div[2]/img","Content","HTML","","800x600",""
"Image","https://www.mychef.ae/gala-dinner-catering-dubai","https://www.mychef.ae/menu-canapes.webp","Passed canapés at a gala reception in Dubai","43","Root-Relative","//body/div/div/main/div/div[1]/section[6]/div/div/div[3]/img","Content","HTML","","",""
"Image","https://www.mychef.ae/canape-catering-dubai","https://www.mychef.ae/menu-canapes.webp","Luxury canapé selection in Dubai","32","Root-Relative","//body/div/div/main/div/div[1]/section[6]/div/div/div[1]/img","Content","HTML","","",""
"Image","https://www.mychef.ae/mothers-day-catering-dubai","https://www.mychef.ae/menu-canapes.webp","Canapés for a Mother's Day gathering","36","Root-Relative","//body/div/div/main/div/div[1]/section[6]/div/div/div[3]/img","Content","HTML","","800x600",""
"Image","https://www.mychef.ae/brand-activation-catering-dubai","https://www.mychef.ae/menu-canapes.webp","Canapés served at a brand activation event in Dubai","51","Root-Relative","//body/div/div/main/div/div[1]/section[6]/div/div/div[2]/img","Content","HTML","","",""
"Image","https://www.mychef.ae/sushi-catering-dubai","https://www.mychef.ae/menu-canapes.webp","Sushi canapés on a styled spread","32","Root-Relative","//body/div/div/main/div/div[1]/section[6]/div/div/div[2]/img","Content","HTML","","",""
"Image","https://www.mychef.ae/grazing-table-dubai","https://www.mychef.ae/menu-canapes.webp","Canapé selection on a grazing spread","36","Root-Relative","//body/div/div/main/div/div[1]/section[6]/div/div/div[2]/img","Content","HTML","","",""
"Image","https://www.mychef.ae/grazing-table-dubai","https://www.mychef.ae/menu-canapes.webp","Canapé Catering","15","Root-Relative","//body/div/div/main/div/div[1]/section[9]/div/div/a[1]/div[1]/img","Content","HTML","","",""
"Image","https://www.mychef.ae/mediterranean-catering-dubai","https://www.mychef.ae/menu-canapes.webp","Mediterranean canapé selection","30","Root-Relative","//body/div/div/main/div/div[1]/section[6]/div/div/div[4]/img","Content","HTML","","",""
"Image","https://www.mychef.ae/uae-national-day-catering-dubai","https://www.mychef.ae/menu-canapes.webp","Canapés and appetisers for a National Day event","47","Root-Relative","//body/div/div/main/div/div[1]/section[6]/div/div/div[2]/img","Content","HTML","","800x600",""
"Image","https://www.mychef.ae/dessert-table-catering-dubai","https://www.mychef.ae/menu-canapes.webp","Sweet and savoury display","25","Root-Relative","//body/div/div/main/div/div[1]/section[6]/div/div/div[3]/img","Content","HTML","","",""
"Image","https://www.mychef.ae/dessert-table-catering-dubai","https://www.mychef.ae/menu-canapes.webp","Baby Shower Catering","20","Root-Relative","//body/div/div/main/div/div[1]/section[9]/div/div/a[3]/div[1]/img","Content","HTML","","",""
"Image","https://www.mychef.ae/exhibition-catering-dubai","https://www.mychef.ae/menu-canapes.webp","Canapés for exhibition stand receptions","39","Root-Relative","//body/div/div/main/div/div[1]/section[6]/div/div/div[2]/img","Content","HTML","","800x600",""
"Image","https://www.mychef.ae/exhibition-catering-dubai","https://www.mychef.ae/menu-canapes.webp","Canapé Catering Dubai","21","Root-Relative","//body/div/div/main/div/div[1]/section[8]/div/div/a[3]/div[1]/img","Content","HTML","","640x360",""
"Image","https://www.mychef.ae/party-catering-dubai","https://www.mychef.ae/menu-canapes.webp","Canapé selection for a Dubai party","34","Root-Relative","//body/div/div/main/div/div[1]/section[6]/div/div/div[3]/img","Content","HTML","","",""
"Image","https://www.mychef.ae/beach-catering-dubai","https://www.mychef.ae/menu-canapes.webp","Beach canapé selection","22","Root-Relative","//body/div/div/main/div/div[1]/section[6]/div/div/div[2]/img","Content","HTML","","800x600",""
"Image","https://www.mychef.ae/bachelorette-party-catering-dubai","https://www.mychef.ae/menu-canapes.webp","Elegant canapes for a bachelorette party","40","Root-Relative","//body/div/div/main/div/div[1]/section[6]/div/div/div[2]/img","Content","HTML","","",""
"Image","https://www.mychef.ae/suhoor-catering-dubai","https://www.mychef.ae/menu-canapes.webp","Suhoor pastries and finger food in Dubai","40","Root-Relative","//body/div/div/main/div/div[1]/section[6]/div/div/div[6]/img","Content","HTML","","",""
"Image","https://www.mychef.ae/indian-catering-dubai","https://www.mychef.ae/menu-canapes.webp","Indian canapé and finger food selection","39","Root-Relative","//body/div/div/main/div/div[1]/section[6]/div/div/div[4]/img","Content","HTML","","",""
"Image","https://www.mychef.ae/dairy-free-catering-dubai","https://www.mychef.ae/menu-canapes.webp","Dairy-free canapé selection","27","Root-Relative","//body/div/div/main/div/div[1]/section[6]/div/div/div[2]/img","Content","HTML","","800x600",""
"Image","https://www.mychef.ae/jain-catering-dubai","https://www.mychef.ae/menu-canapes.webp","Jain canapé selection","21","Root-Relative","//body/div/div/main/div/div[1]/section[6]/div/div/div[2]/img","Content","HTML","","800x600",""
"Image","https://www.mychef.ae/vip-club?utm_source=mychef.ae&utm_medium=banner&utm_campaign=catering-packages-dubai","https://www.mychef.ae/menu-canapes.webp","Bespoke canapés for myCHEF Dubai VIP members","44","Root-Relative","//body/div/div/main/div/div[1]/section[6]/div/div/div[6]/img","Content","HTML","","",""
"Image","https://www.mychef.ae/housewarming-catering-dubai","https://www.mychef.ae/menu-canapes.webp","Canapé Catering Dubai","21","Root-Relative","//body/div/div/main/div/div[1]/section[8]/div/div/a[3]/div[1]/img","Content","HTML","","640x360",""
"Image","https://www.mychef.ae/gluten-free-catering-dubai","https://www.mychef.ae/menu-canapes.webp","Gluten-free canapé selection","28","Root-Relative","//body/div/div/main/div/div[1]/section[6]/div/div/div[2]/img","Content","HTML","","800x600",""
"Image","https://www.mychef.ae/nut-free-catering-dubai","https://www.mychef.ae/menu-canapes.webp","Nut-free canapé selection","25","Root-Relative","//body/div/div/main/div/div[1]/section[6]/div/div/div[2]/img","Content","HTML","","800x600",""
"Image","https://www.mychef.ae/vip-club?utm_source=mychef.ae&utm_medium=banner&utm_campaign=wellness-meal-prep-dubai","https://www.mychef.ae/menu-canapes.webp","Bespoke canapés for myCHEF Dubai VIP members","44","Root-Relative","//body/div/div/main/div/div[1]/section[6]/div/div/div[6]/img","Content","HTML","","",""
"Image","https://www.mychef.ae/blog","https://www.mychef.ae/images/blog/brunch-at-home-dubai-hero.webp","Brunch at Home Dubai: How to Host a Standout Spread (2026 Guide) — experience concept shown","91","Root-Relative","//body/div/div/main/div/div/section[3]/div/div[2]/a[5]/div[1]/img","Content","HTML","","",""
"Image","https://www.mychef.ae/blog/topic/menus-dietary","https://www.mychef.ae/images/blog/brunch-at-home-dubai-hero.webp","Brunch at Home Dubai: How to Host a Standout Spread (2026 Guide)","64","Root-Relative","//body/div/div/main/div/div/section[2]/div/div[2]/a[1]/div[1]/img","Content","HTML","","",""
"Image","https://www.mychef.ae/blog/how-far-ahead-book-caterer-dubai","https://www.mychef.ae/images/blog/brunch-at-home-dubai-hero.webp","Brunch at Home Dubai: How to Host a Standout Spread (2026 Guide)","64","Root-Relative","//body/div/div/main/div/div/section[2]/div/div[2]/a[1]/div[1]/img","Content","HTML","","",""
"Image","https://www.mychef.ae/blog/brunch-at-home-dubai","https://www.mychef.ae/images/blog/brunch-at-home-dubai-hero.webp","Saturday morning terrace brunch with a chef at an egg pan and guests in daylight","80","Root-Relative","//body/div/div/main/div/div/article/div/figure/div/img","Content","HTML","","1920x1080",""
"Image","https://www.mychef.ae/blog/vegan-catering-dubai-guide","https://www.mychef.ae/images/blog/brunch-at-home-dubai-hero.webp","Brunch at Home Dubai: How to Host a Standout Spread (2026 Guide)","64","Root-Relative","//body/div/div/main/div/div/section[2]/div/div[2]/a[1]/div[1]/img","Content","HTML","","",""
"Image","https://www.mychef.ae/blog/halal-private-dining-dubai-what-to-ask","https://www.mychef.ae/images/blog/brunch-at-home-dubai-hero.webp","Brunch at Home Dubai: How to Host a Standout Spread (2026 Guide)","64","Root-Relative","//body/div/div/main/div/div[1]/article/div/section[12]/div/div[2]/a[1]/div[1]/img","Content","HTML","","",""
"Image","https://www.mychef.ae/villas-private-residences","https://www.mychef.ae/service-private-chef.webp","Villa dining gallery 3","22","Root-Relative","//body/div/div/main/div/div[1]/section[7]/div/div[2]/div[3]/img","Content","HTML","","400x300",""
"Image","https://www.mychef.ae/booking-protection-insurance","https://www.mychef.ae/service-private-chef.webp","Private Chef Dubai","18","Root-Relative","//body/div/div/main/div/div/section[6]/div/div/a[2]/div[1]/img","Content","HTML","","",""
"Image","https://www.mychef.ae/weekly-meal-prep-dubai?utm_source=mychef.ae&utm_medium=starter_package_card&utm_campaign=home","https://www.mychef.ae/service-private-chef.webp","Private Chef Dubai","18","Root-Relative","//body/div/div/main/div/div[1]/section[10]/div/div/a[1]/div[1]/img","Content","HTML","","",""
"Image","https://www.mychef.ae/gift-cards","https://www.mychef.ae/service-private-chef.webp","Private chef preparing a gifted dinner in Dubai","47","Root-Relative","//body/div/div/main/div/div[1]/section[7]/div/div/div[2]/img","Content","HTML","","",""
"Image","https://www.mychef.ae/gift-cards","https://www.mychef.ae/service-private-chef.webp","Private Chef Dubai","18","Root-Relative","//body/div/div/main/div/div[1]/section[10]/div/div/a[1]/div[1]/img","Content","HTML","","",""
"Image","https://www.mychef.ae/weekly-meal-prep-dubai","https://www.mychef.ae/service-private-chef.webp","Private Chef Dubai","18","Root-Relative","//body/div/div/main/div/div[1]/section[10]/div/div/a[1]/div[1]/img","Content","HTML","","",""
"Image","https://www.mychef.ae/how-we-vet-our-chefs","https://www.mychef.ae/service-private-chef.webp","Our Chefs","9","Root-Relative","//body/div/div/main/div/div/section[6]/div/div/a[1]/div[1]/img","Content","HTML","","",""
"Image","https://www.mychef.ae/private-cooking-classes-dubai","https://www.mychef.ae/service-private-chef.webp","Chef-led cooking class in a Dubai villa","39","Root-Relative","//body/div/div/main/div/div[1]/section[7]/div/div/div[2]/img","Content","HTML","","",""
"Image","https://www.mychef.ae/private-cooking-classes-dubai","https://www.mychef.ae/service-private-chef.webp","Private Chef Dubai","18","Root-Relative","//body/div/div/main/div/div[1]/section[10]/div/div/a[1]/div[1]/img","Content","HTML","","",""
"Image","https://www.mychef.ae/part-time-private-chef-dubai","https://www.mychef.ae/service-private-chef.webp","Private Chef Dubai","18","Root-Relative","//body/div/div/main/div/div[1]/section[6]/div/div/a[3]/div[1]/img","Content","HTML","","",""
"Image","https://www.mychef.ae/anniversary-catering-dubai","https://www.mychef.ae/service-private-chef.webp","Private chef preparing an anniversary dinner at home","52","Root-Relative","//body/div/div/main/div/div[1]/section[6]/div/div/div[2]/img","Content","HTML","","",""
"Image","https://www.mychef.ae/anniversary-catering-dubai","https://www.mychef.ae/service-private-chef.webp","Private Chef","12","Root-Relative","//body/div/div/main/div/div[1]/section[9]/div/div/a[2]/div[1]/img","Content","HTML","","",""
"Image","https://www.mychef.ae/quality-guarantee-dubai","https://www.mychef.ae/service-private-chef.webp","Private Chef Dubai","18","Root-Relative","//body/div/div/main/div/div/section[6]/div/div/a[3]/div[1]/img","Content","HTML","","",""
"Image","https://www.mychef.ae/weekly-meal-prep-dubai?utm_source=mychef.ae&utm_medium=starter_package_card&utm_campaign=catering-packages-dubai","https://www.mychef.ae/service-private-chef.webp","Private Chef Dubai","18","Root-Relative","//body/div/div/main/div/div[1]/section[10]/div/div/a[1]/div[1]/img","Content","HTML","","",""
"Image","https://www.mychef.ae/apartment-private-dining-dubai","https://www.mychef.ae/service-private-chef.webp","Private Chef Dubai","18","Root-Relative","//body/div/div/main/div/div[1]/section[6]/div/div/a[2]/div[1]/img","Content","HTML","","",""
"Image","https://www.mychef.ae/chefs-table-dubai","https://www.mychef.ae/service-private-chef.webp","Sushi Catering Dubai","20","Root-Relative","//body/div/div/main/div/div[1]/section[6]/div/div/a[1]/div[1]/img","Content","HTML","","",""
"Image","https://www.mychef.ae/weekly-meal-prep-dubai?utm_source=mychef.ae&utm_medium=starter_package_card&utm_campaign=menus","https://www.mychef.ae/service-private-chef.webp","Private Chef Dubai","18","Root-Relative","//body/div/div/main/div/div[1]/section[10]/div/div/a[1]/div[1]/img","Content","HTML","","",""
"Image","https://www.mychef.ae/mothers-day-catering-dubai","https://www.mychef.ae/service-private-chef.webp","Private Chef Dubai","18","Root-Relative","//body/div/div/main/div/div[1]/section[8]/div/div/a[3]/div[1]/img","Content","HTML","","640x360",""
"Image","https://www.mychef.ae/bachelor-party-catering-dubai","https://www.mychef.ae/service-private-chef.webp","Private Chef","12","Root-Relative","//body/div/div/main/div/div[1]/section[9]/div/div/a[3]/div[1]/img","Content","HTML","","",""
"Image","https://www.mychef.ae/date-night-package-dubai","https://www.mychef.ae/service-private-chef.webp","Private Chef Dubai","18","Root-Relative","//body/div/div/main/div/div[1]/section[5]/div/div[2]/a[1]/div[1]/img","Content","HTML","","640x360",""
"Image","https://www.mychef.ae/bachelorette-party-catering-dubai","https://www.mychef.ae/service-private-chef.webp","Private Chef","12","Root-Relative","//body/div/div/main/div/div[1]/section[9]/div/div/a[2]/div[1]/img","Content","HTML","","",""
"Image","https://www.mychef.ae/become-a-mychef","https://www.mychef.ae/service-private-chef.webp","Our Chefs","9","Root-Relative","//body/div/div/main/div/div/section[8]/div/div/a[2]/div[1]/img","Content","HTML","","",""
"Image","https://www.mychef.ae/family-feast-package-dubai","https://www.mychef.ae/service-private-chef.webp","Private Chef Dubai","18","Root-Relative","//body/div/div/main/div/div[1]/section[5]/div/div[2]/a[2]/div[1]/img","Content","HTML","","640x360",""
"Image","https://www.mychef.ae/mychef-membership","https://www.mychef.ae/service-private-chef.webp","Private Chef Dubai","18","Root-Relative","//body/div/div/main/div/div/section[6]/div/div/a[3]/div[1]/img","Content","HTML","","",""
"Image","https://www.mychef.ae/blog","https://www.mychef.ae/images/blog/yacht-party-menu-ideas-dubai-hero.webp","Yacht Party Menu Ideas in Dubai — experience concept shown","58","Root-Relative","//body/div/div/main/div/div/section[3]/div/div[2]/a[15]/div[1]/img","Content","HTML","","",""
"Image","https://www.mychef.ae/blog/yacht-party-menu-ideas-dubai","https://www.mychef.ae/images/blog/yacht-party-menu-ideas-dubai-hero.webp","Canapés being passed on a Dubai yacht deck at golden hour","57","Root-Relative","//body/div/div/main/div/div[1]/section/div[1]/picture/img","Content","HTML","","1344x752",""
"Image","https://www.mychef.ae/blog/topic/outdoor","https://www.mychef.ae/images/blog/yacht-party-menu-ideas-dubai-hero.webp","Yacht Party Menu Ideas in Dubai","31","Root-Relative","//body/div/div/main/div/div/section[2]/div/div[2]/a[2]/div[1]/img","Content","HTML","","",""
"Image","https://www.mychef.ae/blog/desert-dinner-party-dubai","https://www.mychef.ae/images/blog/yacht-party-menu-ideas-dubai-hero.webp","Yacht Party Menu Ideas in Dubai","31","Root-Relative","//body/div/div/main/div/div/section[2]/div/div[2]/a[1]/div[1]/img","Content","HTML","","",""
"Image","https://www.mychef.ae/menus","https://www.mychef.ae/menu-seafood.webp","Pan-Seared Sea Bass","19","Root-Relative","//body/div/div/main/div/section[4]/div/div[2]/div[2]/div/img","Content","HTML","","",""
"Image","https://www.mychef.ae/weekly-meal-prep-dubai?utm_source=mychef.ae&utm_medium=starter_package_card&utm_campaign=home","https://www.mychef.ae/menu-seafood.webp","Fresh portioned meals prepared by a private chef in Dubai","57","Root-Relative","//body/div/div/main/div/div[1]/section[8]/div/div/div[1]/img","Content","HTML","","",""
"Image","https://www.mychef.ae/weekly-meal-prep-dubai?utm_source=mychef.ae&utm_medium=starter_package_card&utm_campaign=home","https://www.mychef.ae/menu-seafood.webp","Healthy Catering Dubai","22","Root-Relative","//body/div/div/main/div/div[1]/section[10]/div/div/a[2]/div[1]/img","Content","HTML","","",""
"Image","https://www.mychef.ae/yachts","https://www.mychef.ae/menu-seafood.webp","Yacht dining gallery 3","22","Root-Relative","//body/div/div/main/div/div[1]/section[7]/div/div[2]/div[3]/img","Content","HTML","","400x300",""
"Image","https://www.mychef.ae/weekly-meal-prep-dubai","https://www.mychef.ae/menu-seafood.webp","Fresh portioned meals prepared by a private chef in Dubai","57","Root-Relative","//body/div/div/main/div/div[1]/section[8]/div/div/div[1]/img","Content","HTML","","",""
"Image","https://www.mychef.ae/weekly-meal-prep-dubai","https://www.mychef.ae/menu-seafood.webp","Healthy Catering Dubai","22","Root-Relative","//body/div/div/main/div/div[1]/section[10]/div/div/a[2]/div[1]/img","Content","HTML","","",""
"Image","https://www.mychef.ae/case-studies","https://www.mychef.ae/menu-seafood.webp","Fresh seafood dishes for yacht and villa events","47","Root-Relative","//body/div/div/main/div/div/section[5]/div/div/div[5]/img","Content","HTML","","",""
"Image","https://www.mychef.ae/gallery","https://www.mychef.ae/menu-seafood.webp","Pan-Seared Sea Bass — private chef dubai","40","Root-Relative","//body/div/div/main/div/section[3]/div/div[2]/div[16]/div/img","Content","HTML","","",""
"Image","https://www.mychef.ae/staff-meals-catering-dubai","https://www.mychef.ae/menu-seafood.webp","Lighter staff meal option plate","31","Root-Relative","//body/div/div/main/div/div[1]/section[6]/div/div/div[6]/img","Content","HTML","","",""
"Image","https://www.mychef.ae/staff-meals-catering-dubai","https://www.mychef.ae/menu-seafood.webp","Healthy Catering","16","Root-Relative","//body/div/div/main/div/div[1]/section[9]/div/div/a[2]/div[1]/img","Content","HTML","","",""
"Image","https://www.mychef.ae/conference-catering-dubai","https://www.mychef.ae/menu-seafood.webp","Conference lunch plated selection","33","Root-Relative","//body/div/div/main/div/div[1]/section[6]/div/div/div[5]/img","Content","HTML","","",""
"Image","https://www.mychef.ae/corporate-meal-prep-dubai","https://www.mychef.ae/menu-seafood.webp","Balanced portioned protein meal for a workplace plan","52","Root-Relative","//body/div/div/main/div/div[1]/section[6]/div/div/div[2]/img","Content","HTML","","",""
"Image","https://www.mychef.ae/corporate-meal-prep-dubai","https://www.mychef.ae/menu-seafood.webp","Healthy Catering","16","Root-Relative","//body/div/div/main/div/div[1]/section[9]/div/div/a[1]/div[1]/img","Content","HTML","","",""
"Image","https://www.mychef.ae/weekly-meal-prep-dubai?utm_source=mychef.ae&utm_medium=starter_package_card&utm_campaign=catering-packages-dubai","https://www.mychef.ae/menu-seafood.webp","Fresh portioned meals prepared by a private chef in Dubai","57","Root-Relative","//body/div/div/main/div/div[1]/section[8]/div/div/div[1]/img","Content","HTML","","",""
"Image","https://www.mychef.ae/weekly-meal-prep-dubai?utm_source=mychef.ae&utm_medium=starter_package_card&utm_campaign=catering-packages-dubai","https://www.mychef.ae/menu-seafood.webp","Healthy Catering Dubai","22","Root-Relative","//body/div/div/main/div/div[1]/section[10]/div/div/a[2]/div[1]/img","Content","HTML","","",""
"Image","https://www.mychef.ae/production-catering-dubai","https://www.mychef.ae/menu-seafood.webp","Light plated catering for a photo shoot","39","Root-Relative","//body/div/div/main/div/div[1]/section[6]/div/div/div[5]/img","Content","HTML","","",""
"Image","https://www.mychef.ae/cocktail-party-catering-dubai","https://www.mychef.ae/menu-seafood.webp","Seafood canapés for cocktails","29","Root-Relative","//body/div/div/main/div/div[1]/section[6]/div/div/div[6]/img","Content","HTML","","",""
"Image","https://www.mychef.ae/arabic-catering-dubai","https://www.mychef.ae/menu-seafood.webp","Mediterranean Catering","22","Root-Relative","//body/div/div/main/div/div[1]/section[9]/div/div/a[2]/div[1]/img","Content","HTML","","",""
"Image","https://www.mychef.ae/picnic-catering-dubai","https://www.mychef.ae/menu-seafood.webp","Light picnic salads and chilled dishes","38","Root-Relative","//body/div/div/main/div/div[1]/section[6]/div/div/div[4]/img","Content","HTML","","800x600",""
"Image","https://www.mychef.ae/office-catering-dubai","https://www.mychef.ae/menu-seafood.webp","Lighter office lunch plate","26","Root-Relative","//body/div/div/main/div/div[1]/section[6]/div/div/div[5]/img","Content","HTML","","",""
"Image","https://www.mychef.ae/business-lunch-catering-dubai","https://www.mychef.ae/menu-seafood.webp","Executive lunch seafood plate","29","Root-Relative","//body/div/div/main/div/div[1]/section[6]/div/div/div[3]/img","Content","HTML","","",""
"Image","https://www.mychef.ae/holi-catering-dubai","https://www.mychef.ae/menu-seafood.webp","Fresh dishes served at a Holi celebration","41","Root-Relative","//body/div/div/main/div/div[1]/section[6]/div/div/div[6]/img","Content","HTML","","800x600",""
"Image","https://www.mychef.ae/live-cooking-stations-dubai","https://www.mychef.ae/menu-seafood.webp","Seafood prepared live at a station","34","Root-Relative","//body/div/div/main/div/div[1]/section[6]/div/div/div[5]/img","Content","HTML","","",""
"Image","https://www.mychef.ae/coffee-tea-service-dubai","https://www.mychef.ae/menu-seafood.webp","Light bites served with tea and coffee","38","Root-Relative","//body/div/div/main/div/div[1]/section[6]/div/div/div[4]/img","Content","HTML","","800x600",""
"Image","https://www.mychef.ae/buffet-catering-dubai","https://www.mychef.ae/menu-seafood.webp","Seafood station on a buffet","27","Root-Relative","//body/div/div/main/div/div[1]/section[6]/div/div/div[2]/img","Content","HTML","","",""
"Image","https://www.mychef.ae/asian-catering-dubai","https://www.mychef.ae/menu-seafood.webp","Asian seafood and sushi catering in Dubai","41","Root-Relative","//body/div/div/main/div/div[1]/section[6]/div/div/div[1]/img","Content","HTML","","",""
"Image","https://www.mychef.ae/asian-catering-dubai","https://www.mychef.ae/menu-seafood.webp","Sushi Catering","14","Root-Relative","//body/div/div/main/div/div[1]/section[9]/div/div/a[2]/div[1]/img","Content","HTML","","",""
"Image","https://www.mychef.ae/weekly-meal-prep-dubai?utm_source=mychef.ae&utm_medium=starter_package_card&utm_campaign=menus","https://www.mychef.ae/menu-seafood.webp","Fresh portioned meals prepared by a private chef in Dubai","57","Root-Relative","//body/div/div/main/div/div[1]/section[8]/div/div/div[1]/img","Content","HTML","","",""
"Image","https://www.mychef.ae/weekly-meal-prep-dubai?utm_source=mychef.ae&utm_medium=starter_package_card&utm_campaign=menus","https://www.mychef.ae/menu-seafood.webp","Healthy Catering Dubai","22","Root-Relative","//body/div/div/main/div/div[1]/section[10]/div/div/a[2]/div[1]/img","Content","HTML","","",""
"Image","https://www.mychef.ae/bbq-catering-dubai","https://www.mychef.ae/menu-seafood.webp","Grilled seafood platter","23","Root-Relative","//body/div/div/main/div/div[1]/section[6]/div/div/div[5]/img","Content","HTML","","",""
"Image","https://www.mychef.ae/sushi-catering-dubai","https://www.mychef.ae/menu-seafood.webp","Premium sushi and sashimi platter in Dubai","42","Root-Relative","//body/div/div/main/div/div[1]/section[6]/div/div/div[1]/img","Content","HTML","","",""
"Image","https://www.mychef.ae/oyster-bar-dubai","https://www.mychef.ae/menu-seafood.webp","Chilled shellfish and prawns on ice","35","Root-Relative","//body/div/div/main/div/div[1]/section[6]/div/div/div[2]/img","Content","HTML","","800x600",""
"Image","https://www.mychef.ae/grazing-table-dubai","https://www.mychef.ae/menu-seafood.webp","Seafood elements on a grazing board","35","Root-Relative","//body/div/div/main/div/div[1]/section[6]/div/div/div[6]/img","Content","HTML","","",""
"Image","https://www.mychef.ae/chinese-new-year-catering-dubai","https://www.mychef.ae/menu-seafood.webp","Whole fish and seafood for Chinese New Year banquet","51","Root-Relative","//body/div/div/main/div/div[1]/section[6]/div/div/div[3]/img","Content","HTML","","800x600",""
"Image","https://www.mychef.ae/mediterranean-catering-dubai","https://www.mychef.ae/menu-seafood.webp","Mediterranean grilled seafood catering in Dubai","47","Root-Relative","//body/div/div/main/div/div[1]/section[6]/div/div/div[1]/img","Content","HTML","","",""
"Image","https://www.mychef.ae/dessert-cart-dubai","https://www.mychef.ae/menu-seafood.webp","Colourful candy cart for kids parties","37","Root-Relative","//body/div/div/main/div/div[1]/section[6]/div/div/div[6]/img","Content","HTML","","800x600",""
"Image","https://www.mychef.ae/indian-catering-dubai","https://www.mychef.ae/menu-seafood.webp","Asian Catering","14","Root-Relative","//body/div/div/main/div/div[1]/section[9]/div/div/a[3]/div[1]/img","Content","HTML","","",""
"Image","https://www.mychef.ae/healthy-catering-dubai","https://www.mychef.ae/menu-seafood.webp","Healthy lean protein and seafood plate in Dubai","47","Root-Relative","//body/div/div/main/div/div[1]/section[6]/div/div/div[1]/img","Content","HTML","","",""
"Image","https://www.mychef.ae/vip-club","https://www.mychef.ae/images/canape-catering-dubai-hero.webp","Canapé catering at a VIP event in Dubai","39","Root-Relative","//body/div/div/main/div/div[1]/section[6]/div/div/div[5]/img","Content","HTML","","",""
"Image","https://www.mychef.ae/afternoon-tea-catering-dubai","https://www.mychef.ae/images/canape-catering-dubai-hero.webp","Canapé Catering","15","Root-Relative","//body/div/div/main/div/div[1]/section[8]/div/div/a[2]/div[1]/img","Content","HTML","","640x360",""
"Image","https://www.mychef.ae/vip-club?utm_source=mychef.ae&utm_medium=banner&utm_campaign=weekly-meal-prep-dubai","https://www.mychef.ae/images/canape-catering-dubai-hero.webp","Canapé catering at a VIP event in Dubai","39","Root-Relative","//body/div/div/main/div/div[1]/section[6]/div/div/div[5]/img","Content","HTML","","",""
"Image","https://www.mychef.ae/product-launch-catering-dubai","https://www.mychef.ae/images/canape-catering-dubai-hero.webp","Canapé reception at a Dubai product launch event","48","Root-Relative","//body/div/div/main/div/div[1]/section[7]/div/div/div[1]/img","Content","HTML","","",""
"Image","https://www.mychef.ae/vip-club?utm_source=mychef.ae&utm_medium=banner&utm_campaign=catering-packages-dubai","https://www.mychef.ae/images/canape-catering-dubai-hero.webp","Canapé catering at a VIP event in Dubai","39","Root-Relative","//body/div/div/main/div/div[1]/section[6]/div/div/div[5]/img","Content","HTML","","",""
"Image","https://www.mychef.ae/vip-club?utm_source=mychef.ae&utm_medium=banner&utm_campaign=wellness-meal-prep-dubai","https://www.mychef.ae/images/canape-catering-dubai-hero.webp","Canapé catering at a VIP event in Dubai","39","Root-Relative","//body/div/div/main/div/div[1]/section[6]/div/div/div[5]/img","Content","HTML","","",""
"Image","https://www.mychef.ae/private-party-catering-dubai","https://www.mychef.ae/images/indian-catering-dubai-hero.webp","Holi Catering","13","Root-Relative","//body/div/div/main/div/div[1]/section[9]/div/div/a[6]/div[1]/img","Content","HTML","","",""
"Image","https://www.mychef.ae/holi-catering-dubai","https://www.mychef.ae/images/indian-catering-dubai-hero.webp","Indian Catering Dubai","21","Root-Relative","//body/div/div/main/div/div[1]/section[8]/div/div/a[1]/div[1]/img","Content","HTML","","640x360",""
"Image","https://www.mychef.ae/indian-catering-dubai","https://www.mychef.ae/images/indian-catering-dubai-hero.webp","Holi Catering Dubai","19","Root-Relative","//body/div/div/main/div/div[1]/section[9]/div/div/a[4]/div[1]/img","Content","HTML","","",""
"Image","https://www.mychef.ae/jain-catering-dubai","https://www.mychef.ae/images/indian-catering-dubai-hero.webp","Indian Catering","15","Root-Relative","//body/div/div/main/div/div[1]/section[8]/div/div/a[1]/div[1]/img","Content","HTML","","640x360",""
"Image","https://www.mychef.ae/blog","https://www.mychef.ae/images/blog/ramadan-iftar-catering-trends-2026-hero.webp","Ramadan Iftar Catering Trends for 2026 — experience concept shown","65","Root-Relative","//body/div/div/main/div/div/section[3]/div/div[2]/a[14]/div[1]/img","Content","HTML","","",""
"Image","https://www.mychef.ae/blog/iftar-at-home-dubai","https://www.mychef.ae/images/blog/ramadan-iftar-catering-trends-2026-hero.webp","Ramadan Iftar Catering Trends for 2026","38","Root-Relative","//body/div/div/main/div/div/section[2]/div/div[2]/a[1]/div[1]/img","Content","HTML","","",""
"Image","https://www.mychef.ae/blog/topic/seasonal","https://www.mychef.ae/images/blog/ramadan-iftar-catering-trends-2026-hero.webp","Ramadan Iftar Catering Trends for 2026","38","Root-Relative","//body/div/div/main/div/div/section[2]/div/div[2]/a[2]/div[1]/img","Content","HTML","","",""
"Image","https://www.mychef.ae/blog/ramadan-iftar-catering-trends-2026","https://www.mychef.ae/images/blog/ramadan-iftar-catering-trends-2026-hero.webp","Ramadan Iftar catering trends Dubai 2026","40","Root-Relative","//body/div/div/main/div/div[1]/section/div[1]/picture/img","Content","HTML","","1344x752",""
"Image","https://www.mychef.ae/about","https://www.mychef.ae/team-pastry-chef.webp","Thomas Chen, independent partner chef","37","Root-Relative","//body/div/div/main/div/div[1]/section[4]/div/div[2]/article[@class='team-card'][3]/div/img","Content","HTML","","300x400",""
"Image","https://www.mychef.ae/our-chefs","https://www.mychef.ae/team-pastry-chef.webp","Matteo Moretti","14","Root-Relative","//body/div/div/main/div/section[3]/div/div[2]/div[3]/div[1]/div/img","Content","HTML","","",""
"Image","https://www.mychef.ae/chefs/matteo-pastry-chef","https://www.mychef.ae/team-pastry-chef.webp","Chef Matteo Moretti, independent partner pastry chef in the myCHEF Dubai network","80","Root-Relative","//body/div/div/main/div/section[1]/div[1]/picture/img","Content","HTML","","1344x752",""
"Image","https://www.mychef.ae/chefs/matteo-pastry-chef","https://www.mychef.ae/team-pastry-chef.webp","Chef Matteo Moretti, independent partner pastry chef in the myCHEF Dubai network","80","Root-Relative","//body/div/div/main/div/section[2]/div/div/div[1]/img","Content","HTML","","",""
"Image","https://www.mychef.ae/events","https://www.mychef.ae/service-yacht.webp","Yacht Event Catering","20","Root-Relative","//body/div/div/main/div/section[2]/div/div[2]/div[5]/div[1]/img","Content","HTML","","640x360",""
"Image","https://www.mychef.ae/tourist-villa-chef-dubai","https://www.mychef.ae/service-yacht.webp","Yacht Catering Dubai","20","Root-Relative","//body/div/div/main/div/div[1]/section[6]/div/div/a[2]/div[1]/img","Content","HTML","","",""
"Image","https://www.mychef.ae/yachts","https://www.mychef.ae/service-yacht.webp","Yacht dining gallery 1","22","Root-Relative","//body/div/div/main/div/div[1]/section[7]/div/div[2]/div[1]/img","Content","HTML","","400x300",""
"Image","https://www.mychef.ae/gift-cards","https://www.mychef.ae/service-yacht.webp","Yacht dining gift experience with private chef Dubai","52","Root-Relative","//body/div/div/main/div/div[1]/section[7]/div/div/div[4]/img","Content","HTML","","",""
"Image","https://www.mychef.ae/case-studies","https://www.mychef.ae/service-yacht.webp","Yacht Catering Dubai","20","Root-Relative","//body/div/div/main/div/div/section[8]/div/div/a[2]/div[1]/img","Content","HTML","","",""
"Image","https://www.mychef.ae/gallery","https://www.mychef.ae/service-yacht.webp","Private Yacht Charter Catering — luxury catering dubai","54","Root-Relative","//body/div/div/main/div/section[3]/div/div[2]/div[5]/div/img","Content","HTML","","",""
"Image","https://www.mychef.ae/bar-services-dubai","https://www.mychef.ae/service-yacht.webp","Yacht bar service in Dubai marina","33","Root-Relative","//body/div/div/main/div/div[1]/section[7]/div/div/div[4]/img","Content","HTML","","",""
"Image","https://www.mychef.ae/proposal-dinner-dubai","https://www.mychef.ae/service-yacht.webp","Yacht Catering Dubai","20","Root-Relative","//body/div/div/main/div/div[1]/section[6]/div/div/a[3]/div[1]/img","Content","HTML","","",""
"Image","https://www.mychef.ae/bachelor-party-catering-dubai","https://www.mychef.ae/service-yacht.webp","Yacht party catering in Dubai Marina","36","Root-Relative","//body/div/div/main/div/div[1]/section[6]/div/div/div[4]/img","Content","HTML","","",""
"Image","https://www.mychef.ae/bachelor-party-catering-dubai","https://www.mychef.ae/service-yacht.webp","Yacht Catering","14","Root-Relative","//body/div/div/main/div/div[1]/section[9]/div/div/a[2]/div[1]/img","Content","HTML","","",""
"Image","https://www.mychef.ae/blog","https://www.mychef.ae/images/blog/weekly-meal-prep-vs-full-time-chef-dubai-hero.webp","Weekly Meal Prep vs Hiring a Full-Time Chef in Dubai — experience concept shown","79","Root-Relative","//body/div/div/main/div/div/section[3]/div/div[2]/a[18]/div[1]/img","Content","HTML","","",""
"Image","https://www.mychef.ae/blog/weekly-meal-prep-vs-full-time-chef-dubai","https://www.mychef.ae/images/blog/weekly-meal-prep-vs-full-time-chef-dubai-hero.webp","Weekly meal prep versus full-time private chef in Dubai","55","Root-Relative","//body/div/div/main/div/div[1]/section/div[1]/picture/img","Content","HTML","","1344x752",""
"Image","https://www.mychef.ae/blog/topic/private-chef","https://www.mychef.ae/images/blog/weekly-meal-prep-vs-full-time-chef-dubai-hero.webp","Weekly Meal Prep vs Hiring a Full-Time Chef in Dubai","52","Root-Relative","//body/div/div/main/div/div/section[2]/div/div[2]/a[5]/div[1]/img","Content","HTML","","",""
"Image","https://www.mychef.ae/menus","https://www.mychef.ae/menu-cocktails.webp","Signature Cocktail Pairing","26","Root-Relative","//body/div/div/main/div/section[4]/div/div[2]/div[5]/div/img","Content","HTML","","",""
"Image","https://www.mychef.ae/yachts","https://www.mychef.ae/menu-cocktails.webp","Yacht dining gallery 4","22","Root-Relative","//body/div/div/main/div/div[1]/section[7]/div/div[2]/div[4]/img","Content","HTML","","400x300",""
"Image","https://www.mychef.ae/case-studies","https://www.mychef.ae/menu-cocktails.webp","Luxury catering drinks and cocktails for Dubai events","53","Root-Relative","//body/div/div/main/div/div/section[5]/div/div/div[1]/img","Content","HTML","","",""
"Image","https://www.mychef.ae/gallery","https://www.mychef.ae/menu-cocktails.webp","Signature Cocktail Pairing — private chef dubai","47","Root-Relative","//body/div/div/main/div/section[3]/div/div[2]/div[20]/div/img","Content","HTML","","",""
"Image","https://www.mychef.ae/bar-services-dubai","https://www.mychef.ae/menu-cocktails.webp","Premium cocktail and bar service in Dubai","41","Root-Relative","//body/div/div/main/div/div[1]/section[7]/div/div/div[1]/img","Content","HTML","","",""
"Image","https://www.mychef.ae/bar-services-dubai","https://www.mychef.ae/menu-cocktails.webp","Cocktail Party Catering","23","Root-Relative","//body/div/div/main/div/div[1]/section[10]/div/div/a[1]/div[1]/img","Content","HTML","","",""
"Image","https://www.mychef.ae/cocktail-party-catering-dubai","https://www.mychef.ae/menu-cocktails.webp","Cocktail party service in Dubai","31","Root-Relative","//body/div/div/main/div/div[1]/section[6]/div/div/div[1]/img","Content","HTML","","",""
"Image","https://www.mychef.ae/cocktail-party-catering-dubai","https://www.mychef.ae/menu-cocktails.webp","Mocktail Bar Catering","21","Root-Relative","//body/div/div/main/div/div[1]/section[9]/div/div/a[2]/div[1]/img","Content","HTML","","",""
"Image","https://www.mychef.ae/mocktail-bar-catering-dubai","https://www.mychef.ae/menu-cocktails.webp","Craft mocktail bar service in Dubai","35","Root-Relative","//body/div/div/main/div/div[1]/section[6]/div/div/div[1]/img","Content","HTML","","",""
"Image","https://www.mychef.ae/mocktail-bar-catering-dubai","https://www.mychef.ae/menu-cocktails.webp","Cocktail Party Catering","23","Root-Relative","//body/div/div/main/div/div[1]/section[9]/div/div/a[1]/div[1]/img","Content","HTML","","",""
"Image","https://www.mychef.ae/finger-food-catering-dubai","https://www.mychef.ae/menu-cocktails.webp","Drinks and finger food reception","32","Root-Relative","//body/div/div/main/div/div[1]/section[6]/div/div/div[5]/img","Content","HTML","","",""
"Image","https://www.mychef.ae/canape-catering-dubai","https://www.mychef.ae/menu-cocktails.webp","Cocktail and canapé pairing service","35","Root-Relative","//body/div/div/main/div/div[1]/section[6]/div/div/div[2]/img","Content","HTML","","",""
"Image","https://www.mychef.ae/canape-catering-dubai","https://www.mychef.ae/menu-cocktails.webp","Cocktail Party Catering","23","Root-Relative","//body/div/div/main/div/div[1]/section[9]/div/div/a[2]/div[1]/img","Content","HTML","","",""
"Image","https://www.mychef.ae/brand-activation-catering-dubai","https://www.mychef.ae/menu-cocktails.webp","Branded beverage service at a Dubai pop-up catering event","57","Root-Relative","//body/div/div/main/div/div[1]/section[6]/div/div/div[4]/img","Content","HTML","","",""
"Image","https://www.mychef.ae/bachelor-party-catering-dubai","https://www.mychef.ae/menu-cocktails.webp","Cocktail and bar service for a bachelor party","45","Root-Relative","//body/div/div/main/div/div[1]/section[6]/div/div/div[3]/img","Content","HTML","","",""
"Image","https://www.mychef.ae/party-catering-dubai","https://www.mychef.ae/menu-cocktails.webp","Cocktail service at a private party","35","Root-Relative","//body/div/div/main/div/div[1]/section[6]/div/div/div[4]/img","Content","HTML","","",""
"Image","https://www.mychef.ae/bachelorette-party-catering-dubai","https://www.mychef.ae/menu-cocktails.webp","Cocktails and mocktails for a bachelorette party","48","Root-Relative","//body/div/div/main/div/div[1]/section[6]/div/div/div[3]/img","Content","HTML","","",""
"Image","https://www.mychef.ae/events","https://www.mychef.ae/service-corporate.webp","Corporate Events","16","Root-Relative","//body/div/div/main/div/section[2]/div/div[2]/div[4]/div[1]/img","Content","HTML","","640x360",""
"Image","https://www.mychef.ae/weekly-meal-prep-dubai?utm_source=mychef.ae&utm_medium=starter_package_card&utm_campaign=home","https://www.mychef.ae/service-corporate.webp","Corporate Meal Prep","19","Root-Relative","//body/div/div/main/div/div[1]/section[10]/div/div/a[3]/div[1]/img","Content","HTML","","",""
"Image","https://www.mychef.ae/weekly-meal-prep-dubai","https://www.mychef.ae/service-corporate.webp","Corporate Meal Prep","19","Root-Relative","//body/div/div/main/div/div[1]/section[10]/div/div/a[3]/div[1]/img","Content","HTML","","",""
"Image","https://www.mychef.ae/drop-off-catering-dubai","https://www.mychef.ae/service-corporate.webp","Office drop-off catering delivery","33","Root-Relative","//body/div/div/main/div/div[1]/section[6]/div/div/div[4]/img","Content","HTML","","800x600",""
"Image","https://www.mychef.ae/drop-off-catering-dubai","https://www.mychef.ae/service-corporate.webp","Office Catering Dubai","21","Root-Relative","//body/div/div/main/div/div[1]/section[8]/div/div/a[1]/div[1]/img","Content","HTML","","640x360",""
"Image","https://www.mychef.ae/case-studies","https://www.mychef.ae/service-corporate.webp","Corporate Event Catering","24","Root-Relative","//body/div/div/main/div/div/section[8]/div/div/a[3]/div[1]/img","Content","HTML","","",""
"Image","https://www.mychef.ae/gallery","https://www.mychef.ae/service-corporate.webp","Business Lunch Service — luxury catering dubai","46","Root-Relative","//body/div/div/main/div/section[3]/div/div[2]/div[12]/div/img","Content","HTML","","",""
"Image","https://www.mychef.ae/private-cooking-classes-dubai","https://www.mychef.ae/service-corporate.webp","Corporate Catering","18","Root-Relative","//body/div/div/main/div/div[1]/section[10]/div/div/a[3]/div[1]/img","Content","HTML","","",""
"Image","https://www.mychef.ae/sugar-free-catering-dubai","https://www.mychef.ae/service-corporate.webp","Corporate wellness lunch setup","30","Root-Relative","//body/div/div/main/div/div[1]/section[6]/div/div/div[5]/img","Content","HTML","","800x600",""
"Image","https://www.mychef.ae/staff-meals-catering-dubai","https://www.mychef.ae/service-corporate.webp","Staff meals catering set-up for a Dubai workforce","49","Root-Relative","//body/div/div/main/div/div[1]/section[6]/div/div/div[1]/img","Content","HTML","","",""
"Image","https://www.mychef.ae/staff-meals-catering-dubai","https://www.mychef.ae/service-corporate.webp","Corporate Catering","18","Root-Relative","//body/div/div/main/div/div[1]/section[9]/div/div/a[3]/div[1]/img","Content","HTML","","",""
"Image","https://www.mychef.ae/farewell-catering-dubai","https://www.mychef.ae/service-corporate.webp","Corporate farewell lunch setup","30","Root-Relative","//body/div/div/main/div/div[1]/section[6]/div/div/div[5]/img","Content","HTML","","800x600",""
"Image","https://www.mychef.ae/farewell-catering-dubai","https://www.mychef.ae/service-corporate.webp","Corporate Event Catering","24","Root-Relative","//body/div/div/main/div/div[1]/section[8]/div/div/a[1]/div[1]/img","Content","HTML","","640x360",""
"Image","https://www.mychef.ae/conference-catering-dubai","https://www.mychef.ae/service-corporate.webp","Conference catering set-up in Dubai","35","Root-Relative","//body/div/div/main/div/div[1]/section[6]/div/div/div[1]/img","Content","HTML","","",""
"Image","https://www.mychef.ae/conference-catering-dubai","https://www.mychef.ae/service-corporate.webp","Corporate Catering","18","Root-Relative","//body/div/div/main/div/div[1]/section[9]/div/div/a[3]/div[1]/img","Content","HTML","","",""
"Image","https://www.mychef.ae/corporate-meal-prep-dubai","https://www.mychef.ae/service-corporate.webp","Corporate meal prep programme set-up in Dubai","45","Root-Relative","//body/div/div/main/div/div[1]/section[6]/div/div/div[1]/img","Content","HTML","","",""
"Image","https://www.mychef.ae/corporate-meal-prep-dubai","https://www.mychef.ae/service-corporate.webp","Corporate Catering","18","Root-Relative","//body/div/div/main/div/div[1]/section[9]/div/div/a[2]/div[1]/img","Content","HTML","","",""
"Image","https://www.mychef.ae/bar-services-dubai","https://www.mychef.ae/service-corporate.webp","Corporate event bar service in Dubai","36","Root-Relative","//body/div/div/main/div/div[1]/section[7]/div/div/div[5]/img","Content","HTML","","",""
"Image","https://www.mychef.ae/weekly-meal-prep-dubai?utm_source=mychef.ae&utm_medium=starter_package_card&utm_campaign=catering-packages-dubai","https://www.mychef.ae/service-corporate.webp","Corporate Meal Prep","19","Root-Relative","//body/div/div/main/div/div[1]/section[10]/div/div/a[3]/div[1]/img","Content","HTML","","",""
"Image","https://www.mychef.ae/production-catering-dubai","https://www.mychef.ae/service-corporate.webp","Catering for a TV production team in Dubai","42","Root-Relative","//body/div/div/main/div/div[1]/section[6]/div/div/div[4]/img","Content","HTML","","",""
"Image","https://www.mychef.ae/production-catering-dubai","https://www.mychef.ae/service-corporate.webp","Corporate Catering","18","Root-Relative","//body/div/div/main/div/div[1]/section[9]/div/div/a[2]/div[1]/img","Content","HTML","","",""
"Image","https://www.mychef.ae/office-catering-dubai","https://www.mychef.ae/service-corporate.webp","Office catering set-up for a Dubai workplace","44","Root-Relative","//body/div/div/main/div/div[1]/section[6]/div/div/div[1]/img","Content","HTML","","",""
"Image","https://www.mychef.ae/business-lunch-catering-dubai","https://www.mychef.ae/service-corporate.webp","Business lunch catering set-up in a Dubai boardroom","51","Root-Relative","//body/div/div/main/div/div[1]/section[6]/div/div/div[1]/img","Content","HTML","","",""
"Image","https://www.mychef.ae/live-cooking-stations-dubai","https://www.mychef.ae/service-corporate.webp","Corporate Catering","18","Root-Relative","//body/div/div/main/div/div[1]/section[9]/div/div/a[3]/div[1]/img","Content","HTML","","",""
"Image","https://www.mychef.ae/finger-food-catering-dubai","https://www.mychef.ae/service-corporate.webp","Corporate finger food catering","30","Root-Relative","//body/div/div/main/div/div[1]/section[6]/div/div/div[3]/img","Content","HTML","","",""
"Image","https://www.mychef.ae/finger-food-catering-dubai","https://www.mychef.ae/service-corporate.webp","Corporate Catering","18","Root-Relative","//body/div/div/main/div/div[1]/section[9]/div/div/a[3]/div[1]/img","Content","HTML","","",""
"Image","https://www.mychef.ae/coffee-tea-service-dubai","https://www.mychef.ae/service-corporate.webp","Office Catering Dubai","21","Root-Relative","//body/div/div/main/div/div[1]/section[8]/div/div/a[3]/div[1]/img","Content","HTML","","640x360",""
"Image","https://www.mychef.ae/fodmap-catering-dubai","https://www.mychef.ae/service-corporate.webp","Corporate wellness lunch setup","30","Root-Relative","//body/div/div/main/div/div[1]/section[6]/div/div/div[5]/img","Content","HTML","","800x600",""
"Image","https://www.mychef.ae/breakfast-catering-dubai","https://www.mychef.ae/service-corporate.webp","Corporate breakfast meeting setup","33","Root-Relative","//body/div/div/main/div/div[1]/section[6]/div/div/div[4]/img","Content","HTML","","800x600",""
"Image","https://www.mychef.ae/breakfast-catering-dubai","https://www.mychef.ae/service-corporate.webp","Office Catering Dubai","21","Root-Relative","//body/div/div/main/div/div[1]/section[8]/div/div/a[1]/div[1]/img","Content","HTML","","640x360",""
"Image","https://www.mychef.ae/buffet-catering-dubai","https://www.mychef.ae/service-corporate.webp","Corporate buffet lunch","22","Root-Relative","//body/div/div/main/div/div[1]/section[6]/div/div/div[5]/img","Content","HTML","","",""
"Image","https://www.mychef.ae/buffet-catering-dubai","https://www.mychef.ae/service-corporate.webp","Corporate Catering","18","Root-Relative","//body/div/div/main/div/div[1]/section[9]/div/div/a[3]/div[1]/img","Content","HTML","","",""
"Image","https://www.mychef.ae/weekly-meal-prep-dubai?utm_source=mychef.ae&utm_medium=starter_package_card&utm_campaign=menus","https://www.mychef.ae/service-corporate.webp","Corporate Meal Prep","19","Root-Relative","//body/div/div/main/div/div[1]/section[10]/div/div/a[3]/div[1]/img","Content","HTML","","",""
"Image","https://www.mychef.ae/corporate-dinner-package-dubai","https://www.mychef.ae/service-corporate.webp","Corporate Event Catering","24","Root-Relative","//body/div/div/main/div/div[1]/section[5]/div/div[2]/a[1]/div[1]/img","Content","HTML","","640x360",""
"Image","https://www.mychef.ae/corporate-dinner-package-dubai","https://www.mychef.ae/service-corporate.webp","Corporate Catering Dubai","24","Root-Relative","//body/div/div/main/div/div[1]/section[5]/div/div[2]/a[2]/div[1]/img","Content","HTML","","640x360",""
"Image","https://www.mychef.ae/corporate-dinner-package-dubai","https://www.mychef.ae/service-corporate.webp","Business Lunch Catering","23","Root-Relative","//body/div/div/main/div/div[1]/section[5]/div/div[2]/a[3]/div[1]/img","Content","HTML","","640x360",""
"Image","https://www.mychef.ae/keto-catering-dubai","https://www.mychef.ae/service-corporate.webp","Healthy Catering","16","Root-Relative","//body/div/div/main/div/div[1]/section[8]/div/div/a[1]/div[1]/img","Content","HTML","","640x360",""
"Image","https://www.mychef.ae/brand-activation-catering-dubai","https://www.mychef.ae/service-corporate.webp","Corporate brand activation catering in Dubai","44","Root-Relative","//body/div/div/main/div/div[1]/section[6]/div/div/div[6]/img","Content","HTML","","",""
"Image","https://www.mychef.ae/brand-activation-catering-dubai","https://www.mychef.ae/service-corporate.webp","Corporate Event Catering","24","Root-Relative","//body/div/div/main/div/div[1]/section[9]/div/div/a[2]/div[1]/img","Content","HTML","","",""
"Image","https://www.mychef.ae/corporate-retainer-dubai","https://www.mychef.ae/service-corporate.webp","Corporate Catering Dubai","24","Root-Relative","//body/div/div/main/div/div[1]/section[6]/div/div/a[1]/div[1]/img","Content","HTML","","",""
"Image","https://www.mychef.ae/pescatarian-catering-dubai","https://www.mychef.ae/service-corporate.webp","Healthy Catering Dubai","22","Root-Relative","//body/div/div/main/div/div[1]/section[8]/div/div/a[2]/div[1]/img","Content","HTML","","640x360",""
"Image","https://www.mychef.ae/uae-national-day-catering-dubai","https://www.mychef.ae/service-corporate.webp","Corporate Event Catering","24","Root-Relative","//body/div/div/main/div/div[1]/section[8]/div/div/a[2]/div[1]/img","Content","HTML","","640x360",""
"Image","https://www.mychef.ae/exhibition-catering-dubai","https://www.mychef.ae/service-corporate.webp","Corporate catering setup at an exhibition venue","47","Root-Relative","//body/div/div/main/div/div[1]/section[6]/div/div/div[4]/img","Content","HTML","","800x600",""
"Image","https://www.mychef.ae/exhibition-catering-dubai","https://www.mychef.ae/service-corporate.webp","Brand Activation Catering","25","Root-Relative","//body/div/div/main/div/div[1]/section[8]/div/div/a[2]/div[1]/img","Content","HTML","","640x360",""
"Image","https://www.mychef.ae/shawarma-station-dubai","https://www.mychef.ae/service-corporate.webp","Corporate Event Catering","24","Root-Relative","//body/div/div/main/div/div[1]/section[8]/div/div/a[3]/div[1]/img","Content","HTML","","640x360",""
"Image","https://www.mychef.ae/become-a-mychef","https://www.mychef.ae/service-corporate.webp","Corporate Catering","18","Root-Relative","//body/div/div/main/div/div/section[8]/div/div/a[3]/div[1]/img","Content","HTML","","",""
"Image","https://www.mychef.ae/dairy-free-catering-dubai","https://www.mychef.ae/service-corporate.webp","Healthy Catering","16","Root-Relative","//body/div/div/main/div/div[1]/section[8]/div/div/a[2]/div[1]/img","Content","HTML","","640x360",""
"Image","https://www.mychef.ae/healthy-catering-dubai","https://www.mychef.ae/service-corporate.webp","Healthy corporate catering set-up","33","Root-Relative","//body/div/div/main/div/div[1]/section[6]/div/div/div[3]/img","Content","HTML","","",""
"Image","https://www.mychef.ae/gluten-free-catering-dubai","https://www.mychef.ae/service-corporate.webp","Healthy Catering","16","Root-Relative","//body/div/div/main/div/div[1]/section[8]/div/div/a[1]/div[1]/img","Content","HTML","","640x360",""
"Image","https://www.mychef.ae/film-crew-catering-dubai","https://www.mychef.ae/service-corporate.webp","Craft services table for cast and crew","38","Root-Relative","//body/div/div/main/div/div[1]/section[6]/div/div/div[4]/img","Content","HTML","","",""
"Image","https://www.mychef.ae/film-crew-catering-dubai","https://www.mychef.ae/service-corporate.webp","Corporate Catering","18","Root-Relative","//body/div/div/main/div/div[1]/section[9]/div/div/a[2]/div[1]/img","Content","HTML","","",""
"Image","https://www.mychef.ae/blog","https://www.mychef.ae/images/blog/corporate-event-catering-ideas-dubai-hero.webp","Corporate Event Catering Ideas Dubai (2026 Guide) — experience concept shown","76","Root-Relative","//body/div/div/main/div/div/section[3]/div/div[2]/a[7]/div[1]/img","Content","HTML","","",""
"Image","https://www.mychef.ae/blog/corporate-catering-full-service-vs-drop-off","https://www.mychef.ae/images/blog/corporate-event-catering-ideas-dubai-hero.webp","Corporate Event Catering Ideas Dubai (2026 Guide)","49","Root-Relative","//body/div/div/main/div/div[1]/article/div/section[9]/div/div[2]/a[1]/div[1]/img","Content","HTML","","",""
"Image","https://www.mychef.ae/blog/corporate-event-catering-ideas-dubai","https://www.mychef.ae/images/blog/corporate-event-catering-ideas-dubai-hero.webp","Office canapés after laptops have been stacked aside, server offering a tray","76","Root-Relative","//body/div/div/main/div/div/article/div/figure/div/img","Content","HTML","","1920x1080",""
"Image","https://www.mychef.ae/blog/topic/corporate","https://www.mychef.ae/images/blog/corporate-event-catering-ideas-dubai-hero.webp","Corporate Event Catering Ideas Dubai (2026 Guide)","49","Root-Relative","//body/div/div/main/div/div/section[2]/div/div[2]/a[1]/div[1]/img","Content","HTML","","",""
"Image","https://www.mychef.ae/events","https://www.mychef.ae/service-luxury-dining.webp","Wedding Catering","16","Root-Relative","//body/div/div/main/div/section[2]/div/div[2]/div[2]/div[1]/img","Content","HTML","","640x360",""
"Image","https://www.mychef.ae/events","https://www.mychef.ae/service-luxury-dining.webp","Event catering Dubai 4","22","Root-Relative","//body/div/div/main/div/section[5]/div/div[2]/div[4]/img","Content","HTML","","800x600",""
"Image","https://www.mychef.ae/events","https://www.mychef.ae/service-luxury-dining.webp","Engagement Catering","19","Root-Relative","//body/div/div/main/div/section[9]/div/div[2]/a[2]/div[1]/img","Content","HTML","","640x360",""
"Image","https://www.mychef.ae/villas-private-residences","https://www.mychef.ae/service-luxury-dining.webp","Villa dining gallery 2","22","Root-Relative","//body/div/div/main/div/div[1]/section[7]/div/div[2]/div[2]/img","Content","HTML","","400x300",""
"Image","https://www.mychef.ae/yachts","https://www.mychef.ae/service-luxury-dining.webp","Yacht dining gallery 2","22","Root-Relative","//body/div/div/main/div/div[1]/section[7]/div/div[2]/div[2]/img","Content","HTML","","400x300",""
"Image","https://www.mychef.ae/tasting-menu-dubai","https://www.mychef.ae/service-luxury-dining.webp","Luxury private dining service in Dubai","38","Root-Relative","//body/div/div/main/div/div[1]/section[6]/div/div/div[5]/img","Content","HTML","","800x600",""
"Image","https://www.mychef.ae/tasting-menu-dubai","https://www.mychef.ae/service-luxury-dining.webp","Luxury Dining Experiences","25","Root-Relative","//body/div/div/main/div/div[1]/section[8]/div/div/a[1]/div[1]/img","Content","HTML","","640x360",""
"Image","https://www.mychef.ae/gift-cards","https://www.mychef.ae/service-luxury-dining.webp","Luxury private dining gift experience in Dubai","46","Root-Relative","//body/div/div/main/div/div[1]/section[7]/div/div/div[1]/img","Content","HTML","","",""
"Image","https://www.mychef.ae/gift-cards","https://www.mychef.ae/service-luxury-dining.webp","Private Cooking Classes","23","Root-Relative","//body/div/div/main/div/div[1]/section[10]/div/div/a[3]/div[1]/img","Content","HTML","","",""
"Image","https://www.mychef.ae/halal-private-dining-dubai","https://www.mychef.ae/service-luxury-dining.webp","Luxury private dining service in Dubai","38","Root-Relative","//body/div/div/main/div/div[1]/section[6]/div/div/div[4]/img","Content","HTML","","800x600",""
"Image","https://www.mychef.ae/halal-private-dining-dubai","https://www.mychef.ae/service-luxury-dining.webp","Luxury Dining Experiences","25","Root-Relative","//body/div/div/main/div/div[1]/section[8]/div/div/a[2]/div[1]/img","Content","HTML","","640x360",""
"Image","https://www.mychef.ae/private-cooking-classes-dubai","https://www.mychef.ae/service-luxury-dining.webp","Private chef dining experience in Dubai","39","Root-Relative","//body/div/div/main/div/div[1]/section[7]/div/div/div[1]/img","Content","HTML","","",""
"Image","https://www.mychef.ae/anniversary-catering-dubai","https://www.mychef.ae/service-luxury-dining.webp","Romantic anniversary dinner catering in Dubai","45","Root-Relative","//body/div/div/main/div/div[1]/section[6]/div/div/div[1]/img","Content","HTML","","",""
"Image","https://www.mychef.ae/anniversary-catering-dubai","https://www.mychef.ae/service-luxury-dining.webp","Luxury Dining","13","Root-Relative","//body/div/div/main/div/div[1]/section[9]/div/div/a[3]/div[1]/img","Content","HTML","","",""
"Image","https://www.mychef.ae/italian-catering-dubai","https://www.mychef.ae/service-luxury-dining.webp","Luxury Dining Experiences","25","Root-Relative","//body/div/div/main/div/div[1]/section[9]/div/div/a[3]/div[1]/img","Content","HTML","","",""
"Image","https://www.mychef.ae/valentines-day-catering-dubai","https://www.mychef.ae/service-luxury-dining.webp","Luxury private dining experience in Dubai","41","Root-Relative","//body/div/div/main/div/div[1]/section[6]/div/div/div[5]/img","Content","HTML","","800x600",""
"Image","https://www.mychef.ae/valentines-day-catering-dubai","https://www.mychef.ae/service-luxury-dining.webp","Luxury Private Dining","21","Root-Relative","//body/div/div/main/div/div[1]/section[8]/div/div/a[2]/div[1]/img","Content","HTML","","640x360",""
"Image","https://www.mychef.ae/cocktail-party-catering-dubai","https://www.mychef.ae/service-luxury-dining.webp","Luxury dining cocktail reception","32","Root-Relative","//body/div/div/main/div/div[1]/section[6]/div/div/div[3]/img","Content","HTML","","",""
"Image","https://www.mychef.ae/cocktail-party-catering-dubai","https://www.mychef.ae/service-luxury-dining.webp","Yacht Catering","14","Root-Relative","//body/div/div/main/div/div[1]/section[9]/div/div/a[3]/div[1]/img","Content","HTML","","",""
"Image","https://www.mychef.ae/chefs-table-dubai","https://www.mychef.ae/service-luxury-dining.webp","Luxury Dining Experiences","25","Root-Relative","//body/div/div/main/div/div[1]/section[6]/div/div/a[2]/div[1]/img","Content","HTML","","",""
"Image","https://www.mychef.ae/halloween-catering-dubai","https://www.mychef.ae/service-luxury-dining.webp","Luxury private dining experience in Dubai","41","Root-Relative","//body/div/div/main/div/div[1]/section[6]/div/div/div[6]/img","Content","HTML","","800x600",""
"Image","https://www.mychef.ae/gala-dinner-catering-dubai","https://www.mychef.ae/service-luxury-dining.webp","Elegant gala dinner table setting in Dubai","42","Root-Relative","//body/div/div/main/div/div[1]/section[6]/div/div/div[1]/img","Content","HTML","","",""
"Image","https://www.mychef.ae/canape-catering-dubai","https://www.mychef.ae/service-luxury-dining.webp","Elegant reception catering","26","Root-Relative","//body/div/div/main/div/div[1]/section[6]/div/div/div[6]/img","Content","HTML","","",""
"Image","https://www.mychef.ae/canape-catering-dubai","https://www.mychef.ae/service-luxury-dining.webp","Luxury Dining Experiences","25","Root-Relative","//body/div/div/main/div/div[1]/section[9]/div/div/a[3]/div[1]/img","Content","HTML","","",""
"Image","https://www.mychef.ae/mothers-day-catering-dubai","https://www.mychef.ae/service-luxury-dining.webp","Luxury family dining experience in Dubai","40","Root-Relative","//body/div/div/main/div/div[1]/section[6]/div/div/div[5]/img","Content","HTML","","800x600",""
"Image","https://www.mychef.ae/mothers-day-catering-dubai","https://www.mychef.ae/service-luxury-dining.webp","Brunch Catering","15","Root-Relative","//body/div/div/main/div/div[1]/section[8]/div/div/a[2]/div[1]/img","Content","HTML","","640x360",""
"Image","https://www.mychef.ae/sushi-catering-dubai","https://www.mychef.ae/service-luxury-dining.webp","Luxury sushi dining set-up in Dubai","35","Root-Relative","//body/div/div/main/div/div[1]/section[6]/div/div/div[3]/img","Content","HTML","","",""
"Image","https://www.mychef.ae/sushi-catering-dubai","https://www.mychef.ae/service-luxury-dining.webp","Luxury Dining","13","Root-Relative","//body/div/div/main/div/div[1]/section[9]/div/div/a[3]/div[1]/img","Content","HTML","","",""
"Image","https://www.mychef.ae/pescatarian-catering-dubai","https://www.mychef.ae/service-luxury-dining.webp","Luxury private dining experience in Dubai","41","Root-Relative","//body/div/div/main/div/div[1]/section[6]/div/div/div[6]/img","Content","HTML","","800x600",""
"Image","https://www.mychef.ae/oyster-bar-dubai","https://www.mychef.ae/service-luxury-dining.webp","Yacht Catering Dubai","20","Root-Relative","//body/div/div/main/div/div[1]/section[8]/div/div/a[2]/div[1]/img","Content","HTML","","640x360",""
"Image","https://www.mychef.ae/christmas-catering-dubai","https://www.mychef.ae/service-luxury-dining.webp","Private Chef Dubai","18","Root-Relative","//body/div/div/main/div/div[1]/section[13]/div/div/a[3]/div[1]/img","Content","HTML","","",""
"Image","https://www.mychef.ae/mediterranean-catering-dubai","https://www.mychef.ae/service-luxury-dining.webp","Mediterranean luxury dining setup in Dubai","42","Root-Relative","//body/div/div/main/div/div[1]/section[6]/div/div/div[3]/img","Content","HTML","","",""
"Image","https://www.mychef.ae/mediterranean-catering-dubai","https://www.mychef.ae/service-luxury-dining.webp","Italian Catering","16","Root-Relative","//body/div/div/main/div/div[1]/section[9]/div/div/a[3]/div[1]/img","Content","HTML","","",""
"Image","https://www.mychef.ae/uae-national-day-catering-dubai","https://www.mychef.ae/service-luxury-dining.webp","Luxury private dining experience in Dubai","41","Root-Relative","//body/div/div/main/div/div[1]/section[6]/div/div/div[6]/img","Content","HTML","","800x600",""
"Image","https://www.mychef.ae/dessert-table-catering-dubai","https://www.mychef.ae/service-luxury-dining.webp","Luxury dining dessert service","29","Root-Relative","//body/div/div/main/div/div[1]/section[6]/div/div/div[6]/img","Content","HTML","","",""
"Image","https://www.mychef.ae/exhibition-catering-dubai","https://www.mychef.ae/service-luxury-dining.webp","VIP hospitality catering for exhibitions","40","Root-Relative","//body/div/div/main/div/div[1]/section[6]/div/div/div[5]/img","Content","HTML","","800x600",""
"Image","https://www.mychef.ae/engagement-catering-dubai","https://www.mychef.ae/service-luxury-dining.webp","Luxury Dining","13","Root-Relative","//body/div/div/main/div/div[1]/section[9]/div/div/a[3]/div[1]/img","Content","HTML","","",""
"Image","https://www.mychef.ae/date-night-package-dubai","https://www.mychef.ae/service-luxury-dining.webp","Luxury Dining Experiences","25","Root-Relative","//body/div/div/main/div/div[1]/section[5]/div/div[2]/a[2]/div[1]/img","Content","HTML","","640x360",""
"Image","https://www.mychef.ae/bachelorette-party-catering-dubai","https://www.mychef.ae/service-luxury-dining.webp","Luxury Dining","13","Root-Relative","//body/div/div/main/div/div[1]/section[9]/div/div/a[3]/div[1]/img","Content","HTML","","",""
"Image","https://www.mychef.ae/easter-catering-dubai","https://www.mychef.ae/service-luxury-dining.webp","Luxury private dining experience in Dubai","41","Root-Relative","//body/div/div/main/div/div[1]/section[6]/div/div/div[6]/img","Content","HTML","","800x600",""
"Image","https://www.mychef.ae/housewarming-catering-dubai","https://www.mychef.ae/service-luxury-dining.webp","Elegant private dining for a housewarming","41","Root-Relative","//body/div/div/main/div/div[1]/section[6]/div/div/div[6]/img","Content","HTML","","800x600",""
"Image","https://www.mychef.ae/new-year-catering-dubai","https://www.mychef.ae/service-luxury-dining.webp","Yacht Catering","14","Root-Relative","//body/div/div/main/div/div[1]/section[13]/div/div/a[2]/div[1]/img","Content","HTML","","",""
"Image","https://www.mychef.ae/luxury-dining-experiences","https://www.mychef.ae/images/luxury-dining-dubai-hero.webp","A specialist chef working closely with guests during a hands-on private session. Experience concept shown.","106","Root-Relative","//body/div/div/main/div/div/section[8]/div/div/div/figure/img","Content","HTML","","1200x800",""
"Image","https://www.mychef.ae/vip-club","https://www.mychef.ae/images/luxury-dining-dubai-hero.webp","Exclusive VIP private dining experience in Dubai","48","Root-Relative","//body/div/div/main/div/div[1]/section[6]/div/div/div[1]/img","Content","HTML","","",""
"Image","https://www.mychef.ae/vip-club","https://www.mychef.ae/images/luxury-dining-dubai-hero.webp","Luxury Dining Experiences","25","Root-Relative","//body/div/div/main/div/div[1]/section[9]/div/div/a[2]/div[1]/img","Content","HTML","","",""
"Image","https://www.mychef.ae/gallery","https://www.mychef.ae/images/luxury-dining-dubai-hero.webp","Luxury Dining Experience — luxury catering dubai","48","Root-Relative","//body/div/div/main/div/section[3]/div/div[2]/div[10]/div/img","Content","HTML","","",""
"Image","https://www.mychef.ae/vip-club?utm_source=mychef.ae&utm_medium=banner&utm_campaign=weekly-meal-prep-dubai","https://www.mychef.ae/images/luxury-dining-dubai-hero.webp","Exclusive VIP private dining experience in Dubai","48","Root-Relative","//body/div/div/main/div/div[1]/section[6]/div/div/div[1]/img","Content","HTML","","",""
"Image","https://www.mychef.ae/vip-club?utm_source=mychef.ae&utm_medium=banner&utm_campaign=weekly-meal-prep-dubai","https://www.mychef.ae/images/luxury-dining-dubai-hero.webp","Luxury Dining Experiences","25","Root-Relative","//body/div/div/main/div/div[1]/section[9]/div/div/a[2]/div[1]/img","Content","HTML","","",""
"Image","https://www.mychef.ae/partners/concierge-services-dubai","https://www.mychef.ae/images/luxury-dining-dubai-hero.webp","Concierge Services partnership with myCHEF Dubai","48","Root-Relative","//body/div/div/main/div/div/section[1]/div[1]/picture/img","Content","HTML","","1344x752",""
"Image","https://www.mychef.ae/chefs-table-dubai","https://www.mychef.ae/images/luxury-dining-dubai-hero.webp","Tasting Menu Dubai","18","Root-Relative","//body/div/div/main/div/div[1]/section[6]/div/div/a[3]/div[1]/img","Content","HTML","","",""
"Image","https://www.mychef.ae/vip-club?utm_source=mychef.ae&utm_medium=banner&utm_campaign=catering-packages-dubai","https://www.mychef.ae/images/luxury-dining-dubai-hero.webp","Exclusive VIP private dining experience in Dubai","48","Root-Relative","//body/div/div/main/div/div[1]/section[6]/div/div/div[1]/img","Content","HTML","","",""
"Image","https://www.mychef.ae/vip-club?utm_source=mychef.ae&utm_medium=banner&utm_campaign=catering-packages-dubai","https://www.mychef.ae/images/luxury-dining-dubai-hero.webp","Luxury Dining Experiences","25","Root-Relative","//body/div/div/main/div/div[1]/section[9]/div/div/a[2]/div[1]/img","Content","HTML","","",""
"Image","https://www.mychef.ae/vip-club?utm_source=mychef.ae&utm_medium=banner&utm_campaign=wellness-meal-prep-dubai","https://www.mychef.ae/images/luxury-dining-dubai-hero.webp","Exclusive VIP private dining experience in Dubai","48","Root-Relative","//body/div/div/main/div/div[1]/section[6]/div/div/div[1]/img","Content","HTML","","",""
"Image","https://www.mychef.ae/vip-club?utm_source=mychef.ae&utm_medium=banner&utm_campaign=wellness-meal-prep-dubai","https://www.mychef.ae/images/luxury-dining-dubai-hero.webp","Luxury Dining Experiences","25","Root-Relative","//body/div/div/main/div/div[1]/section[9]/div/div/a[2]/div[1]/img","Content","HTML","","",""
"Image","https://www.mychef.ae/influencer-partnerships","https://www.mychef.ae/images/luxury-dining-dubai-hero.webp","Partner With Us","15","Root-Relative","//body/div/div/main/div/div/section[6]/div/div/a[1]/div[1]/img","Content","HTML","","",""
"Image","https://www.mychef.ae/influencer-partnerships","https://www.mychef.ae/images/luxury-dining-dubai-hero.webp","Press & Media Kit","17","Root-Relative","//body/div/div/main/div/div/section[6]/div/div/a[2]/div[1]/img","Content","HTML","","",""
"Image","https://www.mychef.ae/founding-customer-offer","https://www.mychef.ae/images/luxury-dining-dubai-hero.webp","VIP Club","8","Root-Relative","//body/div/div/main/div/div/section[6]/div/div/a[2]/div[1]/img","Content","HTML","","",""
"Image","https://www.mychef.ae/mychef-membership","https://www.mychef.ae/images/luxury-dining-dubai-hero.webp","VIP Club","8","Root-Relative","//body/div/div/main/div/div/section[6]/div/div/a[2]/div[1]/img","Content","HTML","","",""
"Image","https://www.mychef.ae/luxury-dining-experiences","https://www.mychef.ae/images/tasting-menu-dubai-hero.webp","A chef presenting a course to seated guests at a private tasting menu dinner. Experience concept shown.","103","Root-Relative","//body/div/div/main/div/div/section[@id='experience-finder']/div/div[2]/a[2]/div[1]/img","Content","HTML","","1200x800",""
"Image","https://www.mychef.ae/luxury-dining-experiences","https://www.mychef.ae/images/tasting-menu-dubai-hero.webp","A chef placing a plated course in front of a seated guest during a private tasting menu. Experience concept shown.","114","Root-Relative","//body/div/div/main/div/div/section[6]/div/div/div/figure/img","Content","HTML","","1200x800",""
"Image","https://www.mychef.ae/tasting-menu-dubai","https://www.mychef.ae/images/tasting-menu-dubai-hero.webp","Private tasting menu experience in Dubai","40","Root-Relative","//body/div/div/main/div/div[1]/section[6]/div/div/div[1]/img","Content","HTML","","800x600",""
"Image","https://www.mychef.ae/mystery-dining-dubai","https://www.mychef.ae/images/tasting-menu-dubai-hero.webp","Tasting Menu Dubai","18","Root-Relative","//body/div/div/main/div/div[1]/section[6]/div/div/a[2]/div[1]/img","Content","HTML","","",""
"Image","https://www.mychef.ae/gallery","https://www.mychef.ae/testimonial-corporate.webp","Corporate Gala Dinner — luxury catering dubai","45","Root-Relative","//body/div/div/main/div/section[3]/div/div[2]/div[13]/div/img","Content","HTML","","",""
"Image","https://www.mychef.ae/blog","https://www.mychef.ae/images/blog/vegan-catering-dubai-guide-hero.webp","Plant Based Catering Dubai — What to Expect — experience concept shown","70","Root-Relative","//body/div/div/main/div/div/section[3]/div/div[2]/a[6]/div[1]/img","Content","HTML","","",""
"Image","https://www.mychef.ae/blog/topic/menus-dietary","https://www.mychef.ae/images/blog/vegan-catering-dubai-guide-hero.webp","Plant Based Catering Dubai — What to Expect","43","Root-Relative","//body/div/div/main/div/div/section[2]/div/div[2]/a[2]/div[1]/img","Content","HTML","","",""
"Image","https://www.mychef.ae/blog/how-far-ahead-book-caterer-dubai","https://www.mychef.ae/images/blog/vegan-catering-dubai-guide-hero.webp","Plant Based Catering Dubai — What to Expect","43","Root-Relative","//body/div/div/main/div/div/section[2]/div/div[2]/a[2]/div[1]/img","Content","HTML","","",""
"Image","https://www.mychef.ae/blog/brunch-at-home-dubai","https://www.mychef.ae/images/blog/vegan-catering-dubai-guide-hero.webp","Plant Based Catering Dubai — What to Expect","43","Root-Relative","//body/div/div/main/div/div/section[2]/div/div[2]/a[1]/div[1]/img","Content","HTML","","",""
"Image","https://www.mychef.ae/blog/vegan-catering-dubai-guide","https://www.mychef.ae/images/blog/vegan-catering-dubai-guide-hero.webp","Chef finishing a vegetable-forward plate with real produce on the island","72","Root-Relative","//body/div/div/main/div/div/article/div/figure/div/img","Content","HTML","","1920x1080",""
"Image","https://www.mychef.ae/blog/halal-private-dining-dubai-what-to-ask","https://www.mychef.ae/images/blog/vegan-catering-dubai-guide-hero.webp","Plant Based Catering Dubai — What to Expect","43","Root-Relative","//body/div/div/main/div/div[1]/article/div/section[12]/div/div[2]/a[2]/div[1]/img","Content","HTML","","",""
"Image","https://www.mychef.ae/blog/wedding-catering-cost-dubai","https://www.mychef.ae/images/blog/wedding-catering-cost-dubai-hero.webp","A coordinator reviewing an itemised wedding catering proposal at a villa table. Experience concept shown.","105","Root-Relative","//body/div/div/main/div/div/section[1]/div[1]/picture/img","Content","HTML","","1920x1280",""
"Image","https://www.mychef.ae/blog","https://www.mychef.ae/images/blog/wedding-catering-cost-dubai-hero.webp","Wedding Catering Cost Dubai: Planning Estimates for 2026 — experience concept shown","83","Root-Relative","//body/div/div/main/div/div/section[3]/div/div[2]/a[4]/div[1]/img","Content","HTML","","",""
"Image","https://www.mychef.ae/blog/best-private-chef-birthday-dinner-dubai","https://www.mychef.ae/images/blog/wedding-catering-cost-dubai-hero.webp","Wedding Catering Cost Dubai: Planning Estimates for 2026","56","Root-Relative","//body/div/div/main/div/div[1]/article/div/section[9]/div/div[2]/a[2]/div[1]/img","Content","HTML","","",""
"Image","https://www.mychef.ae/blog/topic/celebrations","https://www.mychef.ae/images/blog/wedding-catering-cost-dubai-hero.webp","Wedding Catering Cost Dubai: Planning Estimates for 2026","56","Root-Relative","//body/div/div/main/div/div/section[2]/div/div[2]/a[2]/div[1]/img","Content","HTML","","",""
"Image","https://www.mychef.ae/blog/nye-party-catering-dubai","https://www.mychef.ae/images/blog/wedding-catering-cost-dubai-hero.webp","Wedding Catering Cost Dubai: Planning Estimates for 2026","56","Root-Relative","//body/div/div/main/div/div/section[2]/div/div[2]/a[2]/div[1]/img","Content","HTML","","",""
"Image","https://www.mychef.ae/blog/dinner-party-menu-ideas-dubai","https://www.mychef.ae/images/blog/wedding-catering-cost-dubai-hero.webp","Wedding Catering Cost Dubai: Planning Estimates for 2026","56","Root-Relative","//body/div/div/main/div/div/section[2]/div/div[2]/a[1]/div[1]/img","Content","HTML","","",""
"Image","https://www.mychef.ae/blog/grazing-table-vs-buffet-dubai","https://www.mychef.ae/images/blog/wedding-catering-cost-dubai-hero.webp","Wedding Catering Cost Dubai: Planning Estimates for 2026","56","Root-Relative","//body/div/div/main/div/div/section[2]/div/div[2]/a[2]/div[1]/img","Content","HTML","","",""
"Image","https://www.mychef.ae/blog","https://www.mychef.ae/images/blog/desert-dinner-party-dubai-hero.webp","Desert Dinner Party Dubai: Get-Togethers & Dining in the Dunes — experience concept shown","89","Root-Relative","//body/div/div/main/div/div/section[3]/div/div[2]/a[13]/div[1]/img","Content","HTML","","",""
"Image","https://www.mychef.ae/blog/yacht-party-menu-ideas-dubai","https://www.mychef.ae/images/blog/desert-dinner-party-dubai-hero.webp","Desert Dinner Party Dubai: Get-Togethers & Dining in the Dunes","62","Root-Relative","//body/div/div/main/div/div[1]/article/div/section[10]/div/div[2]/a[1]/div[1]/img","Content","HTML","","",""
"Image","https://www.mychef.ae/blog/topic/outdoor","https://www.mychef.ae/images/blog/desert-dinner-party-dubai-hero.webp","Desert Dinner Party Dubai: Get-Togethers & Dining in the Dunes","62","Root-Relative","//body/div/div/main/div/div/section[2]/div/div[2]/a[1]/div[1]/img","Content","HTML","","",""
"Image","https://www.mychef.ae/blog/desert-dinner-party-dubai","https://www.mychef.ae/images/blog/desert-dinner-party-dubai-hero.webp","Guests walking a dune toward a small desert dining table at sunset","66","Root-Relative","//body/div/div/main/div/div/article/div/figure/div/img","Content","HTML","","1920x1080",""
"Image","https://www.mychef.ae/blog","https://www.mychef.ae/images/blog/best-private-chef-birthday-dinner-dubai-hero.webp","Best Private Chef Birthday Dinner in Dubai: Menu Ideas, Costs & How to Book — experience concept shown","102","Root-Relative","//body/div/div/main/div/div/section[3]/div/div[2]/a[19]/div[1]/img","Content","HTML","","",""
"Image","https://www.mychef.ae/blog/best-private-chef-birthday-dinner-dubai","https://www.mychef.ae/images/blog/best-private-chef-birthday-dinner-dubai-hero.webp","Private chef birthday dinner catering in Dubai","46","Root-Relative","//body/div/div/main/div/div[1]/section/div[1]/picture/img","Content","HTML","","1344x752",""
"Image","https://www.mychef.ae/blog/topic/celebrations","https://www.mychef.ae/images/blog/best-private-chef-birthday-dinner-dubai-hero.webp","Best Private Chef Birthday Dinner in Dubai: Menu Ideas, Costs & How to Book","75","Root-Relative","//body/div/div/main/div/div/section[2]/div/div[2]/a[5]/div[1]/img","Content","HTML","","",""
"Image","https://www.mychef.ae/gallery","https://www.mychef.ae/images/mediterranean-catering-dubai-hero.webp","Mediterranean Feast — private chef dubai","40","Root-Relative","//body/div/div/main/div/section[3]/div/div[2]/div[21]/div/img","Content","HTML","","",""
"Image","https://www.mychef.ae/private-party-catering-dubai","https://www.mychef.ae/service-events.webp","Private party catering in Dubai","31","Root-Relative","//body/div/div/main/div/div[1]/section[6]/div/div/div[1]/img","Content","HTML","","",""
"Image","https://www.mychef.ae/private-party-catering-dubai","https://www.mychef.ae/service-events.webp","Full service private party in Dubai","35","Root-Relative","//body/div/div/main/div/div[1]/section[6]/div/div/div[6]/img","Content","HTML","","",""
"Image","https://www.mychef.ae/private-party-catering-dubai","https://www.mychef.ae/service-events.webp","Party Catering","14","Root-Relative","//body/div/div/main/div/div[1]/section[9]/div/div/a[1]/div[1]/img","Content","HTML","","",""
"Image","https://www.mychef.ae/private-party-catering-dubai","https://www.mychef.ae/service-events.webp","Graduation Party Catering","25","Root-Relative","//body/div/div/main/div/div[1]/section[9]/div/div/a[8]/div[1]/img","Content","HTML","","",""
"Image","https://www.mychef.ae/private-party-catering-dubai","https://www.mychef.ae/service-events.webp","Farewell & Retirement Catering","30","Root-Relative","//body/div/div/main/div/div[1]/section[9]/div/div/a[9]/div[1]/img","Content","HTML","","",""
"Image","https://www.mychef.ae/private-party-catering-dubai","https://www.mychef.ae/service-events.webp","Reunion Catering","16","Root-Relative","//body/div/div/main/div/div[1]/section[9]/div/div/a[10]/div[1]/img","Content","HTML","","",""
"Image","https://www.mychef.ae/private-party-catering-dubai","https://www.mychef.ae/service-events.webp","Father's Day Catering","21","Root-Relative","//body/div/div/main/div/div[1]/section[9]/div/div/a[11]/div[1]/img","Content","HTML","","",""
"Image","https://www.mychef.ae/desert-dining-dubai","https://www.mychef.ae/service-events.webp","Desert event catering in Dubai","30","Root-Relative","//body/div/div/main/div/div[1]/section[6]/div/div/div[6]/img","Content","HTML","","800x600",""
"Image","https://www.mychef.ae/events","https://www.mychef.ae/service-events.webp","Birthday Catering","17","Root-Relative","//body/div/div/main/div/section[2]/div/div[2]/div[1]/div[1]/img","Content","HTML","","640x360",""
"Image","https://www.mychef.ae/events","https://www.mychef.ae/service-events.webp","Event catering Dubai 1","22","Root-Relative","//body/div/div/main/div/section[5]/div/div[2]/div[1]/img","Content","HTML","","800x600",""
"Image","https://www.mychef.ae/events","https://www.mychef.ae/service-events.webp","Private Party Catering","22","Root-Relative","//body/div/div/main/div/section[9]/div/div[2]/a[1]/div[1]/img","Content","HTML","","640x360",""
"Image","https://www.mychef.ae/events","https://www.mychef.ae/service-events.webp","Festive Catering","16","Root-Relative","//body/div/div/main/div/section[9]/div/div[2]/a[5]/div[1]/img","Content","HTML","","640x360",""
"Image","https://www.mychef.ae/villas-private-residences","https://www.mychef.ae/service-events.webp","Villa dining gallery 4","22","Root-Relative","//body/div/div/main/div/div[1]/section[7]/div/div[2]/div[4]/img","Content","HTML","","400x300",""
"Image","https://www.mychef.ae/yachts","https://www.mychef.ae/service-events.webp","Yacht dining gallery 5","22","Root-Relative","//body/div/div/main/div/div[1]/section[7]/div/div[2]/div[5]/img","Content","HTML","","400x300",""
"Image","https://www.mychef.ae/tasting-menu-dubai","https://www.mychef.ae/service-events.webp","Live Cooking Stations","21","Root-Relative","//body/div/div/main/div/div[1]/section[8]/div/div/a[2]/div[1]/img","Content","HTML","","640x360",""
"Image","https://www.mychef.ae/halal-private-dining-dubai","https://www.mychef.ae/service-events.webp","Live Cooking Stations","21","Root-Relative","//body/div/div/main/div/div[1]/section[8]/div/div/a[3]/div[1]/img","Content","HTML","","640x360",""
"Image","https://www.mychef.ae/drop-off-catering-dubai","https://www.mychef.ae/service-events.webp","Corporate Event Catering","24","Root-Relative","//body/div/div/main/div/div[1]/section[8]/div/div/a[2]/div[1]/img","Content","HTML","","640x360",""
"Image","https://www.mychef.ae/case-studies","https://www.mychef.ae/service-events.webp","Wedding Catering Dubai","22","Root-Relative","//body/div/div/main/div/div/section[8]/div/div/a[1]/div[1]/img","Content","HTML","","",""
"Image","https://www.mychef.ae/graduation-catering-dubai","https://www.mychef.ae/service-events.webp","Graduation party catering set-up in Dubai","41","Root-Relative","//body/div/div/main/div/div[1]/section[6]/div/div/div[1]/img","Content","HTML","","800x600",""
"Image","https://www.mychef.ae/graduation-catering-dubai","https://www.mychef.ae/service-events.webp","Party Catering Dubai","20","Root-Relative","//body/div/div/main/div/div[1]/section[8]/div/div/a[1]/div[1]/img","Content","HTML","","640x360",""
"Image","https://www.mychef.ae/sugar-free-catering-dubai","https://www.mychef.ae/service-events.webp","Keto Catering Dubai","19","Root-Relative","//body/div/div/main/div/div[1]/section[8]/div/div/a[2]/div[1]/img","Content","HTML","","640x360",""
"Image","https://www.mychef.ae/staff-meals-catering-dubai","https://www.mychef.ae/service-events.webp","Team meal catering for a large organisation","43","Root-Relative","//body/div/div/main/div/div[1]/section[6]/div/div/div[4]/img","Content","HTML","","",""
"Image","https://www.mychef.ae/farewell-catering-dubai","https://www.mychef.ae/service-events.webp","Farewell party catering set-up in Dubai","39","Root-Relative","//body/div/div/main/div/div[1]/section[6]/div/div/div[1]/img","Content","HTML","","800x600",""
"Image","https://www.mychef.ae/farewell-catering-dubai","https://www.mychef.ae/service-events.webp","Party Catering Dubai","20","Root-Relative","//body/div/div/main/div/div[1]/section[8]/div/div/a[2]/div[1]/img","Content","HTML","","640x360",""
"Image","https://www.mychef.ae/eid-catering-dubai","https://www.mychef.ae/service-events.webp","Eid celebration catering event in Dubai","39","Root-Relative","//body/div/div/main/div/div[1]/section[6]/div/div/div[1]/img","Content","HTML","","",""
"Image","https://www.mychef.ae/eid-catering-dubai","https://www.mychef.ae/service-events.webp","Ramadan Catering","16","Root-Relative","//body/div/div/main/div/div[1]/section[9]/div/div/a[1]/div[1]/img","Content","HTML","","",""
"Image","https://www.mychef.ae/conference-catering-dubai","https://www.mychef.ae/service-events.webp","Conference working lunch buffet","31","Root-Relative","//body/div/div/main/div/div[1]/section[6]/div/div/div[3]/img","Content","HTML","","",""
"Image","https://www.mychef.ae/conference-catering-dubai","https://www.mychef.ae/service-events.webp","Corporate Event Catering","24","Root-Relative","//body/div/div/main/div/div[1]/section[9]/div/div/a[1]/div[1]/img","Content","HTML","","",""
"Image","https://www.mychef.ae/pool-party-catering-dubai","https://www.mychef.ae/service-events.webp","Poolside catering in Dubai","26","Root-Relative","//body/div/div/main/div/div[1]/section[6]/div/div/div[6]/img","Content","HTML","","800x600",""
"Image","https://www.mychef.ae/afternoon-tea-catering-dubai","https://www.mychef.ae/service-events.webp","Afternoon tea event catering in Dubai","37","Root-Relative","//body/div/div/main/div/div[1]/section[6]/div/div/div[6]/img","Content","HTML","","800x600",""
"Image","https://www.mychef.ae/afternoon-tea-catering-dubai","https://www.mychef.ae/service-events.webp","Baby Shower Catering","20","Root-Relative","//body/div/div/main/div/div[1]/section[8]/div/div/a[4]/div[1]/img","Content","HTML","","640x360",""
"Image","https://www.mychef.ae/corporate-meal-prep-dubai","https://www.mychef.ae/service-events.webp","Workplace wellness catering delivery","36","Root-Relative","//body/div/div/main/div/div[1]/section[6]/div/div/div[5]/img","Content","HTML","","",""
"Image","https://www.mychef.ae/bar-services-dubai","https://www.mychef.ae/service-events.webp","Mobile bar setup for an event in Dubai","38","Root-Relative","//body/div/div/main/div/div[1]/section[7]/div/div/div[2]/img","Content","HTML","","",""
"Image","https://www.mychef.ae/bar-services-dubai","https://www.mychef.ae/service-events.webp","Mocktail Bar Catering","21","Root-Relative","//body/div/div/main/div/div[1]/section[10]/div/div/a[2]/div[1]/img","Content","HTML","","",""
"Image","https://www.mychef.ae/italian-catering-dubai","https://www.mychef.ae/service-events.webp","Italian event catering with live station","40","Root-Relative","//body/div/div/main/div/div[1]/section[6]/div/div/div[5]/img","Content","HTML","","",""
"Image","https://www.mychef.ae/italian-catering-dubai","https://www.mychef.ae/service-events.webp","Live Cooking Stations","21","Root-Relative","//body/div/div/main/div/div[1]/section[9]/div/div/a[2]/div[1]/img","Content","HTML","","",""
"Image","https://www.mychef.ae/production-catering-dubai","https://www.mychef.ae/service-events.webp","On-location catering setup for an event production","50","Root-Relative","//body/div/div/main/div/div[1]/section[6]/div/div/div[3]/img","Content","HTML","","",""
"Image","https://www.mychef.ae/birthday-catering-package-dubai","https://www.mychef.ae/service-events.webp","Birthday Catering Dubai","23","Root-Relative","//body/div/div/main/div/div[1]/section[5]/div/div[2]/a[1]/div[1]/img","Content","HTML","","640x360",""
"Image","https://www.mychef.ae/iftar-catering-dubai","https://www.mychef.ae/service-events.webp","Corporate Catering","18","Root-Relative","//body/div/div/main/div/div[1]/section[13]/div/div/a[2]/div[1]/img","Content","HTML","","",""
"Image","https://www.mychef.ae/valentines-day-catering-dubai","https://www.mychef.ae/service-events.webp","Intimate event catering for couples in Dubai","44","Root-Relative","//body/div/div/main/div/div[1]/section[6]/div/div/div[6]/img","Content","HTML","","800x600",""
"Image","https://www.mychef.ae/cocktail-party-catering-dubai","https://www.mychef.ae/service-events.webp","Event cocktail bar set-up","25","Root-Relative","//body/div/div/main/div/div[1]/section[6]/div/div/div[4]/img","Content","HTML","","",""
"Image","https://www.mychef.ae/arabic-catering-dubai","https://www.mychef.ae/service-events.webp","Arabic catering event setup in Dubai","36","Root-Relative","//body/div/div/main/div/div[1]/section[6]/div/div/div[3]/img","Content","HTML","","",""
"Image","https://www.mychef.ae/picnic-catering-dubai","https://www.mychef.ae/service-events.webp","Styled picnic catering set-up in Dubai","38","Root-Relative","//body/div/div/main/div/div[1]/section[6]/div/div/div[1]/img","Content","HTML","","800x600",""
"Image","https://www.mychef.ae/picnic-catering-dubai","https://www.mychef.ae/service-events.webp","Drop-Off Catering Dubai","23","Root-Relative","//body/div/div/main/div/div[1]/section[8]/div/div/a[2]/div[1]/img","Content","HTML","","640x360",""
"Image","https://www.mychef.ae/office-catering-dubai","https://www.mychef.ae/service-events.webp","Corporate team gathering catering","33","Root-Relative","//body/div/div/main/div/div[1]/section[6]/div/div/div[4]/img","Content","HTML","","",""
"Image","https://www.mychef.ae/mocktail-bar-catering-dubai","https://www.mychef.ae/service-events.webp","Event mocktail bar set-up","25","Root-Relative","//body/div/div/main/div/div[1]/section[6]/div/div/div[2]/img","Content","HTML","","",""
"Image","https://www.mychef.ae/mocktail-bar-catering-dubai","https://www.mychef.ae/service-events.webp","Iftar Catering","14","Root-Relative","//body/div/div/main/div/div[1]/section[9]/div/div/a[2]/div[1]/img","Content","HTML","","",""
"Image","https://www.mychef.ae/business-lunch-catering-dubai","https://www.mychef.ae/service-events.webp","Client meeting catering in Dubai","32","Root-Relative","//body/div/div/main/div/div[1]/section[6]/div/div/div[5]/img","Content","HTML","","",""
"Image","https://www.mychef.ae/business-lunch-catering-dubai","https://www.mychef.ae/service-events.webp","Conference Catering","19","Root-Relative","//body/div/div/main/div/div[1]/section[9]/div/div/a[2]/div[1]/img","Content","HTML","","",""
"Image","https://www.mychef.ae/holi-catering-dubai","https://www.mychef.ae/service-events.webp","Holi catering set-up in Dubai","29","Root-Relative","//body/div/div/main/div/div[1]/section[6]/div/div/div[1]/img","Content","HTML","","800x600",""
"Image","https://www.mychef.ae/holi-catering-dubai","https://www.mychef.ae/service-events.webp","Festive Catering Dubai","22","Root-Relative","//body/div/div/main/div/div[1]/section[8]/div/div/a[2]/div[1]/img","Content","HTML","","640x360",""
"Image","https://www.mychef.ae/reunion-catering-dubai","https://www.mychef.ae/service-events.webp","Reunion catering set-up in Dubai","32","Root-Relative","//body/div/div/main/div/div[1]/section[6]/div/div/div[1]/img","Content","HTML","","800x600",""
"Image","https://www.mychef.ae/reunion-catering-dubai","https://www.mychef.ae/service-events.webp","Party Catering Dubai","20","Root-Relative","//body/div/div/main/div/div[1]/section[8]/div/div/a[1]/div[1]/img","Content","HTML","","640x360",""
"Image","https://www.mychef.ae/vegetarian-catering-dubai","https://www.mychef.ae/service-events.webp","Vegetarian event catering in Dubai","34","Root-Relative","//body/div/div/main/div/div[1]/section[6]/div/div/div[5]/img","Content","HTML","","",""
"Image","https://www.mychef.ae/live-cooking-stations-dubai","https://www.mychef.ae/service-events.webp","Live cooking stations at a Dubai event","38","Root-Relative","//body/div/div/main/div/div[1]/section[6]/div/div/div[3]/img","Content","HTML","","",""
"Image","https://www.mychef.ae/live-cooking-stations-dubai","https://www.mychef.ae/service-events.webp","BBQ Catering","12","Root-Relative","//body/div/div/main/div/div[1]/section[9]/div/div/a[2]/div[1]/img","Content","HTML","","",""
"Image","https://www.mychef.ae/baby-shower-catering-dubai","https://www.mychef.ae/service-events.webp","Baby shower catering setup in Dubai","35","Root-Relative","//body/div/div/main/div/div[1]/section[6]/div/div/div[1]/img","Content","HTML","","",""
"Image","https://www.mychef.ae/baby-shower-catering-dubai","https://www.mychef.ae/service-events.webp","Elegant grazing table styling","29","Root-Relative","//body/div/div/main/div/div[1]/section[6]/div/div/div[6]/img","Content","HTML","","",""
"Image","https://www.mychef.ae/baby-shower-catering-dubai","https://www.mychef.ae/service-events.webp","Party Catering","14","Root-Relative","//body/div/div/main/div/div[1]/section[9]/div/div/a[1]/div[1]/img","Content","HTML","","",""
"Image","https://www.mychef.ae/finger-food-catering-dubai","https://www.mychef.ae/service-events.webp","Finger food at a Dubai event","28","Root-Relative","//body/div/div/main/div/div[1]/section[6]/div/div/div[4]/img","Content","HTML","","",""
"Image","https://www.mychef.ae/coffee-tea-service-dubai","https://www.mychef.ae/service-events.webp","Coffee and tea service set-up in Dubai","38","Root-Relative","//body/div/div/main/div/div[1]/section[6]/div/div/div[1]/img","Content","HTML","","800x600",""
"Image","https://www.mychef.ae/coffee-tea-service-dubai","https://www.mychef.ae/service-events.webp","Corporate Event Catering","24","Root-Relative","//body/div/div/main/div/div[1]/section[8]/div/div/a[2]/div[1]/img","Content","HTML","","640x360",""
"Image","https://www.mychef.ae/brunch-catering-dubai","https://www.mychef.ae/service-events.webp","Corporate Catering","18","Root-Relative","//body/div/div/main/div/div[1]/section[13]/div/div/a[3]/div[1]/img","Content","HTML","","",""
"Image","https://www.mychef.ae/breakfast-catering-dubai","https://www.mychef.ae/service-events.webp","Event breakfast buffet service","30","Root-Relative","//body/div/div/main/div/div[1]/section[6]/div/div/div[6]/img","Content","HTML","","800x600",""
"Image","https://www.mychef.ae/breakfast-catering-dubai","https://www.mychef.ae/service-events.webp","Brunch Catering Dubai","21","Root-Relative","//body/div/div/main/div/div[1]/section[8]/div/div/a[2]/div[1]/img","Content","HTML","","640x360",""
"Image","https://www.mychef.ae/ramadan-catering-dubai","https://www.mychef.ae/service-events.webp","Ramadan iftar catering event in Dubai","37","Root-Relative","//body/div/div/main/div/div[1]/section[7]/div/div/div[1]/img","Content","HTML","","",""
"Image","https://www.mychef.ae/ramadan-catering-dubai","https://www.mychef.ae/service-events.webp","Iftar Catering","14","Root-Relative","//body/div/div/main/div/div[1]/section[10]/div/div/a[1]/div[1]/img","Content","HTML","","",""
"Image","https://www.mychef.ae/buffet-catering-dubai","https://www.mychef.ae/service-events.webp","Buffet stations at a Dubai event","32","Root-Relative","//body/div/div/main/div/div[1]/section[6]/div/div/div[4]/img","Content","HTML","","",""
"Image","https://www.mychef.ae/buffet-catering-dubai","https://www.mychef.ae/service-events.webp","BBQ Catering","12","Root-Relative","//body/div/div/main/div/div[1]/section[9]/div/div/a[2]/div[1]/img","Content","HTML","","",""
"Image","https://www.mychef.ae/asian-catering-dubai","https://www.mychef.ae/service-events.webp","Asian catering event with live wok station","42","Root-Relative","//body/div/div/main/div/div[1]/section[6]/div/div/div[3]/img","Content","HTML","","",""
"Image","https://www.mychef.ae/vegan-catering-dubai","https://www.mychef.ae/service-events.webp","Plant-based event catering in Dubai","35","Root-Relative","//body/div/div/main/div/div[1]/section[6]/div/div/div[6]/img","Content","HTML","","",""
"Image","https://www.mychef.ae/fathers-day-catering-dubai","https://www.mychef.ae/service-events.webp","Father's Day catering set-up in Dubai","37","Root-Relative","//body/div/div/main/div/div[1]/section[6]/div/div/div[1]/img","Content","HTML","","800x600",""
"Image","https://www.mychef.ae/fathers-day-catering-dubai","https://www.mychef.ae/service-events.webp","Brunch Catering Dubai","21","Root-Relative","//body/div/div/main/div/div[1]/section[8]/div/div/a[2]/div[1]/img","Content","HTML","","640x360",""
"Image","https://www.mychef.ae/kids-birthday-catering-dubai","https://www.mychef.ae/service-events.webp","Children’s birthday catering in Dubai","37","Root-Relative","//body/div/div/main/div/div[1]/section[6]/div/div/div[6]/img","Content","HTML","","800x600",""
"Image","https://www.mychef.ae/halloween-catering-dubai","https://www.mychef.ae/service-events.webp","Event catering service in Dubai","31","Root-Relative","//body/div/div/main/div/div[1]/section[6]/div/div/div[5]/img","Content","HTML","","800x600",""
"Image","https://www.mychef.ae/halloween-catering-dubai","https://www.mychef.ae/service-events.webp","Private Party Catering","22","Root-Relative","//body/div/div/main/div/div[1]/section[8]/div/div/a[1]/div[1]/img","Content","HTML","","640x360",""
"Image","https://www.mychef.ae/keto-catering-dubai","https://www.mychef.ae/service-events.webp","Low-carb event catering in Dubai","32","Root-Relative","//body/div/div/main/div/div[1]/section[6]/div/div/div[6]/img","Content","HTML","","800x600",""
"Image","https://www.mychef.ae/keto-catering-dubai","https://www.mychef.ae/service-events.webp","BBQ Catering","12","Root-Relative","//body/div/div/main/div/div[1]/section[8]/div/div/a[3]/div[1]/img","Content","HTML","","640x360",""
"Image","https://www.mychef.ae/gala-dinner-catering-dubai","https://www.mychef.ae/service-events.webp","Formal event catering service in Dubai","38","Root-Relative","//body/div/div/main/div/div[1]/section[6]/div/div/div[6]/img","Content","HTML","","",""
"Image","https://www.mychef.ae/canape-catering-dubai","https://www.mychef.ae/service-events.webp","Canapé reception at a Dubai event","33","Root-Relative","//body/div/div/main/div/div[1]/section[6]/div/div/div[3]/img","Content","HTML","","",""
"Image","https://www.mychef.ae/mothers-day-catering-dubai","https://www.mychef.ae/service-events.webp","Family event catering in Dubai","30","Root-Relative","//body/div/div/main/div/div[1]/section[6]/div/div/div[6]/img","Content","HTML","","800x600",""
"Image","https://www.mychef.ae/bbq-catering-dubai","https://www.mychef.ae/service-events.webp","Luxury BBQ catering setup in Dubai","34","Root-Relative","//body/div/div/main/div/div[1]/section[6]/div/div/div[1]/img","Content","HTML","","",""
"Image","https://www.mychef.ae/bbq-catering-dubai","https://www.mychef.ae/service-events.webp","Buffet Catering","15","Root-Relative","//body/div/div/main/div/div[1]/section[9]/div/div/a[2]/div[1]/img","Content","HTML","","",""
"Image","https://www.mychef.ae/bbq-catering-dubai","https://www.mychef.ae/service-events.webp","Father's Day Catering","21","Root-Relative","//body/div/div/main/div/div[1]/section[9]/div/div/a[4]/div[1]/img","Content","HTML","","",""
"Image","https://www.mychef.ae/brand-activation-catering-dubai","https://www.mychef.ae/service-events.webp","Experiential brand activation catering in Dubai","47","Root-Relative","//body/div/div/main/div/div[1]/section[6]/div/div/div[1]/img","Content","HTML","","",""
"Image","https://www.mychef.ae/brand-activation-catering-dubai","https://www.mychef.ae/service-events.webp","Product Launch Catering","23","Root-Relative","//body/div/div/main/div/div[1]/section[9]/div/div/a[1]/div[1]/img","Content","HTML","","",""
"Image","https://www.mychef.ae/brand-activation-catering-dubai","https://www.mychef.ae/service-events.webp","Exhibition Catering Dubai","25","Root-Relative","//body/div/div/main/div/div[1]/section[9]/div/div/a[3]/div[1]/img","Content","HTML","","",""
"Image","https://www.mychef.ae/sushi-catering-dubai","https://www.mychef.ae/service-events.webp","Sushi catering at a Dubai event","31","Root-Relative","//body/div/div/main/div/div[1]/section[6]/div/div/div[5]/img","Content","HTML","","",""
"Image","https://www.mychef.ae/pescatarian-catering-dubai","https://www.mychef.ae/service-events.webp","Event catering service in Dubai","31","Root-Relative","//body/div/div/main/div/div[1]/section[6]/div/div/div[5]/img","Content","HTML","","800x600",""
"Image","https://www.mychef.ae/pescatarian-catering-dubai","https://www.mychef.ae/service-events.webp","Buffet Catering Dubai","21","Root-Relative","//body/div/div/main/div/div[1]/section[8]/div/div/a[3]/div[1]/img","Content","HTML","","640x360",""
"Image","https://www.mychef.ae/oyster-bar-dubai","https://www.mychef.ae/service-events.webp","Premium seafood station setup","29","Root-Relative","//body/div/div/main/div/div[1]/section[6]/div/div/div[4]/img","Content","HTML","","800x600",""
"Image","https://www.mychef.ae/oyster-bar-dubai","https://www.mychef.ae/service-events.webp","Gala Dinner Catering","20","Root-Relative","//body/div/div/main/div/div[1]/section[8]/div/div/a[3]/div[1]/img","Content","HTML","","640x360",""
"Image","https://www.mychef.ae/christmas-catering-dubai","https://www.mychef.ae/service-events.webp","Party Catering","14","Root-Relative","//body/div/div/main/div/div[1]/section[13]/div/div/a[1]/div[1]/img","Content","HTML","","",""
"Image","https://www.mychef.ae/grazing-table-dubai","https://www.mychef.ae/service-events.webp","Event grazing table styling","27","Root-Relative","//body/div/div/main/div/div[1]/section[6]/div/div/div[5]/img","Content","HTML","","",""
"Image","https://www.mychef.ae/chinese-new-year-catering-dubai","https://www.mychef.ae/service-events.webp","Chinese New Year catering set-up in Dubai","41","Root-Relative","//body/div/div/main/div/div[1]/section[6]/div/div/div[1]/img","Content","HTML","","800x600",""
"Image","https://www.mychef.ae/chinese-new-year-catering-dubai","https://www.mychef.ae/service-events.webp","Festive Catering Dubai","22","Root-Relative","//body/div/div/main/div/div[1]/section[8]/div/div/a[2]/div[1]/img","Content","HTML","","640x360",""
"Image","https://www.mychef.ae/mediterranean-catering-dubai","https://www.mychef.ae/service-events.webp","Mediterranean event catering in Dubai","37","Root-Relative","//body/div/div/main/div/div[1]/section[6]/div/div/div[5]/img","Content","HTML","","",""
"Image","https://www.mychef.ae/uae-national-day-catering-dubai","https://www.mychef.ae/service-events.webp","Event catering service in Dubai","31","Root-Relative","//body/div/div/main/div/div[1]/section[6]/div/div/div[5]/img","Content","HTML","","800x600",""
"Image","https://www.mychef.ae/uae-national-day-catering-dubai","https://www.mychef.ae/service-events.webp","Live Cooking Station Dubai","26","Root-Relative","//body/div/div/main/div/div[1]/section[8]/div/div/a[3]/div[1]/img","Content","HTML","","640x360",""
"Image","https://www.mychef.ae/bachelor-party-catering-dubai","https://www.mychef.ae/service-events.webp","Bachelor party event catering in Dubai","38","Root-Relative","//body/div/div/main/div/div[1]/section[6]/div/div/div[1]/img","Content","HTML","","",""
"Image","https://www.mychef.ae/dessert-table-catering-dubai","https://www.mychef.ae/service-events.webp","Event dessert station set-up","28","Root-Relative","//body/div/div/main/div/div[1]/section[6]/div/div/div[2]/img","Content","HTML","","",""
"Image","https://www.mychef.ae/dessert-table-catering-dubai","https://www.mychef.ae/service-events.webp","Wedding Catering","16","Root-Relative","//body/div/div/main/div/div[1]/section[9]/div/div/a[1]/div[1]/img","Content","HTML","","",""
"Image","https://www.mychef.ae/exhibition-catering-dubai","https://www.mychef.ae/service-events.webp","Exhibition catering at a Dubai trade show","41","Root-Relative","//body/div/div/main/div/div[1]/section[6]/div/div/div[1]/img","Content","HTML","","800x600",""
"Image","https://www.mychef.ae/exhibition-catering-dubai","https://www.mychef.ae/service-events.webp","Corporate Event Catering","24","Root-Relative","//body/div/div/main/div/div[1]/section[8]/div/div/a[1]/div[1]/img","Content","HTML","","640x360",""
"Image","https://www.mychef.ae/engagement-catering-dubai","https://www.mychef.ae/service-events.webp","Wedding Catering","16","Root-Relative","//body/div/div/main/div/div[1]/section[9]/div/div/a[2]/div[1]/img","Content","HTML","","",""
"Image","https://www.mychef.ae/party-catering-dubai","https://www.mychef.ae/service-events.webp","Luxury party catering setup in Dubai","36","Root-Relative","//body/div/div/main/div/div[1]/section[6]/div/div/div[1]/img","Content","HTML","","",""
"Image","https://www.mychef.ae/party-catering-dubai","https://www.mychef.ae/service-events.webp","Birthday Catering","17","Root-Relative","//body/div/div/main/div/div[1]/section[9]/div/div/a[1]/div[1]/img","Content","HTML","","",""
"Image","https://www.mychef.ae/party-catering-dubai","https://www.mychef.ae/service-events.webp","Graduation Party Catering","25","Root-Relative","//body/div/div/main/div/div[1]/section[9]/div/div/a[5]/div[1]/img","Content","HTML","","",""
"Image","https://www.mychef.ae/party-catering-dubai","https://www.mychef.ae/service-events.webp","Farewell & Retirement Catering","30","Root-Relative","//body/div/div/main/div/div[1]/section[9]/div/div/a[6]/div[1]/img","Content","HTML","","",""
"Image","https://www.mychef.ae/party-catering-dubai","https://www.mychef.ae/service-events.webp","Reunion Catering","16","Root-Relative","//body/div/div/main/div/div[1]/section[9]/div/div/a[7]/div[1]/img","Content","HTML","","",""
"Image","https://www.mychef.ae/party-catering-dubai","https://www.mychef.ae/service-events.webp","Father's Day Catering","21","Root-Relative","//body/div/div/main/div/div[1]/section[9]/div/div/a[8]/div[1]/img","Content","HTML","","",""
"Image","https://www.mychef.ae/beach-catering-dubai","https://www.mychef.ae/service-events.webp","Beach event catering in Dubai","29","Root-Relative","//body/div/div/main/div/div[1]/section[6]/div/div/div[6]/img","Content","HTML","","800x600",""
"Image","https://www.mychef.ae/beach-catering-dubai","https://www.mychef.ae/service-events.webp","Event Catering","14","Root-Relative","//body/div/div/main/div/div[1]/section[8]/div/div/a[3]/div[1]/img","Content","HTML","","640x360",""
"Image","https://www.mychef.ae/bachelorette-party-catering-dubai","https://www.mychef.ae/service-events.webp","Bachelorette party event catering in Dubai","42","Root-Relative","//body/div/div/main/div/div[1]/section[6]/div/div/div[1]/img","Content","HTML","","",""
"Image","https://www.mychef.ae/dessert-cart-dubai","https://www.mychef.ae/service-events.webp","Styled dessert cart for weddings and parties","44","Root-Relative","//body/div/div/main/div/div[1]/section[6]/div/div/div[2]/img","Content","HTML","","800x600",""
"Image","https://www.mychef.ae/dessert-cart-dubai","https://www.mychef.ae/service-events.webp","Wedding Catering Dubai","22","Root-Relative","//body/div/div/main/div/div[1]/section[8]/div/div/a[3]/div[1]/img","Content","HTML","","640x360",""
"Image","https://www.mychef.ae/shawarma-station-dubai","https://www.mychef.ae/service-events.webp","Live cooking station setup in Dubai","35","Root-Relative","//body/div/div/main/div/div[1]/section[6]/div/div/div[4]/img","Content","HTML","","800x600",""
"Image","https://www.mychef.ae/shawarma-station-dubai","https://www.mychef.ae/service-events.webp","Live Cooking Stations","21","Root-Relative","//body/div/div/main/div/div[1]/section[8]/div/div/a[2]/div[1]/img","Content","HTML","","640x360",""
"Image","https://www.mychef.ae/diwali-catering-dubai","https://www.mychef.ae/service-events.webp","Diwali celebration catering event in Dubai","42","Root-Relative","//body/div/div/main/div/div[1]/section[6]/div/div/div[3]/img","Content","HTML","","",""
"Image","https://www.mychef.ae/diwali-catering-dubai","https://www.mychef.ae/service-events.webp","Live Cooking Stations","21","Root-Relative","//body/div/div/main/div/div[1]/section[9]/div/div/a[3]/div[1]/img","Content","HTML","","",""
"Image","https://www.mychef.ae/easter-catering-dubai","https://www.mychef.ae/service-events.webp","Event catering service in Dubai","31","Root-Relative","//body/div/div/main/div/div[1]/section[6]/div/div/div[5]/img","Content","HTML","","800x600",""
"Image","https://www.mychef.ae/easter-catering-dubai","https://www.mychef.ae/service-events.webp","Private Party Catering","22","Root-Relative","//body/div/div/main/div/div[1]/section[8]/div/div/a[2]/div[1]/img","Content","HTML","","640x360",""
"Image","https://www.mychef.ae/suhoor-catering-dubai","https://www.mychef.ae/service-events.webp","Late-night suhoor catering event in Dubai","41","Root-Relative","//body/div/div/main/div/div[1]/section[6]/div/div/div[2]/img","Content","HTML","","",""
"Image","https://www.mychef.ae/suhoor-catering-dubai","https://www.mychef.ae/service-events.webp","Ramadan Catering","16","Root-Relative","//body/div/div/main/div/div[1]/section[9]/div/div/a[1]/div[1]/img","Content","HTML","","",""
"Image","https://www.mychef.ae/indian-catering-dubai","https://www.mychef.ae/service-events.webp","Indian wedding catering event","29","Root-Relative","//body/div/div/main/div/div[1]/section[6]/div/div/div[5]/img","Content","HTML","","",""
"Image","https://www.mychef.ae/indian-catering-dubai","https://www.mychef.ae/service-events.webp","Arabic Catering","15","Root-Relative","//body/div/div/main/div/div[1]/section[9]/div/div/a[2]/div[1]/img","Content","HTML","","",""
"Image","https://www.mychef.ae/dairy-free-catering-dubai","https://www.mychef.ae/service-events.webp","Dairy-free event catering in Dubai","34","Root-Relative","//body/div/div/main/div/div[1]/section[6]/div/div/div[6]/img","Content","HTML","","800x600",""
"Image","https://www.mychef.ae/family-feast-package-dubai","https://www.mychef.ae/service-events.webp","Catering Dubai","14","Root-Relative","//body/div/div/main/div/div[1]/section[5]/div/div[2]/a[1]/div[1]/img","Content","HTML","","640x360",""
"Image","https://www.mychef.ae/halal-catering-dubai","https://www.mychef.ae/service-events.webp","Halal catering at a Dubai event","31","Root-Relative","//body/div/div/main/div/div[1]/section[6]/div/div/div[3]/img","Content","HTML","","",""
"Image","https://www.mychef.ae/jain-catering-dubai","https://www.mychef.ae/service-events.webp","Jain event catering in Dubai","28","Root-Relative","//body/div/div/main/div/div[1]/section[6]/div/div/div[6]/img","Content","HTML","","800x600",""
"Image","https://www.mychef.ae/jain-catering-dubai","https://www.mychef.ae/service-events.webp","Wedding Catering","16","Root-Relative","//body/div/div/main/div/div[1]/section[8]/div/div/a[3]/div[1]/img","Content","HTML","","640x360",""
"Image","https://www.mychef.ae/healthy-catering-dubai","https://www.mychef.ae/service-events.webp","Healthy event catering in Dubai","31","Root-Relative","//body/div/div/main/div/div[1]/section[6]/div/div/div[6]/img","Content","HTML","","",""
"Image","https://www.mychef.ae/housewarming-catering-dubai","https://www.mychef.ae/service-events.webp","Housewarming event catering setup","33","Root-Relative","//body/div/div/main/div/div[1]/section[6]/div/div/div[4]/img","Content","HTML","","800x600",""
"Image","https://www.mychef.ae/housewarming-catering-dubai","https://www.mychef.ae/service-events.webp","Graduation Party Catering","25","Root-Relative","//body/div/div/main/div/div[1]/section[8]/div/div/a[4]/div[1]/img","Content","HTML","","640x360",""
"Image","https://www.mychef.ae/housewarming-catering-dubai","https://www.mychef.ae/service-events.webp","Reunion Catering","16","Root-Relative","//body/div/div/main/div/div[1]/section[8]/div/div/a[5]/div[1]/img","Content","HTML","","640x360",""
"Image","https://www.mychef.ae/gluten-free-catering-dubai","https://www.mychef.ae/service-events.webp","Gluten-free event catering in Dubai","35","Root-Relative","//body/div/div/main/div/div[1]/section[6]/div/div/div[6]/img","Content","HTML","","800x600",""
"Image","https://www.mychef.ae/gluten-free-catering-dubai","https://www.mychef.ae/service-events.webp","Buffet Catering","15","Root-Relative","//body/div/div/main/div/div[1]/section[8]/div/div/a[5]/div[1]/img","Content","HTML","","640x360",""
"Image","https://www.mychef.ae/new-year-catering-dubai","https://www.mychef.ae/service-events.webp","Party Catering","14","Root-Relative","//body/div/div/main/div/div[1]/section[13]/div/div/a[1]/div[1]/img","Content","HTML","","",""
"Image","https://www.mychef.ae/film-crew-catering-dubai","https://www.mychef.ae/service-events.webp","Location catering setup for a production unit","45","Root-Relative","//body/div/div/main/div/div[1]/section[6]/div/div/div[3]/img","Content","HTML","","",""
"Image","https://www.mychef.ae/nut-free-catering-dubai","https://www.mychef.ae/service-events.webp","Nut-free event catering in Dubai","32","Root-Relative","//body/div/div/main/div/div[1]/section[6]/div/div/div[6]/img","Content","HTML","","800x600",""
"Image","https://www.mychef.ae/nut-free-catering-dubai","https://www.mychef.ae/service-events.webp","Healthy Catering","16","Root-Relative","//body/div/div/main/div/div[1]/section[8]/div/div/a[2]/div[1]/img","Content","HTML","","640x360",""
"Image","https://www.mychef.ae/luxury-dining-experiences","https://www.mychef.ae/images/romantic-dinner-dubai-hero.webp","A couple dining privately by candlelight at a table set for two in a Dubai villa. Experience concept shown.","107","Root-Relative","//body/div/div/main/div/div/section[@id='experience-finder']/div/div[2]/a[1]/div[1]/img","Content","HTML","","1200x620",""
"Image","https://www.mychef.ae/luxury-dining-experiences","https://www.mychef.ae/images/romantic-dinner-dubai-hero.webp","A couple at a candlelit private dinner table in a Dubai residence. Experience concept shown.","92","Root-Relative","//body/div/div/main/div/div/section[5]/div/div/div/figure/img","Content","HTML","","1200x800",""
"Image","https://www.mychef.ae/gift-cards","https://www.mychef.ae/images/romantic-dinner-dubai-hero.webp","Romantic Dinner Dubai","21","Root-Relative","//body/div/div/main/div/div[1]/section[10]/div/div/a[2]/div[1]/img","Content","HTML","","",""
"Image","https://www.mychef.ae/romantic-dinner-dubai","https://www.mychef.ae/images/romantic-dinner-dubai-hero.webp","Romantic dinner","15","Root-Relative","//body/div/div/main/div/div[1]/section[1]/div[1]/img","Content","HTML","","1344x752",""
"Image","https://www.mychef.ae/case-studies","https://www.mychef.ae/images/romantic-dinner-dubai-hero.webp","Intimate Anniversary Dinner, Palm Jumeirah","42","Root-Relative","//body/div/div/main/div/div/section[3]/div/div[2]/a[4]/div[1]/img","Content","HTML","","",""
"Image","https://www.mychef.ae/gallery","https://www.mychef.ae/images/romantic-dinner-dubai-hero.webp","Romantic Dinner Setup — luxury catering dubai","45","Root-Relative","//body/div/div/main/div/section[3]/div/div[2]/div[3]/div/img","Content","HTML","","",""
"Image","https://www.mychef.ae/mystery-dining-dubai","https://www.mychef.ae/images/romantic-dinner-dubai-hero.webp","Romantic Dinner Dubai","21","Root-Relative","//body/div/div/main/div/div[1]/section[6]/div/div/a[1]/div[1]/img","Content","HTML","","",""
"Image","https://www.mychef.ae/valentines-day-catering-dubai","https://www.mychef.ae/images/romantic-dinner-dubai-hero.webp","Romantic Dinner Dubai","21","Root-Relative","//body/div/div/main/div/div[1]/section[8]/div/div/a[1]/div[1]/img","Content","HTML","","640x360",""
"Image","https://www.mychef.ae/apartment-private-dining-dubai","https://www.mychef.ae/images/romantic-dinner-dubai-hero.webp","Romantic Dinner Dubai","21","Root-Relative","//body/div/div/main/div/div[1]/section[6]/div/div/a[1]/div[1]/img","Content","HTML","","",""
"Image","https://www.mychef.ae/proposal-dinner-dubai","https://www.mychef.ae/images/romantic-dinner-dubai-hero.webp","Romantic Dinner Dubai","21","Root-Relative","//body/div/div/main/div/div[1]/section[6]/div/div/a[1]/div[1]/img","Content","HTML","","",""
"Image","https://www.mychef.ae/date-night-package-dubai","https://www.mychef.ae/images/romantic-dinner-dubai-hero.webp","Date Night package in Dubai","27","Root-Relative","//body/div/div/main/div/div[1]/section[1]/div[1]/picture/img","Content","HTML","","1344x752",""
"Image","https://www.mychef.ae/blog","https://www.mychef.ae/images/blog/how-far-ahead-book-caterer-dubai-hero.webp","How Far Ahead to Book a Caterer Dubai: 2026 Timeline Guide — experience concept shown","85","Root-Relative","//body/div/div/main/div/div/section[3]/div/div[2]/a[12]/div[1]/img","Content","HTML","","",""
"Image","https://www.mychef.ae/blog/topic/menus-dietary","https://www.mychef.ae/images/blog/how-far-ahead-book-caterer-dubai-hero.webp","How Far Ahead to Book a Caterer Dubai: 2026 Timeline Guide","58","Root-Relative","//body/div/div/main/div/div/section[2]/div/div[2]/a[3]/div[1]/img","Content","HTML","","",""
"Image","https://www.mychef.ae/blog/how-far-ahead-book-caterer-dubai","https://www.mychef.ae/images/blog/how-far-ahead-book-caterer-dubai-hero.webp","Chef and coordinator writing an unreadable schedule at a kitchen table","70","Root-Relative","//body/div/div/main/div/div/article/div/figure/div/img","Content","HTML","","1920x1080",""
"Image","https://www.mychef.ae/blog/brunch-at-home-dubai","https://www.mychef.ae/images/blog/how-far-ahead-book-caterer-dubai-hero.webp","How Far Ahead to Book a Caterer Dubai: 2026 Timeline Guide","58","Root-Relative","//body/div/div/main/div/div/section[2]/div/div[2]/a[2]/div[1]/img","Content","HTML","","",""
"Image","https://www.mychef.ae/blog/vegan-catering-dubai-guide","https://www.mychef.ae/images/blog/how-far-ahead-book-caterer-dubai-hero.webp","How Far Ahead to Book a Caterer Dubai: 2026 Timeline Guide","58","Root-Relative","//body/div/div/main/div/div/section[2]/div/div[2]/a[2]/div[1]/img","Content","HTML","","",""
"Image","https://www.mychef.ae/blog/halal-private-dining-dubai-what-to-ask","https://www.mychef.ae/images/blog/how-far-ahead-book-caterer-dubai-hero.webp","How Far Ahead to Book a Caterer Dubai: 2026 Timeline Guide","58","Root-Relative","//body/div/div/main/div/div[1]/article/div/section[12]/div/div[2]/a[3]/div[1]/img","Content","HTML","","",""
"Image","https://www.mychef.ae/desert-dining-dubai","https://www.mychef.ae/images/arabic-catering-dubai-hero.webp","Arabic Catering","15","Root-Relative","//body/div/div/main/div/div[1]/section[8]/div/div/a[1]/div[1]/img","Content","HTML","","640x360",""
"Image","https://www.mychef.ae/case-studies","https://www.mychef.ae/images/arabic-catering-dubai-hero.webp","Family Eid Gathering, Arabian Ranches","37","Root-Relative","//body/div/div/main/div/div/section[3]/div/div[2]/a[6]/div[1]/img","Content","HTML","","",""
"Image","https://www.mychef.ae/our-chefs","https://www.mychef.ae/images/arabic-catering-dubai-hero.webp","Layla Hassan","12","Root-Relative","//body/div/div/main/div/section[3]/div/div[2]/div[4]/div[@class='lg:order-2']/div/img","Content","HTML","","",""
"Image","https://www.mychef.ae/gallery","https://www.mychef.ae/images/arabic-catering-dubai-hero.webp","Arabic Cuisine Spread — private chef dubai","42","Root-Relative","//body/div/div/main/div/section[3]/div/div[2]/div[22]/div/img","Content","HTML","","",""
"Image","https://www.mychef.ae/arabic-catering-dubai","https://www.mychef.ae/images/arabic-catering-dubai-hero.webp","Live Shawarma & Kebab Station","29","Root-Relative","//body/div/div/main/div/div[1]/section[9]/div/div/a[4]/div[1]/img","Content","HTML","","",""
"Image","https://www.mychef.ae/live-cooking-stations-dubai","https://www.mychef.ae/images/arabic-catering-dubai-hero.webp","Live Shawarma & Kebab Station","29","Root-Relative","//body/div/div/main/div/div[1]/section[9]/div/div/a[4]/div[1]/img","Content","HTML","","",""
"Image","https://www.mychef.ae/shawarma-station-dubai","https://www.mychef.ae/images/arabic-catering-dubai-hero.webp","Live shawarma station at a Dubai event","38","Root-Relative","//body/div/div/main/div/div[1]/section[6]/div/div/div[1]/img","Content","HTML","","800x600",""
"Image","https://www.mychef.ae/shawarma-station-dubai","https://www.mychef.ae/images/arabic-catering-dubai-hero.webp","Arabic Catering Dubai","21","Root-Relative","//body/div/div/main/div/div[1]/section[8]/div/div/a[1]/div[1]/img","Content","HTML","","640x360",""
"Image","https://www.mychef.ae/desert-dining-dubai","https://www.mychef.ae/service-catering.webp","Desert dining set-up in Dubai","29","Root-Relative","//body/div/div/main/div/div[1]/section[6]/div/div/div[4]/img","Content","HTML","","800x600",""
"Image","https://www.mychef.ae/events","https://www.mychef.ae/service-catering.webp","Cocktail Receptions","19","Root-Relative","//body/div/div/main/div/section[2]/div/div[2]/div[6]/div[1]/img","Content","HTML","","640x360",""
"Image","https://www.mychef.ae/events","https://www.mychef.ae/service-catering.webp","Event catering Dubai 2","22","Root-Relative","//body/div/div/main/div/section[5]/div/div[2]/div[2]/img","Content","HTML","","800x600",""
"Image","https://www.mychef.ae/events","https://www.mychef.ae/service-catering.webp","Anniversary Catering","20","Root-Relative","//body/div/div/main/div/section[9]/div/div[2]/a[3]/div[1]/img","Content","HTML","","640x360",""
"Image","https://www.mychef.ae/graduation-catering-dubai","https://www.mychef.ae/service-catering.webp","Graduation catering service in Dubai","36","Root-Relative","//body/div/div/main/div/div[1]/section[6]/div/div/div[6]/img","Content","HTML","","800x600",""
"Image","https://www.mychef.ae/sugar-free-catering-dubai","https://www.mychef.ae/service-catering.webp","Healthy Catering Dubai","22","Root-Relative","//body/div/div/main/div/div[1]/section[8]/div/div/a[1]/div[1]/img","Content","HTML","","640x360",""
"Image","https://www.mychef.ae/staff-meals-catering-dubai","https://www.mychef.ae/service-catering.webp","Staff canteen buffet service styling","36","Root-Relative","//body/div/div/main/div/div[1]/section[6]/div/div/div[3]/img","Content","HTML","","",""
"Image","https://www.mychef.ae/eid-catering-dubai","https://www.mychef.ae/service-catering.webp","Eid feast buffet catering spread","32","Root-Relative","//body/div/div/main/div/div[1]/section[6]/div/div/div[5]/img","Content","HTML","","",""
"Image","https://www.mychef.ae/conference-catering-dubai","https://www.mychef.ae/service-catering.webp","Multi-day conference refreshment station","40","Root-Relative","//body/div/div/main/div/div[1]/section[6]/div/div/div[4]/img","Content","HTML","","",""
"Image","https://www.mychef.ae/pool-party-catering-dubai","https://www.mychef.ae/service-catering.webp","Pool party catering set-up at a Dubai villa","43","Root-Relative","//body/div/div/main/div/div[1]/section[6]/div/div/div[4]/img","Content","HTML","","800x600",""
"Image","https://www.mychef.ae/afternoon-tea-catering-dubai","https://www.mychef.ae/service-catering.webp","Afternoon tea catering set-up at a Dubai event","46","Root-Relative","//body/div/div/main/div/div[1]/section[6]/div/div/div[4]/img","Content","HTML","","800x600",""
"Image","https://www.mychef.ae/corporate-meal-prep-dubai","https://www.mychef.ae/service-catering.webp","Office meal prep catering spread in Dubai","41","Root-Relative","//body/div/div/main/div/div[1]/section[6]/div/div/div[4]/img","Content","HTML","","",""
"Image","https://www.mychef.ae/anniversary-catering-dubai","https://www.mychef.ae/service-catering.webp","Catering Dubai","14","Root-Relative","//body/div/div/main/div/div[1]/section[9]/div/div/a[1]/div[1]/img","Content","HTML","","",""
"Image","https://www.mychef.ae/italian-catering-dubai","https://www.mychef.ae/service-catering.webp","Italian catering buffet setup in Dubai","38","Root-Relative","//body/div/div/main/div/div[1]/section[6]/div/div/div[3]/img","Content","HTML","","",""
"Image","https://www.mychef.ae/italian-catering-dubai","https://www.mychef.ae/service-catering.webp","Luxury Catering Dubai","21","Root-Relative","//body/div/div/main/div/div[1]/section[9]/div/div/a[1]/div[1]/img","Content","HTML","","",""
"Image","https://www.mychef.ae/production-catering-dubai","https://www.mychef.ae/service-catering.webp","Production catering buffet on a Dubai shoot","43","Root-Relative","//body/div/div/main/div/div[1]/section[6]/div/div/div[1]/img","Content","HTML","","",""
"Image","https://www.mychef.ae/production-catering-dubai","https://www.mychef.ae/service-catering.webp","Film Crew Catering","18","Root-Relative","//body/div/div/main/div/div[1]/section[9]/div/div/a[1]/div[1]/img","Content","HTML","","",""
"Image","https://www.mychef.ae/iftar-catering-dubai","https://www.mychef.ae/service-catering.webp","Private Chef Dubai","18","Root-Relative","//body/div/div/main/div/div[1]/section[13]/div/div/a[1]/div[1]/img","Content","HTML","","",""
"Image","https://www.mychef.ae/arabic-catering-dubai","https://www.mychef.ae/service-catering.webp","Luxury Catering Dubai","21","Root-Relative","//body/div/div/main/div/div[1]/section[9]/div/div/a[1]/div[1]/img","Content","HTML","","",""
"Image","https://www.mychef.ae/office-catering-dubai","https://www.mychef.ae/service-catering.webp","Daily office lunch buffet styling in Dubai","42","Root-Relative","//body/div/div/main/div/div[1]/section[6]/div/div/div[3]/img","Content","HTML","","",""
"Image","https://www.mychef.ae/business-lunch-catering-dubai","https://www.mychef.ae/service-catering.webp","Working lunch buffet styling for a meeting","42","Root-Relative","//body/div/div/main/div/div[1]/section[6]/div/div/div[4]/img","Content","HTML","","",""
"Image","https://www.mychef.ae/reunion-catering-dubai","https://www.mychef.ae/service-catering.webp","Family reunion catering service in Dubai","40","Root-Relative","//body/div/div/main/div/div[1]/section[6]/div/div/div[6]/img","Content","HTML","","800x600",""
"Image","https://www.mychef.ae/vegetarian-catering-dubai","https://www.mychef.ae/service-catering.webp","Vegetarian catering set-up at a Dubai event","43","Root-Relative","//body/div/div/main/div/div[1]/section[6]/div/div/div[3]/img","Content","HTML","","",""
"Image","https://www.mychef.ae/vegetarian-catering-dubai","https://www.mychef.ae/service-catering.webp","Healthy Catering","16","Root-Relative","//body/div/div/main/div/div[1]/section[9]/div/div/a[3]/div[1]/img","Content","HTML","","",""
"Image","https://www.mychef.ae/live-cooking-stations-dubai","https://www.mychef.ae/service-catering.webp","Interactive station catering setup","34","Root-Relative","//body/div/div/main/div/div[1]/section[6]/div/div/div[6]/img","Content","HTML","","",""
"Image","https://www.mychef.ae/live-cooking-stations-dubai","https://www.mychef.ae/service-catering.webp","Catering Dubai","14","Root-Relative","//body/div/div/main/div/div[1]/section[9]/div/div/a[1]/div[1]/img","Content","HTML","","",""
"Image","https://www.mychef.ae/finger-food-catering-dubai","https://www.mychef.ae/service-catering.webp","Buffet-style finger food spread","31","Root-Relative","//body/div/div/main/div/div[1]/section[6]/div/div/div[6]/img","Content","HTML","","",""
"Image","https://www.mychef.ae/finger-food-catering-dubai","https://www.mychef.ae/service-catering.webp","Catering Dubai","14","Root-Relative","//body/div/div/main/div/div[1]/section[9]/div/div/a[1]/div[1]/img","Content","HTML","","",""
"Image","https://www.mychef.ae/brunch-catering-dubai","https://www.mychef.ae/service-catering.webp","Private Chef Dubai","18","Root-Relative","//body/div/div/main/div/div[1]/section[13]/div/div/a[2]/div[1]/img","Content","HTML","","",""
"Image","https://www.mychef.ae/fodmap-catering-dubai","https://www.mychef.ae/service-catering.webp","Healthy Catering Dubai","22","Root-Relative","//body/div/div/main/div/div[1]/section[8]/div/div/a[1]/div[1]/img","Content","HTML","","640x360",""
"Image","https://www.mychef.ae/breakfast-catering-dubai","https://www.mychef.ae/service-catering.webp","Healthy Catering Dubai","22","Root-Relative","//body/div/div/main/div/div[1]/section[8]/div/div/a[3]/div[1]/img","Content","HTML","","640x360",""
"Image","https://www.mychef.ae/ramadan-catering-dubai","https://www.mychef.ae/service-catering.webp","Ramadan buffet catering spread","30","Root-Relative","//body/div/div/main/div/div[1]/section[7]/div/div/div[5]/img","Content","HTML","","",""
"Image","https://www.mychef.ae/buffet-catering-dubai","https://www.mychef.ae/service-catering.webp","Luxury buffet catering setup in Dubai","37","Root-Relative","//body/div/div/main/div/div[1]/section[6]/div/div/div[1]/img","Content","HTML","","",""
"Image","https://www.mychef.ae/buffet-catering-dubai","https://www.mychef.ae/service-catering.webp","Catering Dubai","14","Root-Relative","//body/div/div/main/div/div[1]/section[9]/div/div/a[1]/div[1]/img","Content","HTML","","",""
"Image","https://www.mychef.ae/asian-catering-dubai","https://www.mychef.ae/service-catering.webp","Pan-Asian catering buffet setup in Dubai","40","Root-Relative","//body/div/div/main/div/div[1]/section[6]/div/div/div[5]/img","Content","HTML","","",""
"Image","https://www.mychef.ae/asian-catering-dubai","https://www.mychef.ae/service-catering.webp","Luxury Catering Dubai","21","Root-Relative","//body/div/div/main/div/div[1]/section[9]/div/div/a[1]/div[1]/img","Content","HTML","","",""
"Image","https://www.mychef.ae/vegan-catering-dubai","https://www.mychef.ae/service-catering.webp","Vegan catering set-up at a Dubai event","38","Root-Relative","//body/div/div/main/div/div[1]/section[6]/div/div/div[4]/img","Content","HTML","","",""
"Image","https://www.mychef.ae/fathers-day-catering-dubai","https://www.mychef.ae/service-catering.webp","Father's Day catering service in Dubai","38","Root-Relative","//body/div/div/main/div/div[1]/section[6]/div/div/div[6]/img","Content","HTML","","800x600",""
"Image","https://www.mychef.ae/kids-birthday-catering-dubai","https://www.mychef.ae/service-catering.webp","Kids party catering set-up at a Dubai event","43","Root-Relative","//body/div/div/main/div/div[1]/section[6]/div/div/div[4]/img","Content","HTML","","800x600",""
"Image","https://www.mychef.ae/keto-catering-dubai","https://www.mychef.ae/service-catering.webp","Keto catering set-up at a Dubai event","37","Root-Relative","//body/div/div/main/div/div[1]/section[6]/div/div/div[4]/img","Content","HTML","","800x600",""
"Image","https://www.mychef.ae/canape-catering-dubai","https://www.mychef.ae/service-catering.webp","Catering Dubai","14","Root-Relative","//body/div/div/main/div/div[1]/section[9]/div/div/a[1]/div[1]/img","Content","HTML","","",""
"Image","https://www.mychef.ae/bbq-catering-dubai","https://www.mychef.ae/service-catering.webp","BBQ buffet spread for a celebration","35","Root-Relative","//body/div/div/main/div/div[1]/section[6]/div/div/div[6]/img","Content","HTML","","",""
"Image","https://www.mychef.ae/bbq-catering-dubai","https://www.mychef.ae/service-catering.webp","Catering Dubai","14","Root-Relative","//body/div/div/main/div/div[1]/section[9]/div/div/a[1]/div[1]/img","Content","HTML","","",""
"Image","https://www.mychef.ae/brand-activation-catering-dubai","https://www.mychef.ae/service-catering.webp","Catering setup for a luxury activation in Dubai","47","Root-Relative","//body/div/div/main/div/div[1]/section[6]/div/div/div[5]/img","Content","HTML","","",""
"Image","https://www.mychef.ae/christmas-catering-dubai","https://www.mychef.ae/service-catering.webp","Corporate Catering","18","Root-Relative","//body/div/div/main/div/div[1]/section[13]/div/div/a[2]/div[1]/img","Content","HTML","","",""
"Image","https://www.mychef.ae/mediterranean-catering-dubai","https://www.mychef.ae/service-catering.webp","Luxury Catering Dubai","21","Root-Relative","//body/div/div/main/div/div[1]/section[9]/div/div/a[1]/div[1]/img","Content","HTML","","",""
"Image","https://www.mychef.ae/bachelor-party-catering-dubai","https://www.mychef.ae/service-catering.webp","Catering Dubai","14","Root-Relative","//body/div/div/main/div/div[1]/section[9]/div/div/a[1]/div[1]/img","Content","HTML","","",""
"Image","https://www.mychef.ae/engagement-catering-dubai","https://www.mychef.ae/service-catering.webp","Catering Dubai","14","Root-Relative","//body/div/div/main/div/div[1]/section[9]/div/div/a[1]/div[1]/img","Content","HTML","","",""
"Image","https://www.mychef.ae/party-catering-dubai","https://www.mychef.ae/service-catering.webp","Elegant party catering buffet","29","Root-Relative","//body/div/div/main/div/div[1]/section[6]/div/div/div[2]/img","Content","HTML","","",""
"Image","https://www.mychef.ae/beach-catering-dubai","https://www.mychef.ae/service-catering.webp","Beach catering set-up in Dubai","30","Root-Relative","//body/div/div/main/div/div[1]/section[6]/div/div/div[4]/img","Content","HTML","","800x600",""
"Image","https://www.mychef.ae/bachelorette-party-catering-dubai","https://www.mychef.ae/service-catering.webp","Catering Dubai","14","Root-Relative","//body/div/div/main/div/div[1]/section[9]/div/div/a[1]/div[1]/img","Content","HTML","","",""
"Image","https://www.mychef.ae/diwali-catering-dubai","https://www.mychef.ae/service-catering.webp","Diwali festive buffet catering spread","37","Root-Relative","//body/div/div/main/div/div[1]/section[6]/div/div/div[6]/img","Content","HTML","","",""
"Image","https://www.mychef.ae/suhoor-catering-dubai","https://www.mychef.ae/service-catering.webp","Suhoor buffet catering spread","29","Root-Relative","//body/div/div/main/div/div[1]/section[6]/div/div/div[5]/img","Content","HTML","","",""
"Image","https://www.mychef.ae/indian-catering-dubai","https://www.mychef.ae/service-catering.webp","Indian catering buffet setup in Dubai","37","Root-Relative","//body/div/div/main/div/div[1]/section[6]/div/div/div[3]/img","Content","HTML","","",""
"Image","https://www.mychef.ae/indian-catering-dubai","https://www.mychef.ae/service-catering.webp","Luxury Catering Dubai","21","Root-Relative","//body/div/div/main/div/div[1]/section[9]/div/div/a[1]/div[1]/img","Content","HTML","","",""
"Image","https://www.mychef.ae/dairy-free-catering-dubai","https://www.mychef.ae/service-catering.webp","Dairy-free catering set-up at a Dubai event","43","Root-Relative","//body/div/div/main/div/div[1]/section[6]/div/div/div[4]/img","Content","HTML","","800x600",""
"Image","https://www.mychef.ae/halal-catering-dubai","https://www.mychef.ae/service-catering.webp","Halal catering set-up","21","Root-Relative","//body/div/div/main/div/div[1]/section[6]/div/div/div[4]/img","Content","HTML","","",""
"Image","https://www.mychef.ae/jain-catering-dubai","https://www.mychef.ae/service-catering.webp","Jain catering set-up at a Dubai event","37","Root-Relative","//body/div/div/main/div/div[1]/section[6]/div/div/div[4]/img","Content","HTML","","800x600",""
"Image","https://www.mychef.ae/healthy-catering-dubai","https://www.mychef.ae/service-catering.webp","Balanced catering spread at a Dubai event","41","Root-Relative","//body/div/div/main/div/div[1]/section[6]/div/div/div[4]/img","Content","HTML","","",""
"Image","https://www.mychef.ae/gluten-free-catering-dubai","https://www.mychef.ae/service-catering.webp","Gluten-free catering set-up at a Dubai event","44","Root-Relative","//body/div/div/main/div/div[1]/section[6]/div/div/div[4]/img","Content","HTML","","800x600",""
"Image","https://www.mychef.ae/film-crew-catering-dubai","https://www.mychef.ae/service-catering.webp","On-set film crew catering buffet in Dubai","41","Root-Relative","//body/div/div/main/div/div[1]/section[6]/div/div/div[1]/img","Content","HTML","","",""
"Image","https://www.mychef.ae/film-crew-catering-dubai","https://www.mychef.ae/service-catering.webp","Production Catering","19","Root-Relative","//body/div/div/main/div/div[1]/section[9]/div/div/a[1]/div[1]/img","Content","HTML","","",""
"Image","https://www.mychef.ae/nut-free-catering-dubai","https://www.mychef.ae/service-catering.webp","Nut-free catering set-up at a Dubai event","41","Root-Relative","//body/div/div/main/div/div[1]/section[6]/div/div/div[4]/img","Content","HTML","","800x600",""
"Image","https://www.mychef.ae/blog","https://www.mychef.ae/images/blog/corporate-catering-full-service-vs-drop-off-hero.webp","Corporate Catering: Full-Service vs Drop-Off — experience concept shown","71","Root-Relative","//body/div/div/main/div/div/section[3]/div/div[2]/a[17]/div[1]/img","Content","HTML","","",""
"Image","https://www.mychef.ae/blog/corporate-catering-full-service-vs-drop-off","https://www.mychef.ae/images/blog/corporate-catering-full-service-vs-drop-off-hero.webp","Corporate catering full service vs drop off Dubai","49","Root-Relative","//body/div/div/main/div/div[1]/section/div[1]/picture/img","Content","HTML","","1344x752",""
"Image","https://www.mychef.ae/blog/corporate-event-catering-ideas-dubai","https://www.mychef.ae/images/blog/corporate-catering-full-service-vs-drop-off-hero.webp","Corporate Catering: Full-Service vs Drop-Off","44","Root-Relative","//body/div/div/main/div/div/section[2]/div/div[2]/a[1]/div[1]/img","Content","HTML","","",""
"Image","https://www.mychef.ae/blog/topic/corporate","https://www.mychef.ae/images/blog/corporate-catering-full-service-vs-drop-off-hero.webp","Corporate Catering: Full-Service vs Drop-Off","44","Root-Relative","//body/div/div/main/div/div/section[2]/div/div[2]/a[2]/div[1]/img","Content","HTML","","",""
"Image","https://www.mychef.ae/villas-private-residences","https://www.mychef.ae/loc-jumeirah.webp","Jumeirah","8","Root-Relative","//body/div/div/main/div/div[1]/section[4]/div/div[2]/a[3]/img","Content","HTML","","400x256",""
"Image","https://www.mychef.ae/locations","https://www.mychef.ae/loc-jumeirah.webp","Jumeirah","8","Root-Relative","//body/div/div/main/div/div[1]/section[2]/div/div/a[4]/div[1]/img","Content","HTML","","",""
"Image","https://www.mychef.ae/locations","https://www.mychef.ae/loc-jumeirah.webp","Umm Suqeim","10","Root-Relative","//body/div/div/main/div/div[1]/section[2]/div/div/a[14]/div[1]/img","Content","HTML","","",""
"Image","https://www.mychef.ae/how-we-vet-our-chefs","https://www.mychef.ae/images/booking-protection-insurance-dubai-hero.webp","Booking Protection","18","Root-Relative","//body/div/div/main/div/div/section[6]/div/div/a[3]/div[1]/img","Content","HTML","","",""
"Image","https://www.mychef.ae/quality-guarantee-dubai","https://www.mychef.ae/images/booking-protection-insurance-dubai-hero.webp","Booking Protection","18","Root-Relative","//body/div/div/main/div/div/section[6]/div/div/a[1]/div[1]/img","Content","HTML","","",""
"Image","https://www.mychef.ae/how-it-works","https://www.mychef.ae/process-3.webp","Your Chef Arrives, We Run the Room","34","Root-Relative","//body/div/div/main/div/div[1]/section[2]/div/div[@class='relative']/div[@class='space-y-16']/div[3]/div[2]/img","Content","HTML","","640x400",""
"Image","https://www.mychef.ae/live-cooking-stations-dubai","https://www.mychef.ae/process-3.webp","Chef grilling at an interactive station","39","Root-Relative","//body/div/div/main/div/div[1]/section[6]/div/div/div[4]/img","Content","HTML","","",""
"Image","https://www.mychef.ae/bbq-catering-dubai","https://www.mychef.ae/process-3.webp","Chef grilling live at a Dubai event","35","Root-Relative","//body/div/div/main/div/div[1]/section[6]/div/div/div[3]/img","Content","HTML","","",""
"Image","https://www.mychef.ae/corporate-event-catering-dubai","https://www.mychef.ae/images/corporate-catering-dubai-hero.webp","Guests at a company event in Dubai being served canapés by catering staff. Experience concept shown.","100","Root-Relative","//body/div/div/main/div/div/section[1]/div[1]/picture/img","Content","HTML","","1683x935",""
"Image","https://www.mychef.ae/corporate","https://www.mychef.ae/images/corporate-catering-dubai-hero.webp","Corporate catering in Dubai","27","Root-Relative","//body/div/div/main/div/section[1]/div[1]/picture/img","Content","HTML","","1344x752",""
"Image","https://www.mychef.ae/catering-dubai","https://www.mychef.ae/images/corporate-catering-dubai-hero.webp","Corporate reception in Dubai — canapés and service staff in a polished venue. Experience concept shown.","103","Root-Relative","//body/div/div/main/div/div/section[@id='events']/div/div/article[2]/a/img","Content","HTML","","1600x900",""
"Image","https://www.mychef.ae/case-studies","https://www.mychef.ae/images/corporate-catering-dubai-hero.webp","Corporate Gala Dinner, Downtown Dubai","37","Root-Relative","//body/div/div/main/div/div/section[3]/div/div[2]/a[3]/div[1]/img","Content","HTML","","",""
"Image","https://www.mychef.ae/gallery","https://www.mychef.ae/images/corporate-catering-dubai-hero.webp","Corporate Event Catering — luxury catering dubai","48","Root-Relative","//body/div/div/main/div/section[3]/div/div[2]/div[11]/div/img","Content","HTML","","",""
"Image","https://www.mychef.ae/product-launch-catering-dubai","https://www.mychef.ae/images/corporate-catering-dubai-hero.webp","Corporate launch catering in Dubai","34","Root-Relative","//body/div/div/main/div/div[1]/section[7]/div/div/div[2]/img","Content","HTML","","",""
"Image","https://www.mychef.ae/product-launch-catering-dubai","https://www.mychef.ae/images/corporate-catering-dubai-hero.webp","Corporate Event Catering","24","Root-Relative","//body/div/div/main/div/div[1]/section[10]/div/div/a[1]/div[1]/img","Content","HTML","","",""
"Image","https://www.mychef.ae/corporate-dinner-package-dubai","https://www.mychef.ae/images/corporate-catering-dubai-hero.webp","Corporate Dinner package in Dubai","33","Root-Relative","//body/div/div/main/div/div[1]/section[1]/div[1]/picture/img","Content","HTML","","1344x752",""
"Image","https://www.mychef.ae/corporate-retainer-dubai","https://www.mychef.ae/images/corporate-catering-dubai-hero.webp","Corporate Event Catering","24","Root-Relative","//body/div/div/main/div/div[1]/section[6]/div/div/a[3]/div[1]/img","Content","HTML","","",""
"Image","https://www.mychef.ae/blog","https://www.mychef.ae/images/blog/iftar-at-home-dubai-hero.webp","Iftar at Home Dubai: Menu, Timing & Cost Guide — experience concept shown","73","Root-Relative","//body/div/div/main/div/div/section[3]/div/div[2]/a[8]/div[1]/img","Content","HTML","","",""
"Image","https://www.mychef.ae/blog/iftar-at-home-dubai","https://www.mychef.ae/images/blog/iftar-at-home-dubai-hero.webp","Iftar at home at Maghrib: dates and water on the table, family sitting, chef in the kitchen","91","Root-Relative","//body/div/div/main/div/div/article/div/figure/div/img","Content","HTML","","1920x1080",""
"Image","https://www.mychef.ae/blog/topic/seasonal","https://www.mychef.ae/images/blog/iftar-at-home-dubai-hero.webp","Iftar at Home Dubai: Menu, Timing & Cost Guide","46","Root-Relative","//body/div/div/main/div/div/section[2]/div/div[2]/a[1]/div[1]/img","Content","HTML","","",""
"Image","https://www.mychef.ae/blog/ramadan-iftar-catering-trends-2026","https://www.mychef.ae/images/blog/iftar-at-home-dubai-hero.webp","Iftar at Home Dubai: Menu, Timing & Cost Guide","46","Root-Relative","//body/div/div/main/div/div[1]/article/div/section[9]/div/div[2]/a[1]/div[1]/img","Content","HTML","","",""
"Image","https://www.mychef.ae/gallery","https://www.mychef.ae/images/office-catering-dubai-hero.webp","Office Catering Setup — luxury catering dubai","45","Root-Relative","//body/div/div/main/div/section[3]/div/div[2]/div[14]/div/img","Content","HTML","","",""
"Image","https://www.mychef.ae/product-launch-catering-dubai","https://www.mychef.ae/images/office-catering-dubai-hero.webp","Conference Catering","19","Root-Relative","//body/div/div/main/div/div[1]/section[10]/div/div/a[3]/div[1]/img","Content","HTML","","",""
"Image","https://www.mychef.ae/menus","https://www.mychef.ae/menu-meat.webp","Wagyu Beef Tenderloin","21","Root-Relative","//body/div/div/main/div/section[4]/div/div[2]/div[3]/div/img","Content","HTML","","",""
"Image","https://www.mychef.ae/weekly-meal-prep-dubai?utm_source=mychef.ae&utm_medium=starter_package_card&utm_campaign=home","https://www.mychef.ae/menu-meat.webp","Premium protein prepared for weekly meal prep Dubai","51","Root-Relative","//body/div/div/main/div/div[1]/section[8]/div/div/div[2]/img","Content","HTML","","",""
"Image","https://www.mychef.ae/halal-private-dining-dubai","https://www.mychef.ae/menu-meat.webp","Halal grilled meat main course","30","Root-Relative","//body/div/div/main/div/div[1]/section[6]/div/div/div[2]/img","Content","HTML","","800x600",""
"Image","https://www.mychef.ae/halal-private-dining-dubai","https://www.mychef.ae/menu-meat.webp","Halal Catering Dubai","20","Root-Relative","//body/div/div/main/div/div[1]/section[8]/div/div/a[1]/div[1]/img","Content","HTML","","640x360",""
"Image","https://www.mychef.ae/weekly-meal-prep-dubai","https://www.mychef.ae/menu-meat.webp","Premium protein prepared for weekly meal prep Dubai","51","Root-Relative","//body/div/div/main/div/div[1]/section[8]/div/div/div[2]/img","Content","HTML","","",""
"Image","https://www.mychef.ae/case-studies","https://www.mychef.ae/menu-meat.webp","Premium grilled meats for luxury catering Dubai","47","Root-Relative","//body/div/div/main/div/div/section[5]/div/div/div[4]/img","Content","HTML","","",""
"Image","https://www.mychef.ae/gallery","https://www.mychef.ae/menu-meat.webp","Wagyu Beef Tenderloin — private chef dubai","42","Root-Relative","//body/div/div/main/div/section[3]/div/div[2]/div[17]/div/img","Content","HTML","","",""
"Image","https://www.mychef.ae/staff-meals-catering-dubai","https://www.mychef.ae/menu-meat.webp","Hearty daily staff meal main course","35","Root-Relative","//body/div/div/main/div/div[1]/section[6]/div/div/div[2]/img","Content","HTML","","",""
"Image","https://www.mychef.ae/eid-catering-dubai","https://www.mychef.ae/menu-meat.webp","Eid ouzi and grilled lamb in Dubai","34","Root-Relative","//body/div/div/main/div/div[1]/section[6]/div/div/div[2]/img","Content","HTML","","",""
"Image","https://www.mychef.ae/eid-catering-dubai","https://www.mychef.ae/menu-meat.webp","Arabic Catering","15","Root-Relative","//body/div/div/main/div/div[1]/section[9]/div/div/a[2]/div[1]/img","Content","HTML","","",""
"Image","https://www.mychef.ae/weekly-meal-prep-dubai?utm_source=mychef.ae&utm_medium=starter_package_card&utm_campaign=catering-packages-dubai","https://www.mychef.ae/menu-meat.webp","Premium protein prepared for weekly meal prep Dubai","51","Root-Relative","//body/div/div/main/div/div[1]/section[8]/div/div/div[2]/img","Content","HTML","","",""
"Image","https://www.mychef.ae/italian-catering-dubai","https://www.mychef.ae/menu-meat.webp","Italian cured meats and main course catering","44","Root-Relative","//body/div/div/main/div/div[1]/section[6]/div/div/div[2]/img","Content","HTML","","",""
"Image","https://www.mychef.ae/arabic-catering-dubai","https://www.mychef.ae/menu-meat.webp","Arabic charcoal grilled meats catering","38","Root-Relative","//body/div/div/main/div/div[1]/section[6]/div/div/div[2]/img","Content","HTML","","",""
"Image","https://www.mychef.ae/picnic-catering-dubai","https://www.mychef.ae/menu-meat.webp","Gourmet sandwich and wrap platter for picnics","45","Root-Relative","//body/div/div/main/div/div[1]/section[6]/div/div/div[6]/img","Content","HTML","","800x600",""
"Image","https://www.mychef.ae/office-catering-dubai","https://www.mychef.ae/menu-meat.webp","Staff Meals Catering","20","Root-Relative","//body/div/div/main/div/div[1]/section[9]/div/div/a[2]/div[1]/img","Content","HTML","","",""
"Image","https://www.mychef.ae/holi-catering-dubai","https://www.mychef.ae/menu-meat.webp","Tandoori meats and curries for Holi feast","41","Root-Relative","//body/div/div/main/div/div[1]/section[6]/div/div/div[3]/img","Content","HTML","","800x600",""
"Image","https://www.mychef.ae/reunion-catering-dubai","https://www.mychef.ae/menu-meat.webp","BBQ Catering Dubai","18","Root-Relative","//body/div/div/main/div/div[1]/section[8]/div/div/a[3]/div[1]/img","Content","HTML","","640x360",""
"Image","https://www.mychef.ae/live-cooking-stations-dubai","https://www.mychef.ae/menu-meat.webp","Carving station with prime cuts","31","Root-Relative","//body/div/div/main/div/div[1]/section[6]/div/div/div[2]/img","Content","HTML","","",""
"Image","https://www.mychef.ae/coffee-tea-service-dubai","https://www.mychef.ae/menu-meat.webp","Savory sandwiches for coffee break catering","43","Root-Relative","//body/div/div/main/div/div[1]/section[6]/div/div/div[6]/img","Content","HTML","","800x600",""
"Image","https://www.mychef.ae/ramadan-catering-dubai","https://www.mychef.ae/menu-meat.webp","Traditional grilled meats for iftar in Dubai","44","Root-Relative","//body/div/div/main/div/div[1]/section[7]/div/div/div[2]/img","Content","HTML","","",""
"Image","https://www.mychef.ae/ramadan-catering-dubai","https://www.mychef.ae/menu-meat.webp","Eid Catering","12","Root-Relative","//body/div/div/main/div/div[1]/section[10]/div/div/a[3]/div[1]/img","Content","HTML","","",""
"Image","https://www.mychef.ae/buffet-catering-dubai","https://www.mychef.ae/menu-meat.webp","Carving station at a buffet","27","Root-Relative","//body/div/div/main/div/div[1]/section[6]/div/div/div[6]/img","Content","HTML","","",""
"Image","https://www.mychef.ae/weekly-meal-prep-dubai?utm_source=mychef.ae&utm_medium=starter_package_card&utm_campaign=menus","https://www.mychef.ae/menu-meat.webp","Premium protein prepared for weekly meal prep Dubai","51","Root-Relative","//body/div/div/main/div/div[1]/section[8]/div/div/div[2]/img","Content","HTML","","",""
"Image","https://www.mychef.ae/fathers-day-catering-dubai","https://www.mychef.ae/menu-meat.webp","Grilled meats for a Father's Day feast","38","Root-Relative","//body/div/div/main/div/div[1]/section[6]/div/div/div[2]/img","Content","HTML","","800x600",""
"Image","https://www.mychef.ae/fathers-day-catering-dubai","https://www.mychef.ae/menu-meat.webp","BBQ Catering Dubai","18","Root-Relative","//body/div/div/main/div/div[1]/section[8]/div/div/a[1]/div[1]/img","Content","HTML","","640x360",""
"Image","https://www.mychef.ae/gala-dinner-catering-dubai","https://www.mychef.ae/menu-meat.webp","Plated main course for an awards dinner in Dubai","48","Root-Relative","//body/div/div/main/div/div[1]/section[6]/div/div/div[4]/img","Content","HTML","","",""
"Image","https://www.mychef.ae/bbq-catering-dubai","https://www.mychef.ae/menu-meat.webp","Premium grilled meat selection","30","Root-Relative","//body/div/div/main/div/div[1]/section[6]/div/div/div[2]/img","Content","HTML","","",""
"Image","https://www.mychef.ae/chinese-new-year-catering-dubai","https://www.mychef.ae/menu-meat.webp","Peking duck and roasted meats for CNY catering","46","Root-Relative","//body/div/div/main/div/div[1]/section[6]/div/div/div[4]/img","Content","HTML","","800x600",""
"Image","https://www.mychef.ae/bachelor-party-catering-dubai","https://www.mychef.ae/menu-meat.webp","Premium grilled meats for a bachelor party","42","Root-Relative","//body/div/div/main/div/div[1]/section[6]/div/div/div[2]/img","Content","HTML","","",""
"Image","https://www.mychef.ae/dessert-cart-dubai","https://www.mychef.ae/menu-meat.webp","Crepe and waffle station catering","33","Root-Relative","//body/div/div/main/div/div[1]/section[6]/div/div/div[5]/img","Content","HTML","","800x600",""
"Image","https://www.mychef.ae/shawarma-station-dubai","https://www.mychef.ae/menu-meat.webp","Grilled kebab skewers and shawarma meat","39","Root-Relative","//body/div/div/main/div/div[1]/section[6]/div/div/div[2]/img","Content","HTML","","800x600",""
"Image","https://www.mychef.ae/diwali-catering-dubai","https://www.mychef.ae/menu-meat.webp","Indian festive mains for Diwali in Dubai","40","Root-Relative","//body/div/div/main/div/div[1]/section[6]/div/div/div[1]/img","Content","HTML","","",""
"Image","https://www.mychef.ae/diwali-catering-dubai","https://www.mychef.ae/menu-meat.webp","Indian Catering","15","Root-Relative","//body/div/div/main/div/div[1]/section[9]/div/div/a[1]/div[1]/img","Content","HTML","","",""
"Image","https://www.mychef.ae/suhoor-catering-dubai","https://www.mychef.ae/menu-meat.webp","Hot suhoor grilled dishes in Dubai","34","Root-Relative","//body/div/div/main/div/div[1]/section[6]/div/div/div[3]/img","Content","HTML","","",""
"Image","https://www.mychef.ae/suhoor-catering-dubai","https://www.mychef.ae/menu-meat.webp","Iftar Catering","14","Root-Relative","//body/div/div/main/div/div[1]/section[9]/div/div/a[2]/div[1]/img","Content","HTML","","",""
"Image","https://www.mychef.ae/indian-catering-dubai","https://www.mychef.ae/menu-meat.webp","Indian tandoori meat catering in Dubai","38","Root-Relative","//body/div/div/main/div/div[1]/section[6]/div/div/div[1]/img","Content","HTML","","",""
"Image","https://www.mychef.ae/halal-catering-dubai","https://www.mychef.ae/menu-meat.webp","Halal grilled meats and mains in Dubai","38","Root-Relative","//body/div/div/main/div/div[1]/section[6]/div/div/div[1]/img","Content","HTML","","",""
"Image","https://www.mychef.ae/halal-catering-dubai","https://www.mychef.ae/menu-meat.webp","Arabic Catering","15","Root-Relative","//body/div/div/main/div/div[1]/section[9]/div/div/a[1]/div[1]/img","Content","HTML","","",""
"Image","https://www.mychef.ae/housewarming-catering-dubai","https://www.mychef.ae/menu-meat.webp","BBQ Catering Dubai","18","Root-Relative","//body/div/div/main/div/div[1]/section[8]/div/div/a[2]/div[1]/img","Content","HTML","","640x360",""
"Image","https://www.mychef.ae/film-crew-catering-dubai","https://www.mychef.ae/menu-meat.webp","Hot grilled main course for a film crew lunch","45","Root-Relative","//body/div/div/main/div/div[1]/section[6]/div/div/div[2]/img","Content","HTML","","",""
"Image","https://www.mychef.ae/film-crew-catering-dubai","https://www.mychef.ae/menu-meat.webp","Staff Meals Catering","20","Root-Relative","//body/div/div/main/div/div[1]/section[9]/div/div/a[3]/div[1]/img","Content","HTML","","",""
"Image","https://www.mychef.ae/blog/wedding-catering-cost-dubai","https://www.mychef.ae/images/blog/dinner-party-menu-ideas-dubai-hero.webp","Dinner Party Menu Ideas Dubai: A Host's 2026 Guide","50","Root-Relative","//body/div/div/main/div/div/article/section[13]/div/section/div/div[2]/a[1]/div[1]/img","Content","HTML","","",""
"Image","https://www.mychef.ae/blog","https://www.mychef.ae/images/blog/dinner-party-menu-ideas-dubai-hero.webp","Dinner Party Menu Ideas Dubai: A Host's 2026 Guide — experience concept shown","77","Root-Relative","//body/div/div/main/div/div/section[3]/div/div[2]/a[3]/div[1]/img","Content","HTML","","",""
"Image","https://www.mychef.ae/blog/best-private-chef-birthday-dinner-dubai","https://www.mychef.ae/images/blog/dinner-party-menu-ideas-dubai-hero.webp","Dinner Party Menu Ideas Dubai: A Host's 2026 Guide","50","Root-Relative","//body/div/div/main/div/div[1]/article/div/section[9]/div/div[2]/a[1]/div[1]/img","Content","HTML","","",""
"Image","https://www.mychef.ae/blog/topic/celebrations","https://www.mychef.ae/images/blog/dinner-party-menu-ideas-dubai-hero.webp","Dinner Party Menu Ideas Dubai: A Host's 2026 Guide","50","Root-Relative","//body/div/div/main/div/div/section[2]/div/div[2]/a[1]/div[1]/img","Content","HTML","","",""
"Image","https://www.mychef.ae/blog/nye-party-catering-dubai","https://www.mychef.ae/images/blog/dinner-party-menu-ideas-dubai-hero.webp","Dinner Party Menu Ideas Dubai: A Host's 2026 Guide","50","Root-Relative","//body/div/div/main/div/div/section[2]/div/div[2]/a[1]/div[1]/img","Content","HTML","","",""
"Image","https://www.mychef.ae/blog/dinner-party-menu-ideas-dubai","https://www.mychef.ae/images/blog/dinner-party-menu-ideas-dubai-hero.webp","Host and chef tasting small sample dishes to decide a dinner-party menu","71","Root-Relative","//body/div/div/main/div/div/article/div/figure/div/img","Content","HTML","","1920x1080",""
"Image","https://www.mychef.ae/blog/grazing-table-vs-buffet-dubai","https://www.mychef.ae/images/blog/dinner-party-menu-ideas-dubai-hero.webp","Dinner Party Menu Ideas Dubai: A Host's 2026 Guide","50","Root-Relative","//body/div/div/main/div/div/section[2]/div/div[2]/a[1]/div[1]/img","Content","HTML","","",""
"Image","https://www.mychef.ae/full-time-private-chef-dubai","https://www.mychef.ae/images/weekly-meal-prep-dubai-hero.webp","Weekly Meal Prep Dubai","22","Root-Relative","//body/div/div/main/div/div[1]/section[6]/div/div/a[2]/div[1]/img","Content","HTML","","",""
"Image","https://www.mychef.ae/part-time-private-chef-dubai","https://www.mychef.ae/images/weekly-meal-prep-dubai-hero.webp","Weekly Meal Prep Dubai","22","Root-Relative","//body/div/div/main/div/div[1]/section[6]/div/div/a[1]/div[1]/img","Content","HTML","","",""
"Image","https://www.mychef.ae/kids-nutrition-chef-dubai","https://www.mychef.ae/images/weekly-meal-prep-dubai-hero.webp","Weekly Meal Prep Dubai","22","Root-Relative","//body/div/div/main/div/div[1]/section[6]/div/div/a[1]/div[1]/img","Content","HTML","","",""
"Image","https://www.mychef.ae/fitness-meal-prep-dubai","https://www.mychef.ae/images/weekly-meal-prep-dubai-hero.webp","Weekly Meal Prep Dubai","22","Root-Relative","//body/div/div/main/div/div[1]/section[6]/div/div/a[2]/div[1]/img","Content","HTML","","",""
"Image","https://www.mychef.ae/postpartum-meal-prep-dubai","https://www.mychef.ae/images/weekly-meal-prep-dubai-hero.webp","Weekly Meal Prep Dubai","22","Root-Relative","//body/div/div/main/div/div[1]/section[6]/div/div/a[1]/div[1]/img","Content","HTML","","",""
"Image","https://www.mychef.ae/mychef-membership","https://www.mychef.ae/images/weekly-meal-prep-dubai-hero.webp","Weekly Meal Prep Dubai","22","Root-Relative","//body/div/div/main/div/div/section[6]/div/div/a[1]/div[1]/img","Content","HTML","","",""
"Image","https://www.mychef.ae/about","https://www.mychef.ae/images/villa-catering-dubai-hero.webp","A chef grilling poolside at a Dubai villa at sunset. Experience concept shown.","78","Root-Relative","//body/div/div/main/div/div[1]/section[2]/div/div/div[@class='story-right']/img","Content","HTML","","1264x848",""
"Image","https://www.mychef.ae/events","https://www.mychef.ae/images/villa-catering-dubai-hero.webp","Event catering Dubai 6","22","Root-Relative","//body/div/div/main/div/section[5]/div/div[2]/div[6]/img","Content","HTML","","800x600",""
"Image","https://www.mychef.ae/villas-private-residences","https://www.mychef.ae/images/villa-catering-dubai-hero.webp","Villa private chef in Dubai","27","Root-Relative","//body/div/div/main/div/div[1]/section[1]/div[1]/picture/img","Content","HTML","","1344x752",""
"Image","https://www.mychef.ae/villas-private-residences","https://www.mychef.ae/images/villa-catering-dubai-hero.webp","Poolside villa catering in Dubai with the skyline behind. Experience concept shown.","83","Root-Relative","//body/div/div/main/div/div[1]/section[6]/div/div/div[2]/img","Content","HTML","","600x500",""
"Image","https://www.mychef.ae/villas-private-residences","https://www.mychef.ae/images/villa-catering-dubai-hero.webp","Villa dining gallery 5","22","Root-Relative","//body/div/div/main/div/div[1]/section[7]/div/div[2]/div[5]/img","Content","HTML","","400x300",""
"Image","https://www.mychef.ae/wedding-catering-dubai","https://www.mychef.ae/images/villa-catering-dubai-hero.webp","Villa wedding catering in Dubai — outdoor table and kitchen access. Experience concept shown.","93","Root-Relative","//body/div/div/main/div/div/section[7]/div/div/article[2]/a/img","Content","HTML","","1600x900",""
"Image","https://www.mychef.ae/catering-dubai","https://www.mychef.ae/images/villa-catering-dubai-hero.webp","Villa catering in Dubai — outdoor table, kitchen access, service team at work. Experience concept shown.","104","Root-Relative","//body/div/div/main/div/div/section[@id='where']/div/div[1]/article[1]/a/img","Content","HTML","","1600x900",""
"Image","https://www.mychef.ae/vip-club","https://www.mychef.ae/images/villa-catering-dubai-hero.webp","Luxury villa private dining for VIP members in Dubai","52","Root-Relative","//body/div/div/main/div/div[1]/section[6]/div/div/div[2]/img","Content","HTML","","",""
"Image","https://www.mychef.ae/case-studies","https://www.mychef.ae/images/villa-catering-dubai-hero.webp","Villa Wedding Reception, Emirates Hills","39","Root-Relative","//body/div/div/main/div/div/section[3]/div/div[2]/a[1]/div[1]/img","Content","HTML","","",""
"Image","https://www.mychef.ae/gallery","https://www.mychef.ae/images/villa-catering-dubai-hero.webp","Villa Garden Dinner — luxury catering dubai","43","Root-Relative","//body/div/div/main/div/section[3]/div/div[2]/div[7]/div/img","Content","HTML","","",""
"Image","https://www.mychef.ae/gallery","https://www.mychef.ae/images/villa-catering-dubai-hero.webp","Villa Private Dining — luxury catering dubai","44","Root-Relative","//body/div/div/main/div/section[3]/div/div[2]/div[9]/div/img","Content","HTML","","",""
"Image","https://www.mychef.ae/vip-club?utm_source=mychef.ae&utm_medium=banner&utm_campaign=weekly-meal-prep-dubai","https://www.mychef.ae/images/villa-catering-dubai-hero.webp","Luxury villa private dining for VIP members in Dubai","52","Root-Relative","//body/div/div/main/div/div[1]/section[6]/div/div/div[2]/img","Content","HTML","","",""
"Image","https://www.mychef.ae/vip-club?utm_source=mychef.ae&utm_medium=banner&utm_campaign=catering-packages-dubai","https://www.mychef.ae/images/villa-catering-dubai-hero.webp","Luxury villa private dining for VIP members in Dubai","52","Root-Relative","//body/div/div/main/div/div[1]/section[6]/div/div/div[2]/img","Content","HTML","","",""
"Image","https://www.mychef.ae/partners/villa-rentals-dubai","https://www.mychef.ae/images/villa-catering-dubai-hero.webp","Villa Rentals partnership with myCHEF Dubai","43","Root-Relative","//body/div/div/main/div/div/section[1]/div[1]/picture/img","Content","HTML","","1344x752",""
"Image","https://www.mychef.ae/vip-club?utm_source=mychef.ae&utm_medium=banner&utm_campaign=wellness-meal-prep-dubai","https://www.mychef.ae/images/villa-catering-dubai-hero.webp","Luxury villa private dining for VIP members in Dubai","52","Root-Relative","//body/div/div/main/div/div[1]/section[6]/div/div/div[2]/img","Content","HTML","","",""
"Image","https://www.mychef.ae/blog/wedding-catering-cost-dubai","https://www.mychef.ae/images/blog/grazing-table-vs-buffet-dubai-hero.webp","Grazing Table vs Buffet Dubai: How to Choose (2026 Guide)","57","Root-Relative","//body/div/div/main/div/div/article/section[13]/div/section/div/div[2]/a[3]/div[1]/img","Content","HTML","","",""
"Image","https://www.mychef.ae/blog","https://www.mychef.ae/images/blog/grazing-table-vs-buffet-dubai-hero.webp","Grazing Table vs Buffet Dubai: How to Choose (2026 Guide) — experience concept shown","84","Root-Relative","//body/div/div/main/div/div/section[3]/div/div[2]/a[11]/div[1]/img","Content","HTML","","",""
"Image","https://www.mychef.ae/blog/topic/celebrations","https://www.mychef.ae/images/blog/grazing-table-vs-buffet-dubai-hero.webp","Grazing Table vs Buffet Dubai: How to Choose (2026 Guide)","57","Root-Relative","//body/div/div/main/div/div/section[2]/div/div[2]/a[4]/div[1]/img","Content","HTML","","",""
"Image","https://www.mychef.ae/blog/nye-party-catering-dubai","https://www.mychef.ae/images/blog/grazing-table-vs-buffet-dubai-hero.webp","Grazing Table vs Buffet Dubai: How to Choose (2026 Guide)","57","Root-Relative","//body/div/div/main/div/div/section[2]/div/div[2]/a[3]/div[1]/img","Content","HTML","","",""
"Image","https://www.mychef.ae/blog/dinner-party-menu-ideas-dubai","https://www.mychef.ae/images/blog/grazing-table-vs-buffet-dubai-hero.webp","Grazing Table vs Buffet Dubai: How to Choose (2026 Guide)","57","Root-Relative","//body/div/div/main/div/div/section[2]/div/div[2]/a[3]/div[1]/img","Content","HTML","","",""
"Image","https://www.mychef.ae/blog/grazing-table-vs-buffet-dubai","https://www.mychef.ae/images/blog/grazing-table-vs-buffet-dubai-hero.webp","Guests standing and talking around a grazing table in a villa lounge","68","Root-Relative","//body/div/div/main/div/div/article/div/figure/div/img","Content","HTML","","1920x1080",""
"Image","https://www.mychef.ae/desert-dining-dubai","https://www.mychef.ae/menu-dessert.webp","Dessert under the desert stars","30","Root-Relative","//body/div/div/main/div/div[1]/section[6]/div/div/div[3]/img","Content","HTML","","800x600",""
"Image","https://www.mychef.ae/menus","https://www.mychef.ae/menu-dessert.webp","Dark Chocolate Fondant","22","Root-Relative","//body/div/div/main/div/section[4]/div/div[2]/div[4]/div/img","Content","HTML","","",""
"Image","https://www.mychef.ae/weekly-meal-prep-dubai?utm_source=mychef.ae&utm_medium=starter_package_card&utm_campaign=home","https://www.mychef.ae/menu-dessert.webp","Balanced treats prepared as part of weekly meal plans","53","Root-Relative","//body/div/div/main/div/div[1]/section[8]/div/div/div[6]/img","Content","HTML","","",""
"Image","https://www.mychef.ae/tasting-menu-dubai","https://www.mychef.ae/menu-dessert.webp","Refined dessert course for a private tasting menu","49","Root-Relative","//body/div/div/main/div/div[1]/section[6]/div/div/div[4]/img","Content","HTML","","800x600",""
"Image","https://www.mychef.ae/gift-cards","https://www.mychef.ae/menu-dessert.webp","Dessert course for a Dubai private chef dining voucher","54","Root-Relative","//body/div/div/main/div/div[1]/section[7]/div/div/div[6]/img","Content","HTML","","",""
"Image","https://www.mychef.ae/halal-private-dining-dubai","https://www.mychef.ae/menu-dessert.webp","Traditional halal dessert presentation","38","Root-Relative","//body/div/div/main/div/div[1]/section[6]/div/div/div[6]/img","Content","HTML","","800x600",""
"Image","https://www.mychef.ae/weekly-meal-prep-dubai","https://www.mychef.ae/menu-dessert.webp","Balanced treats prepared as part of weekly meal plans","53","Root-Relative","//body/div/div/main/div/div[1]/section[8]/div/div/div[6]/img","Content","HTML","","",""
"Image","https://www.mychef.ae/drop-off-catering-dubai","https://www.mychef.ae/menu-dessert.webp","Individual dessert portions for drop-off events","47","Root-Relative","//body/div/div/main/div/div[1]/section[6]/div/div/div[6]/img","Content","HTML","","800x600",""
"Image","https://www.mychef.ae/case-studies","https://www.mychef.ae/menu-dessert.webp","Dessert service for weddings and celebrations in Dubai","54","Root-Relative","//body/div/div/main/div/div/section[5]/div/div/div[6]/img","Content","HTML","","",""
"Image","https://www.mychef.ae/gallery","https://www.mychef.ae/menu-dessert.webp","Dark Chocolate Fondant — private chef dubai","43","Root-Relative","//body/div/div/main/div/section[3]/div/div[2]/div[18]/div/img","Content","HTML","","",""
"Image","https://www.mychef.ae/private-cooking-classes-dubai","https://www.mychef.ae/menu-dessert.webp","Dessert plating at a chef-led dinner party","42","Root-Relative","//body/div/div/main/div/div[1]/section[7]/div/div/div[6]/img","Content","HTML","","",""
"Image","https://www.mychef.ae/graduation-catering-dubai","https://www.mychef.ae/menu-dessert.webp","Graduation dessert table and cake display","41","Root-Relative","//body/div/div/main/div/div[1]/section[6]/div/div/div[4]/img","Content","HTML","","800x600",""
"Image","https://www.mychef.ae/graduation-catering-dubai","https://www.mychef.ae/menu-dessert.webp","Dessert Table Catering","22","Root-Relative","//body/div/div/main/div/div[1]/section[8]/div/div/a[3]/div[1]/img","Content","HTML","","640x360",""
"Image","https://www.mychef.ae/sugar-free-catering-dubai","https://www.mychef.ae/menu-dessert.webp","Sugar-free dessert display","26","Root-Relative","//body/div/div/main/div/div[1]/section[6]/div/div/div[4]/img","Content","HTML","","800x600",""
"Image","https://www.mychef.ae/farewell-catering-dubai","https://www.mychef.ae/menu-dessert.webp","Retirement dessert table and cake display","41","Root-Relative","//body/div/div/main/div/div[1]/section[6]/div/div/div[4]/img","Content","HTML","","800x600",""
"Image","https://www.mychef.ae/eid-catering-dubai","https://www.mychef.ae/menu-dessert.webp","Traditional Eid sweets and desserts","35","Root-Relative","//body/div/div/main/div/div[1]/section[6]/div/div/div[3]/img","Content","HTML","","",""
"Image","https://www.mychef.ae/eid-catering-dubai","https://www.mychef.ae/menu-dessert.webp","Dessert Tables","14","Root-Relative","//body/div/div/main/div/div[1]/section[9]/div/div/a[3]/div[1]/img","Content","HTML","","",""
"Image","https://www.mychef.ae/pool-party-catering-dubai","https://www.mychef.ae/menu-dessert.webp","Frozen dessert station by the pool","34","Root-Relative","//body/div/div/main/div/div[1]/section[6]/div/div/div[3]/img","Content","HTML","","800x600",""
"Image","https://www.mychef.ae/afternoon-tea-catering-dubai","https://www.mychef.ae/menu-dessert.webp","Tiered afternoon tea cake stand","31","Root-Relative","//body/div/div/main/div/div[1]/section[6]/div/div/div[3]/img","Content","HTML","","800x600",""
"Image","https://www.mychef.ae/afternoon-tea-catering-dubai","https://www.mychef.ae/menu-dessert.webp","Dessert Table Catering","22","Root-Relative","//body/div/div/main/div/div[1]/section[8]/div/div/a[3]/div[1]/img","Content","HTML","","640x360",""
"Image","https://www.mychef.ae/anniversary-catering-dubai","https://www.mychef.ae/menu-dessert.webp","Celebration dessert for an anniversary dinner","45","Root-Relative","//body/div/div/main/div/div[1]/section[6]/div/div/div[3]/img","Content","HTML","","",""
"Image","https://www.mychef.ae/weekly-meal-prep-dubai?utm_source=mychef.ae&utm_medium=starter_package_card&utm_campaign=catering-packages-dubai","https://www.mychef.ae/menu-dessert.webp","Balanced treats prepared as part of weekly meal plans","53","Root-Relative","//body/div/div/main/div/div[1]/section[8]/div/div/div[6]/img","Content","HTML","","",""
"Image","https://www.mychef.ae/italian-catering-dubai","https://www.mychef.ae/menu-dessert.webp","Italian dolci and tiramisu dessert display","42","Root-Relative","//body/div/div/main/div/div[1]/section[6]/div/div/div[6]/img","Content","HTML","","",""
"Image","https://www.mychef.ae/valentines-day-catering-dubai","https://www.mychef.ae/menu-dessert.webp","Valentine dessert and chocolate plating","39","Root-Relative","//body/div/div/main/div/div[1]/section[6]/div/div/div[4]/img","Content","HTML","","800x600",""
"Image","https://www.mychef.ae/valentines-day-catering-dubai","https://www.mychef.ae/menu-dessert.webp","Dessert Table Catering","22","Root-Relative","//body/div/div/main/div/div[1]/section[8]/div/div/a[3]/div[1]/img","Content","HTML","","640x360",""
"Image","https://www.mychef.ae/arabic-catering-dubai","https://www.mychef.ae/menu-dessert.webp","Arabic sweets and baklava display","33","Root-Relative","//body/div/div/main/div/div[1]/section[6]/div/div/div[6]/img","Content","HTML","","",""
"Image","https://www.mychef.ae/picnic-catering-dubai","https://www.mychef.ae/menu-dessert.webp","Fresh fruit and desserts for a picnic","37","Root-Relative","//body/div/div/main/div/div[1]/section[6]/div/div/div[3]/img","Content","HTML","","800x600",""
"Image","https://www.mychef.ae/mocktail-bar-catering-dubai","https://www.mychef.ae/menu-dessert.webp","Sweet pairings for a mocktail bar","33","Root-Relative","//body/div/div/main/div/div[1]/section[6]/div/div/div[6]/img","Content","HTML","","",""
"Image","https://www.mychef.ae/holi-catering-dubai","https://www.mychef.ae/menu-dessert.webp","Colourful Indian sweets and desserts for Holi","45","Root-Relative","//body/div/div/main/div/div[1]/section[6]/div/div/div[4]/img","Content","HTML","","800x600",""
"Image","https://www.mychef.ae/reunion-catering-dubai","https://www.mychef.ae/menu-dessert.webp","Reunion dessert table and shared sweets","39","Root-Relative","//body/div/div/main/div/div[1]/section[6]/div/div/div[4]/img","Content","HTML","","800x600",""
"Image","https://www.mychef.ae/vegetarian-catering-dubai","https://www.mychef.ae/menu-dessert.webp","Vegetarian dessert display","26","Root-Relative","//body/div/div/main/div/div[1]/section[6]/div/div/div[6]/img","Content","HTML","","",""
"Image","https://www.mychef.ae/baby-shower-catering-dubai","https://www.mychef.ae/menu-dessert.webp","Dessert table for a baby shower","31","Root-Relative","//body/div/div/main/div/div[1]/section[6]/div/div/div[3]/img","Content","HTML","","",""
"Image","https://www.mychef.ae/baby-shower-catering-dubai","https://www.mychef.ae/menu-dessert.webp","Themed baby shower sweets","25","Root-Relative","//body/div/div/main/div/div[1]/section[6]/div/div/div[5]/img","Content","HTML","","",""
"Image","https://www.mychef.ae/baby-shower-catering-dubai","https://www.mychef.ae/menu-dessert.webp","Luxury Dining Experiences","25","Root-Relative","//body/div/div/main/div/div[1]/section[9]/div/div/a[3]/div[1]/img","Content","HTML","","",""
"Image","https://www.mychef.ae/coffee-tea-service-dubai","https://www.mychef.ae/menu-dessert.webp","Sweet treats and scones for afternoon tea","41","Root-Relative","//body/div/div/main/div/div[1]/section[6]/div/div/div[3]/img","Content","HTML","","800x600",""
"Image","https://www.mychef.ae/fodmap-catering-dubai","https://www.mychef.ae/menu-dessert.webp","Low-FODMAP fruit and dessert display","36","Root-Relative","//body/div/div/main/div/div[1]/section[6]/div/div/div[4]/img","Content","HTML","","800x600",""
"Image","https://www.mychef.ae/breakfast-catering-dubai","https://www.mychef.ae/menu-dessert.webp","Fresh fruit and granola bowls","29","Root-Relative","//body/div/div/main/div/div[1]/section[6]/div/div/div[3]/img","Content","HTML","","800x600",""
"Image","https://www.mychef.ae/ramadan-catering-dubai","https://www.mychef.ae/menu-dessert.webp","Ramadan sweets and desserts in Dubai","36","Root-Relative","//body/div/div/main/div/div[1]/section[7]/div/div/div[6]/img","Content","HTML","","",""
"Image","https://www.mychef.ae/asian-catering-dubai","https://www.mychef.ae/menu-dessert.webp","Asian dessert and mochi display","31","Root-Relative","//body/div/div/main/div/div[1]/section[6]/div/div/div[6]/img","Content","HTML","","",""
"Image","https://www.mychef.ae/weekly-meal-prep-dubai?utm_source=mychef.ae&utm_medium=starter_package_card&utm_campaign=menus","https://www.mychef.ae/menu-dessert.webp","Balanced treats prepared as part of weekly meal plans","53","Root-Relative","//body/div/div/main/div/div[1]/section[8]/div/div/div[6]/img","Content","HTML","","",""
"Image","https://www.mychef.ae/vegan-catering-dubai","https://www.mychef.ae/menu-dessert.webp","Dairy-free vegan dessert display","32","Root-Relative","//body/div/div/main/div/div[1]/section[6]/div/div/div[3]/img","Content","HTML","","",""
"Image","https://www.mychef.ae/fathers-day-catering-dubai","https://www.mychef.ae/menu-dessert.webp","Father's Day dessert table and cake","35","Root-Relative","//body/div/div/main/div/div[1]/section[6]/div/div/div[4]/img","Content","HTML","","800x600",""
"Image","https://www.mychef.ae/kids-birthday-catering-dubai","https://www.mychef.ae/menu-dessert.webp","Themed kids dessert table","25","Root-Relative","//body/div/div/main/div/div[1]/section[6]/div/div/div[3]/img","Content","HTML","","800x600",""
"Image","https://www.mychef.ae/kids-birthday-catering-dubai","https://www.mychef.ae/menu-dessert.webp","Dessert Table Catering","22","Root-Relative","//body/div/div/main/div/div[1]/section[8]/div/div/a[4]/div[1]/img","Content","HTML","","640x360",""
"Image","https://www.mychef.ae/halloween-catering-dubai","https://www.mychef.ae/menu-dessert.webp","Halloween desserts and treats","29","Root-Relative","//body/div/div/main/div/div[1]/section[6]/div/div/div[4]/img","Content","HTML","","800x600",""
"Image","https://www.mychef.ae/keto-catering-dubai","https://www.mychef.ae/menu-dessert.webp","Low-carb dessert display","24","Root-Relative","//body/div/div/main/div/div[1]/section[6]/div/div/div[3]/img","Content","HTML","","800x600",""
"Image","https://www.mychef.ae/gala-dinner-catering-dubai","https://www.mychef.ae/menu-dessert.webp","Elegant dessert service at a gala dinner in Dubai","49","Root-Relative","//body/div/div/main/div/div[1]/section[6]/div/div/div[5]/img","Content","HTML","","",""
"Image","https://www.mychef.ae/canape-catering-dubai","https://www.mychef.ae/menu-dessert.webp","Sweet canapés and petit fours","29","Root-Relative","//body/div/div/main/div/div[1]/section[6]/div/div/div[5]/img","Content","HTML","","",""
"Image","https://www.mychef.ae/mothers-day-catering-dubai","https://www.mychef.ae/menu-dessert.webp","Celebration cakes and pastries for Mum","38","Root-Relative","//body/div/div/main/div/div[1]/section[6]/div/div/div[4]/img","Content","HTML","","800x600",""
"Image","https://www.mychef.ae/pescatarian-catering-dubai","https://www.mychef.ae/menu-dessert.webp","Light desserts for pescatarian events","37","Root-Relative","//body/div/div/main/div/div[1]/section[6]/div/div/div[4]/img","Content","HTML","","800x600",""
"Image","https://www.mychef.ae/oyster-bar-dubai","https://www.mychef.ae/menu-dessert.webp","Refined dessert to follow a seafood menu","40","Root-Relative","//body/div/div/main/div/div[1]/section[6]/div/div/div[6]/img","Content","HTML","","800x600",""
"Image","https://www.mychef.ae/grazing-table-dubai","https://www.mychef.ae/menu-dessert.webp","Sweet grazing dessert display","29","Root-Relative","//body/div/div/main/div/div[1]/section[6]/div/div/div[4]/img","Content","HTML","","",""
"Image","https://www.mychef.ae/grazing-table-dubai","https://www.mychef.ae/menu-dessert.webp","Baby Shower Catering","20","Root-Relative","//body/div/div/main/div/div[1]/section[9]/div/div/a[3]/div[1]/img","Content","HTML","","",""
"Image","https://www.mychef.ae/chinese-new-year-catering-dubai","https://www.mychef.ae/menu-dessert.webp","Lunar New Year dessert table and tea service","44","Root-Relative","//body/div/div/main/div/div[1]/section[6]/div/div/div[6]/img","Content","HTML","","800x600",""
"Image","https://www.mychef.ae/mediterranean-catering-dubai","https://www.mychef.ae/menu-dessert.webp","Mediterranean dessert and pastry display","40","Root-Relative","//body/div/div/main/div/div[1]/section[6]/div/div/div[6]/img","Content","HTML","","",""
"Image","https://www.mychef.ae/uae-national-day-catering-dubai","https://www.mychef.ae/menu-dessert.webp","Date and Arabic desserts for National Day","41","Root-Relative","//body/div/div/main/div/div[1]/section[6]/div/div/div[4]/img","Content","HTML","","800x600",""
"Image","https://www.mychef.ae/dessert-table-catering-dubai","https://www.mychef.ae/menu-dessert.webp","Styled dessert table in Dubai","29","Root-Relative","//body/div/div/main/div/div[1]/section[6]/div/div/div[1]/img","Content","HTML","","",""
"Image","https://www.mychef.ae/dessert-table-catering-dubai","https://www.mychef.ae/menu-dessert.webp","Birthday Catering","17","Root-Relative","//body/div/div/main/div/div[1]/section[9]/div/div/a[2]/div[1]/img","Content","HTML","","",""
"Image","https://www.mychef.ae/exhibition-catering-dubai","https://www.mychef.ae/menu-dessert.webp","Dessert display for exhibition events","37","Root-Relative","//body/div/div/main/div/div[1]/section[6]/div/div/div[6]/img","Content","HTML","","800x600",""
"Image","https://www.mychef.ae/party-catering-dubai","https://www.mychef.ae/menu-dessert.webp","Dessert table for a celebration","31","Root-Relative","//body/div/div/main/div/div[1]/section[6]/div/div/div[6]/img","Content","HTML","","",""
"Image","https://www.mychef.ae/beach-catering-dubai","https://www.mychef.ae/menu-dessert.webp","Coastal dessert display","23","Root-Relative","//body/div/div/main/div/div[1]/section[6]/div/div/div[3]/img","Content","HTML","","800x600",""
"Image","https://www.mychef.ae/bachelorette-party-catering-dubai","https://www.mychef.ae/menu-dessert.webp","Styled dessert table for a bachelorette party","45","Root-Relative","//body/div/div/main/div/div[1]/section[6]/div/div/div[4]/img","Content","HTML","","",""
"Image","https://www.mychef.ae/dessert-cart-dubai","https://www.mychef.ae/menu-dessert.webp","Gelato and dessert cart at a Dubai event","40","Root-Relative","//body/div/div/main/div/div[1]/section[6]/div/div/div[1]/img","Content","HTML","","800x600",""
"Image","https://www.mychef.ae/shawarma-station-dubai","https://www.mychef.ae/menu-dessert.webp","Arabic desserts to follow a shawarma feast","42","Root-Relative","//body/div/div/main/div/div[1]/section[6]/div/div/div[6]/img","Content","HTML","","800x600",""
"Image","https://www.mychef.ae/diwali-catering-dubai","https://www.mychef.ae/menu-dessert.webp","Traditional Diwali mithai and sweets","36","Root-Relative","//body/div/div/main/div/div[1]/section[6]/div/div/div[2]/img","Content","HTML","","",""
"Image","https://www.mychef.ae/easter-catering-dubai","https://www.mychef.ae/menu-dessert.webp","Easter desserts and chocolate treats","36","Root-Relative","//body/div/div/main/div/div[1]/section[6]/div/div/div[4]/img","Content","HTML","","800x600",""
"Image","https://www.mychef.ae/indian-catering-dubai","https://www.mychef.ae/menu-dessert.webp","Indian dessert and mithai display","33","Root-Relative","//body/div/div/main/div/div[1]/section[6]/div/div/div[6]/img","Content","HTML","","",""
"Image","https://www.mychef.ae/dairy-free-catering-dubai","https://www.mychef.ae/menu-dessert.webp","Dairy-free dessert display","26","Root-Relative","//body/div/div/main/div/div[1]/section[6]/div/div/div[3]/img","Content","HTML","","800x600",""
"Image","https://www.mychef.ae/dairy-free-catering-dubai","https://www.mychef.ae/menu-dessert.webp","Dessert Table Catering","22","Root-Relative","//body/div/div/main/div/div[1]/section[8]/div/div/a[3]/div[1]/img","Content","HTML","","640x360",""
"Image","https://www.mychef.ae/halal-catering-dubai","https://www.mychef.ae/menu-dessert.webp","Traditional halal dessert display","33","Root-Relative","//body/div/div/main/div/div[1]/section[6]/div/div/div[6]/img","Content","HTML","","",""
"Image","https://www.mychef.ae/jain-catering-dubai","https://www.mychef.ae/menu-dessert.webp","Jain dessert display","20","Root-Relative","//body/div/div/main/div/div[1]/section[6]/div/div/div[3]/img","Content","HTML","","800x600",""
"Image","https://www.mychef.ae/housewarming-catering-dubai","https://www.mychef.ae/menu-dessert.webp","Dessert table for a housewarming party","38","Root-Relative","//body/div/div/main/div/div[1]/section[6]/div/div/div[5]/img","Content","HTML","","800x600",""
"Image","https://www.mychef.ae/gluten-free-catering-dubai","https://www.mychef.ae/menu-dessert.webp","Gluten-free dessert display","27","Root-Relative","//body/div/div/main/div/div[1]/section[6]/div/div/div[3]/img","Content","HTML","","800x600",""
"Image","https://www.mychef.ae/nut-free-catering-dubai","https://www.mychef.ae/menu-dessert.webp","Nut-free dessert display","24","Root-Relative","//body/div/div/main/div/div[1]/section[6]/div/div/div[3]/img","Content","HTML","","800x600",""
"Image","https://www.mychef.ae/nut-free-catering-dubai","https://www.mychef.ae/menu-dessert.webp","Birthday Catering","17","Root-Relative","//body/div/div/main/div/div[1]/section[8]/div/div/a[1]/div[1]/img","Content","HTML","","640x360",""
"Image","https://www.mychef.ae/desert-dining-dubai","https://www.mychef.ae/menu-appetizer.webp","Arabic appetisers for desert dining in Dubai","44","Root-Relative","//body/div/div/main/div/div[1]/section[6]/div/div/div[1]/img","Content","HTML","","800x600",""
"Image","https://www.mychef.ae/menus","https://www.mychef.ae/menu-appetizer.webp","Truffle & Burrata Tartlet","25","Root-Relative","//body/div/div/main/div/section[4]/div/div[2]/div[1]/div/img","Content","HTML","","",""
"Image","https://www.mychef.ae/villas-private-residences","https://www.mychef.ae/menu-appetizer.webp","Villa dining gallery 6","22","Root-Relative","//body/div/div/main/div/div[1]/section[7]/div/div[2]/div[6]/img","Content","HTML","","400x300",""
"Image","https://www.mychef.ae/weekly-meal-prep-dubai?utm_source=mychef.ae&utm_medium=starter_package_card&utm_campaign=home","https://www.mychef.ae/menu-appetizer.webp","Healthy appetiser-style dishes for weekly meal prep","51","Root-Relative","//body/div/div/main/div/div[1]/section[8]/div/div/div[3]/img","Content","HTML","","",""
"Image","https://www.mychef.ae/tasting-menu-dubai","https://www.mychef.ae/menu-appetizer.webp","Artistic appetiser course from a tasting menu","45","Root-Relative","//body/div/div/main/div/div[1]/section[6]/div/div/div[2]/img","Content","HTML","","800x600",""
"Image","https://www.mychef.ae/gift-cards","https://www.mychef.ae/menu-appetizer.webp","Appetizers served during a private chef gift dinner","51","Root-Relative","//body/div/div/main/div/div[1]/section[7]/div/div/div[5]/img","Content","HTML","","",""
"Image","https://www.mychef.ae/halal-private-dining-dubai","https://www.mychef.ae/menu-appetizer.webp","Elegant halal appetiser selection","33","Root-Relative","//body/div/div/main/div/div[1]/section[6]/div/div/div[3]/img","Content","HTML","","800x600",""
"Image","https://www.mychef.ae/weekly-meal-prep-dubai","https://www.mychef.ae/menu-appetizer.webp","Healthy appetiser-style dishes for weekly meal prep","51","Root-Relative","//body/div/div/main/div/div[1]/section[8]/div/div/div[3]/img","Content","HTML","","",""
"Image","https://www.mychef.ae/drop-off-catering-dubai","https://www.mychef.ae/menu-appetizer.webp","Shareable appetiser platters for drop-off catering","50","Root-Relative","//body/div/div/main/div/div[1]/section[6]/div/div/div[2]/img","Content","HTML","","800x600",""
"Image","https://www.mychef.ae/drop-off-catering-dubai","https://www.mychef.ae/menu-appetizer.webp","Business Lunch Catering","23","Root-Relative","//body/div/div/main/div/div[1]/section[8]/div/div/a[3]/div[1]/img","Content","HTML","","640x360",""
"Image","https://www.mychef.ae/case-studies","https://www.mychef.ae/menu-appetizer.webp","Elegant appetizers for private events in Dubai","46","Root-Relative","//body/div/div/main/div/div/section[5]/div/div/div[2]/img","Content","HTML","","",""
"Image","https://www.mychef.ae/gallery","https://www.mychef.ae/menu-appetizer.webp","Truffle & Burrata Tartlet — private chef dubai","46","Root-Relative","//body/div/div/main/div/section[3]/div/div[2]/div[15]/div/img","Content","HTML","","",""
"Image","https://www.mychef.ae/private-cooking-classes-dubai","https://www.mychef.ae/menu-appetizer.webp","Fresh ingredients prepared during a cooking class","49","Root-Relative","//body/div/div/main/div/div[1]/section[7]/div/div/div[3]/img","Content","HTML","","",""
"Image","https://www.mychef.ae/graduation-catering-dubai","https://www.mychef.ae/menu-appetizer.webp","Graduation party appetisers and salads","38","Root-Relative","//body/div/div/main/div/div[1]/section[6]/div/div/div[3]/img","Content","HTML","","800x600",""
"Image","https://www.mychef.ae/sugar-free-catering-dubai","https://www.mychef.ae/menu-appetizer.webp","Reduced-sugar appetisers and salads","35","Root-Relative","//body/div/div/main/div/div[1]/section[6]/div/div/div[2]/img","Content","HTML","","800x600",""
"Image","https://www.mychef.ae/staff-meals-catering-dubai","https://www.mychef.ae/menu-appetizer.webp","Balanced staff meal sides and salads","36","Root-Relative","//body/div/div/main/div/div[1]/section[6]/div/div/div[5]/img","Content","HTML","","",""
"Image","https://www.mychef.ae/staff-meals-catering-dubai","https://www.mychef.ae/menu-appetizer.webp","Office Catering","15","Root-Relative","//body/div/div/main/div/div[1]/section[9]/div/div/a[1]/div[1]/img","Content","HTML","","",""
"Image","https://www.mychef.ae/farewell-catering-dubai","https://www.mychef.ae/menu-appetizer.webp","Farewell party appetisers and salads","36","Root-Relative","//body/div/div/main/div/div[1]/section[6]/div/div/div[3]/img","Content","HTML","","800x600",""
"Image","https://www.mychef.ae/eid-catering-dubai","https://www.mychef.ae/menu-appetizer.webp","Arabic mezze and appetizers for Eid","35","Root-Relative","//body/div/div/main/div/div[1]/section[6]/div/div/div[6]/img","Content","HTML","","",""
"Image","https://www.mychef.ae/conference-catering-dubai","https://www.mychef.ae/menu-appetizer.webp","Conference coffee break pastries and bites","42","Root-Relative","//body/div/div/main/div/div[1]/section[6]/div/div/div[2]/img","Content","HTML","","",""
"Image","https://www.mychef.ae/conference-catering-dubai","https://www.mychef.ae/menu-appetizer.webp","Business Lunch Catering","23","Root-Relative","//body/div/div/main/div/div[1]/section[9]/div/div/a[2]/div[1]/img","Content","HTML","","",""
"Image","https://www.mychef.ae/pool-party-catering-dubai","https://www.mychef.ae/menu-appetizer.webp","Pool party appetisers in Dubai","30","Root-Relative","//body/div/div/main/div/div[1]/section[6]/div/div/div[1]/img","Content","HTML","","800x600",""
"Image","https://www.mychef.ae/afternoon-tea-catering-dubai","https://www.mychef.ae/menu-appetizer.webp","Afternoon tea savoury bites in Dubai","36","Root-Relative","//body/div/div/main/div/div[1]/section[6]/div/div/div[1]/img","Content","HTML","","800x600",""
"Image","https://www.mychef.ae/corporate-meal-prep-dubai","https://www.mychef.ae/menu-appetizer.webp","Fresh prepared meal components for corporate delivery","53","Root-Relative","//body/div/div/main/div/div[1]/section[6]/div/div/div[3]/img","Content","HTML","","",""
"Image","https://www.mychef.ae/corporate-meal-prep-dubai","https://www.mychef.ae/menu-appetizer.webp","Office Catering","15","Root-Relative","//body/div/div/main/div/div[1]/section[9]/div/div/a[3]/div[1]/img","Content","HTML","","",""
"Image","https://www.mychef.ae/weekly-meal-prep-dubai?utm_source=mychef.ae&utm_medium=starter_package_card&utm_campaign=catering-packages-dubai","https://www.mychef.ae/menu-appetizer.webp","Healthy appetiser-style dishes for weekly meal prep","51","Root-Relative","//body/div/div/main/div/div[1]/section[8]/div/div/div[3]/img","Content","HTML","","",""
"Image","https://www.mychef.ae/italian-catering-dubai","https://www.mychef.ae/menu-appetizer.webp","Italian antipasti spread catering in Dubai","42","Root-Relative","//body/div/div/main/div/div[1]/section[6]/div/div/div[1]/img","Content","HTML","","",""
"Image","https://www.mychef.ae/production-catering-dubai","https://www.mychef.ae/menu-appetizer.webp","Fresh craft services selection for a production crew","52","Root-Relative","//body/div/div/main/div/div[1]/section[6]/div/div/div[2]/img","Content","HTML","","",""
"Image","https://www.mychef.ae/production-catering-dubai","https://www.mychef.ae/menu-appetizer.webp","Office Catering","15","Root-Relative","//body/div/div/main/div/div[1]/section[9]/div/div/a[3]/div[1]/img","Content","HTML","","",""
"Image","https://www.mychef.ae/valentines-day-catering-dubai","https://www.mychef.ae/menu-appetizer.webp","Romantic appetisers for a private dinner","40","Root-Relative","//body/div/div/main/div/div[1]/section[6]/div/div/div[2]/img","Content","HTML","","800x600",""
"Image","https://www.mychef.ae/arabic-catering-dubai","https://www.mychef.ae/menu-appetizer.webp","Arabic mezze appetizer spread in Dubai","38","Root-Relative","//body/div/div/main/div/div[1]/section[6]/div/div/div[1]/img","Content","HTML","","",""
"Image","https://www.mychef.ae/arabic-catering-dubai","https://www.mychef.ae/menu-appetizer.webp","Grazing Tables","14","Root-Relative","//body/div/div/main/div/div[1]/section[9]/div/div/a[3]/div[1]/img","Content","HTML","","",""
"Image","https://www.mychef.ae/picnic-catering-dubai","https://www.mychef.ae/menu-appetizer.webp","Grazing box with cheeses and charcuterie","40","Root-Relative","//body/div/div/main/div/div[1]/section[6]/div/div/div[2]/img","Content","HTML","","800x600",""
"Image","https://www.mychef.ae/office-catering-dubai","https://www.mychef.ae/menu-appetizer.webp","Fresh office lunch spread of appetizers and sides","49","Root-Relative","//body/div/div/main/div/div[1]/section[6]/div/div/div[2]/img","Content","HTML","","",""
"Image","https://www.mychef.ae/office-catering-dubai","https://www.mychef.ae/menu-appetizer.webp","Business Lunch Catering","23","Root-Relative","//body/div/div/main/div/div[1]/section[9]/div/div/a[1]/div[1]/img","Content","HTML","","",""
"Image","https://www.mychef.ae/mocktail-bar-catering-dubai","https://www.mychef.ae/menu-appetizer.webp","Fresh appetizers with mocktail service","38","Root-Relative","//body/div/div/main/div/div[1]/section[6]/div/div/div[3]/img","Content","HTML","","",""
"Image","https://www.mychef.ae/mocktail-bar-catering-dubai","https://www.mychef.ae/menu-appetizer.webp","Corporate Catering","18","Root-Relative","//body/div/div/main/div/div[1]/section[9]/div/div/a[3]/div[1]/img","Content","HTML","","",""
"Image","https://www.mychef.ae/business-lunch-catering-dubai","https://www.mychef.ae/menu-appetizer.webp","Plated business lunch appetizer selection","41","Root-Relative","//body/div/div/main/div/div[1]/section[6]/div/div/div[2]/img","Content","HTML","","",""
"Image","https://www.mychef.ae/business-lunch-catering-dubai","https://www.mychef.ae/menu-appetizer.webp","Office Catering","15","Root-Relative","//body/div/div/main/div/div[1]/section[9]/div/div/a[1]/div[1]/img","Content","HTML","","",""
"Image","https://www.mychef.ae/holi-catering-dubai","https://www.mychef.ae/menu-appetizer.webp","Indian starters and chaat for Holi catering","43","Root-Relative","//body/div/div/main/div/div[1]/section[6]/div/div/div[2]/img","Content","HTML","","800x600",""
"Image","https://www.mychef.ae/reunion-catering-dubai","https://www.mychef.ae/menu-appetizer.webp","Reunion appetisers and salads","29","Root-Relative","//body/div/div/main/div/div[1]/section[6]/div/div/div[3]/img","Content","HTML","","800x600",""
"Image","https://www.mychef.ae/vegetarian-catering-dubai","https://www.mychef.ae/menu-appetizer.webp","Vegetarian appetizers and mezze in Dubai","40","Root-Relative","//body/div/div/main/div/div[1]/section[6]/div/div/div[1]/img","Content","HTML","","",""
"Image","https://www.mychef.ae/finger-food-catering-dubai","https://www.mychef.ae/menu-appetizer.webp","Sharing platters and bite-size food","35","Root-Relative","//body/div/div/main/div/div[1]/section[6]/div/div/div[2]/img","Content","HTML","","",""
"Image","https://www.mychef.ae/coffee-tea-service-dubai","https://www.mychef.ae/menu-appetizer.webp","Pastries and snacks for coffee service","38","Root-Relative","//body/div/div/main/div/div[1]/section[6]/div/div/div[2]/img","Content","HTML","","800x600",""
"Image","https://www.mychef.ae/fodmap-catering-dubai","https://www.mychef.ae/menu-appetizer.webp","Low-FODMAP appetisers and salads","32","Root-Relative","//body/div/div/main/div/div[1]/section[6]/div/div/div[2]/img","Content","HTML","","800x600",""
"Image","https://www.mychef.ae/breakfast-catering-dubai","https://www.mychef.ae/menu-appetizer.webp","Morning appetisers and pastries","31","Root-Relative","//body/div/div/main/div/div[1]/section[6]/div/div/div[2]/img","Content","HTML","","800x600",""
"Image","https://www.mychef.ae/ramadan-catering-dubai","https://www.mychef.ae/menu-appetizer.webp","Arabic appetizers and mezze for Ramadan","39","Root-Relative","//body/div/div/main/div/div[1]/section[7]/div/div/div[3]/img","Content","HTML","","",""
"Image","https://www.mychef.ae/ramadan-catering-dubai","https://www.mychef.ae/menu-appetizer.webp","Suhoor Catering","15","Root-Relative","//body/div/div/main/div/div[1]/section[10]/div/div/a[2]/div[1]/img","Content","HTML","","",""
"Image","https://www.mychef.ae/buffet-catering-dubai","https://www.mychef.ae/menu-appetizer.webp","Appetizer and salad buffet display","34","Root-Relative","//body/div/div/main/div/div[1]/section[6]/div/div/div[3]/img","Content","HTML","","",""
"Image","https://www.mychef.ae/asian-catering-dubai","https://www.mychef.ae/menu-appetizer.webp","Asian dim sum and appetizer spread","34","Root-Relative","//body/div/div/main/div/div[1]/section[6]/div/div/div[2]/img","Content","HTML","","",""
"Image","https://www.mychef.ae/asian-catering-dubai","https://www.mychef.ae/menu-appetizer.webp","Indian Catering","15","Root-Relative","//body/div/div/main/div/div[1]/section[9]/div/div/a[3]/div[1]/img","Content","HTML","","",""
"Image","https://www.mychef.ae/weekly-meal-prep-dubai?utm_source=mychef.ae&utm_medium=starter_package_card&utm_campaign=menus","https://www.mychef.ae/menu-appetizer.webp","Healthy appetiser-style dishes for weekly meal prep","51","Root-Relative","//body/div/div/main/div/div[1]/section[8]/div/div/div[3]/img","Content","HTML","","",""
"Image","https://www.mychef.ae/vegan-catering-dubai","https://www.mychef.ae/menu-appetizer.webp","Plant-based vegan appetizers in Dubai","37","Root-Relative","//body/div/div/main/div/div[1]/section[6]/div/div/div[1]/img","Content","HTML","","",""
"Image","https://www.mychef.ae/vegan-catering-dubai","https://www.mychef.ae/menu-appetizer.webp","Vegetarian Catering","19","Root-Relative","//body/div/div/main/div/div[1]/section[9]/div/div/a[1]/div[1]/img","Content","HTML","","",""
"Image","https://www.mychef.ae/fathers-day-catering-dubai","https://www.mychef.ae/menu-appetizer.webp","Father's Day appetisers and salads","34","Root-Relative","//body/div/div/main/div/div[1]/section[6]/div/div/div[3]/img","Content","HTML","","800x600",""
"Image","https://www.mychef.ae/kids-birthday-catering-dubai","https://www.mychef.ae/menu-appetizer.webp","Kids birthday appetisers in Dubai","33","Root-Relative","//body/div/div/main/div/div[1]/section[6]/div/div/div[1]/img","Content","HTML","","800x600",""
"Image","https://www.mychef.ae/halloween-catering-dubai","https://www.mychef.ae/menu-appetizer.webp","Spooky appetisers for Halloween catering","40","Root-Relative","//body/div/div/main/div/div[1]/section[6]/div/div/div[2]/img","Content","HTML","","800x600",""
"Image","https://www.mychef.ae/keto-catering-dubai","https://www.mychef.ae/menu-appetizer.webp","Low-carb appetisers in Dubai","28","Root-Relative","//body/div/div/main/div/div[1]/section[6]/div/div/div[1]/img","Content","HTML","","800x600",""
"Image","https://www.mychef.ae/gala-dinner-catering-dubai","https://www.mychef.ae/menu-appetizer.webp","Refined appetizer course for a formal dinner in Dubai","53","Root-Relative","//body/div/div/main/div/div[1]/section[6]/div/div/div[2]/img","Content","HTML","","",""
"Image","https://www.mychef.ae/canape-catering-dubai","https://www.mychef.ae/menu-appetizer.webp","Styled canapé display platter","29","Root-Relative","//body/div/div/main/div/div[1]/section[6]/div/div/div[4]/img","Content","HTML","","",""
"Image","https://www.mychef.ae/mothers-day-catering-dubai","https://www.mychef.ae/menu-appetizer.webp","Elegant appetisers for a family brunch","38","Root-Relative","//body/div/div/main/div/div[1]/section[6]/div/div/div[2]/img","Content","HTML","","800x600",""
"Image","https://www.mychef.ae/brand-activation-catering-dubai","https://www.mychef.ae/menu-appetizer.webp","Appetizer tasting station for experiential catering Dubai","57","Root-Relative","//body/div/div/main/div/div[1]/section[6]/div/div/div[3]/img","Content","HTML","","",""
"Image","https://www.mychef.ae/sushi-catering-dubai","https://www.mychef.ae/menu-appetizer.webp","Sushi appetizer selection","25","Root-Relative","//body/div/div/main/div/div[1]/section[6]/div/div/div[4]/img","Content","HTML","","",""
"Image","https://www.mychef.ae/sushi-catering-dubai","https://www.mychef.ae/menu-appetizer.webp","Asian Catering","14","Root-Relative","//body/div/div/main/div/div[1]/section[9]/div/div/a[1]/div[1]/img","Content","HTML","","",""
"Image","https://www.mychef.ae/pescatarian-catering-dubai","https://www.mychef.ae/menu-appetizer.webp","Seafood appetisers for pescatarian catering","43","Root-Relative","//body/div/div/main/div/div[1]/section[6]/div/div/div[2]/img","Content","HTML","","800x600",""
"Image","https://www.mychef.ae/pescatarian-catering-dubai","https://www.mychef.ae/menu-appetizer.webp","Sushi Catering Dubai","20","Root-Relative","//body/div/div/main/div/div[1]/section[8]/div/div/a[1]/div[1]/img","Content","HTML","","640x360",""
"Image","https://www.mychef.ae/oyster-bar-dubai","https://www.mychef.ae/menu-appetizer.webp","Elegant seafood starters and canapés","36","Root-Relative","//body/div/div/main/div/div[1]/section[6]/div/div/div[3]/img","Content","HTML","","800x600",""
"Image","https://www.mychef.ae/grazing-table-dubai","https://www.mychef.ae/menu-appetizer.webp","Artisan grazing table appetizers in Dubai","41","Root-Relative","//body/div/div/main/div/div[1]/section[6]/div/div/div[1]/img","Content","HTML","","",""
"Image","https://www.mychef.ae/chinese-new-year-catering-dubai","https://www.mychef.ae/menu-appetizer.webp","Dumplings and starters for Lunar New Year catering","50","Root-Relative","//body/div/div/main/div/div[1]/section[6]/div/div/div[2]/img","Content","HTML","","800x600",""
"Image","https://www.mychef.ae/mediterranean-catering-dubai","https://www.mychef.ae/menu-appetizer.webp","Greek mezze appetizer spread","28","Root-Relative","//body/div/div/main/div/div[1]/section[6]/div/div/div[2]/img","Content","HTML","","",""
"Image","https://www.mychef.ae/mediterranean-catering-dubai","https://www.mychef.ae/menu-appetizer.webp","Arabic Catering","15","Root-Relative","//body/div/div/main/div/div[1]/section[9]/div/div/a[2]/div[1]/img","Content","HTML","","",""
"Image","https://www.mychef.ae/dessert-table-catering-dubai","https://www.mychef.ae/menu-appetizer.webp","Patisserie and mini treats","26","Root-Relative","//body/div/div/main/div/div[1]/section[6]/div/div/div[5]/img","Content","HTML","","",""
"Image","https://www.mychef.ae/exhibition-catering-dubai","https://www.mychef.ae/menu-appetizer.webp","Bite-sized appetisers for trade show guests","43","Root-Relative","//body/div/div/main/div/div[1]/section[6]/div/div/div[3]/img","Content","HTML","","800x600",""
"Image","https://www.mychef.ae/beach-catering-dubai","https://www.mychef.ae/menu-appetizer.webp","Beach appetisers in Dubai","25","Root-Relative","//body/div/div/main/div/div[1]/section[6]/div/div/div[1]/img","Content","HTML","","800x600",""
"Image","https://www.mychef.ae/dessert-cart-dubai","https://www.mychef.ae/menu-appetizer.webp","Mini desserts and sweet treats display","38","Root-Relative","//body/div/div/main/div/div[1]/section[6]/div/div/div[3]/img","Content","HTML","","800x600",""
"Image","https://www.mychef.ae/shawarma-station-dubai","https://www.mychef.ae/menu-appetizer.webp","Arabic mezze and salads for shawarma station","44","Root-Relative","//body/div/div/main/div/div[1]/section[6]/div/div/div[3]/img","Content","HTML","","800x600",""
"Image","https://www.mychef.ae/diwali-catering-dubai","https://www.mychef.ae/menu-appetizer.webp","Indian chaat and appetizers for Diwali","38","Root-Relative","//body/div/div/main/div/div[1]/section[6]/div/div/div[4]/img","Content","HTML","","",""
"Image","https://www.mychef.ae/diwali-catering-dubai","https://www.mychef.ae/menu-appetizer.webp","Vegetarian Catering","19","Root-Relative","//body/div/div/main/div/div[1]/section[9]/div/div/a[2]/div[1]/img","Content","HTML","","",""
"Image","https://www.mychef.ae/easter-catering-dubai","https://www.mychef.ae/menu-appetizer.webp","Spring appetisers for an Easter brunch","38","Root-Relative","//body/div/div/main/div/div[1]/section[6]/div/div/div[2]/img","Content","HTML","","800x600",""
"Image","https://www.mychef.ae/suhoor-catering-dubai","https://www.mychef.ae/menu-appetizer.webp","Light suhoor savoury plates in Dubai","36","Root-Relative","//body/div/div/main/div/div[1]/section[6]/div/div/div[1]/img","Content","HTML","","",""
"Image","https://www.mychef.ae/suhoor-catering-dubai","https://www.mychef.ae/menu-appetizer.webp","Arabic Catering","15","Root-Relative","//body/div/div/main/div/div[1]/section[9]/div/div/a[3]/div[1]/img","Content","HTML","","",""
"Image","https://www.mychef.ae/indian-catering-dubai","https://www.mychef.ae/menu-appetizer.webp","Indian appetizers and chaat spread","34","Root-Relative","//body/div/div/main/div/div[1]/section[6]/div/div/div[2]/img","Content","HTML","","",""
"Image","https://www.mychef.ae/dairy-free-catering-dubai","https://www.mychef.ae/menu-appetizer.webp","Dairy-free appetisers in Dubai","30","Root-Relative","//body/div/div/main/div/div[1]/section[6]/div/div/div[1]/img","Content","HTML","","800x600",""
"Image","https://www.mychef.ae/dairy-free-catering-dubai","https://www.mychef.ae/menu-appetizer.webp","Vegan Catering","14","Root-Relative","//body/div/div/main/div/div[1]/section[8]/div/div/a[1]/div[1]/img","Content","HTML","","640x360",""
"Image","https://www.mychef.ae/halal-catering-dubai","https://www.mychef.ae/menu-appetizer.webp","Halal appetizer selection","25","Root-Relative","//body/div/div/main/div/div[1]/section[6]/div/div/div[2]/img","Content","HTML","","",""
"Image","https://www.mychef.ae/halal-catering-dubai","https://www.mychef.ae/menu-appetizer.webp","Iftar Catering","14","Root-Relative","//body/div/div/main/div/div[1]/section[9]/div/div/a[2]/div[1]/img","Content","HTML","","",""
"Image","https://www.mychef.ae/jain-catering-dubai","https://www.mychef.ae/menu-appetizer.webp","Jain appetisers in Dubai","24","Root-Relative","//body/div/div/main/div/div[1]/section[6]/div/div/div[1]/img","Content","HTML","","800x600",""
"Image","https://www.mychef.ae/jain-catering-dubai","https://www.mychef.ae/menu-appetizer.webp","Vegetarian Catering","19","Root-Relative","//body/div/div/main/div/div[1]/section[8]/div/div/a[2]/div[1]/img","Content","HTML","","640x360",""
"Image","https://www.mychef.ae/healthy-catering-dubai","https://www.mychef.ae/menu-appetizer.webp","Fresh healthy appetizer selection","33","Root-Relative","//body/div/div/main/div/div[1]/section[6]/div/div/div[2]/img","Content","HTML","","",""
"Image","https://www.mychef.ae/housewarming-catering-dubai","https://www.mychef.ae/menu-appetizer.webp","Appetisers for a housewarming party","35","Root-Relative","//body/div/div/main/div/div[1]/section[6]/div/div/div[2]/img","Content","HTML","","800x600",""
"Image","https://www.mychef.ae/gluten-free-catering-dubai","https://www.mychef.ae/menu-appetizer.webp","Gluten-free appetisers in Dubai","31","Root-Relative","//body/div/div/main/div/div[1]/section[6]/div/div/div[1]/img","Content","HTML","","800x600",""
"Image","https://www.mychef.ae/gluten-free-catering-dubai","https://www.mychef.ae/menu-appetizer.webp","Vegan Catering","14","Root-Relative","//body/div/div/main/div/div[1]/section[8]/div/div/a[4]/div[1]/img","Content","HTML","","640x360",""
"Image","https://www.mychef.ae/film-crew-catering-dubai","https://www.mychef.ae/menu-appetizer.webp","Fresh craft service snacks on set","33","Root-Relative","//body/div/div/main/div/div[1]/section[6]/div/div/div[5]/img","Content","HTML","","",""
"Image","https://www.mychef.ae/nut-free-catering-dubai","https://www.mychef.ae/menu-appetizer.webp","Nut-free appetisers in Dubai","28","Root-Relative","//body/div/div/main/div/div[1]/section[6]/div/div/div[1]/img","Content","HTML","","800x600",""
"Image","https://www.mychef.ae/blog","https://www.mychef.ae/images/blog/halal-private-dining-dubai-what-to-ask-hero.webp","Halal Private Dining in Dubai: What to Ask Before You Book — experience concept shown","85","Root-Relative","//body/div/div/main/div/div/section[3]/div/div[2]/a[21]/div[1]/img","Content","HTML","","",""
"Image","https://www.mychef.ae/blog/topic/menus-dietary","https://www.mychef.ae/images/blog/halal-private-dining-dubai-what-to-ask-hero.webp","Halal Private Dining in Dubai: What to Ask Before You Book","58","Root-Relative","//body/div/div/main/div/div/section[2]/div/div[2]/a[4]/div[1]/img","Content","HTML","","",""
"Image","https://www.mychef.ae/blog/how-far-ahead-book-caterer-dubai","https://www.mychef.ae/images/blog/halal-private-dining-dubai-what-to-ask-hero.webp","Halal Private Dining in Dubai: What to Ask Before You Book","58","Root-Relative","//body/div/div/main/div/div/section[2]/div/div[2]/a[3]/div[1]/img","Content","HTML","","",""
"Image","https://www.mychef.ae/blog/brunch-at-home-dubai","https://www.mychef.ae/images/blog/halal-private-dining-dubai-what-to-ask-hero.webp","Halal Private Dining in Dubai: What to Ask Before You Book","58","Root-Relative","//body/div/div/main/div/div/section[2]/div/div[2]/a[3]/div[1]/img","Content","HTML","","",""
"Image","https://www.mychef.ae/blog/vegan-catering-dubai-guide","https://www.mychef.ae/images/blog/halal-private-dining-dubai-what-to-ask-hero.webp","Halal Private Dining in Dubai: What to Ask Before You Book","58","Root-Relative","//body/div/div/main/div/div/section[2]/div/div[2]/a[3]/div[1]/img","Content","HTML","","",""
"Image","https://www.mychef.ae/blog/halal-private-dining-dubai-what-to-ask","https://www.mychef.ae/images/blog/halal-private-dining-dubai-what-to-ask-hero.webp","Halal private dining setup in Dubai","35","Root-Relative","//body/div/div/main/div/div[1]/section/div[1]/picture/img","Content","HTML","","1344x752",""
"Image","https://www.mychef.ae/yachts","https://www.mychef.ae/testimonial-yacht.webp","Yacht dining gallery 6","22","Root-Relative","//body/div/div/main/div/div[1]/section[7]/div/div[2]/div[6]/img","Content","HTML","","400x300",""
"Image","https://www.mychef.ae/gallery","https://www.mychef.ae/testimonial-yacht.webp","Yacht Party Service — luxury catering dubai","43","Root-Relative","//body/div/div/main/div/section[3]/div/div[2]/div[6]/div/img","Content","HTML","","",""
"Image","https://www.mychef.ae/wedding-catering-checklist-dubai","https://www.mychef.ae/images/wedding-catering-dubai-hero.webp","A villa wedding dinner in Dubai — long table, candlelight, service in the background. Experience concept shown.","111","Root-Relative","//body/div/div/main/div/div/div[@class='print-hide'][1]/section/div[1]/picture/img","Content","HTML","","2560x1440",""
"Image","https://www.mychef.ae/wedding-catering-dubai","https://www.mychef.ae/images/wedding-catering-dubai-hero.webp","A villa wedding dinner in Dubai — long table, candlelight, service in the background. Experience concept shown.","111","Root-Relative","//body/div/div/main/div/div/section[1]/div[1]/picture/img","Content","HTML","","2560x1440",""
"Image","https://www.mychef.ae/catering-dubai","https://www.mychef.ae/images/wedding-catering-dubai-hero.webp","Wedding dinner table in a Dubai villa — candlelight, set places, service in the background. Experience concept shown.","117","Root-Relative","//body/div/div/main/div/div/section[@id='events']/div/div/article[1]/a/img","Content","HTML","","1600x900",""
"Image","https://www.mychef.ae/gallery","https://www.mychef.ae/images/wedding-catering-dubai-hero.webp","Elegant Wedding Reception — luxury catering dubai","49","Root-Relative","//body/div/div/main/div/section[3]/div/div[2]/div[1]/div/img","Content","HTML","","",""
"Image","https://www.mychef.ae/events","https://www.mychef.ae/images/afternoon-tea-catering-dubai-hero.webp","Afternoon Tea Catering","22","Root-Relative","//body/div/div/main/div/section[9]/div/div[2]/a[8]/div[1]/img","Content","HTML","","640x360",""
"Image","https://www.mychef.ae/office-catering-dubai","https://www.mychef.ae/images/afternoon-tea-catering-dubai-hero.webp","Coffee & Tea Service","20","Root-Relative","//body/div/div/main/div/div[1]/section[9]/div/div/a[4]/div[1]/img","Content","HTML","","",""
"Image","https://www.mychef.ae/breakfast-catering-dubai","https://www.mychef.ae/images/afternoon-tea-catering-dubai-hero.webp","Coffee & Tea Service","20","Root-Relative","//body/div/div/main/div/div[1]/section[8]/div/div/a[4]/div[1]/img","Content","HTML","","640x360",""
"Image","https://www.mychef.ae/mothers-day-catering-dubai","https://www.mychef.ae/images/afternoon-tea-catering-dubai-hero.webp","Afternoon Tea Catering","22","Root-Relative","//body/div/div/main/div/div[1]/section[8]/div/div/a[1]/div[1]/img","Content","HTML","","640x360",""
"Image","https://www.mychef.ae/gallery","https://www.mychef.ae/images/engagement-catering-dubai-hero.webp","Engagement Celebration — luxury catering dubai","46","Root-Relative","//body/div/div/main/div/section[3]/div/div[2]/div[2]/div/img","Content","HTML","","",""
"Image","https://www.mychef.ae/drop-off-catering-dubai","https://www.mychef.ae/images/drop-off-catering-dubai-hero.webp","Drop-off catering boxes and platters in Dubai","45","Root-Relative","//body/div/div/main/div/div[1]/section[6]/div/div/div[1]/img","Content","HTML","","800x600",""
"Image","https://www.mychef.ae/office-catering-dubai","https://www.mychef.ae/images/drop-off-catering-dubai-hero.webp","Drop-Off Catering Dubai","23","Root-Relative","//body/div/div/main/div/div[1]/section[9]/div/div/a[3]/div[1]/img","Content","HTML","","",""
"Image","https://www.mychef.ae/business-lunch-catering-dubai","https://www.mychef.ae/images/drop-off-catering-dubai-hero.webp","Drop-Off Catering Dubai","23","Root-Relative","//body/div/div/main/div/div[1]/section[9]/div/div/a[3]/div[1]/img","Content","HTML","","",""
"Image","https://www.mychef.ae/blog/wedding-catering-cost-dubai","https://www.mychef.ae/images/blog/nye-party-catering-dubai-hero.webp","NYE Party Catering Dubai: The Host's Planning Guide","51","Root-Relative","//body/div/div/main/div/div/article/section[13]/div/section/div/div[2]/a[2]/div[1]/img","Content","HTML","","",""
"Image","https://www.mychef.ae/blog","https://www.mychef.ae/images/blog/nye-party-catering-dubai-hero.webp","NYE Party Catering Dubai: The Host's Planning Guide — experience concept shown","78","Root-Relative","//body/div/div/main/div/div/section[3]/div/div[2]/a[9]/div[1]/img","Content","HTML","","",""
"Image","https://www.mychef.ae/blog/best-private-chef-birthday-dinner-dubai","https://www.mychef.ae/images/blog/nye-party-catering-dubai-hero.webp","NYE Party Catering Dubai: The Host's Planning Guide","51","Root-Relative","//body/div/div/main/div/div[1]/article/div/section[9]/div/div[2]/a[3]/div[1]/img","Content","HTML","","",""
"Image","https://www.mychef.ae/blog/topic/celebrations","https://www.mychef.ae/images/blog/nye-party-catering-dubai-hero.webp","NYE Party Catering Dubai: The Host's Planning Guide","51","Root-Relative","//body/div/div/main/div/div/section[2]/div/div[2]/a[3]/div[1]/img","Content","HTML","","",""
"Image","https://www.mychef.ae/blog/nye-party-catering-dubai","https://www.mychef.ae/images/blog/nye-party-catering-dubai-hero.webp","NYE villa terrace around 23:40 with passed canapés and a live station","69","Root-Relative","//body/div/div/main/div/div/article/div/figure/div/img","Content","HTML","","1920x1080",""
"Image","https://www.mychef.ae/blog/dinner-party-menu-ideas-dubai","https://www.mychef.ae/images/blog/nye-party-catering-dubai-hero.webp","NYE Party Catering Dubai: The Host's Planning Guide","51","Root-Relative","//body/div/div/main/div/div/section[2]/div/div[2]/a[2]/div[1]/img","Content","HTML","","",""
"Image","https://www.mychef.ae/blog/grazing-table-vs-buffet-dubai","https://www.mychef.ae/images/blog/nye-party-catering-dubai-hero.webp","NYE Party Catering Dubai: The Host's Planning Guide","51","Root-Relative","//body/div/div/main/div/div/section[2]/div/div[2]/a[3]/div[1]/img","Content","HTML","","",""
"Image","https://www.mychef.ae/blog","https://www.mychef.ae/images/blog/private-chef-vs-restaurant-dubai-hero.webp","Private Chef vs Restaurant Dubai: Which Wins a Special Occasion? — experience concept shown","91","Root-Relative","//body/div/div/main/div/div/section[3]/div/div[2]/a[2]/div[1]/img","Content","HTML","","",""
"Image","https://www.mychef.ae/blog/corporate-catering-full-service-vs-drop-off","https://www.mychef.ae/images/blog/private-chef-vs-restaurant-dubai-hero.webp","Private Chef vs Restaurant Dubai: Which Wins a Special Occasion?","64","Root-Relative","//body/div/div/main/div/div[1]/article/div/section[9]/div/div[2]/a[3]/div[1]/img","Content","HTML","","",""
"Image","https://www.mychef.ae/blog/corporate-event-catering-ideas-dubai","https://www.mychef.ae/images/blog/private-chef-vs-restaurant-dubai-hero.webp","Private Chef vs Restaurant Dubai: Which Wins a Special Occasion?","64","Root-Relative","//body/div/div/main/div/div/section[2]/div/div[2]/a[3]/div[1]/img","Content","HTML","","",""
"Image","https://www.mychef.ae/blog/private-chef-palm-jumeirah-guide","https://www.mychef.ae/images/blog/private-chef-vs-restaurant-dubai-hero.webp","Private Chef vs Restaurant Dubai: Which Wins a Special Occasion?","64","Root-Relative","//body/div/div/main/div/div[1]/article/div/section[11]/div/div[2]/a[2]/div[1]/img","Content","HTML","","",""
"Image","https://www.mychef.ae/blog/yacht-party-menu-ideas-dubai","https://www.mychef.ae/images/blog/private-chef-vs-restaurant-dubai-hero.webp","Private Chef vs Restaurant Dubai: Which Wins a Special Occasion?","64","Root-Relative","//body/div/div/main/div/div[1]/article/div/section[10]/div/div[2]/a[3]/div[1]/img","Content","HTML","","",""
"Image","https://www.mychef.ae/blog/private-chef-vs-restaurant-dubai","https://www.mychef.ae/images/blog/private-chef-vs-restaurant-dubai-hero.webp","Host closing a glass door on a private home dinner while a chef works in the kitchen","84","Root-Relative","//body/div/div/main/div/div/article/div/figure/div/img","Content","HTML","","1920x1080",""
"Image","https://www.mychef.ae/blog/desert-dinner-party-dubai","https://www.mychef.ae/images/blog/private-chef-vs-restaurant-dubai-hero.webp","Private Chef vs Restaurant Dubai: Which Wins a Special Occasion?","64","Root-Relative","//body/div/div/main/div/div/section[2]/div/div[2]/a[3]/div[1]/img","Content","HTML","","",""
"Image","https://www.mychef.ae/blog/weekly-meal-prep-vs-full-time-chef-dubai","https://www.mychef.ae/images/blog/private-chef-vs-restaurant-dubai-hero.webp","Private Chef vs Restaurant Dubai: Which Wins a Special Occasion?","64","Root-Relative","//body/div/div/main/div/div[1]/article/div/section[9]/div/div[2]/a[2]/div[1]/img","Content","HTML","","",""
"Image","https://www.mychef.ae/blog/iftar-at-home-dubai","https://www.mychef.ae/images/blog/private-chef-vs-restaurant-dubai-hero.webp","Private Chef vs Restaurant Dubai: Which Wins a Special Occasion?","64","Root-Relative","//body/div/div/main/div/div/section[2]/div/div[2]/a[3]/div[1]/img","Content","HTML","","",""
"Image","https://www.mychef.ae/blog/private-chef-date-night-dubai","https://www.mychef.ae/images/blog/private-chef-vs-restaurant-dubai-hero.webp","Private Chef vs Restaurant Dubai: Which Wins a Special Occasion?","64","Root-Relative","//body/div/div/main/div/div/section[2]/div/div[2]/a[2]/div[1]/img","Content","HTML","","",""
"Image","https://www.mychef.ae/blog/how-much-does-private-chef-cost-dubai","https://www.mychef.ae/images/blog/private-chef-vs-restaurant-dubai-hero.webp","Private Chef vs Restaurant Dubai: Which Wins a Special Occasion?","64","Root-Relative","//body/div/div/main/div/div[1]/article/div/section[9]/div/div[2]/a[2]/div[1]/img","Content","HTML","","",""
"Image","https://www.mychef.ae/blog/how-to-hire-a-private-chef-dubai","https://www.mychef.ae/images/blog/private-chef-vs-restaurant-dubai-hero.webp","Private Chef vs Restaurant Dubai: Which Wins a Special Occasion?","64","Root-Relative","//body/div/div/main/div/div/section[2]/div/div[2]/a[1]/div[1]/img","Content","HTML","","",""
"Image","https://www.mychef.ae/blog/ramadan-iftar-catering-trends-2026","https://www.mychef.ae/images/blog/private-chef-vs-restaurant-dubai-hero.webp","Private Chef vs Restaurant Dubai: Which Wins a Special Occasion?","64","Root-Relative","//body/div/div/main/div/div[1]/article/div/section[9]/div/div[2]/a[3]/div[1]/img","Content","HTML","","",""
"Image","https://www.mychef.ae/blog/topic/private-chef","https://www.mychef.ae/images/blog/private-chef-vs-restaurant-dubai-hero.webp","Private Chef vs Restaurant Dubai: Which Wins a Special Occasion?","64","Root-Relative","//body/div/div/main/div/div/section[2]/div/div[2]/a[2]/div[1]/img","Content","HTML","","",""
"Image","https://www.mychef.ae/luxury-dining-experiences","https://www.mychef.ae/images/desert-dining-dubai-hero.webp","A private dining table set in the Dubai desert at dusk. Experience concept shown.","81","Root-Relative","//body/div/div/main/div/div/section[@id='experience-finder']/div/div[2]/a[4]/div[1]/img","Content","HTML","","1200x800",""
"Image","https://www.mychef.ae/luxury-dining-experiences","https://www.mychef.ae/images/desert-dining-dubai-hero.webp","A private table laid in the Dubai desert as the light drops. Experience concept shown.","86","Root-Relative","//body/div/div/main/div/div/section[9]/div/div/div/figure/img","Content","HTML","","1200x800",""
"Image","https://www.mychef.ae/events","https://www.mychef.ae/images/desert-dining-dubai-hero.webp","Desert Dining","13","Root-Relative","//body/div/div/main/div/section[9]/div/div[2]/a[7]/div[1]/img","Content","HTML","","640x360",""
"Image","https://www.mychef.ae/tourist-villa-chef-dubai","https://www.mychef.ae/images/desert-dining-dubai-hero.webp","Desert Dining Dubai","19","Root-Relative","//body/div/div/main/div/div[1]/section[6]/div/div/a[3]/div[1]/img","Content","HTML","","",""
"Image","https://www.mychef.ae/blog","https://www.mychef.ae/images/blog/how-much-does-private-chef-cost-dubai-hero.webp","How Much Does a Private Chef Cost in Dubai? — experience concept shown","70","Root-Relative","//body/div/div/main/div/div/section[3]/div/div[2]/a[16]/div[1]/img","Content","HTML","","",""
"Image","https://www.mychef.ae/blog/private-chef-vs-restaurant-dubai","https://www.mychef.ae/images/blog/how-much-does-private-chef-cost-dubai-hero.webp","How Much Does a Private Chef Cost in Dubai?","43","Root-Relative","//body/div/div/main/div/div/section[2]/div/div[2]/a[3]/div[1]/img","Content","HTML","","",""
"Image","https://www.mychef.ae/blog/private-chef-date-night-dubai","https://www.mychef.ae/images/blog/how-much-does-private-chef-cost-dubai-hero.webp","How Much Does a Private Chef Cost in Dubai?","43","Root-Relative","//body/div/div/main/div/div/section[2]/div/div[2]/a[3]/div[1]/img","Content","HTML","","",""
"Image","https://www.mychef.ae/blog/how-much-does-private-chef-cost-dubai","https://www.mychef.ae/images/blog/how-much-does-private-chef-cost-dubai-hero.webp","Host and coordinator reviewing an itemised private chef proposal at a dining table","82","Root-Relative","//body/div/div/main/div/div[1]/section/div[1]/picture/img","Content","HTML","","1344x752",""
"Image","https://www.mychef.ae/blog/how-to-hire-a-private-chef-dubai","https://www.mychef.ae/images/blog/how-much-does-private-chef-cost-dubai-hero.webp","How Much Does a Private Chef Cost in Dubai?","43","Root-Relative","//body/div/div/main/div/div/section[2]/div/div[2]/a[3]/div[1]/img","Content","HTML","","",""
"Image","https://www.mychef.ae/blog/topic/private-chef","https://www.mychef.ae/images/blog/how-much-does-private-chef-cost-dubai-hero.webp","How Much Does a Private Chef Cost in Dubai?","43","Root-Relative","//body/div/div/main/div/div/section[2]/div/div[2]/a[4]/div[1]/img","Content","HTML","","",""
"Image","https://www.mychef.ae/private-party-catering-dubai","https://www.mychef.ae/service-villa.webp","Villa private party catering setup","34","Root-Relative","//body/div/div/main/div/div[1]/section[6]/div/div/div[2]/img","Content","HTML","","",""
"Image","https://www.mychef.ae/private-party-catering-dubai","https://www.mychef.ae/service-villa.webp","Live cooking station at a home party","36","Root-Relative","//body/div/div/main/div/div[1]/section[6]/div/div/div[4]/img","Content","HTML","","",""
"Image","https://www.mychef.ae/private-party-catering-dubai","https://www.mychef.ae/service-villa.webp","Villas & Private Residences","27","Root-Relative","//body/div/div/main/div/div[1]/section[9]/div/div/a[3]/div[1]/img","Content","HTML","","",""
"Image","https://www.mychef.ae/private-party-catering-dubai","https://www.mychef.ae/service-villa.webp","Housewarming Catering","21","Root-Relative","//body/div/div/main/div/div[1]/section[9]/div/div/a[4]/div[1]/img","Content","HTML","","",""
"Image","https://www.mychef.ae/desert-dining-dubai","https://www.mychef.ae/service-villa.webp","Private dune dinner styling","27","Root-Relative","//body/div/div/main/div/div[1]/section[6]/div/div/div[5]/img","Content","HTML","","800x600",""
"Image","https://www.mychef.ae/desert-dining-dubai","https://www.mychef.ae/service-villa.webp","Luxury Dining Experiences","25","Root-Relative","//body/div/div/main/div/div[1]/section[8]/div/div/a[3]/div[1]/img","Content","HTML","","640x360",""
"Image","https://www.mychef.ae/events","https://www.mychef.ae/service-villa.webp","Villa Party Catering","20","Root-Relative","//body/div/div/main/div/section[2]/div/div[2]/div[3]/div[1]/img","Content","HTML","","640x360",""
"Image","https://www.mychef.ae/events","https://www.mychef.ae/service-villa.webp","Event catering Dubai 3","22","Root-Relative","//body/div/div/main/div/section[5]/div/div[2]/div[3]/img","Content","HTML","","800x600",""
"Image","https://www.mychef.ae/villas-private-residences","https://www.mychef.ae/service-villa.webp","Villa dining gallery 1","22","Root-Relative","//body/div/div/main/div/div[1]/section[7]/div/div[2]/div[1]/img","Content","HTML","","400x300",""
"Image","https://www.mychef.ae/booking-protection-insurance","https://www.mychef.ae/service-villa.webp","Venue Partners","14","Root-Relative","//body/div/div/main/div/div/section[6]/div/div/a[3]/div[1]/img","Content","HTML","","",""
"Image","https://www.mychef.ae/tourist-villa-chef-dubai","https://www.mychef.ae/service-villa.webp","Villas & Residences","19","Root-Relative","//body/div/div/main/div/div[1]/section[6]/div/div/a[1]/div[1]/img","Content","HTML","","",""
"Image","https://www.mychef.ae/weekly-meal-prep-dubai?utm_source=mychef.ae&utm_medium=starter_package_card&utm_campaign=home","https://www.mychef.ae/service-villa.webp","Private chef preparing meals in a Dubai villa kitchen","53","Root-Relative","//body/div/div/main/div/div[1]/section[8]/div/div/div[4]/img","Content","HTML","","",""
"Image","https://www.mychef.ae/tasting-menu-dubai","https://www.mychef.ae/service-villa.webp","Villa tasting dinner setting","28","Root-Relative","//body/div/div/main/div/div[1]/section[6]/div/div/div[6]/img","Content","HTML","","800x600",""
"Image","https://www.mychef.ae/tasting-menu-dubai","https://www.mychef.ae/service-villa.webp","Private Dining Dubai","20","Root-Relative","//body/div/div/main/div/div[1]/section[8]/div/div/a[3]/div[1]/img","Content","HTML","","640x360",""
"Image","https://www.mychef.ae/gift-cards","https://www.mychef.ae/service-villa.webp","Villa private chef experience gift voucher Dubai","48","Root-Relative","//body/div/div/main/div/div[1]/section[7]/div/div/div[3]/img","Content","HTML","","",""
"Image","https://www.mychef.ae/halal-private-dining-dubai","https://www.mychef.ae/service-villa.webp","Villa private dinner setting","28","Root-Relative","//body/div/div/main/div/div[1]/section[6]/div/div/div[5]/img","Content","HTML","","800x600",""
"Image","https://www.mychef.ae/weekly-meal-prep-dubai","https://www.mychef.ae/service-villa.webp","Private chef preparing meals in a Dubai villa kitchen","53","Root-Relative","//body/div/div/main/div/div[1]/section[8]/div/div/div[4]/img","Content","HTML","","",""
"Image","https://www.mychef.ae/drop-off-catering-dubai","https://www.mychef.ae/service-villa.webp","Villa drop-off meal spread","26","Root-Relative","//body/div/div/main/div/div[1]/section[6]/div/div/div[5]/img","Content","HTML","","800x600",""
"Image","https://www.mychef.ae/gallery","https://www.mychef.ae/service-villa.webp","Luxury Villa Catering — luxury catering dubai","45","Root-Relative","//body/div/div/main/div/section[3]/div/div[2]/div[8]/div/img","Content","HTML","","",""
"Image","https://www.mychef.ae/private-cooking-classes-dubai","https://www.mychef.ae/service-villa.webp","Villa kitchen cooking class in Dubai","36","Root-Relative","//body/div/div/main/div/div[1]/section[7]/div/div/div[4]/img","Content","HTML","","",""
"Image","https://www.mychef.ae/graduation-catering-dubai","https://www.mychef.ae/service-villa.webp","Villa graduation party styling","30","Root-Relative","//body/div/div/main/div/div[1]/section[6]/div/div/div[5]/img","Content","HTML","","800x600",""
"Image","https://www.mychef.ae/graduation-catering-dubai","https://www.mychef.ae/service-villa.webp","Private Party Catering","22","Root-Relative","//body/div/div/main/div/div[1]/section[8]/div/div/a[2]/div[1]/img","Content","HTML","","640x360",""
"Image","https://www.mychef.ae/sugar-free-catering-dubai","https://www.mychef.ae/service-villa.webp","Villa sugar-free dinner styling","31","Root-Relative","//body/div/div/main/div/div[1]/section[6]/div/div/div[6]/img","Content","HTML","","800x600",""
"Image","https://www.mychef.ae/farewell-catering-dubai","https://www.mychef.ae/service-villa.webp","Villa farewell party styling","28","Root-Relative","//body/div/div/main/div/div[1]/section[6]/div/div/div[6]/img","Content","HTML","","800x600",""
"Image","https://www.mychef.ae/farewell-catering-dubai","https://www.mychef.ae/service-villa.webp","Private Party Catering","22","Root-Relative","//body/div/div/main/div/div[1]/section[8]/div/div/a[3]/div[1]/img","Content","HTML","","640x360",""
"Image","https://www.mychef.ae/eid-catering-dubai","https://www.mychef.ae/service-villa.webp","Villa Eid catering styling in Dubai","35","Root-Relative","//body/div/div/main/div/div[1]/section[6]/div/div/div[4]/img","Content","HTML","","",""
"Image","https://www.mychef.ae/pool-party-catering-dubai","https://www.mychef.ae/service-villa.webp","Villa pool party styling","24","Root-Relative","//body/div/div/main/div/div[1]/section[6]/div/div/div[5]/img","Content","HTML","","800x600",""
"Image","https://www.mychef.ae/pool-party-catering-dubai","https://www.mychef.ae/service-villa.webp","Villa Catering","14","Root-Relative","//body/div/div/main/div/div[1]/section[8]/div/div/a[3]/div[1]/img","Content","HTML","","640x360",""
"Image","https://www.mychef.ae/afternoon-tea-catering-dubai","https://www.mychef.ae/service-villa.webp","Villa high tea styling","22","Root-Relative","//body/div/div/main/div/div[1]/section[6]/div/div/div[5]/img","Content","HTML","","800x600",""
"Image","https://www.mychef.ae/corporate-meal-prep-dubai","https://www.mychef.ae/service-villa.webp","Managed corporate meal programme in Dubai","41","Root-Relative","//body/div/div/main/div/div[1]/section[6]/div/div/div[6]/img","Content","HTML","","",""
"Image","https://www.mychef.ae/bar-services-dubai","https://www.mychef.ae/service-villa.webp","Villa party bartender service in Dubai","38","Root-Relative","//body/div/div/main/div/div[1]/section[7]/div/div/div[3]/img","Content","HTML","","",""
"Image","https://www.mychef.ae/bar-services-dubai","https://www.mychef.ae/service-villa.webp","Wedding Catering","16","Root-Relative","//body/div/div/main/div/div[1]/section[10]/div/div/a[3]/div[1]/img","Content","HTML","","",""
"Image","https://www.mychef.ae/anniversary-catering-dubai","https://www.mychef.ae/service-villa.webp","Intimate villa anniversary celebration in Dubai","47","Root-Relative","//body/div/div/main/div/div[1]/section[6]/div/div/div[4]/img","Content","HTML","","",""
"Image","https://www.mychef.ae/weekly-meal-prep-dubai?utm_source=mychef.ae&utm_medium=starter_package_card&utm_campaign=catering-packages-dubai","https://www.mychef.ae/service-villa.webp","Private chef preparing meals in a Dubai villa kitchen","53","Root-Relative","//body/div/div/main/div/div[1]/section[8]/div/div/div[4]/img","Content","HTML","","",""
"Image","https://www.mychef.ae/production-catering-dubai","https://www.mychef.ae/service-villa.webp","Production unit catering service in Dubai","41","Root-Relative","//body/div/div/main/div/div[1]/section[6]/div/div/div[6]/img","Content","HTML","","",""
"Image","https://www.mychef.ae/iftar-catering-dubai","https://www.mychef.ae/service-villa.webp","Party Catering","14","Root-Relative","//body/div/div/main/div/div[1]/section[13]/div/div/a[3]/div[1]/img","Content","HTML","","",""
"Image","https://www.mychef.ae/cocktail-party-catering-dubai","https://www.mychef.ae/service-villa.webp","Villa cocktail party in Dubai","29","Root-Relative","//body/div/div/main/div/div[1]/section[6]/div/div/div[5]/img","Content","HTML","","",""
"Image","https://www.mychef.ae/arabic-catering-dubai","https://www.mychef.ae/service-villa.webp","Arabic villa feast catering in Dubai","36","Root-Relative","//body/div/div/main/div/div[1]/section[6]/div/div/div[5]/img","Content","HTML","","",""
"Image","https://www.mychef.ae/picnic-catering-dubai","https://www.mychef.ae/service-villa.webp","Villa garden picnic catering styling","36","Root-Relative","//body/div/div/main/div/div[1]/section[6]/div/div/div[5]/img","Content","HTML","","800x600",""
"Image","https://www.mychef.ae/picnic-catering-dubai","https://www.mychef.ae/service-villa.webp","Private Party Catering","22","Root-Relative","//body/div/div/main/div/div[1]/section[8]/div/div/a[3]/div[1]/img","Content","HTML","","640x360",""
"Image","https://www.mychef.ae/mocktail-bar-catering-dubai","https://www.mychef.ae/service-villa.webp","Villa mocktail bar in Dubai","27","Root-Relative","//body/div/div/main/div/div[1]/section[6]/div/div/div[4]/img","Content","HTML","","",""
"Image","https://www.mychef.ae/holi-catering-dubai","https://www.mychef.ae/service-villa.webp","Villa Holi party catering styling","33","Root-Relative","//body/div/div/main/div/div[1]/section[6]/div/div/div[5]/img","Content","HTML","","800x600",""
"Image","https://www.mychef.ae/holi-catering-dubai","https://www.mychef.ae/service-villa.webp","Private Party Catering","22","Root-Relative","//body/div/div/main/div/div[1]/section[8]/div/div/a[3]/div[1]/img","Content","HTML","","640x360",""
"Image","https://www.mychef.ae/reunion-catering-dubai","https://www.mychef.ae/service-villa.webp","Villa reunion party styling","27","Root-Relative","//body/div/div/main/div/div[1]/section[6]/div/div/div[5]/img","Content","HTML","","800x600",""
"Image","https://www.mychef.ae/reunion-catering-dubai","https://www.mychef.ae/service-villa.webp","Private Party Catering","22","Root-Relative","//body/div/div/main/div/div[1]/section[8]/div/div/a[2]/div[1]/img","Content","HTML","","640x360",""
"Image","https://www.mychef.ae/vegetarian-catering-dubai","https://www.mychef.ae/service-villa.webp","Villa vegetarian dinner styling","31","Root-Relative","//body/div/div/main/div/div[1]/section[6]/div/div/div[4]/img","Content","HTML","","",""
"Image","https://www.mychef.ae/proposal-dinner-dubai","https://www.mychef.ae/service-villa.webp","Villas & Residences","19","Root-Relative","//body/div/div/main/div/div[1]/section[6]/div/div/a[2]/div[1]/img","Content","HTML","","",""
"Image","https://www.mychef.ae/coffee-tea-service-dubai","https://www.mychef.ae/service-villa.webp","Elegant coffee station styling","30","Root-Relative","//body/div/div/main/div/div[1]/section[6]/div/div/div[5]/img","Content","HTML","","800x600",""
"Image","https://www.mychef.ae/fodmap-catering-dubai","https://www.mychef.ae/service-villa.webp","Villa low-FODMAP dinner styling","31","Root-Relative","//body/div/div/main/div/div[1]/section[6]/div/div/div[6]/img","Content","HTML","","800x600",""
"Image","https://www.mychef.ae/breakfast-catering-dubai","https://www.mychef.ae/service-villa.webp","Villa breakfast catering in Dubai","33","Root-Relative","//body/div/div/main/div/div[1]/section[6]/div/div/div[5]/img","Content","HTML","","800x600",""
"Image","https://www.mychef.ae/ramadan-catering-dubai","https://www.mychef.ae/service-villa.webp","Villa iftar catering styling in Dubai","37","Root-Relative","//body/div/div/main/div/div[1]/section[7]/div/div/div[4]/img","Content","HTML","","",""
"Image","https://www.mychef.ae/weekly-meal-prep-dubai?utm_source=mychef.ae&utm_medium=starter_package_card&utm_campaign=menus","https://www.mychef.ae/service-villa.webp","Private chef preparing meals in a Dubai villa kitchen","53","Root-Relative","//body/div/div/main/div/div[1]/section[8]/div/div/div[4]/img","Content","HTML","","",""
"Image","https://www.mychef.ae/vegan-catering-dubai","https://www.mychef.ae/service-villa.webp","Villa vegan dinner styling","26","Root-Relative","//body/div/div/main/div/div[1]/section[6]/div/div/div[5]/img","Content","HTML","","",""
"Image","https://www.mychef.ae/fathers-day-catering-dubai","https://www.mychef.ae/service-villa.webp","Villa Father's Day lunch styling","32","Root-Relative","//body/div/div/main/div/div[1]/section[6]/div/div/div[5]/img","Content","HTML","","800x600",""
"Image","https://www.mychef.ae/fathers-day-catering-dubai","https://www.mychef.ae/service-villa.webp","Private Party Catering","22","Root-Relative","//body/div/div/main/div/div[1]/section[8]/div/div/a[3]/div[1]/img","Content","HTML","","640x360",""
"Image","https://www.mychef.ae/kids-birthday-catering-dubai","https://www.mychef.ae/service-villa.webp","Villa kids birthday party styling","33","Root-Relative","//body/div/div/main/div/div[1]/section[6]/div/div/div[5]/img","Content","HTML","","800x600",""
"Image","https://www.mychef.ae/keto-catering-dubai","https://www.mychef.ae/service-villa.webp","Villa low-carb dinner styling","29","Root-Relative","//body/div/div/main/div/div[1]/section[6]/div/div/div[5]/img","Content","HTML","","800x600",""
"Image","https://www.mychef.ae/keto-catering-dubai","https://www.mychef.ae/service-villa.webp","Private Chef Dubai","18","Root-Relative","//body/div/div/main/div/div[1]/section[8]/div/div/a[4]/div[1]/img","Content","HTML","","640x360",""
"Image","https://www.mychef.ae/bbq-catering-dubai","https://www.mychef.ae/service-villa.webp","Villa BBQ catering in Dubai","27","Root-Relative","//body/div/div/main/div/div[1]/section[6]/div/div/div[4]/img","Content","HTML","","",""
"Image","https://www.mychef.ae/bbq-catering-dubai","https://www.mychef.ae/service-villa.webp","Party Catering","14","Root-Relative","//body/div/div/main/div/div[1]/section[9]/div/div/a[3]/div[1]/img","Content","HTML","","",""
"Image","https://www.mychef.ae/sushi-catering-dubai","https://www.mychef.ae/service-villa.webp","Villa sushi station set-up","26","Root-Relative","//body/div/div/main/div/div[1]/section[6]/div/div/div[6]/img","Content","HTML","","",""
"Image","https://www.mychef.ae/oyster-bar-dubai","https://www.mychef.ae/service-villa.webp","Villa private dinner seafood display","36","Root-Relative","//body/div/div/main/div/div[1]/section[6]/div/div/div[5]/img","Content","HTML","","800x600",""
"Image","https://www.mychef.ae/grazing-table-dubai","https://www.mychef.ae/service-villa.webp","Villa grazing table set-up in Dubai","35","Root-Relative","//body/div/div/main/div/div[1]/section[6]/div/div/div[3]/img","Content","HTML","","",""
"Image","https://www.mychef.ae/grazing-table-dubai","https://www.mychef.ae/service-villa.webp","Bachelorette Catering","21","Root-Relative","//body/div/div/main/div/div[1]/section[9]/div/div/a[2]/div[1]/img","Content","HTML","","",""
"Image","https://www.mychef.ae/chinese-new-year-catering-dubai","https://www.mychef.ae/service-villa.webp","Villa Chinese New Year reunion dinner styling","45","Root-Relative","//body/div/div/main/div/div[1]/section[6]/div/div/div[5]/img","Content","HTML","","800x600",""
"Image","https://www.mychef.ae/chinese-new-year-catering-dubai","https://www.mychef.ae/service-villa.webp","Private Party Catering","22","Root-Relative","//body/div/div/main/div/div[1]/section[8]/div/div/a[3]/div[1]/img","Content","HTML","","640x360",""
"Image","https://www.mychef.ae/dessert-table-catering-dubai","https://www.mychef.ae/service-villa.webp","Villa dessert table styling","27","Root-Relative","//body/div/div/main/div/div[1]/section[6]/div/div/div[4]/img","Content","HTML","","",""
"Image","https://www.mychef.ae/party-catering-dubai","https://www.mychef.ae/service-villa.webp","Villa party catering in Dubai","29","Root-Relative","//body/div/div/main/div/div[1]/section[6]/div/div/div[5]/img","Content","HTML","","",""
"Image","https://www.mychef.ae/party-catering-dubai","https://www.mychef.ae/service-villa.webp","Housewarming Catering","21","Root-Relative","//body/div/div/main/div/div[1]/section[9]/div/div/a[4]/div[1]/img","Content","HTML","","",""
"Image","https://www.mychef.ae/beach-catering-dubai","https://www.mychef.ae/service-villa.webp","Beach villa dinner styling","26","Root-Relative","//body/div/div/main/div/div[1]/section[6]/div/div/div[5]/img","Content","HTML","","800x600",""
"Image","https://www.mychef.ae/dessert-cart-dubai","https://www.mychef.ae/service-villa.webp","Villa party dessert cart setup","30","Root-Relative","//body/div/div/main/div/div[1]/section[6]/div/div/div[4]/img","Content","HTML","","800x600",""
"Image","https://www.mychef.ae/shawarma-station-dubai","https://www.mychef.ae/service-villa.webp","Villa party with live shawarma catering","39","Root-Relative","//body/div/div/main/div/div[1]/section[6]/div/div/div[5]/img","Content","HTML","","800x600",""
"Image","https://www.mychef.ae/diwali-catering-dubai","https://www.mychef.ae/service-villa.webp","Villa Diwali catering styling in Dubai","38","Root-Relative","//body/div/div/main/div/div[1]/section[6]/div/div/div[5]/img","Content","HTML","","",""
"Image","https://www.mychef.ae/suhoor-catering-dubai","https://www.mychef.ae/service-villa.webp","Villa suhoor catering styling","29","Root-Relative","//body/div/div/main/div/div[1]/section[6]/div/div/div[4]/img","Content","HTML","","",""
"Image","https://www.mychef.ae/dairy-free-catering-dubai","https://www.mychef.ae/service-villa.webp","Villa dairy-free dinner styling","31","Root-Relative","//body/div/div/main/div/div[1]/section[6]/div/div/div[5]/img","Content","HTML","","800x600",""
"Image","https://www.mychef.ae/halal-catering-dubai","https://www.mychef.ae/service-villa.webp","Villa halal dinner styling","26","Root-Relative","//body/div/div/main/div/div[1]/section[6]/div/div/div[5]/img","Content","HTML","","",""
"Image","https://www.mychef.ae/jain-catering-dubai","https://www.mychef.ae/service-villa.webp","Villa Jain dinner styling","25","Root-Relative","//body/div/div/main/div/div[1]/section[6]/div/div/div[5]/img","Content","HTML","","800x600",""
"Image","https://www.mychef.ae/healthy-catering-dubai","https://www.mychef.ae/service-villa.webp","Villa healthy dinner styling","28","Root-Relative","//body/div/div/main/div/div[1]/section[6]/div/div/div[5]/img","Content","HTML","","",""
"Image","https://www.mychef.ae/housewarming-catering-dubai","https://www.mychef.ae/service-villa.webp","Housewarming catering at a Dubai villa","38","Root-Relative","//body/div/div/main/div/div[1]/section[6]/div/div/div[1]/img","Content","HTML","","800x600",""
"Image","https://www.mychef.ae/housewarming-catering-dubai","https://www.mychef.ae/service-villa.webp","Villa Dining Dubai","18","Root-Relative","//body/div/div/main/div/div[1]/section[8]/div/div/a[1]/div[1]/img","Content","HTML","","640x360",""
"Image","https://www.mychef.ae/gluten-free-catering-dubai","https://www.mychef.ae/service-villa.webp","Villa gluten-free dinner styling","32","Root-Relative","//body/div/div/main/div/div[1]/section[6]/div/div/div[5]/img","Content","HTML","","800x600",""
"Image","https://www.mychef.ae/new-year-catering-dubai","https://www.mychef.ae/service-villa.webp","Luxury Dining Experiences","25","Root-Relative","//body/div/div/main/div/div[1]/section[13]/div/div/a[3]/div[1]/img","Content","HTML","","",""
"Image","https://www.mychef.ae/film-crew-catering-dubai","https://www.mychef.ae/service-villa.webp","Catering service for a Dubai film shoot","39","Root-Relative","//body/div/div/main/div/div[1]/section[6]/div/div/div[6]/img","Content","HTML","","",""
"Image","https://www.mychef.ae/nut-free-catering-dubai","https://www.mychef.ae/service-villa.webp","Villa nut-free dinner styling","29","Root-Relative","//body/div/div/main/div/div[1]/section[6]/div/div/div[5]/img","Content","HTML","","800x600",""
"Image","https://www.mychef.ae/blog","https://www.mychef.ae/images/blog/private-chef-date-night-dubai-hero.webp","Private Chef Date Night Dubai: Ideas & Costs for Two — experience concept shown","79","Root-Relative","//body/div/div/main/div/div/section[3]/div/div[2]/a[10]/div[1]/img","Content","HTML","","",""
"Image","https://www.mychef.ae/blog/private-chef-palm-jumeirah-guide","https://www.mychef.ae/images/blog/private-chef-date-night-dubai-hero.webp","Private Chef Date Night Dubai: Ideas & Costs for Two","52","Root-Relative","//body/div/div/main/div/div[1]/article/div/section[11]/div/div[2]/a[3]/div[1]/img","Content","HTML","","",""
"Image","https://www.mychef.ae/blog/private-chef-vs-restaurant-dubai","https://www.mychef.ae/images/blog/private-chef-date-night-dubai-hero.webp","Private Chef Date Night Dubai: Ideas & Costs for Two","52","Root-Relative","//body/div/div/main/div/div/section[2]/div/div[2]/a[2]/div[1]/img","Content","HTML","","",""
"Image","https://www.mychef.ae/blog/weekly-meal-prep-vs-full-time-chef-dubai","https://www.mychef.ae/images/blog/private-chef-date-night-dubai-hero.webp","Private Chef Date Night Dubai: Ideas & Costs for Two","52","Root-Relative","//body/div/div/main/div/div[1]/article/div/section[9]/div/div[2]/a[3]/div[1]/img","Content","HTML","","",""
"Image","https://www.mychef.ae/blog/private-chef-date-night-dubai","https://www.mychef.ae/images/blog/private-chef-date-night-dubai-hero.webp","Dinner for two at home with the chef giving privacy from the kitchen","68","Root-Relative","//body/div/div/main/div/div/article/div/figure/div/img","Content","HTML","","1920x1080",""
"Image","https://www.mychef.ae/blog/how-much-does-private-chef-cost-dubai","https://www.mychef.ae/images/blog/private-chef-date-night-dubai-hero.webp","Private Chef Date Night Dubai: Ideas & Costs for Two","52","Root-Relative","//body/div/div/main/div/div[1]/article/div/section[9]/div/div[2]/a[3]/div[1]/img","Content","HTML","","",""
"Image","https://www.mychef.ae/blog/how-to-hire-a-private-chef-dubai","https://www.mychef.ae/images/blog/private-chef-date-night-dubai-hero.webp","Private Chef Date Night Dubai: Ideas & Costs for Two","52","Root-Relative","//body/div/div/main/div/div/section[2]/div/div[2]/a[2]/div[1]/img","Content","HTML","","",""
"Image","https://www.mychef.ae/blog/topic/private-chef","https://www.mychef.ae/images/blog/private-chef-date-night-dubai-hero.webp","Private Chef Date Night Dubai: Ideas & Costs for Two","52","Root-Relative","//body/div/div/main/div/div/section[2]/div/div[2]/a[3]/div[1]/img","Content","HTML","","",""
"Image","https://www.mychef.ae/birthday-catering-dubai","https://www.mychef.ae/images/kids-birthday-catering-dubai-hero.webp","Colourful food laid out for a children's birthday party in Dubai. Experience concept shown.","91","Root-Relative","//body/div/div/main/div/div/section[3]/div/div[2]/a[3]/div/img","Content","HTML","","800x600",""
"Image","https://www.mychef.ae/birthday-catering-package-dubai","https://www.mychef.ae/images/kids-birthday-catering-dubai-hero.webp","Kids Birthday Catering","22","Root-Relative","//body/div/div/main/div/div[1]/section[5]/div/div[2]/a[2]/div[1]/img","Content","HTML","","640x360",""
"Image","https://www.mychef.ae/halloween-catering-dubai","https://www.mychef.ae/images/kids-birthday-catering-dubai-hero.webp","Kids Birthday Catering","22","Root-Relative","//body/div/div/main/div/div[1]/section[8]/div/div/a[2]/div[1]/img","Content","HTML","","640x360",""
"Image","https://www.mychef.ae/party-catering-dubai","https://www.mychef.ae/images/kids-birthday-catering-dubai-hero.webp","Kids Birthday Catering","22","Root-Relative","//body/div/div/main/div/div[1]/section[9]/div/div/a[2]/div[1]/img","Content","HTML","","",""
"Image","https://www.mychef.ae/dessert-cart-dubai","https://www.mychef.ae/images/kids-birthday-catering-dubai-hero.webp","Kids Birthday Catering","22","Root-Relative","//body/div/div/main/div/div[1]/section[8]/div/div/a[2]/div[1]/img","Content","HTML","","640x360",""
"Image","https://www.mychef.ae/easter-catering-dubai","https://www.mychef.ae/images/kids-birthday-catering-dubai-hero.webp","Kids Birthday Catering","22","Root-Relative","//body/div/div/main/div/div[1]/section[8]/div/div/a[3]/div[1]/img","Content","HTML","","640x360",""
"Image","https://www.mychef.ae/events","https://www.mychef.ae/images/events-catering-dubai-hero.webp","Event catering in Dubai","23","Root-Relative","//body/div/div/main/div/section[1]/div[1]/picture/img","Content","HTML","","1344x752",""
"Image","https://www.mychef.ae/gallery","https://www.mychef.ae/images/events-catering-dubai-hero.webp","Luxury event gallery — private chef dubai","41","Root-Relative","//body/div/div/main/div/section[1]/div[1]/picture/img","Content","HTML","","1344x752",""
"Image","https://www.mychef.ae/product-launch-catering-dubai","https://www.mychef.ae/images/events-catering-dubai-hero.webp","Premium event catering setup in Dubai","37","Root-Relative","//body/div/div/main/div/div[1]/section[7]/div/div/div[6]/img","Content","HTML","","",""
"Image","https://www.mychef.ae/product-launch-catering-dubai","https://www.mychef.ae/images/events-catering-dubai-hero.webp","Brand Activation Catering","25","Root-Relative","//body/div/div/main/div/div[1]/section[10]/div/div/a[2]/div[1]/img","Content","HTML","","",""
"Image","https://www.mychef.ae/partners/event-planners-dubai","https://www.mychef.ae/images/events-catering-dubai-hero.webp","Event Planners partnership with myCHEF Dubai","44","Root-Relative","//body/div/div/main/div/div/section[1]/div[1]/picture/img","Content","HTML","","1344x752",""
"Image","https://www.mychef.ae/halal-private-dining-dubai","https://www.mychef.ae/images/halal-private-dining-dubai-hero.webp","Halal private dining table in a Dubai villa","43","Root-Relative","//body/div/div/main/div/div[1]/section[6]/div/div/div[1]/img","Content","HTML","","800x600",""
"Image","https://www.mychef.ae/halal-catering-dubai","https://www.mychef.ae/images/halal-private-dining-dubai-hero.webp","Halal Private Dining","20","Root-Relative","//body/div/div/main/div/div[1]/section[9]/div/div/a[3]/div[1]/img","Content","HTML","","",""
"Image","https://www.mychef.ae/how-we-vet-our-chefs","https://www.mychef.ae/images/become-a-mychef-dubai-hero.webp","Become a myCHEF","15","Root-Relative","//body/div/div/main/div/div/section[6]/div/div/a[2]/div[1]/img","Content","HTML","","",""
"Image","https://www.mychef.ae/chef-training-academy","https://www.mychef.ae/images/become-a-mychef-dubai-hero.webp","Become a myCHEF","15","Root-Relative","//body/div/div/main/div/div[1]/section[6]/div/div/a[1]/div[1]/img","Content","HTML","","",""
"Image","https://www.mychef.ae/mychef-certified","https://www.mychef.ae/images/become-a-mychef-dubai-hero.webp","Become a myCHEF","15","Root-Relative","//body/div/div/main/div/div/section[6]/div/div/a[2]/div[1]/img","Content","HTML","","",""
"Image","https://www.mychef.ae/private-party-catering-dubai","https://www.mychef.ae/images/asian-catering-dubai-hero.webp","Chinese New Year Catering","25","Root-Relative","//body/div/div/main/div/div[1]/section[9]/div/div/a[5]/div[1]/img","Content","HTML","","",""
"Image","https://www.mychef.ae/gallery","https://www.mychef.ae/images/asian-catering-dubai-hero.webp","Asian Fusion Menu — private chef dubai","38","Root-Relative","//body/div/div/main/div/section[3]/div/div[2]/div[23]/div/img","Content","HTML","","",""
"Image","https://www.mychef.ae/asian-catering-dubai","https://www.mychef.ae/images/asian-catering-dubai-hero.webp","Chinese New Year Catering","25","Root-Relative","//body/div/div/main/div/div[1]/section[9]/div/div/a[4]/div[1]/img","Content","HTML","","",""
"Image","https://www.mychef.ae/chinese-new-year-catering-dubai","https://www.mychef.ae/images/asian-catering-dubai-hero.webp","Asian Catering Dubai","20","Root-Relative","//body/div/div/main/div/div[1]/section[8]/div/div/a[1]/div[1]/img","Content","HTML","","640x360",""
"Image","https://www.mychef.ae/events","https://www.mychef.ae/images/mothers-day-catering-dubai-hero.webp","Mother's Day Catering","21","Root-Relative","//body/div/div/main/div/section[9]/div/div[2]/a[10]/div[1]/img","Content","HTML","","640x360",""
"Image","https://www.mychef.ae/afternoon-tea-catering-dubai","https://www.mychef.ae/images/mothers-day-catering-dubai-hero.webp","Mother's Day Catering","21","Root-Relative","//body/div/div/main/div/div[1]/section[8]/div/div/a[1]/div[1]/img","Content","HTML","","640x360",""
"Image","https://www.mychef.ae/brunch-catering-dubai","https://www.mychef.ae/images/mothers-day-catering-dubai-hero.webp","Mother's Day Catering","21","Root-Relative","//body/div/div/main/div/div[1]/section[13]/div/div/a[1]/div[1]/img","Content","HTML","","",""
"Image","https://www.mychef.ae/mothers-day-catering-dubai","https://www.mychef.ae/images/mothers-day-catering-dubai-hero.webp","Mother's Day brunch catering setup in Dubai","43","Root-Relative","//body/div/div/main/div/div[1]/section[6]/div/div/div[1]/img","Content","HTML","","800x600",""
"Image","https://www.mychef.ae/how-it-works","https://www.mychef.ae/process-2.webp","We Design the Evening","21","Root-Relative","//body/div/div/main/div/div[1]/section[2]/div/div[@class='relative']/div[@class='space-y-16']/div[2]/div[2]/img","Content","HTML","","640x400",""
"Image","https://www.mychef.ae/live-cooking-stations-dubai","https://www.mychef.ae/process-2.webp","Chef at a live cooking station in Dubai","39","Root-Relative","//body/div/div/main/div/div[1]/section[6]/div/div/div[1]/img","Content","HTML","","",""
"Image","https://www.mychef.ae/blog","https://www.mychef.ae/images/blog/private-chef-palm-jumeirah-guide-hero.webp","Private Chef Palm Jumeirah: A Complete Guide to Dining at Home — experience concept shown","89","Root-Relative","//body/div/div/main/div/div/section[3]/div/div[2]/a[20]/div[1]/img","Content","HTML","","",""
"Image","https://www.mychef.ae/blog/private-chef-palm-jumeirah-guide","https://www.mychef.ae/images/blog/private-chef-palm-jumeirah-guide-hero.webp","Private chef dining experience in Palm Jumeirah, Dubai","54","Root-Relative","//body/div/div/main/div/div[1]/section/div[1]/picture/img","Content","HTML","","1344x752",""
"Image","https://www.mychef.ae/blog/topic/private-chef","https://www.mychef.ae/images/blog/private-chef-palm-jumeirah-guide-hero.webp","Private Chef Palm Jumeirah: A Complete Guide to Dining at Home","62","Root-Relative","//body/div/div/main/div/div/section[2]/div/div[2]/a[6]/div[1]/img","Content","HTML","","",""
"Image","https://www.mychef.ae/case-studies","https://www.mychef.ae/images/cocktail-party-catering-dubai-hero.webp","Product Launch, DIFC","20","Root-Relative","//body/div/div/main/div/div/section[3]/div/div[2]/a[5]/div[1]/img","Content","HTML","","",""
"Image","https://www.mychef.ae/product-launch-catering-dubai","https://www.mychef.ae/images/cocktail-party-catering-dubai-hero.webp","Drinks service for a brand launch in Dubai","42","Root-Relative","//body/div/div/main/div/div[1]/section[7]/div/div/div[4]/img","Content","HTML","","",""
"Image","https://www.mychef.ae/booking-protection-insurance","https://www.mychef.ae/images/how-we-vet-our-chefs-dubai-hero.webp","How We Vet our chefs","20","Root-Relative","//body/div/div/main/div/div/section[6]/div/div/a[1]/div[1]/img","Content","HTML","","",""
"Image","https://www.mychef.ae/quality-guarantee-dubai","https://www.mychef.ae/images/how-we-vet-our-chefs-dubai-hero.webp","How We Vet the Chefs in Our Network","35","Root-Relative","//body/div/div/main/div/div/section[6]/div/div/a[2]/div[1]/img","Content","HTML","","",""
"Image","https://www.mychef.ae/chef-training-academy","https://www.mychef.ae/images/how-we-vet-our-chefs-dubai-hero.webp","How We Vet Partner Chefs","24","Root-Relative","//body/div/div/main/div/div[1]/section[6]/div/div/a[3]/div[1]/img","Content","HTML","","",""
"Image","https://www.mychef.ae/become-a-mychef","https://www.mychef.ae/images/how-we-vet-our-chefs-dubai-hero.webp","How We Vet the Chefs in Our Network","35","Root-Relative","//body/div/div/main/div/div/section[8]/div/div/a[1]/div[1]/img","Content","HTML","","",""
"Image","https://www.mychef.ae/mychef-certified","https://www.mychef.ae/images/how-we-vet-our-chefs-dubai-hero.webp","How We Vet Partner Chefs","24","Root-Relative","//body/div/div/main/div/div/section[6]/div/div/a[1]/div[1]/img","Content","HTML","","",""
"Image","https://www.mychef.ae/vegan-catering-dubai","https://www.mychef.ae/images/dairy-free-catering-dubai-hero.webp","Dairy-Free Catering","19","Root-Relative","//body/div/div/main/div/div[1]/section[9]/div/div/a[2]/div[1]/img","Content","HTML","","",""
"Image","https://www.mychef.ae/party-catering-dubai","https://www.mychef.ae/images/pool-party-catering-dubai-hero.webp","Pool Party Catering","19","Root-Relative","//body/div/div/main/div/div[1]/section[9]/div/div/a[3]/div[1]/img","Content","HTML","","",""
"Image","https://www.mychef.ae/chefs/layla-middle-eastern-chef","https://www.mychef.ae/images/chefs/layla-hassan.webp","Chef Layla Hassan, independent partner chef for myCHEF Dubai, posing in a professional black chef's jacket in a kitchen setting.","128","Root-Relative","//body/div/div/main/div/section[1]/div[1]/picture/img","Content","HTML","","1344x752",""
"Image","https://www.mychef.ae/chefs/layla-middle-eastern-chef","https://www.mychef.ae/images/chefs/layla-hassan.webp","Chef Layla Hassan, independent partner chef for myCHEF Dubai, posing in a professional black chef's jacket in a kitchen setting.","128","Root-Relative","//body/div/div/main/div/section[2]/div/div/div[1]/img","Content","HTML","","",""
"Image","https://www.mychef.ae/private-chef-dubai/how-it-works","https://www.mychef.ae/images/chefs/layla-hassan.webp","Layla Hassan","12","Root-Relative","//body/div/div/main/div/div/section[3]/div/div[@class='relative']/div[4]/div[2]/div[2]/div/figure[@class='text-center'][3]/div/img","Content","HTML","","",""
"Image","https://www.mychef.ae/vegetarian-catering-dubai","https://www.mychef.ae/images/jain-catering-dubai-hero.webp","Jain Catering","13","Root-Relative","//body/div/div/main/div/div[1]/section[9]/div/div/a[2]/div[1]/img","Content","HTML","","",""
"Image","https://www.mychef.ae/product-launch-catering-dubai","https://www.mychef.ae/images/dessert-table-catering-dubai-hero.webp","Branded dessert display for a product launch","44","Root-Relative","//body/div/div/main/div/div[1]/section[7]/div/div/div[5]/img","Content","HTML","","",""
"Image","https://www.mychef.ae/kids-birthday-catering-dubai","https://www.mychef.ae/images/dessert-table-catering-dubai-hero.webp","Gelato & Dessert Cart","21","Root-Relative","//body/div/div/main/div/div[1]/section[8]/div/div/a[5]/div[1]/img","Content","HTML","","640x360",""
"Image","https://www.mychef.ae/dessert-table-catering-dubai","https://www.mychef.ae/images/dessert-table-catering-dubai-hero.webp","Gelato & Dessert Cart","21","Root-Relative","//body/div/div/main/div/div[1]/section[9]/div/div/a[4]/div[1]/img","Content","HTML","","",""
"Image","https://www.mychef.ae/dessert-cart-dubai","https://www.mychef.ae/images/dessert-table-catering-dubai-hero.webp","Dessert Table Catering","22","Root-Relative","//body/div/div/main/div/div[1]/section[8]/div/div/a[1]/div[1]/img","Content","HTML","","640x360",""
"Image","https://www.mychef.ae/gala-dinner-catering-dubai","https://www.mychef.ae/wedding-catering-dubai-hero.webp","Wedding Catering","16","Root-Relative","//body/div/div/main/div/div[1]/section[9]/div/div/a[2]/div[1]/img","Content","HTML","","",""
"Image","https://www.mychef.ae/gala-dinner-catering-dubai","https://www.mychef.ae/canape-catering-dubai-hero.webp","Canapé Catering","15","Root-Relative","//body/div/div/main/div/div[1]/section[9]/div/div/a[3]/div[1]/img","Content","HTML","","",""
"Image","https://www.mychef.ae/coffee-tea-service-dubai","https://www.mychef.ae/images/breakfast-catering-dubai-hero.webp","Breakfast Catering Dubai","24","Root-Relative","//body/div/div/main/div/div[1]/section[8]/div/div/a[1]/div[1]/img","Content","HTML","","640x360",""
"Image","https://www.mychef.ae/brunch-catering-dubai","https://www.mychef.ae/images/breakfast-catering-dubai-hero.webp","Breakfast Catering Dubai","24","Root-Relative","//body/div/div/main/div/div[1]/section[13]/div/div/a[4]/div[1]/img","Content","HTML","","",""
"Image","https://www.mychef.ae/breakfast-catering-dubai","https://www.mychef.ae/images/breakfast-catering-dubai-hero.webp","Breakfast catering spread in Dubai","34","Root-Relative","//body/div/div/main/div/div[1]/section[6]/div/div/div[1]/img","Content","HTML","","800x600",""
"Image","https://www.mychef.ae/healthy-catering-dubai","https://www.mychef.ae/images/breakfast-catering-dubai-hero.webp","Breakfast Catering Dubai","24","Root-Relative","//body/div/div/main/div/div[1]/section[9]/div/div/a[3]/div[1]/img","Content","HTML","","",""
"Image","https://www.mychef.ae/engagement-catering-dubai","https://www.mychef.ae/images/engagement-catering-dubai-villa.webp","An engagement couple seated with family on a Dubai villa terrace while the catering team finishes quietly. Experience concept shown.","132","Root-Relative","//body/div/div/main/div/div[1]/section[6]/div/div/div[4]/img","Content","HTML","","",""
"Image","https://www.mychef.ae/part-time-private-chef-dubai","https://www.mychef.ae/images/healthy-catering-dubai-hero.webp","Wellness Meal Prep","18","Root-Relative","//body/div/div/main/div/div[1]/section[6]/div/div/a[2]/div[1]/img","Content","HTML","","",""
"Image","https://www.mychef.ae/fitness-meal-prep-dubai","https://www.mychef.ae/images/healthy-catering-dubai-hero.webp","Wellness Meal Prep","18","Root-Relative","//body/div/div/main/div/div[1]/section[6]/div/div/a[1]/div[1]/img","Content","HTML","","",""
"Image","https://www.mychef.ae/fitness-meal-prep-dubai","https://www.mychef.ae/images/healthy-catering-dubai-hero.webp","Healthy Catering Dubai","22","Root-Relative","//body/div/div/main/div/div[1]/section[6]/div/div/a[3]/div[1]/img","Content","HTML","","",""
"Image","https://www.mychef.ae/sugar-free-catering-dubai","https://www.mychef.ae/images/healthy-catering-dubai-hero.webp","Sugar-free catering spread in Dubai","35","Root-Relative","//body/div/div/main/div/div[1]/section[6]/div/div/div[1]/img","Content","HTML","","800x600",""
"Image","https://www.mychef.ae/sugar-free-catering-dubai","https://www.mychef.ae/images/healthy-catering-dubai-hero.webp","FODMAP-Friendly Catering Dubai","30","Root-Relative","//body/div/div/main/div/div[1]/section[8]/div/div/a[4]/div[1]/img","Content","HTML","","640x360",""
"Image","https://www.mychef.ae/allergy-safe-catering-dubai","https://www.mychef.ae/images/healthy-catering-dubai-hero.webp","Healthy Catering Dubai","22","Root-Relative","//body/div/div/main/div/div[1]/section[6]/div/div/a[1]/div[1]/img","Content","HTML","","",""
"Image","https://www.mychef.ae/postpartum-meal-prep-dubai","https://www.mychef.ae/images/healthy-catering-dubai-hero.webp","Wellness Meal Prep","18","Root-Relative","//body/div/div/main/div/div[1]/section[6]/div/div/a[2]/div[1]/img","Content","HTML","","",""
"Image","https://www.mychef.ae/postpartum-meal-prep-dubai","https://www.mychef.ae/images/healthy-catering-dubai-hero.webp","Allergy-Safe Catering","21","Root-Relative","//body/div/div/main/div/div[1]/section[6]/div/div/a[3]/div[1]/img","Content","HTML","","",""
"Image","https://www.mychef.ae/fodmap-catering-dubai","https://www.mychef.ae/images/healthy-catering-dubai-hero.webp","FODMAP-friendly catering spread in Dubai","40","Root-Relative","//body/div/div/main/div/div[1]/section[6]/div/div/div[1]/img","Content","HTML","","800x600",""
"Image","https://www.mychef.ae/fodmap-catering-dubai","https://www.mychef.ae/images/healthy-catering-dubai-hero.webp","Sugar-Free Catering Dubai","25","Root-Relative","//body/div/div/main/div/div[1]/section[8]/div/div/a[3]/div[1]/img","Content","HTML","","640x360",""
"Image","https://www.mychef.ae/wellness-meal-prep-dubai","https://www.mychef.ae/images/healthy-catering-dubai-hero.webp","Wellness meal prep in Dubai","27","Root-Relative","//body/div/div/main/div/div[1]/section[1]/div[1]/picture/img","Content","HTML","","1344x752",""
"Image","https://www.mychef.ae/keto-catering-dubai","https://www.mychef.ae/images/healthy-catering-dubai-hero.webp","Sugar-Free Catering","19","Root-Relative","//body/div/div/main/div/div[1]/section[8]/div/div/a[2]/div[1]/img","Content","HTML","","640x360",""
"Image","https://www.mychef.ae/healthy-catering-dubai","https://www.mychef.ae/images/healthy-catering-dubai-hero.webp","Sugar-Free Catering","19","Root-Relative","//body/div/div/main/div/div[1]/section[9]/div/div/a[4]/div[1]/img","Content","HTML","","",""
"Image","https://www.mychef.ae/healthy-catering-dubai","https://www.mychef.ae/images/healthy-catering-dubai-hero.webp","FODMAP-Friendly Catering","24","Root-Relative","//body/div/div/main/div/div[1]/section[9]/div/div/a[5]/div[1]/img","Content","HTML","","",""
"Image","https://www.mychef.ae/gluten-free-catering-dubai","https://www.mychef.ae/images/healthy-catering-dubai-hero.webp","Sugar-Free Catering","19","Root-Relative","//body/div/div/main/div/div[1]/section[8]/div/div/a[2]/div[1]/img","Content","HTML","","640x360",""
"Image","https://www.mychef.ae/gluten-free-catering-dubai","https://www.mychef.ae/images/healthy-catering-dubai-hero.webp","FODMAP-Friendly Catering","24","Root-Relative","//body/div/div/main/div/div[1]/section[8]/div/div/a[3]/div[1]/img","Content","HTML","","640x360",""
"Image","https://www.mychef.ae/engagement-catering-dubai","https://www.mychef.ae/images/engagement-catering-dubai-canapes.webp","A waiter passing canapés at a villa engagement reception in Dubai. Experience concept shown.","92","Root-Relative","//body/div/div/main/div/div[1]/section[6]/div/div/div[2]/img","Content","HTML","","",""
"Image","https://www.mychef.ae/luxury-dining-experiences","https://www.mychef.ae/images/gift-cards-hero.webp","Guests enjoying a chef-led dinner together at home. Experience concept shown.","77","Root-Relative","//body/div/div/main/div/div/section[@id='experience-finder']/div/div[2]/a[5]/div[1]/img","Content","HTML","","1200x800",""
"Image","https://www.mychef.ae/luxury-dining-experiences","https://www.mychef.ae/images/gift-cards-hero.webp","Friends around a table during a chef-led dinner at home. Experience concept shown.","82","Root-Relative","//body/div/div/main/div/div/section[18]/div/div/div/figure/img","Content","HTML","","1200x800",""
"Image","https://www.mychef.ae/loyalty-programme","https://www.mychef.ae/images/gift-cards-hero.webp","Referral Programme","18","Root-Relative","//body/div/div/main/div/div/section[6]/div/div/a[2]/div[1]/img","Content","HTML","","",""
"Image","https://www.mychef.ae/kids-nutrition-chef-dubai","https://www.mychef.ae/images/gluten-free-catering-dubai-hero.webp","Allergy-Safe Catering Dubai","27","Root-Relative","//body/div/div/main/div/div[1]/section[6]/div/div/a[2]/div[1]/img","Content","HTML","","",""
"Image","https://www.mychef.ae/allergy-safe-catering-dubai","https://www.mychef.ae/images/gluten-free-catering-dubai-hero.webp","Gluten-Free Catering","20","Root-Relative","//body/div/div/main/div/div[1]/section[6]/div/div/a[2]/div[1]/img","Content","HTML","","",""
"Image","https://www.mychef.ae/fodmap-catering-dubai","https://www.mychef.ae/images/gluten-free-catering-dubai-hero.webp","Gluten-Free Catering Dubai","26","Root-Relative","//body/div/div/main/div/div[1]/section[8]/div/div/a[2]/div[1]/img","Content","HTML","","640x360",""
"Image","https://www.mychef.ae/healthy-catering-dubai","https://www.mychef.ae/images/gluten-free-catering-dubai-hero.webp","Gluten-Free Catering","20","Root-Relative","//body/div/div/main/div/div[1]/section[9]/div/div/a[1]/div[1]/img","Content","HTML","","",""
"Image","https://www.mychef.ae/gala-dinner-catering-dubai","https://www.mychef.ae/corporate-catering-dubai-hero.webp","Corporate Event Catering","24","Root-Relative","//body/div/div/main/div/div[1]/section[9]/div/div/a[1]/div[1]/img","Content","HTML","","",""
"Image","https://www.mychef.ae/gala-dinner-catering-dubai","https://www.mychef.ae/images/sushi-catering-dubai-hero.webp","Oyster & Seafood Bar","20","Root-Relative","//body/div/div/main/div/div[1]/section[9]/div/div/a[4]/div[1]/img","Content","HTML","","",""
"Image","https://www.mychef.ae/sushi-catering-dubai","https://www.mychef.ae/images/sushi-catering-dubai-hero.webp","Oyster & Seafood Bar","20","Root-Relative","//body/div/div/main/div/div[1]/section[9]/div/div/a[4]/div[1]/img","Content","HTML","","",""
"Image","https://www.mychef.ae/oyster-bar-dubai","https://www.mychef.ae/images/sushi-catering-dubai-hero.webp","Oyster and seafood bar at a Dubai event","39","Root-Relative","//body/div/div/main/div/div[1]/section[6]/div/div/div[1]/img","Content","HTML","","800x600",""
"Image","https://www.mychef.ae/oyster-bar-dubai","https://www.mychef.ae/images/sushi-catering-dubai-hero.webp","Sushi Catering Dubai","20","Root-Relative","//body/div/div/main/div/div[1]/section[8]/div/div/a[1]/div[1]/img","Content","HTML","","640x360",""
"Image","https://www.mychef.ae/healthy-catering-dubai","https://www.mychef.ae/images/keto-catering-dubai-hero.webp","Keto & Low-Carb Catering","24","Root-Relative","//body/div/div/main/div/div[1]/section[9]/div/div/a[2]/div[1]/img","Content","HTML","","",""
"Image","https://www.mychef.ae/engagement-catering-dubai","https://www.mychef.ae/images/engagement-catering-dubai-dessert.webp","A styled dessert table being finished for an engagement party in a Dubai home. Experience concept shown.","104","Root-Relative","//body/div/div/main/div/div[1]/section[6]/div/div/div[3]/img","Content","HTML","","",""
"Image","https://www.mychef.ae/engagement-catering-dubai","https://www.mychef.ae/images/engagement-catering-dubai-plated.webp","A plated engagement dinner in a Dubai villa: the couple remain seated as a waiter places a course. Experience concept shown.","124","Root-Relative","//body/div/div/main/div/div[1]/section[6]/div/div/div[1]/img","Content","HTML","","",""
"Image","https://www.mychef.ae/product-launch-catering-dubai","https://www.mychef.ae/images/live-cooking-stations-dubai-hero.webp","Live cooking station theatre at a Dubai media event","51","Root-Relative","//body/div/div/main/div/div[1]/section[7]/div/div/div[3]/img","Content","HTML","","",""
"Image","https://www.mychef.ae/sushi-catering-dubai","https://www.mychef.ae/images/pescatarian-catering-dubai-hero.webp","Pescatarian Catering","20","Root-Relative","//body/div/div/main/div/div[1]/section[9]/div/div/a[2]/div[1]/img","Content","HTML","","",""
"Image","https://www.mychef.ae/pescatarian-catering-dubai","https://www.mychef.ae/images/pescatarian-catering-dubai-hero.webp","Pescatarian catering spread in Dubai","36","Root-Relative","//body/div/div/main/div/div[1]/section[6]/div/div/div[1]/img","Content","HTML","","800x600",""
"Image","https://www.mychef.ae/allergy-safe-catering-dubai","https://www.mychef.ae/images/nut-free-catering-dubai-hero.webp","Nut-Free Catering","17","Root-Relative","//body/div/div/main/div/div[1]/section[6]/div/div/a[3]/div[1]/img","Content","HTML","","",""
"Image","https://www.mychef.ae/vegan-catering-dubai","https://www.mychef.ae/images/nut-free-catering-dubai-hero.webp","Nut-Free Catering","17","Root-Relative","//body/div/div/main/div/div[1]/section[9]/div/div/a[3]/div[1]/img","Content","HTML","","",""
"Image","https://www.mychef.ae/kids-birthday-catering-dubai","https://www.mychef.ae/images/nut-free-catering-dubai-hero.webp","Nut-Free Catering","17","Root-Relative","//body/div/div/main/div/div[1]/section[8]/div/div/a[3]/div[1]/img","Content","HTML","","640x360",""
"Image","https://www.mychef.ae/loyalty-programme","https://www.mychef.ae/images/vip-club-hero.webp","MyChef Membership","17","Root-Relative","//body/div/div/main/div/div/section[6]/div/div/a[1]/div[1]/img","Content","HTML","","",""
